case,score,accept_cost,fallback_cost,accept_time,fallback_time,drift,crashes,unsafe,late,cost,recovery_time,deadline,oracle_cost,feasible,visited_states,policy_rows
0,0,1,1,1,1,0,0,0,0,0,1,1,,0,4,0
1,0,1,1,1,1,0,0,0,0,0,1,2,,0,4,0
2,0,1,1,1,1,0,0,0,0,0,1,3,,0,4,0
3,0,1,1,1,1,0,0,0,0,0,2,1,,0,4,0
4,0,1,1,1,1,0,0,0,0,0,2,2,,0,4,0
5,0,1,1,1,1,0,0,0,0,0,2,3,,0,4,0
6,0,1,1,1,1,0,0,0,0,1,1,1,1,1,4,1
7,0,1,1,1,1,0,0,0,0,1,1,2,1,1,4,1
8,0,1,1,1,1,0,0,0,0,1,1,3,1,1,4,1
9,0,1,1,1,1,0,0,0,0,1,2,1,1,1,4,1
10,0,1,1,1,1,0,0,0,0,1,2,2,1,1,4,1
11,0,1,1,1,1,0,0,0,0,1,2,3,1,1,4,1
12,0,1,1,1,1,0,0,0,0,2,1,1,1,1,4,1
13,0,1,1,1,1,0,0,0,0,2,1,2,1,1,4,1
14,0,1,1,1,1,0,0,0,0,2,1,3,1,1,4,1
15,0,1,1,1,1,0,0,0,0,2,2,1,1,1,4,1
16,0,1,1,1,1,0,0,0,0,2,2,2,1,1,4,1
17,0,1,1,1,1,0,0,0,0,2,2,3,1,1,4,1
18,0,1,1,1,1,0,0,0,0,3,1,1,1,1,4,1
19,0,1,1,1,1,0,0,0,0,3,1,2,1,1,4,1
20,0,1,1,1,1,0,0,0,0,3,1,3,1,1,4,1
21,0,1,1,1,1,0,0,0,0,3,2,1,1,1,4,1
22,0,1,1,1,1,0,0,0,0,3,2,2,1,1,4,1
23,0,1,1,1,1,0,0,0,0,3,2,3,1,1,4,1
24,0,1,1,1,1,0,0,0,0,4,1,1,1,1,4,1
25,0,1,1,1,1,0,0,0,0,4,1,2,1,1,4,1
26,0,1,1,1,1,0,0,0,0,4,1,3,1,1,4,1
27,0,1,1,1,1,0,0,0,0,4,2,1,1,1,4,1
28,0,1,1,1,1,0,0,0,0,4,2,2,1,1,4,1
29,0,1,1,1,1,0,0,0,0,4,2,3,1,1,4,1
30,0,1,1,1,1,0,0,0,1,0,1,1,0,1,4,1
31,0,1,1,1,1,0,0,0,1,0,1,2,0,1,4,1
32,0,1,1,1,1,0,0,0,1,0,1,3,0,1,4,1
33,0,1,1,1,1,0,0,0,1,0,2,1,0,1,4,1
34,0,1,1,1,1,0,0,0,1,0,2,2,0,1,4,1
35,0,1,1,1,1,0,0,0,1,0,2,3,0,1,4,1
36,0,1,1,1,1,0,0,0,1,1,1,1,0,1,4,1
37,0,1,1,1,1,0,0,0,1,1,1,2,0,1,4,1
38,0,1,1,1,1,0,0,0,1,1,1,3,0,1,4,1
39,0,1,1,1,1,0,0,0,1,1,2,1,0,1,4,1
40,0,1,1,1,1,0,0,0,1,1,2,2,0,1,4,1
41,0,1,1,1,1,0,0,0,1,1,2,3,0,1,4,1
42,0,1,1,1,1,0,0,0,1,2,1,1,0,1,4,1
43,0,1,1,1,1,0,0,0,1,2,1,2,0,1,4,1
44,0,1,1,1,1,0,0,0,1,2,1,3,0,1,4,1
45,0,1,1,1,1,0,0,0,1,2,2,1,0,1,4,1
46,0,1,1,1,1,0,0,0,1,2,2,2,0,1,4,1
47,0,1,1,1,1,0,0,0,1,2,2,3,0,1,4,1
48,0,1,1,1,1,0,0,0,1,3,1,1,0,1,4,1
49,0,1,1,1,1,0,0,0,1,3,1,2,0,1,4,1
50,0,1,1,1,1,0,0,0,1,3,1,3,0,1,4,1
51,0,1,1,1,1,0,0,0,1,3,2,1,0,1,4,1
52,0,1,1,1,1,0,0,0,1,3,2,2,0,1,4,1
53,0,1,1,1,1,0,0,0,1,3,2,3,0,1,4,1
54,0,1,1,1,1,0,0,0,1,4,1,1,0,1,4,1
55,0,1,1,1,1,0,0,0,1,4,1,2,0,1,4,1
56,0,1,1,1,1,0,0,0,1,4,1,3,0,1,4,1
57,0,1,1,1,1,0,0,0,1,4,2,1,0,1,4,1
58,0,1,1,1,1,0,0,0,1,4,2,2,0,1,4,1
59,0,1,1,1,1,0,0,0,1,4,2,3,0,1,4,1
60,0,1,1,1,1,0,0,1,0,0,1,1,,0,4,0
61,0,1,1,1,1,0,0,1,0,0,1,2,,0,4,0
62,0,1,1,1,1,0,0,1,0,0,1,3,,0,4,0
63,0,1,1,1,1,0,0,1,0,0,2,1,,0,4,0
64,0,1,1,1,1,0,0,1,0,0,2,2,,0,4,0
65,0,1,1,1,1,0,0,1,0,0,2,3,,0,4,0
66,0,1,1,1,1,0,0,1,0,1,1,1,1,1,4,1
67,0,1,1,1,1,0,0,1,0,1,1,2,1,1,4,1
68,0,1,1,1,1,0,0,1,0,1,1,3,1,1,4,1
69,0,1,1,1,1,0,0,1,0,1,2,1,1,1,4,1
70,0,1,1,1,1,0,0,1,0,1,2,2,1,1,4,1
71,0,1,1,1,1,0,0,1,0,1,2,3,1,1,4,1
72,0,1,1,1,1,0,0,1,0,2,1,1,1,1,4,1
73,0,1,1,1,1,0,0,1,0,2,1,2,1,1,4,1
74,0,1,1,1,1,0,0,1,0,2,1,3,1,1,4,1
75,0,1,1,1,1,0,0,1,0,2,2,1,1,1,4,1
76,0,1,1,1,1,0,0,1,0,2,2,2,1,1,4,1
77,0,1,1,1,1,0,0,1,0,2,2,3,1,1,4,1
78,0,1,1,1,1,0,0,1,0,3,1,1,1,1,4,1
79,0,1,1,1,1,0,0,1,0,3,1,2,1,1,4,1
80,0,1,1,1,1,0,0,1,0,3,1,3,1,1,4,1
81,0,1,1,1,1,0,0,1,0,3,2,1,1,1,4,1
82,0,1,1,1,1,0,0,1,0,3,2,2,1,1,4,1
83,0,1,1,1,1,0,0,1,0,3,2,3,1,1,4,1
84,0,1,1,1,1,0,0,1,0,4,1,1,1,1,4,1
85,0,1,1,1,1,0,0,1,0,4,1,2,1,1,4,1
86,0,1,1,1,1,0,0,1,0,4,1,3,1,1,4,1
87,0,1,1,1,1,0,0,1,0,4,2,1,1,1,4,1
88,0,1,1,1,1,0,0,1,0,4,2,2,1,1,4,1
89,0,1,1,1,1,0,0,1,0,4,2,3,1,1,4,1
90,0,1,1,1,1,0,0,1,1,0,1,1,0,1,4,1
91,0,1,1,1,1,0,0,1,1,0,1,2,0,1,4,1
92,0,1,1,1,1,0,0,1,1,0,1,3,0,1,4,1
93,0,1,1,1,1,0,0,1,1,0,2,1,0,1,4,1
94,0,1,1,1,1,0,0,1,1,0,2,2,0,1,4,1
95,0,1,1,1,1,0,0,1,1,0,2,3,0,1,4,1
96,0,1,1,1,1,0,0,1,1,1,1,1,0,1,4,1
97,0,1,1,1,1,0,0,1,1,1,1,2,0,1,4,1
98,0,1,1,1,1,0,0,1,1,1,1,3,0,1,4,1
99,0,1,1,1,1,0,0,1,1,1,2,1,0,1,4,1
100,0,1,1,1,1,0,0,1,1,1,2,2,0,1,4,1
101,0,1,1,1,1,0,0,1,1,1,2,3,0,1,4,1
102,0,1,1,1,1,0,0,1,1,2,1,1,0,1,4,1
103,0,1,1,1,1,0,0,1,1,2,1,2,0,1,4,1
104,0,1,1,1,1,0,0,1,1,2,1,3,0,1,4,1
105,0,1,1,1,1,0,0,1,1,2,2,1,0,1,4,1
106,0,1,1,1,1,0,0,1,1,2,2,2,0,1,4,1
107,0,1,1,1,1,0,0,1,1,2,2,3,0,1,4,1
108,0,1,1,1,1,0,0,1,1,3,1,1,0,1,4,1
109,0,1,1,1,1,0,0,1,1,3,1,2,0,1,4,1
110,0,1,1,1,1,0,0,1,1,3,1,3,0,1,4,1
111,0,1,1,1,1,0,0,1,1,3,2,1,0,1,4,1
112,0,1,1,1,1,0,0,1,1,3,2,2,0,1,4,1
113,0,1,1,1,1,0,0,1,1,3,2,3,0,1,4,1
114,0,1,1,1,1,0,0,1,1,4,1,1,0,1,4,1
115,0,1,1,1,1,0,0,1,1,4,1,2,0,1,4,1
116,0,1,1,1,1,0,0,1,1,4,1,3,0,1,4,1
117,0,1,1,1,1,0,0,1,1,4,2,1,0,1,4,1
118,0,1,1,1,1,0,0,1,1,4,2,2,0,1,4,1
119,0,1,1,1,1,0,0,1,1,4,2,3,0,1,4,1
120,0,1,1,1,1,0,1,0,0,0,1,1,,0,4,0
121,0,1,1,1,1,0,1,0,0,0,1,2,,0,4,0
122,0,1,1,1,1,0,1,0,0,0,1,3,,0,4,0
123,0,1,1,1,1,0,1,0,0,0,2,1,,0,4,0
124,0,1,1,1,1,0,1,0,0,0,2,2,,0,4,0
125,0,1,1,1,1,0,1,0,0,0,2,3,,0,4,0
126,0,1,1,1,1,0,1,0,0,1,1,1,,0,5,0
127,0,1,1,1,1,0,1,0,0,1,1,2,1,1,5,1
128,0,1,1,1,1,0,1,0,0,1,1,3,1,1,5,1
129,0,1,1,1,1,0,1,0,0,1,2,1,,0,5,0
130,0,1,1,1,1,0,1,0,0,1,2,2,,0,5,0
131,0,1,1,1,1,0,1,0,0,1,2,3,1,1,5,1
132,0,1,1,1,1,0,1,0,0,2,1,1,,0,5,0
133,0,1,1,1,1,0,1,0,0,2,1,2,1,1,5,1
134,0,1,1,1,1,0,1,0,0,2,1,3,1,1,5,1
135,0,1,1,1,1,0,1,0,0,2,2,1,,0,5,0
136,0,1,1,1,1,0,1,0,0,2,2,2,,0,5,0
137,0,1,1,1,1,0,1,0,0,2,2,3,1,1,5,1
138,0,1,1,1,1,0,1,0,0,3,1,1,,0,5,0
139,0,1,1,1,1,0,1,0,0,3,1,2,1,1,5,1
140,0,1,1,1,1,0,1,0,0,3,1,3,1,1,5,1
141,0,1,1,1,1,0,1,0,0,3,2,1,,0,5,0
142,0,1,1,1,1,0,1,0,0,3,2,2,,0,5,0
143,0,1,1,1,1,0,1,0,0,3,2,3,1,1,5,1
144,0,1,1,1,1,0,1,0,0,4,1,1,,0,5,0
145,0,1,1,1,1,0,1,0,0,4,1,2,1,1,5,1
146,0,1,1,1,1,0,1,0,0,4,1,3,1,1,5,1
147,0,1,1,1,1,0,1,0,0,4,2,1,,0,5,0
148,0,1,1,1,1,0,1,0,0,4,2,2,,0,5,0
149,0,1,1,1,1,0,1,0,0,4,2,3,1,1,5,1
150,0,1,1,1,1,0,1,0,1,0,1,1,0,1,4,1
151,0,1,1,1,1,0,1,0,1,0,1,2,0,1,4,1
152,0,1,1,1,1,0,1,0,1,0,1,3,0,1,4,1
153,0,1,1,1,1,0,1,0,1,0,2,1,0,1,4,1
154,0,1,1,1,1,0,1,0,1,0,2,2,0,1,4,1
155,0,1,1,1,1,0,1,0,1,0,2,3,0,1,4,1
156,0,1,1,1,1,0,1,0,1,1,1,1,0,1,5,1
157,0,1,1,1,1,0,1,0,1,1,1,2,0,1,5,1
158,0,1,1,1,1,0,1,0,1,1,1,3,0,1,5,1
159,0,1,1,1,1,0,1,0,1,1,2,1,0,1,5,1
160,0,1,1,1,1,0,1,0,1,1,2,2,0,1,5,1
161,0,1,1,1,1,0,1,0,1,1,2,3,0,1,5,1
162,0,1,1,1,1,0,1,0,1,2,1,1,0,1,5,1
163,0,1,1,1,1,0,1,0,1,2,1,2,0,1,5,1
164,0,1,1,1,1,0,1,0,1,2,1,3,0,1,5,1
165,0,1,1,1,1,0,1,0,1,2,2,1,0,1,5,1
166,0,1,1,1,1,0,1,0,1,2,2,2,0,1,5,1
167,0,1,1,1,1,0,1,0,1,2,2,3,0,1,5,1
168,0,1,1,1,1,0,1,0,1,3,1,1,0,1,5,1
169,0,1,1,1,1,0,1,0,1,3,1,2,0,1,5,1
170,0,1,1,1,1,0,1,0,1,3,1,3,0,1,5,1
171,0,1,1,1,1,0,1,0,1,3,2,1,0,1,5,1
172,0,1,1,1,1,0,1,0,1,3,2,2,0,1,5,1
173,0,1,1,1,1,0,1,0,1,3,2,3,0,1,5,1
174,0,1,1,1,1,0,1,0,1,4,1,1,0,1,5,1
175,0,1,1,1,1,0,1,0,1,4,1,2,0,1,5,1
176,0,1,1,1,1,0,1,0,1,4,1,3,0,1,5,1
177,0,1,1,1,1,0,1,0,1,4,2,1,0,1,5,1
178,0,1,1,1,1,0,1,0,1,4,2,2,0,1,5,1
179,0,1,1,1,1,0,1,0,1,4,2,3,0,1,5,1
180,0,1,1,1,1,0,1,1,0,0,1,1,,0,4,0
181,0,1,1,1,1,0,1,1,0,0,1,2,,0,4,0
182,0,1,1,1,1,0,1,1,0,0,1,3,,0,4,0
183,0,1,1,1,1,0,1,1,0,0,2,1,,0,4,0
184,0,1,1,1,1,0,1,1,0,0,2,2,,0,4,0
185,0,1,1,1,1,0,1,1,0,0,2,3,,0,4,0
186,0,1,1,1,1,0,1,1,0,1,1,1,,0,6,0
187,0,1,1,1,1,0,1,1,0,1,1,2,1,1,6,1
188,0,1,1,1,1,0,1,1,0,1,1,3,1,1,6,1
189,0,1,1,1,1,0,1,1,0,1,2,1,,0,6,0
190,0,1,1,1,1,0,1,1,0,1,2,2,,0,6,0
191,0,1,1,1,1,0,1,1,0,1,2,3,1,1,6,1
192,0,1,1,1,1,0,1,1,0,2,1,1,,0,6,0
193,0,1,1,1,1,0,1,1,0,2,1,2,1,1,6,1
194,0,1,1,1,1,0,1,1,0,2,1,3,1,1,6,1
195,0,1,1,1,1,0,1,1,0,2,2,1,,0,6,0
196,0,1,1,1,1,0,1,1,0,2,2,2,,0,6,0
197,0,1,1,1,1,0,1,1,0,2,2,3,1,1,6,1
198,0,1,1,1,1,0,1,1,0,3,1,1,,0,6,0
199,0,1,1,1,1,0,1,1,0,3,1,2,1,1,6,1
200,0,1,1,1,1,0,1,1,0,3,1,3,1,1,6,1
201,0,1,1,1,1,0,1,1,0,3,2,1,,0,6,0
202,0,1,1,1,1,0,1,1,0,3,2,2,,0,6,0
203,0,1,1,1,1,0,1,1,0,3,2,3,1,1,6,1
204,0,1,1,1,1,0,1,1,0,4,1,1,,0,6,0
205,0,1,1,1,1,0,1,1,0,4,1,2,1,1,6,1
206,0,1,1,1,1,0,1,1,0,4,1,3,1,1,6,1
207,0,1,1,1,1,0,1,1,0,4,2,1,,0,6,0
208,0,1,1,1,1,0,1,1,0,4,2,2,,0,6,0
209,0,1,1,1,1,0,1,1,0,4,2,3,1,1,6,1
210,0,1,1,1,1,0,1,1,1,0,1,1,0,1,4,1
211,0,1,1,1,1,0,1,1,1,0,1,2,0,1,4,1
212,0,1,1,1,1,0,1,1,1,0,1,3,0,1,4,1
213,0,1,1,1,1,0,1,1,1,0,2,1,0,1,4,1
214,0,1,1,1,1,0,1,1,1,0,2,2,0,1,4,1
215,0,1,1,1,1,0,1,1,1,0,2,3,0,1,4,1
216,0,1,1,1,1,0,1,1,1,1,1,1,0,1,6,1
217,0,1,1,1,1,0,1,1,1,1,1,2,0,1,6,1
218,0,1,1,1,1,0,1,1,1,1,1,3,0,1,6,1
219,0,1,1,1,1,0,1,1,1,1,2,1,0,1,6,1
220,0,1,1,1,1,0,1,1,1,1,2,2,0,1,6,1
221,0,1,1,1,1,0,1,1,1,1,2,3,0,1,6,1
222,0,1,1,1,1,0,1,1,1,2,1,1,0,1,6,1
223,0,1,1,1,1,0,1,1,1,2,1,2,0,1,6,1
224,0,1,1,1,1,0,1,1,1,2,1,3,0,1,6,1
225,0,1,1,1,1,0,1,1,1,2,2,1,0,1,6,1
226,0,1,1,1,1,0,1,1,1,2,2,2,0,1,6,1
227,0,1,1,1,1,0,1,1,1,2,2,3,0,1,6,1
228,0,1,1,1,1,0,1,1,1,3,1,1,0,1,6,1
229,0,1,1,1,1,0,1,1,1,3,1,2,0,1,6,1
230,0,1,1,1,1,0,1,1,1,3,1,3,0,1,6,1
231,0,1,1,1,1,0,1,1,1,3,2,1,0,1,6,1
232,0,1,1,1,1,0,1,1,1,3,2,2,0,1,6,1
233,0,1,1,1,1,0,1,1,1,3,2,3,0,1,6,1
234,0,1,1,1,1,0,1,1,1,4,1,1,0,1,6,1
235,0,1,1,1,1,0,1,1,1,4,1,2,0,1,6,1
236,0,1,1,1,1,0,1,1,1,4,1,3,0,1,6,1
237,0,1,1,1,1,0,1,1,1,4,2,1,0,1,6,1
238,0,1,1,1,1,0,1,1,1,4,2,2,0,1,6,1
239,0,1,1,1,1,0,1,1,1,4,2,3,0,1,6,1
240,0,1,1,1,1,1,0,0,0,0,1,1,,0,4,0
241,0,1,1,1,1,1,0,0,0,0,1,2,,0,4,0
242,0,1,1,1,1,1,0,0,0,0,1,3,,0,4,0
243,0,1,1,1,1,1,0,0,0,0,2,1,,0,4,0
244,0,1,1,1,1,1,0,0,0,0,2,2,,0,4,0
245,0,1,1,1,1,1,0,0,0,0,2,3,,0,4,0
246,0,1,1,1,1,1,0,0,0,1,1,1,1,1,4,1
247,0,1,1,1,1,1,0,0,0,1,1,2,1,1,4,1
248,0,1,1,1,1,1,0,0,0,1,1,3,1,1,4,1
249,0,1,1,1,1,1,0,0,0,1,2,1,1,1,4,1
250,0,1,1,1,1,1,0,0,0,1,2,2,1,1,4,1
251,0,1,1,1,1,1,0,0,0,1,2,3,1,1,4,1
252,0,1,1,1,1,1,0,0,0,2,1,1,1,1,4,1
253,0,1,1,1,1,1,0,0,0,2,1,2,1,1,4,1
254,0,1,1,1,1,1,0,0,0,2,1,3,1,1,4,1
255,0,1,1,1,1,1,0,0,0,2,2,1,1,1,4,1
256,0,1,1,1,1,1,0,0,0,2,2,2,1,1,4,1
257,0,1,1,1,1,1,0,0,0,2,2,3,1,1,4,1
258,0,1,1,1,1,1,0,0,0,3,1,1,1,1,4,1
259,0,1,1,1,1,1,0,0,0,3,1,2,1,1,4,1
260,0,1,1,1,1,1,0,0,0,3,1,3,1,1,4,1
261,0,1,1,1,1,1,0,0,0,3,2,1,1,1,4,1
262,0,1,1,1,1,1,0,0,0,3,2,2,1,1,4,1
263,0,1,1,1,1,1,0,0,0,3,2,3,1,1,4,1
264,0,1,1,1,1,1,0,0,0,4,1,1,1,1,4,1
265,0,1,1,1,1,1,0,0,0,4,1,2,1,1,4,1
266,0,1,1,1,1,1,0,0,0,4,1,3,1,1,4,1
267,0,1,1,1,1,1,0,0,0,4,2,1,1,1,4,1
268,0,1,1,1,1,1,0,0,0,4,2,2,1,1,4,1
269,0,1,1,1,1,1,0,0,0,4,2,3,1,1,4,1
270,0,1,1,1,1,1,0,0,1,0,1,1,0,1,4,1
271,0,1,1,1,1,1,0,0,1,0,1,2,0,1,4,1
272,0,1,1,1,1,1,0,0,1,0,1,3,0,1,4,1
273,0,1,1,1,1,1,0,0,1,0,2,1,0,1,4,1
274,0,1,1,1,1,1,0,0,1,0,2,2,0,1,4,1
275,0,1,1,1,1,1,0,0,1,0,2,3,0,1,4,1
276,0,1,1,1,1,1,0,0,1,1,1,1,0,1,4,1
277,0,1,1,1,1,1,0,0,1,1,1,2,0,1,4,1
278,0,1,1,1,1,1,0,0,1,1,1,3,0,1,4,1
279,0,1,1,1,1,1,0,0,1,1,2,1,0,1,4,1
280,0,1,1,1,1,1,0,0,1,1,2,2,0,1,4,1
281,0,1,1,1,1,1,0,0,1,1,2,3,0,1,4,1
282,0,1,1,1,1,1,0,0,1,2,1,1,0,1,4,1
283,0,1,1,1,1,1,0,0,1,2,1,2,0,1,4,1
284,0,1,1,1,1,1,0,0,1,2,1,3,0,1,4,1
285,0,1,1,1,1,1,0,0,1,2,2,1,0,1,4,1
286,0,1,1,1,1,1,0,0,1,2,2,2,0,1,4,1
287,0,1,1,1,1,1,0,0,1,2,2,3,0,1,4,1
288,0,1,1,1,1,1,0,0,1,3,1,1,0,1,4,1
289,0,1,1,1,1,1,0,0,1,3,1,2,0,1,4,1
290,0,1,1,1,1,1,0,0,1,3,1,3,0,1,4,1
291,0,1,1,1,1,1,0,0,1,3,2,1,0,1,4,1
292,0,1,1,1,1,1,0,0,1,3,2,2,0,1,4,1
293,0,1,1,1,1,1,0,0,1,3,2,3,0,1,4,1
294,0,1,1,1,1,1,0,0,1,4,1,1,0,1,4,1
295,0,1,1,1,1,1,0,0,1,4,1,2,0,1,4,1
296,0,1,1,1,1,1,0,0,1,4,1,3,0,1,4,1
297,0,1,1,1,1,1,0,0,1,4,2,1,0,1,4,1
298,0,1,1,1,1,1,0,0,1,4,2,2,0,1,4,1
299,0,1,1,1,1,1,0,0,1,4,2,3,0,1,4,1
300,0,1,1,1,1,1,0,1,0,0,1,1,,0,4,0
301,0,1,1,1,1,1,0,1,0,0,1,2,,0,4,0
302,0,1,1,1,1,1,0,1,0,0,1,3,,0,4,0
303,0,1,1,1,1,1,0,1,0,0,2,1,,0,4,0
304,0,1,1,1,1,1,0,1,0,0,2,2,,0,4,0
305,0,1,1,1,1,1,0,1,0,0,2,3,,0,4,0
306,0,1,1,1,1,1,0,1,0,1,1,1,1,1,5,1
307,0,1,1,1,1,1,0,1,0,1,1,2,1,1,5,1
308,0,1,1,1,1,1,0,1,0,1,1,3,1,1,5,1
309,0,1,1,1,1,1,0,1,0,1,2,1,1,1,5,1
310,0,1,1,1,1,1,0,1,0,1,2,2,1,1,5,1
311,0,1,1,1,1,1,0,1,0,1,2,3,1,1,5,1
312,0,1,1,1,1,1,0,1,0,2,1,1,1,1,5,1
313,0,1,1,1,1,1,0,1,0,2,1,2,1,1,5,1
314,0,1,1,1,1,1,0,1,0,2,1,3,1,1,5,1
315,0,1,1,1,1,1,0,1,0,2,2,1,1,1,5,1
316,0,1,1,1,1,1,0,1,0,2,2,2,1,1,5,1
317,0,1,1,1,1,1,0,1,0,2,2,3,1,1,5,1
318,0,1,1,1,1,1,0,1,0,3,1,1,1,1,5,1
319,0,1,1,1,1,1,0,1,0,3,1,2,1,1,5,1
320,0,1,1,1,1,1,0,1,0,3,1,3,1,1,5,1
321,0,1,1,1,1,1,0,1,0,3,2,1,1,1,5,1
322,0,1,1,1,1,1,0,1,0,3,2,2,1,1,5,1
323,0,1,1,1,1,1,0,1,0,3,2,3,1,1,5,1
324,0,1,1,1,1,1,0,1,0,4,1,1,1,1,5,1
325,0,1,1,1,1,1,0,1,0,4,1,2,1,1,5,1
326,0,1,1,1,1,1,0,1,0,4,1,3,1,1,5,1
327,0,1,1,1,1,1,0,1,0,4,2,1,1,1,5,1
328,0,1,1,1,1,1,0,1,0,4,2,2,1,1,5,1
329,0,1,1,1,1,1,0,1,0,4,2,3,1,1,5,1
330,0,1,1,1,1,1,0,1,1,0,1,1,0,1,4,1
331,0,1,1,1,1,1,0,1,1,0,1,2,0,1,4,1
332,0,1,1,1,1,1,0,1,1,0,1,3,0,1,4,1
333,0,1,1,1,1,1,0,1,1,0,2,1,0,1,4,1
334,0,1,1,1,1,1,0,1,1,0,2,2,0,1,4,1
335,0,1,1,1,1,1,0,1,1,0,2,3,0,1,4,1
336,0,1,1,1,1,1,0,1,1,1,1,1,0,1,5,1
337,0,1,1,1,1,1,0,1,1,1,1,2,0,1,5,1
338,0,1,1,1,1,1,0,1,1,1,1,3,0,1,5,1
339,0,1,1,1,1,1,0,1,1,1,2,1,0,1,5,1
340,0,1,1,1,1,1,0,1,1,1,2,2,0,1,5,1
341,0,1,1,1,1,1,0,1,1,1,2,3,0,1,5,1
342,0,1,1,1,1,1,0,1,1,2,1,1,0,1,5,1
343,0,1,1,1,1,1,0,1,1,2,1,2,0,1,5,1
344,0,1,1,1,1,1,0,1,1,2,1,3,0,1,5,1
345,0,1,1,1,1,1,0,1,1,2,2,1,0,1,5,1
346,0,1,1,1,1,1,0,1,1,2,2,2,0,1,5,1
347,0,1,1,1,1,1,0,1,1,2,2,3,0,1,5,1
348,0,1,1,1,1,1,0,1,1,3,1,1,0,1,5,1
349,0,1,1,1,1,1,0,1,1,3,1,2,0,1,5,1
350,0,1,1,1,1,1,0,1,1,3,1,3,0,1,5,1
351,0,1,1,1,1,1,0,1,1,3,2,1,0,1,5,1
352,0,1,1,1,1,1,0,1,1,3,2,2,0,1,5,1
353,0,1,1,1,1,1,0,1,1,3,2,3,0,1,5,1
354,0,1,1,1,1,1,0,1,1,4,1,1,0,1,5,1
355,0,1,1,1,1,1,0,1,1,4,1,2,0,1,5,1
356,0,1,1,1,1,1,0,1,1,4,1,3,0,1,5,1
357,0,1,1,1,1,1,0,1,1,4,2,1,0,1,5,1
358,0,1,1,1,1,1,0,1,1,4,2,2,0,1,5,1
359,0,1,1,1,1,1,0,1,1,4,2,3,0,1,5,1
360,0,1,1,1,1,1,1,0,0,0,1,1,,0,4,0
361,0,1,1,1,1,1,1,0,0,0,1,2,,0,4,0
362,0,1,1,1,1,1,1,0,0,0,1,3,,0,4,0
363,0,1,1,1,1,1,1,0,0,0,2,1,,0,4,0
364,0,1,1,1,1,1,1,0,0,0,2,2,,0,4,0
365,0,1,1,1,1,1,1,0,0,0,2,3,,0,4,0
366,0,1,1,1,1,1,1,0,0,1,1,1,,0,5,0
367,0,1,1,1,1,1,1,0,0,1,1,2,1,1,5,1
368,0,1,1,1,1,1,1,0,0,1,1,3,1,1,5,1
369,0,1,1,1,1,1,1,0,0,1,2,1,,0,5,0
370,0,1,1,1,1,1,1,0,0,1,2,2,,0,5,0
371,0,1,1,1,1,1,1,0,0,1,2,3,1,1,5,1
372,0,1,1,1,1,1,1,0,0,2,1,1,,0,5,0
373,0,1,1,1,1,1,1,0,0,2,1,2,1,1,5,1
374,0,1,1,1,1,1,1,0,0,2,1,3,1,1,5,1
375,0,1,1,1,1,1,1,0,0,2,2,1,,0,5,0
376,0,1,1,1,1,1,1,0,0,2,2,2,,0,5,0
377,0,1,1,1,1,1,1,0,0,2,2,3,1,1,5,1
378,0,1,1,1,1,1,1,0,0,3,1,1,,0,5,0
379,0,1,1,1,1,1,1,0,0,3,1,2,1,1,5,1
380,0,1,1,1,1,1,1,0,0,3,1,3,1,1,5,1
381,0,1,1,1,1,1,1,0,0,3,2,1,,0,5,0
382,0,1,1,1,1,1,1,0,0,3,2,2,,0,5,0
383,0,1,1,1,1,1,1,0,0,3,2,3,1,1,5,1
384,0,1,1,1,1,1,1,0,0,4,1,1,,0,5,0
385,0,1,1,1,1,1,1,0,0,4,1,2,1,1,5,1
386,0,1,1,1,1,1,1,0,0,4,1,3,1,1,5,1
387,0,1,1,1,1,1,1,0,0,4,2,1,,0,5,0
388,0,1,1,1,1,1,1,0,0,4,2,2,,0,5,0
389,0,1,1,1,1,1,1,0,0,4,2,3,1,1,5,1
390,0,1,1,1,1,1,1,0,1,0,1,1,0,1,4,1
391,0,1,1,1,1,1,1,0,1,0,1,2,0,1,4,1
392,0,1,1,1,1,1,1,0,1,0,1,3,0,1,4,1
393,0,1,1,1,1,1,1,0,1,0,2,1,0,1,4,1
394,0,1,1,1,1,1,1,0,1,0,2,2,0,1,4,1
395,0,1,1,1,1,1,1,0,1,0,2,3,0,1,4,1
396,0,1,1,1,1,1,1,0,1,1,1,1,0,1,5,1
397,0,1,1,1,1,1,1,0,1,1,1,2,0,1,5,1
398,0,1,1,1,1,1,1,0,1,1,1,3,0,1,5,1
399,0,1,1,1,1,1,1,0,1,1,2,1,0,1,5,1
400,0,1,1,1,1,1,1,0,1,1,2,2,0,1,5,1
401,0,1,1,1,1,1,1,0,1,1,2,3,0,1,5,1
402,0,1,1,1,1,1,1,0,1,2,1,1,0,1,5,1
403,0,1,1,1,1,1,1,0,1,2,1,2,0,1,5,1
404,0,1,1,1,1,1,1,0,1,2,1,3,0,1,5,1
405,0,1,1,1,1,1,1,0,1,2,2,1,0,1,5,1
406,0,1,1,1,1,1,1,0,1,2,2,2,0,1,5,1
407,0,1,1,1,1,1,1,0,1,2,2,3,0,1,5,1
408,0,1,1,1,1,1,1,0,1,3,1,1,0,1,5,1
409,0,1,1,1,1,1,1,0,1,3,1,2,0,1,5,1
410,0,1,1,1,1,1,1,0,1,3,1,3,0,1,5,1
411,0,1,1,1,1,1,1,0,1,3,2,1,0,1,5,1
412,0,1,1,1,1,1,1,0,1,3,2,2,0,1,5,1
413,0,1,1,1,1,1,1,0,1,3,2,3,0,1,5,1
414,0,1,1,1,1,1,1,0,1,4,1,1,0,1,5,1
415,0,1,1,1,1,1,1,0,1,4,1,2,0,1,5,1
416,0,1,1,1,1,1,1,0,1,4,1,3,0,1,5,1
417,0,1,1,1,1,1,1,0,1,4,2,1,0,1,5,1
418,0,1,1,1,1,1,1,0,1,4,2,2,0,1,5,1
419,0,1,1,1,1,1,1,0,1,4,2,3,0,1,5,1
420,0,1,1,1,1,1,1,1,0,0,1,1,,0,4,0
421,0,1,1,1,1,1,1,1,0,0,1,2,,0,4,0
422,0,1,1,1,1,1,1,1,0,0,1,3,,0,4,0
423,0,1,1,1,1,1,1,1,0,0,2,1,,0,4,0
424,0,1,1,1,1,1,1,1,0,0,2,2,,0,4,0
425,0,1,1,1,1,1,1,1,0,0,2,3,,0,4,0
426,0,1,1,1,1,1,1,1,0,1,1,1,,0,6,0
427,0,1,1,1,1,1,1,1,0,1,1,2,1,1,8,1
428,0,1,1,1,1,1,1,1,0,1,1,3,1,1,8,1
429,0,1,1,1,1,1,1,1,0,1,2,1,,0,6,0
430,0,1,1,1,1,1,1,1,0,1,2,2,,0,6,0
431,0,1,1,1,1,1,1,1,0,1,2,3,1,1,8,1
432,0,1,1,1,1,1,1,1,0,2,1,1,,0,6,0
433,0,1,1,1,1,1,1,1,0,2,1,2,1,1,8,1
434,0,1,1,1,1,1,1,1,0,2,1,3,1,1,8,1
435,0,1,1,1,1,1,1,1,0,2,2,1,,0,6,0
436,0,1,1,1,1,1,1,1,0,2,2,2,,0,6,0
437,0,1,1,1,1,1,1,1,0,2,2,3,1,1,8,1
438,0,1,1,1,1,1,1,1,0,3,1,1,,0,6,0
439,0,1,1,1,1,1,1,1,0,3,1,2,1,1,8,1
440,0,1,1,1,1,1,1,1,0,3,1,3,1,1,8,1
441,0,1,1,1,1,1,1,1,0,3,2,1,,0,6,0
442,0,1,1,1,1,1,1,1,0,3,2,2,,0,6,0
443,0,1,1,1,1,1,1,1,0,3,2,3,1,1,8,1
444,0,1,1,1,1,1,1,1,0,4,1,1,,0,6,0
445,0,1,1,1,1,1,1,1,0,4,1,2,1,1,8,1
446,0,1,1,1,1,1,1,1,0,4,1,3,1,1,8,1
447,0,1,1,1,1,1,1,1,0,4,2,1,,0,6,0
448,0,1,1,1,1,1,1,1,0,4,2,2,,0,6,0
449,0,1,1,1,1,1,1,1,0,4,2,3,1,1,8,1
450,0,1,1,1,1,1,1,1,1,0,1,1,0,1,4,1
451,0,1,1,1,1,1,1,1,1,0,1,2,0,1,4,1
452,0,1,1,1,1,1,1,1,1,0,1,3,0,1,4,1
453,0,1,1,1,1,1,1,1,1,0,2,1,0,1,4,1
454,0,1,1,1,1,1,1,1,1,0,2,2,0,1,4,1
455,0,1,1,1,1,1,1,1,1,0,2,3,0,1,4,1
456,0,1,1,1,1,1,1,1,1,1,1,1,0,1,8,1
457,0,1,1,1,1,1,1,1,1,1,1,2,0,1,8,1
458,0,1,1,1,1,1,1,1,1,1,1,3,0,1,8,1
459,0,1,1,1,1,1,1,1,1,1,2,1,0,1,8,1
460,0,1,1,1,1,1,1,1,1,1,2,2,0,1,8,1
461,0,1,1,1,1,1,1,1,1,1,2,3,0,1,8,1
462,0,1,1,1,1,1,1,1,1,2,1,1,0,1,8,1
463,0,1,1,1,1,1,1,1,1,2,1,2,0,1,8,1
464,0,1,1,1,1,1,1,1,1,2,1,3,0,1,8,1
465,0,1,1,1,1,1,1,1,1,2,2,1,0,1,8,1
466,0,1,1,1,1,1,1,1,1,2,2,2,0,1,8,1
467,0,1,1,1,1,1,1,1,1,2,2,3,0,1,8,1
468,0,1,1,1,1,1,1,1,1,3,1,1,0,1,8,1
469,0,1,1,1,1,1,1,1,1,3,1,2,0,1,8,1
470,0,1,1,1,1,1,1,1,1,3,1,3,0,1,8,1
471,0,1,1,1,1,1,1,1,1,3,2,1,0,1,8,1
472,0,1,1,1,1,1,1,1,1,3,2,2,0,1,8,1
473,0,1,1,1,1,1,1,1,1,3,2,3,0,1,8,1
474,0,1,1,1,1,1,1,1,1,4,1,1,0,1,8,1
475,0,1,1,1,1,1,1,1,1,4,1,2,0,1,8,1
476,0,1,1,1,1,1,1,1,1,4,1,3,0,1,8,1
477,0,1,1,1,1,1,1,1,1,4,2,1,0,1,8,1
478,0,1,1,1,1,1,1,1,1,4,2,2,0,1,8,1
479,0,1,1,1,1,1,1,1,1,4,2,3,0,1,8,1
480,0,1,1,1,2,0,0,0,0,0,1,1,,0,4,0
481,0,1,1,1,2,0,0,0,0,0,1,2,,0,4,0
482,0,1,1,1,2,0,0,0,0,0,1,3,,0,4,0
483,0,1,1,1,2,0,0,0,0,0,2,1,,0,4,0
484,0,1,1,1,2,0,0,0,0,0,2,2,,0,4,0
485,0,1,1,1,2,0,0,0,0,0,2,3,,0,4,0
486,0,1,1,1,2,0,0,0,0,1,1,1,,0,4,0
487,0,1,1,1,2,0,0,0,0,1,1,2,1,1,4,1
488,0,1,1,1,2,0,0,0,0,1,1,3,1,1,4,1
489,0,1,1,1,2,0,0,0,0,1,2,1,,0,4,0
490,0,1,1,1,2,0,0,0,0,1,2,2,1,1,4,1
491,0,1,1,1,2,0,0,0,0,1,2,3,1,1,4,1
492,0,1,1,1,2,0,0,0,0,2,1,1,,0,4,0
493,0,1,1,1,2,0,0,0,0,2,1,2,1,1,4,1
494,0,1,1,1,2,0,0,0,0,2,1,3,1,1,4,1
495,0,1,1,1,2,0,0,0,0,2,2,1,,0,4,0
496,0,1,1,1,2,0,0,0,0,2,2,2,1,1,4,1
497,0,1,1,1,2,0,0,0,0,2,2,3,1,1,4,1
498,0,1,1,1,2,0,0,0,0,3,1,1,,0,4,0
499,0,1,1,1,2,0,0,0,0,3,1,2,1,1,4,1
500,0,1,1,1,2,0,0,0,0,3,1,3,1,1,4,1
501,0,1,1,1,2,0,0,0,0,3,2,1,,0,4,0
502,0,1,1,1,2,0,0,0,0,3,2,2,1,1,4,1
503,0,1,1,1,2,0,0,0,0,3,2,3,1,1,4,1
504,0,1,1,1,2,0,0,0,0,4,1,1,,0,4,0
505,0,1,1,1,2,0,0,0,0,4,1,2,1,1,4,1
506,0,1,1,1,2,0,0,0,0,4,1,3,1,1,4,1
507,0,1,1,1,2,0,0,0,0,4,2,1,,0,4,0
508,0,1,1,1,2,0,0,0,0,4,2,2,1,1,4,1
509,0,1,1,1,2,0,0,0,0,4,2,3,1,1,4,1
510,0,1,1,1,2,0,0,0,1,0,1,1,0,1,4,1
511,0,1,1,1,2,0,0,0,1,0,1,2,0,1,4,1
512,0,1,1,1,2,0,0,0,1,0,1,3,0,1,4,1
513,0,1,1,1,2,0,0,0,1,0,2,1,0,1,4,1
514,0,1,1,1,2,0,0,0,1,0,2,2,0,1,4,1
515,0,1,1,1,2,0,0,0,1,0,2,3,0,1,4,1
516,0,1,1,1,2,0,0,0,1,1,1,1,0,1,4,1
517,0,1,1,1,2,0,0,0,1,1,1,2,0,1,4,1
518,0,1,1,1,2,0,0,0,1,1,1,3,0,1,4,1
519,0,1,1,1,2,0,0,0,1,1,2,1,0,1,4,1
520,0,1,1,1,2,0,0,0,1,1,2,2,0,1,4,1
521,0,1,1,1,2,0,0,0,1,1,2,3,0,1,4,1
522,0,1,1,1,2,0,0,0,1,2,1,1,0,1,4,1
523,0,1,1,1,2,0,0,0,1,2,1,2,0,1,4,1
524,0,1,1,1,2,0,0,0,1,2,1,3,0,1,4,1
525,0,1,1,1,2,0,0,0,1,2,2,1,0,1,4,1
526,0,1,1,1,2,0,0,0,1,2,2,2,0,1,4,1
527,0,1,1,1,2,0,0,0,1,2,2,3,0,1,4,1
528,0,1,1,1,2,0,0,0,1,3,1,1,0,1,4,1
529,0,1,1,1,2,0,0,0,1,3,1,2,0,1,4,1
530,0,1,1,1,2,0,0,0,1,3,1,3,0,1,4,1
531,0,1,1,1,2,0,0,0,1,3,2,1,0,1,4,1
532,0,1,1,1,2,0,0,0,1,3,2,2,0,1,4,1
533,0,1,1,1,2,0,0,0,1,3,2,3,0,1,4,1
534,0,1,1,1,2,0,0,0,1,4,1,1,0,1,4,1
535,0,1,1,1,2,0,0,0,1,4,1,2,0,1,4,1
536,0,1,1,1,2,0,0,0,1,4,1,3,0,1,4,1
537,0,1,1,1,2,0,0,0,1,4,2,1,0,1,4,1
538,0,1,1,1,2,0,0,0,1,4,2,2,0,1,4,1
539,0,1,1,1,2,0,0,0,1,4,2,3,0,1,4,1
540,0,1,1,1,2,0,0,1,0,0,1,1,,0,4,0
541,0,1,1,1,2,0,0,1,0,0,1,2,,0,4,0
542,0,1,1,1,2,0,0,1,0,0,1,3,,0,4,0
543,0,1,1,1,2,0,0,1,0,0,2,1,,0,4,0
544,0,1,1,1,2,0,0,1,0,0,2,2,,0,4,0
545,0,1,1,1,2,0,0,1,0,0,2,3,,0,4,0
546,0,1,1,1,2,0,0,1,0,1,1,1,1,1,4,1
547,0,1,1,1,2,0,0,1,0,1,1,2,1,1,4,1
548,0,1,1,1,2,0,0,1,0,1,1,3,1,1,4,1
549,0,1,1,1,2,0,0,1,0,1,2,1,1,1,4,1
550,0,1,1,1,2,0,0,1,0,1,2,2,1,1,4,1
551,0,1,1,1,2,0,0,1,0,1,2,3,1,1,4,1
552,0,1,1,1,2,0,0,1,0,2,1,1,1,1,4,1
553,0,1,1,1,2,0,0,1,0,2,1,2,1,1,4,1
554,0,1,1,1,2,0,0,1,0,2,1,3,1,1,4,1
555,0,1,1,1,2,0,0,1,0,2,2,1,1,1,4,1
556,0,1,1,1,2,0,0,1,0,2,2,2,1,1,4,1
557,0,1,1,1,2,0,0,1,0,2,2,3,1,1,4,1
558,0,1,1,1,2,0,0,1,0,3,1,1,1,1,4,1
559,0,1,1,1,2,0,0,1,0,3,1,2,1,1,4,1
560,0,1,1,1,2,0,0,1,0,3,1,3,1,1,4,1
561,0,1,1,1,2,0,0,1,0,3,2,1,1,1,4,1
562,0,1,1,1,2,0,0,1,0,3,2,2,1,1,4,1
563,0,1,1,1,2,0,0,1,0,3,2,3,1,1,4,1
564,0,1,1,1,2,0,0,1,0,4,1,1,1,1,4,1
565,0,1,1,1,2,0,0,1,0,4,1,2,1,1,4,1
566,0,1,1,1,2,0,0,1,0,4,1,3,1,1,4,1
567,0,1,1,1,2,0,0,1,0,4,2,1,1,1,4,1
568,0,1,1,1,2,0,0,1,0,4,2,2,1,1,4,1
569,0,1,1,1,2,0,0,1,0,4,2,3,1,1,4,1
570,0,1,1,1,2,0,0,1,1,0,1,1,0,1,4,1
571,0,1,1,1,2,0,0,1,1,0,1,2,0,1,4,1
572,0,1,1,1,2,0,0,1,1,0,1,3,0,1,4,1
573,0,1,1,1,2,0,0,1,1,0,2,1,0,1,4,1
574,0,1,1,1,2,0,0,1,1,0,2,2,0,1,4,1
575,0,1,1,1,2,0,0,1,1,0,2,3,0,1,4,1
576,0,1,1,1,2,0,0,1,1,1,1,1,0,1,4,1
577,0,1,1,1,2,0,0,1,1,1,1,2,0,1,4,1
578,0,1,1,1,2,0,0,1,1,1,1,3,0,1,4,1
579,0,1,1,1,2,0,0,1,1,1,2,1,0,1,4,1
580,0,1,1,1,2,0,0,1,1,1,2,2,0,1,4,1
581,0,1,1,1,2,0,0,1,1,1,2,3,0,1,4,1
582,0,1,1,1,2,0,0,1,1,2,1,1,0,1,4,1
583,0,1,1,1,2,0,0,1,1,2,1,2,0,1,4,1
584,0,1,1,1,2,0,0,1,1,2,1,3,0,1,4,1
585,0,1,1,1,2,0,0,1,1,2,2,1,0,1,4,1
586,0,1,1,1,2,0,0,1,1,2,2,2,0,1,4,1
587,0,1,1,1,2,0,0,1,1,2,2,3,0,1,4,1
588,0,1,1,1,2,0,0,1,1,3,1,1,0,1,4,1
589,0,1,1,1,2,0,0,1,1,3,1,2,0,1,4,1
590,0,1,1,1,2,0,0,1,1,3,1,3,0,1,4,1
591,0,1,1,1,2,0,0,1,1,3,2,1,0,1,4,1
592,0,1,1,1,2,0,0,1,1,3,2,2,0,1,4,1
593,0,1,1,1,2,0,0,1,1,3,2,3,0,1,4,1
594,0,1,1,1,2,0,0,1,1,4,1,1,0,1,4,1
595,0,1,1,1,2,0,0,1,1,4,1,2,0,1,4,1
596,0,1,1,1,2,0,0,1,1,4,1,3,0,1,4,1
597,0,1,1,1,2,0,0,1,1,4,2,1,0,1,4,1
598,0,1,1,1,2,0,0,1,1,4,2,2,0,1,4,1
599,0,1,1,1,2,0,0,1,1,4,2,3,0,1,4,1
600,0,1,1,1,2,0,1,0,0,0,1,1,,0,4,0
601,0,1,1,1,2,0,1,0,0,0,1,2,,0,4,0
602,0,1,1,1,2,0,1,0,0,0,1,3,,0,4,0
603,0,1,1,1,2,0,1,0,0,0,2,1,,0,4,0
604,0,1,1,1,2,0,1,0,0,0,2,2,,0,4,0
605,0,1,1,1,2,0,1,0,0,0,2,3,,0,4,0
606,0,1,1,1,2,0,1,0,0,1,1,1,,0,4,0
607,0,1,1,1,2,0,1,0,0,1,1,2,,0,5,0
608,0,1,1,1,2,0,1,0,0,1,1,3,1,1,5,1
609,0,1,1,1,2,0,1,0,0,1,2,1,,0,4,0
610,0,1,1,1,2,0,1,0,0,1,2,2,,0,5,0
611,0,1,1,1,2,0,1,0,0,1,2,3,,0,5,0
612,0,1,1,1,2,0,1,0,0,2,1,1,,0,4,0
613,0,1,1,1,2,0,1,0,0,2,1,2,,0,5,0
614,0,1,1,1,2,0,1,0,0,2,1,3,1,1,5,1
615,0,1,1,1,2,0,1,0,0,2,2,1,,0,4,0
616,0,1,1,1,2,0,1,0,0,2,2,2,,0,5,0
617,0,1,1,1,2,0,1,0,0,2,2,3,,0,5,0
618,0,1,1,1,2,0,1,0,0,3,1,1,,0,4,0
619,0,1,1,1,2,0,1,0,0,3,1,2,,0,5,0
620,0,1,1,1,2,0,1,0,0,3,1,3,1,1,5,1
621,0,1,1,1,2,0,1,0,0,3,2,1,,0,4,0
622,0,1,1,1,2,0,1,0,0,3,2,2,,0,5,0
623,0,1,1,1,2,0,1,0,0,3,2,3,,0,5,0
624,0,1,1,1,2,0,1,0,0,4,1,1,,0,4,0
625,0,1,1,1,2,0,1,0,0,4,1,2,,0,5,0
626,0,1,1,1,2,0,1,0,0,4,1,3,1,1,5,1
627,0,1,1,1,2,0,1,0,0,4,2,1,,0,4,0
628,0,1,1,1,2,0,1,0,0,4,2,2,,0,5,0
629,0,1,1,1,2,0,1,0,0,4,2,3,,0,5,0
630,0,1,1,1,2,0,1,0,1,0,1,1,0,1,4,1
631,0,1,1,1,2,0,1,0,1,0,1,2,0,1,4,1
632,0,1,1,1,2,0,1,0,1,0,1,3,0,1,4,1
633,0,1,1,1,2,0,1,0,1,0,2,1,0,1,4,1
634,0,1,1,1,2,0,1,0,1,0,2,2,0,1,4,1
635,0,1,1,1,2,0,1,0,1,0,2,3,0,1,4,1
636,0,1,1,1,2,0,1,0,1,1,1,1,0,1,5,1
637,0,1,1,1,2,0,1,0,1,1,1,2,0,1,5,1
638,0,1,1,1,2,0,1,0,1,1,1,3,0,1,5,1
639,0,1,1,1,2,0,1,0,1,1,2,1,0,1,5,1
640,0,1,1,1,2,0,1,0,1,1,2,2,0,1,5,1
641,0,1,1,1,2,0,1,0,1,1,2,3,0,1,5,1
642,0,1,1,1,2,0,1,0,1,2,1,1,0,1,5,1
643,0,1,1,1,2,0,1,0,1,2,1,2,0,1,5,1
644,0,1,1,1,2,0,1,0,1,2,1,3,0,1,5,1
645,0,1,1,1,2,0,1,0,1,2,2,1,0,1,5,1
646,0,1,1,1,2,0,1,0,1,2,2,2,0,1,5,1
647,0,1,1,1,2,0,1,0,1,2,2,3,0,1,5,1
648,0,1,1,1,2,0,1,0,1,3,1,1,0,1,5,1
649,0,1,1,1,2,0,1,0,1,3,1,2,0,1,5,1
650,0,1,1,1,2,0,1,0,1,3,1,3,0,1,5,1
651,0,1,1,1,2,0,1,0,1,3,2,1,0,1,5,1
652,0,1,1,1,2,0,1,0,1,3,2,2,0,1,5,1
653,0,1,1,1,2,0,1,0,1,3,2,3,0,1,5,1
654,0,1,1,1,2,0,1,0,1,4,1,1,0,1,5,1
655,0,1,1,1,2,0,1,0,1,4,1,2,0,1,5,1
656,0,1,1,1,2,0,1,0,1,4,1,3,0,1,5,1
657,0,1,1,1,2,0,1,0,1,4,2,1,0,1,5,1
658,0,1,1,1,2,0,1,0,1,4,2,2,0,1,5,1
659,0,1,1,1,2,0,1,0,1,4,2,3,0,1,5,1
660,0,1,1,1,2,0,1,1,0,0,1,1,,0,4,0
661,0,1,1,1,2,0,1,1,0,0,1,2,,0,4,0
662,0,1,1,1,2,0,1,1,0,0,1,3,,0,4,0
663,0,1,1,1,2,0,1,1,0,0,2,1,,0,4,0
664,0,1,1,1,2,0,1,1,0,0,2,2,,0,4,0
665,0,1,1,1,2,0,1,1,0,0,2,3,,0,4,0
666,0,1,1,1,2,0,1,1,0,1,1,1,,0,5,0
667,0,1,1,1,2,0,1,1,0,1,1,2,1,1,6,1
668,0,1,1,1,2,0,1,1,0,1,1,3,1,1,6,1
669,0,1,1,1,2,0,1,1,0,1,2,1,,0,5,0
670,0,1,1,1,2,0,1,1,0,1,2,2,,0,6,0
671,0,1,1,1,2,0,1,1,0,1,2,3,1,1,6,1
672,0,1,1,1,2,0,1,1,0,2,1,1,,0,5,0
673,0,1,1,1,2,0,1,1,0,2,1,2,1,1,6,1
674,0,1,1,1,2,0,1,1,0,2,1,3,1,1,6,1
675,0,1,1,1,2,0,1,1,0,2,2,1,,0,5,0
676,0,1,1,1,2,0,1,1,0,2,2,2,,0,6,0
677,0,1,1,1,2,0,1,1,0,2,2,3,1,1,6,1
678,0,1,1,1,2,0,1,1,0,3,1,1,,0,5,0
679,0,1,1,1,2,0,1,1,0,3,1,2,1,1,6,1
680,0,1,1,1,2,0,1,1,0,3,1,3,1,1,6,1
681,0,1,1,1,2,0,1,1,0,3,2,1,,0,5,0
682,0,1,1,1,2,0,1,1,0,3,2,2,,0,6,0
683,0,1,1,1,2,0,1,1,0,3,2,3,1,1,6,1
684,0,1,1,1,2,0,1,1,0,4,1,1,,0,5,0
685,0,1,1,1,2,0,1,1,0,4,1,2,1,1,6,1
686,0,1,1,1,2,0,1,1,0,4,1,3,1,1,6,1
687,0,1,1,1,2,0,1,1,0,4,2,1,,0,5,0
688,0,1,1,1,2,0,1,1,0,4,2,2,,0,6,0
689,0,1,1,1,2,0,1,1,0,4,2,3,1,1,6,1
690,0,1,1,1,2,0,1,1,1,0,1,1,0,1,4,1
691,0,1,1,1,2,0,1,1,1,0,1,2,0,1,4,1
692,0,1,1,1,2,0,1,1,1,0,1,3,0,1,4,1
693,0,1,1,1,2,0,1,1,1,0,2,1,0,1,4,1
694,0,1,1,1,2,0,1,1,1,0,2,2,0,1,4,1
695,0,1,1,1,2,0,1,1,1,0,2,3,0,1,4,1
696,0,1,1,1,2,0,1,1,1,1,1,1,0,1,6,1
697,0,1,1,1,2,0,1,1,1,1,1,2,0,1,6,1
698,0,1,1,1,2,0,1,1,1,1,1,3,0,1,6,1
699,0,1,1,1,2,0,1,1,1,1,2,1,0,1,6,1
700,0,1,1,1,2,0,1,1,1,1,2,2,0,1,6,1
701,0,1,1,1,2,0,1,1,1,1,2,3,0,1,6,1
702,0,1,1,1,2,0,1,1,1,2,1,1,0,1,6,1
703,0,1,1,1,2,0,1,1,1,2,1,2,0,1,6,1
704,0,1,1,1,2,0,1,1,1,2,1,3,0,1,6,1
705,0,1,1,1,2,0,1,1,1,2,2,1,0,1,6,1
706,0,1,1,1,2,0,1,1,1,2,2,2,0,1,6,1
707,0,1,1,1,2,0,1,1,1,2,2,3,0,1,6,1
708,0,1,1,1,2,0,1,1,1,3,1,1,0,1,6,1
709,0,1,1,1,2,0,1,1,1,3,1,2,0,1,6,1
710,0,1,1,1,2,0,1,1,1,3,1,3,0,1,6,1
711,0,1,1,1,2,0,1,1,1,3,2,1,0,1,6,1
712,0,1,1,1,2,0,1,1,1,3,2,2,0,1,6,1
713,0,1,1,1,2,0,1,1,1,3,2,3,0,1,6,1
714,0,1,1,1,2,0,1,1,1,4,1,1,0,1,6,1
715,0,1,1,1,2,0,1,1,1,4,1,2,0,1,6,1
716,0,1,1,1,2,0,1,1,1,4,1,3,0,1,6,1
717,0,1,1,1,2,0,1,1,1,4,2,1,0,1,6,1
718,0,1,1,1,2,0,1,1,1,4,2,2,0,1,6,1
719,0,1,1,1,2,0,1,1,1,4,2,3,0,1,6,1
720,0,1,1,1,2,1,0,0,0,0,1,1,,0,4,0
721,0,1,1,1,2,1,0,0,0,0,1,2,,0,4,0
722,0,1,1,1,2,1,0,0,0,0,1,3,,0,4,0
723,0,1,1,1,2,1,0,0,0,0,2,1,,0,4,0
724,0,1,1,1,2,1,0,0,0,0,2,2,,0,4,0
725,0,1,1,1,2,1,0,0,0,0,2,3,,0,4,0
726,0,1,1,1,2,1,0,0,0,1,1,1,,0,4,0
727,0,1,1,1,2,1,0,0,0,1,1,2,1,1,4,1
728,0,1,1,1,2,1,0,0,0,1,1,3,1,1,4,1
729,0,1,1,1,2,1,0,0,0,1,2,1,,0,4,0
730,0,1,1,1,2,1,0,0,0,1,2,2,1,1,4,1
731,0,1,1,1,2,1,0,0,0,1,2,3,1,1,4,1
732,0,1,1,1,2,1,0,0,0,2,1,1,,0,4,0
733,0,1,1,1,2,1,0,0,0,2,1,2,1,1,4,1
734,0,1,1,1,2,1,0,0,0,2,1,3,1,1,4,1
735,0,1,1,1,2,1,0,0,0,2,2,1,,0,4,0
736,0,1,1,1,2,1,0,0,0,2,2,2,1,1,4,1
737,0,1,1,1,2,1,0,0,0,2,2,3,1,1,4,1
738,0,1,1,1,2,1,0,0,0,3,1,1,,0,4,0
739,0,1,1,1,2,1,0,0,0,3,1,2,1,1,4,1
740,0,1,1,1,2,1,0,0,0,3,1,3,1,1,4,1
741,0,1,1,1,2,1,0,0,0,3,2,1,,0,4,0
742,0,1,1,1,2,1,0,0,0,3,2,2,1,1,4,1
743,0,1,1,1,2,1,0,0,0,3,2,3,1,1,4,1
744,0,1,1,1,2,1,0,0,0,4,1,1,,0,4,0
745,0,1,1,1,2,1,0,0,0,4,1,2,1,1,4,1
746,0,1,1,1,2,1,0,0,0,4,1,3,1,1,4,1
747,0,1,1,1,2,1,0,0,0,4,2,1,,0,4,0
748,0,1,1,1,2,1,0,0,0,4,2,2,1,1,4,1
749,0,1,1,1,2,1,0,0,0,4,2,3,1,1,4,1
750,0,1,1,1,2,1,0,0,1,0,1,1,0,1,4,1
751,0,1,1,1,2,1,0,0,1,0,1,2,0,1,4,1
752,0,1,1,1,2,1,0,0,1,0,1,3,0,1,4,1
753,0,1,1,1,2,1,0,0,1,0,2,1,0,1,4,1
754,0,1,1,1,2,1,0,0,1,0,2,2,0,1,4,1
755,0,1,1,1,2,1,0,0,1,0,2,3,0,1,4,1
756,0,1,1,1,2,1,0,0,1,1,1,1,0,1,4,1
757,0,1,1,1,2,1,0,0,1,1,1,2,0,1,4,1
758,0,1,1,1,2,1,0,0,1,1,1,3,0,1,4,1
759,0,1,1,1,2,1,0,0,1,1,2,1,0,1,4,1
760,0,1,1,1,2,1,0,0,1,1,2,2,0,1,4,1
761,0,1,1,1,2,1,0,0,1,1,2,3,0,1,4,1
762,0,1,1,1,2,1,0,0,1,2,1,1,0,1,4,1
763,0,1,1,1,2,1,0,0,1,2,1,2,0,1,4,1
764,0,1,1,1,2,1,0,0,1,2,1,3,0,1,4,1
765,0,1,1,1,2,1,0,0,1,2,2,1,0,1,4,1
766,0,1,1,1,2,1,0,0,1,2,2,2,0,1,4,1
767,0,1,1,1,2,1,0,0,1,2,2,3,0,1,4,1
768,0,1,1,1,2,1,0,0,1,3,1,1,0,1,4,1
769,0,1,1,1,2,1,0,0,1,3,1,2,0,1,4,1
770,0,1,1,1,2,1,0,0,1,3,1,3,0,1,4,1
771,0,1,1,1,2,1,0,0,1,3,2,1,0,1,4,1
772,0,1,1,1,2,1,0,0,1,3,2,2,0,1,4,1
773,0,1,1,1,2,1,0,0,1,3,2,3,0,1,4,1
774,0,1,1,1,2,1,0,0,1,4,1,1,0,1,4,1
775,0,1,1,1,2,1,0,0,1,4,1,2,0,1,4,1
776,0,1,1,1,2,1,0,0,1,4,1,3,0,1,4,1
777,0,1,1,1,2,1,0,0,1,4,2,1,0,1,4,1
778,0,1,1,1,2,1,0,0,1,4,2,2,0,1,4,1
779,0,1,1,1,2,1,0,0,1,4,2,3,0,1,4,1
780,0,1,1,1,2,1,0,1,0,0,1,1,,0,4,0
781,0,1,1,1,2,1,0,1,0,0,1,2,,0,4,0
782,0,1,1,1,2,1,0,1,0,0,1,3,,0,4,0
783,0,1,1,1,2,1,0,1,0,0,2,1,,0,4,0
784,0,1,1,1,2,1,0,1,0,0,2,2,,0,4,0
785,0,1,1,1,2,1,0,1,0,0,2,3,,0,4,0
786,0,1,1,1,2,1,0,1,0,1,1,1,1,1,5,1
787,0,1,1,1,2,1,0,1,0,1,1,2,1,1,5,1
788,0,1,1,1,2,1,0,1,0,1,1,3,1,1,5,1
789,0,1,1,1,2,1,0,1,0,1,2,1,1,1,5,1
790,0,1,1,1,2,1,0,1,0,1,2,2,1,1,5,1
791,0,1,1,1,2,1,0,1,0,1,2,3,1,1,5,1
792,0,1,1,1,2,1,0,1,0,2,1,1,1,1,5,1
793,0,1,1,1,2,1,0,1,0,2,1,2,1,1,5,1
794,0,1,1,1,2,1,0,1,0,2,1,3,1,1,5,1
795,0,1,1,1,2,1,0,1,0,2,2,1,1,1,5,1
796,0,1,1,1,2,1,0,1,0,2,2,2,1,1,5,1
797,0,1,1,1,2,1,0,1,0,2,2,3,1,1,5,1
798,0,1,1,1,2,1,0,1,0,3,1,1,1,1,5,1
799,0,1,1,1,2,1,0,1,0,3,1,2,1,1,5,1
800,0,1,1,1,2,1,0,1,0,3,1,3,1,1,5,1
801,0,1,1,1,2,1,0,1,0,3,2,1,1,1,5,1
802,0,1,1,1,2,1,0,1,0,3,2,2,1,1,5,1
803,0,1,1,1,2,1,0,1,0,3,2,3,1,1,5,1
804,0,1,1,1,2,1,0,1,0,4,1,1,1,1,5,1
805,0,1,1,1,2,1,0,1,0,4,1,2,1,1,5,1
806,0,1,1,1,2,1,0,1,0,4,1,3,1,1,5,1
807,0,1,1,1,2,1,0,1,0,4,2,1,1,1,5,1
808,0,1,1,1,2,1,0,1,0,4,2,2,1,1,5,1
809,0,1,1,1,2,1,0,1,0,4,2,3,1,1,5,1
810,0,1,1,1,2,1,0,1,1,0,1,1,0,1,4,1
811,0,1,1,1,2,1,0,1,1,0,1,2,0,1,4,1
812,0,1,1,1,2,1,0,1,1,0,1,3,0,1,4,1
813,0,1,1,1,2,1,0,1,1,0,2,1,0,1,4,1
814,0,1,1,1,2,1,0,1,1,0,2,2,0,1,4,1
815,0,1,1,1,2,1,0,1,1,0,2,3,0,1,4,1
816,0,1,1,1,2,1,0,1,1,1,1,1,0,1,5,1
817,0,1,1,1,2,1,0,1,1,1,1,2,0,1,5,1
818,0,1,1,1,2,1,0,1,1,1,1,3,0,1,5,1
819,0,1,1,1,2,1,0,1,1,1,2,1,0,1,5,1
820,0,1,1,1,2,1,0,1,1,1,2,2,0,1,5,1
821,0,1,1,1,2,1,0,1,1,1,2,3,0,1,5,1
822,0,1,1,1,2,1,0,1,1,2,1,1,0,1,5,1
823,0,1,1,1,2,1,0,1,1,2,1,2,0,1,5,1
824,0,1,1,1,2,1,0,1,1,2,1,3,0,1,5,1
825,0,1,1,1,2,1,0,1,1,2,2,1,0,1,5,1
826,0,1,1,1,2,1,0,1,1,2,2,2,0,1,5,1
827,0,1,1,1,2,1,0,1,1,2,2,3,0,1,5,1
828,0,1,1,1,2,1,0,1,1,3,1,1,0,1,5,1
829,0,1,1,1,2,1,0,1,1,3,1,2,0,1,5,1
830,0,1,1,1,2,1,0,1,1,3,1,3,0,1,5,1
831,0,1,1,1,2,1,0,1,1,3,2,1,0,1,5,1
832,0,1,1,1,2,1,0,1,1,3,2,2,0,1,5,1
833,0,1,1,1,2,1,0,1,1,3,2,3,0,1,5,1
834,0,1,1,1,2,1,0,1,1,4,1,1,0,1,5,1
835,0,1,1,1,2,1,0,1,1,4,1,2,0,1,5,1
836,0,1,1,1,2,1,0,1,1,4,1,3,0,1,5,1
837,0,1,1,1,2,1,0,1,1,4,2,1,0,1,5,1
838,0,1,1,1,2,1,0,1,1,4,2,2,0,1,5,1
839,0,1,1,1,2,1,0,1,1,4,2,3,0,1,5,1
840,0,1,1,1,2,1,1,0,0,0,1,1,,0,4,0
841,0,1,1,1,2,1,1,0,0,0,1,2,,0,4,0
842,0,1,1,1,2,1,1,0,0,0,1,3,,0,4,0
843,0,1,1,1,2,1,1,0,0,0,2,1,,0,4,0
844,0,1,1,1,2,1,1,0,0,0,2,2,,0,4,0
845,0,1,1,1,2,1,1,0,0,0,2,3,,0,4,0
846,0,1,1,1,2,1,1,0,0,1,1,1,,0,4,0
847,0,1,1,1,2,1,1,0,0,1,1,2,,0,5,0
848,0,1,1,1,2,1,1,0,0,1,1,3,1,1,5,1
849,0,1,1,1,2,1,1,0,0,1,2,1,,0,4,0
850,0,1,1,1,2,1,1,0,0,1,2,2,,0,5,0
851,0,1,1,1,2,1,1,0,0,1,2,3,,0,5,0
852,0,1,1,1,2,1,1,0,0,2,1,1,,0,4,0
853,0,1,1,1,2,1,1,0,0,2,1,2,,0,5,0
854,0,1,1,1,2,1,1,0,0,2,1,3,1,1,5,1
855,0,1,1,1,2,1,1,0,0,2,2,1,,0,4,0
856,0,1,1,1,2,1,1,0,0,2,2,2,,0,5,0
857,0,1,1,1,2,1,1,0,0,2,2,3,,0,5,0
858,0,1,1,1,2,1,1,0,0,3,1,1,,0,4,0
859,0,1,1,1,2,1,1,0,0,3,1,2,,0,5,0
860,0,1,1,1,2,1,1,0,0,3,1,3,1,1,5,1
861,0,1,1,1,2,1,1,0,0,3,2,1,,0,4,0
862,0,1,1,1,2,1,1,0,0,3,2,2,,0,5,0
863,0,1,1,1,2,1,1,0,0,3,2,3,,0,5,0
864,0,1,1,1,2,1,1,0,0,4,1,1,,0,4,0
865,0,1,1,1,2,1,1,0,0,4,1,2,,0,5,0
866,0,1,1,1,2,1,1,0,0,4,1,3,1,1,5,1
867,0,1,1,1,2,1,1,0,0,4,2,1,,0,4,0
868,0,1,1,1,2,1,1,0,0,4,2,2,,0,5,0
869,0,1,1,1,2,1,1,0,0,4,2,3,,0,5,0
870,0,1,1,1,2,1,1,0,1,0,1,1,0,1,4,1
871,0,1,1,1,2,1,1,0,1,0,1,2,0,1,4,1
872,0,1,1,1,2,1,1,0,1,0,1,3,0,1,4,1
873,0,1,1,1,2,1,1,0,1,0,2,1,0,1,4,1
874,0,1,1,1,2,1,1,0,1,0,2,2,0,1,4,1
875,0,1,1,1,2,1,1,0,1,0,2,3,0,1,4,1
876,0,1,1,1,2,1,1,0,1,1,1,1,0,1,5,1
877,0,1,1,1,2,1,1,0,1,1,1,2,0,1,5,1
878,0,1,1,1,2,1,1,0,1,1,1,3,0,1,5,1
879,0,1,1,1,2,1,1,0,1,1,2,1,0,1,5,1
880,0,1,1,1,2,1,1,0,1,1,2,2,0,1,5,1
881,0,1,1,1,2,1,1,0,1,1,2,3,0,1,5,1
882,0,1,1,1,2,1,1,0,1,2,1,1,0,1,5,1
883,0,1,1,1,2,1,1,0,1,2,1,2,0,1,5,1
884,0,1,1,1,2,1,1,0,1,2,1,3,0,1,5,1
885,0,1,1,1,2,1,1,0,1,2,2,1,0,1,5,1
886,0,1,1,1,2,1,1,0,1,2,2,2,0,1,5,1
887,0,1,1,1,2,1,1,0,1,2,2,3,0,1,5,1
888,0,1,1,1,2,1,1,0,1,3,1,1,0,1,5,1
889,0,1,1,1,2,1,1,0,1,3,1,2,0,1,5,1
890,0,1,1,1,2,1,1,0,1,3,1,3,0,1,5,1
891,0,1,1,1,2,1,1,0,1,3,2,1,0,1,5,1
892,0,1,1,1,2,1,1,0,1,3,2,2,0,1,5,1
893,0,1,1,1,2,1,1,0,1,3,2,3,0,1,5,1
894,0,1,1,1,2,1,1,0,1,4,1,1,0,1,5,1
895,0,1,1,1,2,1,1,0,1,4,1,2,0,1,5,1
896,0,1,1,1,2,1,1,0,1,4,1,3,0,1,5,1
897,0,1,1,1,2,1,1,0,1,4,2,1,0,1,5,1
898,0,1,1,1,2,1,1,0,1,4,2,2,0,1,5,1
899,0,1,1,1,2,1,1,0,1,4,2,3,0,1,5,1
900,0,1,1,1,2,1,1,1,0,0,1,1,,0,4,0
901,0,1,1,1,2,1,1,1,0,0,1,2,,0,4,0
902,0,1,1,1,2,1,1,1,0,0,1,3,,0,4,0
903,0,1,1,1,2,1,1,1,0,0,2,1,,0,4,0
904,0,1,1,1,2,1,1,1,0,0,2,2,,0,4,0
905,0,1,1,1,2,1,1,1,0,0,2,3,,0,4,0
906,0,1,1,1,2,1,1,1,0,1,1,1,,0,5,0
907,0,1,1,1,2,1,1,1,0,1,1,2,1,1,8,1
908,0,1,1,1,2,1,1,1,0,1,1,3,1,1,8,1
909,0,1,1,1,2,1,1,1,0,1,2,1,,0,5,0
910,0,1,1,1,2,1,1,1,0,1,2,2,,0,6,0
911,0,1,1,1,2,1,1,1,0,1,2,3,1,1,8,1
912,0,1,1,1,2,1,1,1,0,2,1,1,,0,5,0
913,0,1,1,1,2,1,1,1,0,2,1,2,1,1,8,1
914,0,1,1,1,2,1,1,1,0,2,1,3,1,1,8,1
915,0,1,1,1,2,1,1,1,0,2,2,1,,0,5,0
916,0,1,1,1,2,1,1,1,0,2,2,2,,0,6,0
917,0,1,1,1,2,1,1,1,0,2,2,3,1,1,8,1
918,0,1,1,1,2,1,1,1,0,3,1,1,,0,5,0
919,0,1,1,1,2,1,1,1,0,3,1,2,1,1,8,1
920,0,1,1,1,2,1,1,1,0,3,1,3,1,1,8,1
921,0,1,1,1,2,1,1,1,0,3,2,1,,0,5,0
922,0,1,1,1,2,1,1,1,0,3,2,2,,0,6,0
923,0,1,1,1,2,1,1,1,0,3,2,3,1,1,8,1
924,0,1,1,1,2,1,1,1,0,4,1,1,,0,5,0
925,0,1,1,1,2,1,1,1,0,4,1,2,1,1,8,1
926,0,1,1,1,2,1,1,1,0,4,1,3,1,1,8,1
927,0,1,1,1,2,1,1,1,0,4,2,1,,0,5,0
928,0,1,1,1,2,1,1,1,0,4,2,2,,0,6,0
929,0,1,1,1,2,1,1,1,0,4,2,3,1,1,8,1
930,0,1,1,1,2,1,1,1,1,0,1,1,0,1,4,1
931,0,1,1,1,2,1,1,1,1,0,1,2,0,1,4,1
932,0,1,1,1,2,1,1,1,1,0,1,3,0,1,4,1
933,0,1,1,1,2,1,1,1,1,0,2,1,0,1,4,1
934,0,1,1,1,2,1,1,1,1,0,2,2,0,1,4,1
935,0,1,1,1,2,1,1,1,1,0,2,3,0,1,4,1
936,0,1,1,1,2,1,1,1,1,1,1,1,0,1,8,1
937,0,1,1,1,2,1,1,1,1,1,1,2,0,1,8,1
938,0,1,1,1,2,1,1,1,1,1,1,3,0,1,8,1
939,0,1,1,1,2,1,1,1,1,1,2,1,0,1,8,1
940,0,1,1,1,2,1,1,1,1,1,2,2,0,1,8,1
941,0,1,1,1,2,1,1,1,1,1,2,3,0,1,8,1
942,0,1,1,1,2,1,1,1,1,2,1,1,0,1,8,1
943,0,1,1,1,2,1,1,1,1,2,1,2,0,1,8,1
944,0,1,1,1,2,1,1,1,1,2,1,3,0,1,8,1
945,0,1,1,1,2,1,1,1,1,2,2,1,0,1,8,1
946,0,1,1,1,2,1,1,1,1,2,2,2,0,1,8,1
947,0,1,1,1,2,1,1,1,1,2,2,3,0,1,8,1
948,0,1,1,1,2,1,1,1,1,3,1,1,0,1,8,1
949,0,1,1,1,2,1,1,1,1,3,1,2,0,1,8,1
950,0,1,1,1,2,1,1,1,1,3,1,3,0,1,8,1
951,0,1,1,1,2,1,1,1,1,3,2,1,0,1,8,1
952,0,1,1,1,2,1,1,1,1,3,2,2,0,1,8,1
953,0,1,1,1,2,1,1,1,1,3,2,3,0,1,8,1
954,0,1,1,1,2,1,1,1,1,4,1,1,0,1,8,1
955,0,1,1,1,2,1,1,1,1,4,1,2,0,1,8,1
956,0,1,1,1,2,1,1,1,1,4,1,3,0,1,8,1
957,0,1,1,1,2,1,1,1,1,4,2,1,0,1,8,1
958,0,1,1,1,2,1,1,1,1,4,2,2,0,1,8,1
959,0,1,1,1,2,1,1,1,1,4,2,3,0,1,8,1
960,0,1,1,2,1,0,0,0,0,0,1,1,,0,4,0
961,0,1,1,2,1,0,0,0,0,0,1,2,,0,4,0
962,0,1,1,2,1,0,0,0,0,0,1,3,,0,4,0
963,0,1,1,2,1,0,0,0,0,0,2,1,,0,4,0
964,0,1,1,2,1,0,0,0,0,0,2,2,,0,4,0
965,0,1,1,2,1,0,0,0,0,0,2,3,,0,4,0
966,0,1,1,2,1,0,0,0,0,1,1,1,1,1,4,1
967,0,1,1,2,1,0,0,0,0,1,1,2,1,1,4,1
968,0,1,1,2,1,0,0,0,0,1,1,3,1,1,4,1
969,0,1,1,2,1,0,0,0,0,1,2,1,1,1,4,1
970,0,1,1,2,1,0,0,0,0,1,2,2,1,1,4,1
971,0,1,1,2,1,0,0,0,0,1,2,3,1,1,4,1
972,0,1,1,2,1,0,0,0,0,2,1,1,1,1,4,1
973,0,1,1,2,1,0,0,0,0,2,1,2,1,1,4,1
974,0,1,1,2,1,0,0,0,0,2,1,3,1,1,4,1
975,0,1,1,2,1,0,0,0,0,2,2,1,1,1,4,1
976,0,1,1,2,1,0,0,0,0,2,2,2,1,1,4,1
977,0,1,1,2,1,0,0,0,0,2,2,3,1,1,4,1
978,0,1,1,2,1,0,0,0,0,3,1,1,1,1,4,1
979,0,1,1,2,1,0,0,0,0,3,1,2,1,1,4,1
980,0,1,1,2,1,0,0,0,0,3,1,3,1,1,4,1
981,0,1,1,2,1,0,0,0,0,3,2,1,1,1,4,1
982,0,1,1,2,1,0,0,0,0,3,2,2,1,1,4,1
983,0,1,1,2,1,0,0,0,0,3,2,3,1,1,4,1
984,0,1,1,2,1,0,0,0,0,4,1,1,1,1,4,1
985,0,1,1,2,1,0,0,0,0,4,1,2,1,1,4,1
986,0,1,1,2,1,0,0,0,0,4,1,3,1,1,4,1
987,0,1,1,2,1,0,0,0,0,4,2,1,1,1,4,1
988,0,1,1,2,1,0,0,0,0,4,2,2,1,1,4,1
989,0,1,1,2,1,0,0,0,0,4,2,3,1,1,4,1
990,0,1,1,2,1,0,0,0,1,0,1,1,0,1,4,1
991,0,1,1,2,1,0,0,0,1,0,1,2,0,1,4,1
992,0,1,1,2,1,0,0,0,1,0,1,3,0,1,4,1
993,0,1,1,2,1,0,0,0,1,0,2,1,0,1,4,1
994,0,1,1,2,1,0,0,0,1,0,2,2,0,1,4,1
995,0,1,1,2,1,0,0,0,1,0,2,3,0,1,4,1
996,0,1,1,2,1,0,0,0,1,1,1,1,0,1,4,1
997,0,1,1,2,1,0,0,0,1,1,1,2,0,1,4,1
998,0,1,1,2,1,0,0,0,1,1,1,3,0,1,4,1
999,0,1,1,2,1,0,0,0,1,1,2,1,0,1,4,1
1000,0,1,1,2,1,0,0,0,1,1,2,2,0,1,4,1
1001,0,1,1,2,1,0,0,0,1,1,2,3,0,1,4,1
1002,0,1,1,2,1,0,0,0,1,2,1,1,0,1,4,1
1003,0,1,1,2,1,0,0,0,1,2,1,2,0,1,4,1
1004,0,1,1,2,1,0,0,0,1,2,1,3,0,1,4,1
1005,0,1,1,2,1,0,0,0,1,2,2,1,0,1,4,1
1006,0,1,1,2,1,0,0,0,1,2,2,2,0,1,4,1
1007,0,1,1,2,1,0,0,0,1,2,2,3,0,1,4,1
1008,0,1,1,2,1,0,0,0,1,3,1,1,0,1,4,1
1009,0,1,1,2,1,0,0,0,1,3,1,2,0,1,4,1
1010,0,1,1,2,1,0,0,0,1,3,1,3,0,1,4,1
1011,0,1,1,2,1,0,0,0,1,3,2,1,0,1,4,1
1012,0,1,1,2,1,0,0,0,1,3,2,2,0,1,4,1
1013,0,1,1,2,1,0,0,0,1,3,2,3,0,1,4,1
1014,0,1,1,2,1,0,0,0,1,4,1,1,0,1,4,1
1015,0,1,1,2,1,0,0,0,1,4,1,2,0,1,4,1
1016,0,1,1,2,1,0,0,0,1,4,1,3,0,1,4,1
1017,0,1,1,2,1,0,0,0,1,4,2,1,0,1,4,1
1018,0,1,1,2,1,0,0,0,1,4,2,2,0,1,4,1
1019,0,1,1,2,1,0,0,0,1,4,2,3,0,1,4,1
1020,0,1,1,2,1,0,0,1,0,0,1,1,,0,4,0
1021,0,1,1,2,1,0,0,1,0,0,1,2,,0,4,0
1022,0,1,1,2,1,0,0,1,0,0,1,3,,0,4,0
1023,0,1,1,2,1,0,0,1,0,0,2,1,,0,4,0
1024,0,1,1,2,1,0,0,1,0,0,2,2,,0,4,0
1025,0,1,1,2,1,0,0,1,0,0,2,3,,0,4,0
1026,0,1,1,2,1,0,0,1,0,1,1,1,1,1,4,1
1027,0,1,1,2,1,0,0,1,0,1,1,2,1,1,4,1
1028,0,1,1,2,1,0,0,1,0,1,1,3,1,1,4,1
1029,0,1,1,2,1,0,0,1,0,1,2,1,1,1,4,1
1030,0,1,1,2,1,0,0,1,0,1,2,2,1,1,4,1
1031,0,1,1,2,1,0,0,1,0,1,2,3,1,1,4,1
1032,0,1,1,2,1,0,0,1,0,2,1,1,1,1,4,1
1033,0,1,1,2,1,0,0,1,0,2,1,2,1,1,4,1
1034,0,1,1,2,1,0,0,1,0,2,1,3,1,1,4,1
1035,0,1,1,2,1,0,0,1,0,2,2,1,1,1,4,1
1036,0,1,1,2,1,0,0,1,0,2,2,2,1,1,4,1
1037,0,1,1,2,1,0,0,1,0,2,2,3,1,1,4,1
1038,0,1,1,2,1,0,0,1,0,3,1,1,1,1,4,1
1039,0,1,1,2,1,0,0,1,0,3,1,2,1,1,4,1
1040,0,1,1,2,1,0,0,1,0,3,1,3,1,1,4,1
1041,0,1,1,2,1,0,0,1,0,3,2,1,1,1,4,1
1042,0,1,1,2,1,0,0,1,0,3,2,2,1,1,4,1
1043,0,1,1,2,1,0,0,1,0,3,2,3,1,1,4,1
1044,0,1,1,2,1,0,0,1,0,4,1,1,1,1,4,1
1045,0,1,1,2,1,0,0,1,0,4,1,2,1,1,4,1
1046,0,1,1,2,1,0,0,1,0,4,1,3,1,1,4,1
1047,0,1,1,2,1,0,0,1,0,4,2,1,1,1,4,1
1048,0,1,1,2,1,0,0,1,0,4,2,2,1,1,4,1
1049,0,1,1,2,1,0,0,1,0,4,2,3,1,1,4,1
1050,0,1,1,2,1,0,0,1,1,0,1,1,0,1,4,1
1051,0,1,1,2,1,0,0,1,1,0,1,2,0,1,4,1
1052,0,1,1,2,1,0,0,1,1,0,1,3,0,1,4,1
1053,0,1,1,2,1,0,0,1,1,0,2,1,0,1,4,1
1054,0,1,1,2,1,0,0,1,1,0,2,2,0,1,4,1
1055,0,1,1,2,1,0,0,1,1,0,2,3,0,1,4,1
1056,0,1,1,2,1,0,0,1,1,1,1,1,0,1,4,1
1057,0,1,1,2,1,0,0,1,1,1,1,2,0,1,4,1
1058,0,1,1,2,1,0,0,1,1,1,1,3,0,1,4,1
1059,0,1,1,2,1,0,0,1,1,1,2,1,0,1,4,1
1060,0,1,1,2,1,0,0,1,1,1,2,2,0,1,4,1
1061,0,1,1,2,1,0,0,1,1,1,2,3,0,1,4,1
1062,0,1,1,2,1,0,0,1,1,2,1,1,0,1,4,1
1063,0,1,1,2,1,0,0,1,1,2,1,2,0,1,4,1
1064,0,1,1,2,1,0,0,1,1,2,1,3,0,1,4,1
1065,0,1,1,2,1,0,0,1,1,2,2,1,0,1,4,1
1066,0,1,1,2,1,0,0,1,1,2,2,2,0,1,4,1
1067,0,1,1,2,1,0,0,1,1,2,2,3,0,1,4,1
1068,0,1,1,2,1,0,0,1,1,3,1,1,0,1,4,1
1069,0,1,1,2,1,0,0,1,1,3,1,2,0,1,4,1
1070,0,1,1,2,1,0,0,1,1,3,1,3,0,1,4,1
1071,0,1,1,2,1,0,0,1,1,3,2,1,0,1,4,1
1072,0,1,1,2,1,0,0,1,1,3,2,2,0,1,4,1
1073,0,1,1,2,1,0,0,1,1,3,2,3,0,1,4,1
1074,0,1,1,2,1,0,0,1,1,4,1,1,0,1,4,1
1075,0,1,1,2,1,0,0,1,1,4,1,2,0,1,4,1
1076,0,1,1,2,1,0,0,1,1,4,1,3,0,1,4,1
1077,0,1,1,2,1,0,0,1,1,4,2,1,0,1,4,1
1078,0,1,1,2,1,0,0,1,1,4,2,2,0,1,4,1
1079,0,1,1,2,1,0,0,1,1,4,2,3,0,1,4,1
1080,0,1,1,2,1,0,1,0,0,0,1,1,,0,4,0
1081,0,1,1,2,1,0,1,0,0,0,1,2,,0,4,0
1082,0,1,1,2,1,0,1,0,0,0,1,3,,0,4,0
1083,0,1,1,2,1,0,1,0,0,0,2,1,,0,4,0
1084,0,1,1,2,1,0,1,0,0,0,2,2,,0,4,0
1085,0,1,1,2,1,0,1,0,0,0,2,3,,0,4,0
1086,0,1,1,2,1,0,1,0,0,1,1,1,,0,5,0
1087,0,1,1,2,1,0,1,0,0,1,1,2,1,1,5,1
1088,0,1,1,2,1,0,1,0,0,1,1,3,1,1,5,1
1089,0,1,1,2,1,0,1,0,0,1,2,1,,0,5,0
1090,0,1,1,2,1,0,1,0,0,1,2,2,,0,5,0
1091,0,1,1,2,1,0,1,0,0,1,2,3,1,1,5,1
1092,0,1,1,2,1,0,1,0,0,2,1,1,,0,5,0
1093,0,1,1,2,1,0,1,0,0,2,1,2,1,1,5,1
1094,0,1,1,2,1,0,1,0,0,2,1,3,1,1,5,1
1095,0,1,1,2,1,0,1,0,0,2,2,1,,0,5,0
1096,0,1,1,2,1,0,1,0,0,2,2,2,,0,5,0
1097,0,1,1,2,1,0,1,0,0,2,2,3,1,1,5,1
1098,0,1,1,2,1,0,1,0,0,3,1,1,,0,5,0
1099,0,1,1,2,1,0,1,0,0,3,1,2,1,1,5,1
1100,0,1,1,2,1,0,1,0,0,3,1,3,1,1,5,1
1101,0,1,1,2,1,0,1,0,0,3,2,1,,0,5,0
1102,0,1,1,2,1,0,1,0,0,3,2,2,,0,5,0
1103,0,1,1,2,1,0,1,0,0,3,2,3,1,1,5,1
1104,0,1,1,2,1,0,1,0,0,4,1,1,,0,5,0
1105,0,1,1,2,1,0,1,0,0,4,1,2,1,1,5,1
1106,0,1,1,2,1,0,1,0,0,4,1,3,1,1,5,1
1107,0,1,1,2,1,0,1,0,0,4,2,1,,0,5,0
1108,0,1,1,2,1,0,1,0,0,4,2,2,,0,5,0
1109,0,1,1,2,1,0,1,0,0,4,2,3,1,1,5,1
1110,0,1,1,2,1,0,1,0,1,0,1,1,0,1,4,1
1111,0,1,1,2,1,0,1,0,1,0,1,2,0,1,4,1
1112,0,1,1,2,1,0,1,0,1,0,1,3,0,1,4,1
1113,0,1,1,2,1,0,1,0,1,0,2,1,0,1,4,1
1114,0,1,1,2,1,0,1,0,1,0,2,2,0,1,4,1
1115,0,1,1,2,1,0,1,0,1,0,2,3,0,1,4,1
1116,0,1,1,2,1,0,1,0,1,1,1,1,0,1,5,1
1117,0,1,1,2,1,0,1,0,1,1,1,2,0,1,5,1
1118,0,1,1,2,1,0,1,0,1,1,1,3,0,1,5,1
1119,0,1,1,2,1,0,1,0,1,1,2,1,0,1,5,1
1120,0,1,1,2,1,0,1,0,1,1,2,2,0,1,5,1
1121,0,1,1,2,1,0,1,0,1,1,2,3,0,1,5,1
1122,0,1,1,2,1,0,1,0,1,2,1,1,0,1,5,1
1123,0,1,1,2,1,0,1,0,1,2,1,2,0,1,5,1
1124,0,1,1,2,1,0,1,0,1,2,1,3,0,1,5,1
1125,0,1,1,2,1,0,1,0,1,2,2,1,0,1,5,1
1126,0,1,1,2,1,0,1,0,1,2,2,2,0,1,5,1
1127,0,1,1,2,1,0,1,0,1,2,2,3,0,1,5,1
1128,0,1,1,2,1,0,1,0,1,3,1,1,0,1,5,1
1129,0,1,1,2,1,0,1,0,1,3,1,2,0,1,5,1
1130,0,1,1,2,1,0,1,0,1,3,1,3,0,1,5,1
1131,0,1,1,2,1,0,1,0,1,3,2,1,0,1,5,1
1132,0,1,1,2,1,0,1,0,1,3,2,2,0,1,5,1
1133,0,1,1,2,1,0,1,0,1,3,2,3,0,1,5,1
1134,0,1,1,2,1,0,1,0,1,4,1,1,0,1,5,1
1135,0,1,1,2,1,0,1,0,1,4,1,2,0,1,5,1
1136,0,1,1,2,1,0,1,0,1,4,1,3,0,1,5,1
1137,0,1,1,2,1,0,1,0,1,4,2,1,0,1,5,1
1138,0,1,1,2,1,0,1,0,1,4,2,2,0,1,5,1
1139,0,1,1,2,1,0,1,0,1,4,2,3,0,1,5,1
1140,0,1,1,2,1,0,1,1,0,0,1,1,,0,4,0
1141,0,1,1,2,1,0,1,1,0,0,1,2,,0,4,0
1142,0,1,1,2,1,0,1,1,0,0,1,3,,0,4,0
1143,0,1,1,2,1,0,1,1,0,0,2,1,,0,4,0
1144,0,1,1,2,1,0,1,1,0,0,2,2,,0,4,0
1145,0,1,1,2,1,0,1,1,0,0,2,3,,0,4,0
1146,0,1,1,2,1,0,1,1,0,1,1,1,,0,5,0
1147,0,1,1,2,1,0,1,1,0,1,1,2,1,1,6,1
1148,0,1,1,2,1,0,1,1,0,1,1,3,1,1,6,1
1149,0,1,1,2,1,0,1,1,0,1,2,1,,0,5,0
1150,0,1,1,2,1,0,1,1,0,1,2,2,,0,6,0
1151,0,1,1,2,1,0,1,1,0,1,2,3,1,1,6,1
1152,0,1,1,2,1,0,1,1,0,2,1,1,,0,5,0
1153,0,1,1,2,1,0,1,1,0,2,1,2,1,1,6,1
1154,0,1,1,2,1,0,1,1,0,2,1,3,1,1,6,1
1155,0,1,1,2,1,0,1,1,0,2,2,1,,0,5,0
1156,0,1,1,2,1,0,1,1,0,2,2,2,,0,6,0
1157,0,1,1,2,1,0,1,1,0,2,2,3,1,1,6,1
1158,0,1,1,2,1,0,1,1,0,3,1,1,,0,5,0
1159,0,1,1,2,1,0,1,1,0,3,1,2,1,1,6,1
1160,0,1,1,2,1,0,1,1,0,3,1,3,1,1,6,1
1161,0,1,1,2,1,0,1,1,0,3,2,1,,0,5,0
1162,0,1,1,2,1,0,1,1,0,3,2,2,,0,6,0
1163,0,1,1,2,1,0,1,1,0,3,2,3,1,1,6,1
1164,0,1,1,2,1,0,1,1,0,4,1,1,,0,5,0
1165,0,1,1,2,1,0,1,1,0,4,1,2,1,1,6,1
1166,0,1,1,2,1,0,1,1,0,4,1,3,1,1,6,1
1167,0,1,1,2,1,0,1,1,0,4,2,1,,0,5,0
1168,0,1,1,2,1,0,1,1,0,4,2,2,,0,6,0
1169,0,1,1,2,1,0,1,1,0,4,2,3,1,1,6,1
1170,0,1,1,2,1,0,1,1,1,0,1,1,0,1,4,1
1171,0,1,1,2,1,0,1,1,1,0,1,2,0,1,4,1
1172,0,1,1,2,1,0,1,1,1,0,1,3,0,1,4,1
1173,0,1,1,2,1,0,1,1,1,0,2,1,0,1,4,1
1174,0,1,1,2,1,0,1,1,1,0,2,2,0,1,4,1
1175,0,1,1,2,1,0,1,1,1,0,2,3,0,1,4,1
1176,0,1,1,2,1,0,1,1,1,1,1,1,0,1,6,1
1177,0,1,1,2,1,0,1,1,1,1,1,2,0,1,6,1
1178,0,1,1,2,1,0,1,1,1,1,1,3,0,1,6,1
1179,0,1,1,2,1,0,1,1,1,1,2,1,0,1,6,1
1180,0,1,1,2,1,0,1,1,1,1,2,2,0,1,6,1
1181,0,1,1,2,1,0,1,1,1,1,2,3,0,1,6,1
1182,0,1,1,2,1,0,1,1,1,2,1,1,0,1,6,1
1183,0,1,1,2,1,0,1,1,1,2,1,2,0,1,6,1
1184,0,1,1,2,1,0,1,1,1,2,1,3,0,1,6,1
1185,0,1,1,2,1,0,1,1,1,2,2,1,0,1,6,1
1186,0,1,1,2,1,0,1,1,1,2,2,2,0,1,6,1
1187,0,1,1,2,1,0,1,1,1,2,2,3,0,1,6,1
1188,0,1,1,2,1,0,1,1,1,3,1,1,0,1,6,1
1189,0,1,1,2,1,0,1,1,1,3,1,2,0,1,6,1
1190,0,1,1,2,1,0,1,1,1,3,1,3,0,1,6,1
1191,0,1,1,2,1,0,1,1,1,3,2,1,0,1,6,1
1192,0,1,1,2,1,0,1,1,1,3,2,2,0,1,6,1
1193,0,1,1,2,1,0,1,1,1,3,2,3,0,1,6,1
1194,0,1,1,2,1,0,1,1,1,4,1,1,0,1,6,1
1195,0,1,1,2,1,0,1,1,1,4,1,2,0,1,6,1
1196,0,1,1,2,1,0,1,1,1,4,1,3,0,1,6,1
1197,0,1,1,2,1,0,1,1,1,4,2,1,0,1,6,1
1198,0,1,1,2,1,0,1,1,1,4,2,2,0,1,6,1
1199,0,1,1,2,1,0,1,1,1,4,2,3,0,1,6,1
1200,0,1,1,2,1,1,0,0,0,0,1,1,,0,4,0
1201,0,1,1,2,1,1,0,0,0,0,1,2,,0,4,0
1202,0,1,1,2,1,1,0,0,0,0,1,3,,0,4,0
1203,0,1,1,2,1,1,0,0,0,0,2,1,,0,4,0
1204,0,1,1,2,1,1,0,0,0,0,2,2,,0,4,0
1205,0,1,1,2,1,1,0,0,0,0,2,3,,0,4,0
1206,0,1,1,2,1,1,0,0,0,1,1,1,1,1,4,1
1207,0,1,1,2,1,1,0,0,0,1,1,2,1,1,4,1
1208,0,1,1,2,1,1,0,0,0,1,1,3,1,1,4,1
1209,0,1,1,2,1,1,0,0,0,1,2,1,1,1,4,1
1210,0,1,1,2,1,1,0,0,0,1,2,2,1,1,4,1
1211,0,1,1,2,1,1,0,0,0,1,2,3,1,1,4,1
1212,0,1,1,2,1,1,0,0,0,2,1,1,1,1,4,1
1213,0,1,1,2,1,1,0,0,0,2,1,2,1,1,4,1
1214,0,1,1,2,1,1,0,0,0,2,1,3,1,1,4,1
1215,0,1,1,2,1,1,0,0,0,2,2,1,1,1,4,1
1216,0,1,1,2,1,1,0,0,0,2,2,2,1,1,4,1
1217,0,1,1,2,1,1,0,0,0,2,2,3,1,1,4,1
1218,0,1,1,2,1,1,0,0,0,3,1,1,1,1,4,1
1219,0,1,1,2,1,1,0,0,0,3,1,2,1,1,4,1
1220,0,1,1,2,1,1,0,0,0,3,1,3,1,1,4,1
1221,0,1,1,2,1,1,0,0,0,3,2,1,1,1,4,1
1222,0,1,1,2,1,1,0,0,0,3,2,2,1,1,4,1
1223,0,1,1,2,1,1,0,0,0,3,2,3,1,1,4,1
1224,0,1,1,2,1,1,0,0,0,4,1,1,1,1,4,1
1225,0,1,1,2,1,1,0,0,0,4,1,2,1,1,4,1
1226,0,1,1,2,1,1,0,0,0,4,1,3,1,1,4,1
1227,0,1,1,2,1,1,0,0,0,4,2,1,1,1,4,1
1228,0,1,1,2,1,1,0,0,0,4,2,2,1,1,4,1
1229,0,1,1,2,1,1,0,0,0,4,2,3,1,1,4,1
1230,0,1,1,2,1,1,0,0,1,0,1,1,0,1,4,1
1231,0,1,1,2,1,1,0,0,1,0,1,2,0,1,4,1
1232,0,1,1,2,1,1,0,0,1,0,1,3,0,1,4,1
1233,0,1,1,2,1,1,0,0,1,0,2,1,0,1,4,1
1234,0,1,1,2,1,1,0,0,1,0,2,2,0,1,4,1
1235,0,1,1,2,1,1,0,0,1,0,2,3,0,1,4,1
1236,0,1,1,2,1,1,0,0,1,1,1,1,0,1,4,1
1237,0,1,1,2,1,1,0,0,1,1,1,2,0,1,4,1
1238,0,1,1,2,1,1,0,0,1,1,1,3,0,1,4,1
1239,0,1,1,2,1,1,0,0,1,1,2,1,0,1,4,1
1240,0,1,1,2,1,1,0,0,1,1,2,2,0,1,4,1
1241,0,1,1,2,1,1,0,0,1,1,2,3,0,1,4,1
1242,0,1,1,2,1,1,0,0,1,2,1,1,0,1,4,1
1243,0,1,1,2,1,1,0,0,1,2,1,2,0,1,4,1
1244,0,1,1,2,1,1,0,0,1,2,1,3,0,1,4,1
1245,0,1,1,2,1,1,0,0,1,2,2,1,0,1,4,1
1246,0,1,1,2,1,1,0,0,1,2,2,2,0,1,4,1
1247,0,1,1,2,1,1,0,0,1,2,2,3,0,1,4,1
1248,0,1,1,2,1,1,0,0,1,3,1,1,0,1,4,1
1249,0,1,1,2,1,1,0,0,1,3,1,2,0,1,4,1
1250,0,1,1,2,1,1,0,0,1,3,1,3,0,1,4,1
1251,0,1,1,2,1,1,0,0,1,3,2,1,0,1,4,1
1252,0,1,1,2,1,1,0,0,1,3,2,2,0,1,4,1
1253,0,1,1,2,1,1,0,0,1,3,2,3,0,1,4,1
1254,0,1,1,2,1,1,0,0,1,4,1,1,0,1,4,1
1255,0,1,1,2,1,1,0,0,1,4,1,2,0,1,4,1
1256,0,1,1,2,1,1,0,0,1,4,1,3,0,1,4,1
1257,0,1,1,2,1,1,0,0,1,4,2,1,0,1,4,1
1258,0,1,1,2,1,1,0,0,1,4,2,2,0,1,4,1
1259,0,1,1,2,1,1,0,0,1,4,2,3,0,1,4,1
1260,0,1,1,2,1,1,0,1,0,0,1,1,,0,4,0
1261,0,1,1,2,1,1,0,1,0,0,1,2,,0,4,0
1262,0,1,1,2,1,1,0,1,0,0,1,3,,0,4,0
1263,0,1,1,2,1,1,0,1,0,0,2,1,,0,4,0
1264,0,1,1,2,1,1,0,1,0,0,2,2,,0,4,0
1265,0,1,1,2,1,1,0,1,0,0,2,3,,0,4,0
1266,0,1,1,2,1,1,0,1,0,1,1,1,1,1,4,1
1267,0,1,1,2,1,1,0,1,0,1,1,2,1,1,5,1
1268,0,1,1,2,1,1,0,1,0,1,1,3,1,1,5,1
1269,0,1,1,2,1,1,0,1,0,1,2,1,1,1,4,1
1270,0,1,1,2,1,1,0,1,0,1,2,2,1,1,5,1
1271,0,1,1,2,1,1,0,1,0,1,2,3,1,1,5,1
1272,0,1,1,2,1,1,0,1,0,2,1,1,1,1,4,1
1273,0,1,1,2,1,1,0,1,0,2,1,2,1,1,5,1
1274,0,1,1,2,1,1,0,1,0,2,1,3,1,1,5,1
1275,0,1,1,2,1,1,0,1,0,2,2,1,1,1,4,1
1276,0,1,1,2,1,1,0,1,0,2,2,2,1,1,5,1
1277,0,1,1,2,1,1,0,1,0,2,2,3,1,1,5,1
1278,0,1,1,2,1,1,0,1,0,3,1,1,1,1,4,1
1279,0,1,1,2,1,1,0,1,0,3,1,2,1,1,5,1
1280,0,1,1,2,1,1,0,1,0,3,1,3,1,1,5,1
1281,0,1,1,2,1,1,0,1,0,3,2,1,1,1,4,1
1282,0,1,1,2,1,1,0,1,0,3,2,2,1,1,5,1
1283,0,1,1,2,1,1,0,1,0,3,2,3,1,1,5,1
1284,0,1,1,2,1,1,0,1,0,4,1,1,1,1,4,1
1285,0,1,1,2,1,1,0,1,0,4,1,2,1,1,5,1
1286,0,1,1,2,1,1,0,1,0,4,1,3,1,1,5,1
1287,0,1,1,2,1,1,0,1,0,4,2,1,1,1,4,1
1288,0,1,1,2,1,1,0,1,0,4,2,2,1,1,5,1
1289,0,1,1,2,1,1,0,1,0,4,2,3,1,1,5,1
1290,0,1,1,2,1,1,0,1,1,0,1,1,0,1,4,1
1291,0,1,1,2,1,1,0,1,1,0,1,2,0,1,4,1
1292,0,1,1,2,1,1,0,1,1,0,1,3,0,1,4,1
1293,0,1,1,2,1,1,0,1,1,0,2,1,0,1,4,1
1294,0,1,1,2,1,1,0,1,1,0,2,2,0,1,4,1
1295,0,1,1,2,1,1,0,1,1,0,2,3,0,1,4,1
1296,0,1,1,2,1,1,0,1,1,1,1,1,0,1,5,1
1297,0,1,1,2,1,1,0,1,1,1,1,2,0,1,5,1
1298,0,1,1,2,1,1,0,1,1,1,1,3,0,1,5,1
1299,0,1,1,2,1,1,0,1,1,1,2,1,0,1,5,1
1300,0,1,1,2,1,1,0,1,1,1,2,2,0,1,5,1
1301,0,1,1,2,1,1,0,1,1,1,2,3,0,1,5,1
1302,0,1,1,2,1,1,0,1,1,2,1,1,0,1,5,1
1303,0,1,1,2,1,1,0,1,1,2,1,2,0,1,5,1
1304,0,1,1,2,1,1,0,1,1,2,1,3,0,1,5,1
1305,0,1,1,2,1,1,0,1,1,2,2,1,0,1,5,1
1306,0,1,1,2,1,1,0,1,1,2,2,2,0,1,5,1
1307,0,1,1,2,1,1,0,1,1,2,2,3,0,1,5,1
1308,0,1,1,2,1,1,0,1,1,3,1,1,0,1,5,1
1309,0,1,1,2,1,1,0,1,1,3,1,2,0,1,5,1
1310,0,1,1,2,1,1,0,1,1,3,1,3,0,1,5,1
1311,0,1,1,2,1,1,0,1,1,3,2,1,0,1,5,1
1312,0,1,1,2,1,1,0,1,1,3,2,2,0,1,5,1
1313,0,1,1,2,1,1,0,1,1,3,2,3,0,1,5,1
1314,0,1,1,2,1,1,0,1,1,4,1,1,0,1,5,1
1315,0,1,1,2,1,1,0,1,1,4,1,2,0,1,5,1
1316,0,1,1,2,1,1,0,1,1,4,1,3,0,1,5,1
1317,0,1,1,2,1,1,0,1,1,4,2,1,0,1,5,1
1318,0,1,1,2,1,1,0,1,1,4,2,2,0,1,5,1
1319,0,1,1,2,1,1,0,1,1,4,2,3,0,1,5,1
1320,0,1,1,2,1,1,1,0,0,0,1,1,,0,4,0
1321,0,1,1,2,1,1,1,0,0,0,1,2,,0,4,0
1322,0,1,1,2,1,1,1,0,0,0,1,3,,0,4,0
1323,0,1,1,2,1,1,1,0,0,0,2,1,,0,4,0
1324,0,1,1,2,1,1,1,0,0,0,2,2,,0,4,0
1325,0,1,1,2,1,1,1,0,0,0,2,3,,0,4,0
1326,0,1,1,2,1,1,1,0,0,1,1,1,,0,5,0
1327,0,1,1,2,1,1,1,0,0,1,1,2,1,1,5,1
1328,0,1,1,2,1,1,1,0,0,1,1,3,1,1,5,1
1329,0,1,1,2,1,1,1,0,0,1,2,1,,0,5,0
1330,0,1,1,2,1,1,1,0,0,1,2,2,,0,5,0
1331,0,1,1,2,1,1,1,0,0,1,2,3,1,1,5,1
1332,0,1,1,2,1,1,1,0,0,2,1,1,,0,5,0
1333,0,1,1,2,1,1,1,0,0,2,1,2,1,1,5,1
1334,0,1,1,2,1,1,1,0,0,2,1,3,1,1,5,1
1335,0,1,1,2,1,1,1,0,0,2,2,1,,0,5,0
1336,0,1,1,2,1,1,1,0,0,2,2,2,,0,5,0
1337,0,1,1,2,1,1,1,0,0,2,2,3,1,1,5,1
1338,0,1,1,2,1,1,1,0,0,3,1,1,,0,5,0
1339,0,1,1,2,1,1,1,0,0,3,1,2,1,1,5,1
1340,0,1,1,2,1,1,1,0,0,3,1,3,1,1,5,1
1341,0,1,1,2,1,1,1,0,0,3,2,1,,0,5,0
1342,0,1,1,2,1,1,1,0,0,3,2,2,,0,5,0
1343,0,1,1,2,1,1,1,0,0,3,2,3,1,1,5,1
1344,0,1,1,2,1,1,1,0,0,4,1,1,,0,5,0
1345,0,1,1,2,1,1,1,0,0,4,1,2,1,1,5,1
1346,0,1,1,2,1,1,1,0,0,4,1,3,1,1,5,1
1347,0,1,1,2,1,1,1,0,0,4,2,1,,0,5,0
1348,0,1,1,2,1,1,1,0,0,4,2,2,,0,5,0
1349,0,1,1,2,1,1,1,0,0,4,2,3,1,1,5,1
1350,0,1,1,2,1,1,1,0,1,0,1,1,0,1,4,1
1351,0,1,1,2,1,1,1,0,1,0,1,2,0,1,4,1
1352,0,1,1,2,1,1,1,0,1,0,1,3,0,1,4,1
1353,0,1,1,2,1,1,1,0,1,0,2,1,0,1,4,1
1354,0,1,1,2,1,1,1,0,1,0,2,2,0,1,4,1
1355,0,1,1,2,1,1,1,0,1,0,2,3,0,1,4,1
1356,0,1,1,2,1,1,1,0,1,1,1,1,0,1,5,1
1357,0,1,1,2,1,1,1,0,1,1,1,2,0,1,5,1
1358,0,1,1,2,1,1,1,0,1,1,1,3,0,1,5,1
1359,0,1,1,2,1,1,1,0,1,1,2,1,0,1,5,1
1360,0,1,1,2,1,1,1,0,1,1,2,2,0,1,5,1
1361,0,1,1,2,1,1,1,0,1,1,2,3,0,1,5,1
1362,0,1,1,2,1,1,1,0,1,2,1,1,0,1,5,1
1363,0,1,1,2,1,1,1,0,1,2,1,2,0,1,5,1
1364,0,1,1,2,1,1,1,0,1,2,1,3,0,1,5,1
1365,0,1,1,2,1,1,1,0,1,2,2,1,0,1,5,1
1366,0,1,1,2,1,1,1,0,1,2,2,2,0,1,5,1
1367,0,1,1,2,1,1,1,0,1,2,2,3,0,1,5,1
1368,0,1,1,2,1,1,1,0,1,3,1,1,0,1,5,1
1369,0,1,1,2,1,1,1,0,1,3,1,2,0,1,5,1
1370,0,1,1,2,1,1,1,0,1,3,1,3,0,1,5,1
1371,0,1,1,2,1,1,1,0,1,3,2,1,0,1,5,1
1372,0,1,1,2,1,1,1,0,1,3,2,2,0,1,5,1
1373,0,1,1,2,1,1,1,0,1,3,2,3,0,1,5,1
1374,0,1,1,2,1,1,1,0,1,4,1,1,0,1,5,1
1375,0,1,1,2,1,1,1,0,1,4,1,2,0,1,5,1
1376,0,1,1,2,1,1,1,0,1,4,1,3,0,1,5,1
1377,0,1,1,2,1,1,1,0,1,4,2,1,0,1,5,1
1378,0,1,1,2,1,1,1,0,1,4,2,2,0,1,5,1
1379,0,1,1,2,1,1,1,0,1,4,2,3,0,1,5,1
1380,0,1,1,2,1,1,1,1,0,0,1,1,,0,4,0
1381,0,1,1,2,1,1,1,1,0,0,1,2,,0,4,0
1382,0,1,1,2,1,1,1,1,0,0,1,3,,0,4,0
1383,0,1,1,2,1,1,1,1,0,0,2,1,,0,4,0
1384,0,1,1,2,1,1,1,1,0,0,2,2,,0,4,0
1385,0,1,1,2,1,1,1,1,0,0,2,3,,0,4,0
1386,0,1,1,2,1,1,1,1,0,1,1,1,,0,5,0
1387,0,1,1,2,1,1,1,1,0,1,1,2,1,1,6,1
1388,0,1,1,2,1,1,1,1,0,1,1,3,1,1,8,1
1389,0,1,1,2,1,1,1,1,0,1,2,1,,0,5,0
1390,0,1,1,2,1,1,1,1,0,1,2,2,,0,6,0
1391,0,1,1,2,1,1,1,1,0,1,2,3,1,1,6,1
1392,0,1,1,2,1,1,1,1,0,2,1,1,,0,5,0
1393,0,1,1,2,1,1,1,1,0,2,1,2,1,1,6,1
1394,0,1,1,2,1,1,1,1,0,2,1,3,1,1,8,1
1395,0,1,1,2,1,1,1,1,0,2,2,1,,0,5,0
1396,0,1,1,2,1,1,1,1,0,2,2,2,,0,6,0
1397,0,1,1,2,1,1,1,1,0,2,2,3,1,1,6,1
1398,0,1,1,2,1,1,1,1,0,3,1,1,,0,5,0
1399,0,1,1,2,1,1,1,1,0,3,1,2,1,1,6,1
1400,0,1,1,2,1,1,1,1,0,3,1,3,1,1,8,1
1401,0,1,1,2,1,1,1,1,0,3,2,1,,0,5,0
1402,0,1,1,2,1,1,1,1,0,3,2,2,,0,6,0
1403,0,1,1,2,1,1,1,1,0,3,2,3,1,1,6,1
1404,0,1,1,2,1,1,1,1,0,4,1,1,,0,5,0
1405,0,1,1,2,1,1,1,1,0,4,1,2,1,1,6,1
1406,0,1,1,2,1,1,1,1,0,4,1,3,1,1,8,1
1407,0,1,1,2,1,1,1,1,0,4,2,1,,0,5,0
1408,0,1,1,2,1,1,1,1,0,4,2,2,,0,6,0
1409,0,1,1,2,1,1,1,1,0,4,2,3,1,1,6,1
1410,0,1,1,2,1,1,1,1,1,0,1,1,0,1,4,1
1411,0,1,1,2,1,1,1,1,1,0,1,2,0,1,4,1
1412,0,1,1,2,1,1,1,1,1,0,1,3,0,1,4,1
1413,0,1,1,2,1,1,1,1,1,0,2,1,0,1,4,1
1414,0,1,1,2,1,1,1,1,1,0,2,2,0,1,4,1
1415,0,1,1,2,1,1,1,1,1,0,2,3,0,1,4,1
1416,0,1,1,2,1,1,1,1,1,1,1,1,0,1,8,1
1417,0,1,1,2,1,1,1,1,1,1,1,2,0,1,8,1
1418,0,1,1,2,1,1,1,1,1,1,1,3,0,1,8,1
1419,0,1,1,2,1,1,1,1,1,1,2,1,0,1,8,1
1420,0,1,1,2,1,1,1,1,1,1,2,2,0,1,8,1
1421,0,1,1,2,1,1,1,1,1,1,2,3,0,1,8,1
1422,0,1,1,2,1,1,1,1,1,2,1,1,0,1,8,1
1423,0,1,1,2,1,1,1,1,1,2,1,2,0,1,8,1
1424,0,1,1,2,1,1,1,1,1,2,1,3,0,1,8,1
1425,0,1,1,2,1,1,1,1,1,2,2,1,0,1,8,1
1426,0,1,1,2,1,1,1,1,1,2,2,2,0,1,8,1
1427,0,1,1,2,1,1,1,1,1,2,2,3,0,1,8,1
1428,0,1,1,2,1,1,1,1,1,3,1,1,0,1,8,1
1429,0,1,1,2,1,1,1,1,1,3,1,2,0,1,8,1
1430,0,1,1,2,1,1,1,1,1,3,1,3,0,1,8,1
1431,0,1,1,2,1,1,1,1,1,3,2,1,0,1,8,1
1432,0,1,1,2,1,1,1,1,1,3,2,2,0,1,8,1
1433,0,1,1,2,1,1,1,1,1,3,2,3,0,1,8,1
1434,0,1,1,2,1,1,1,1,1,4,1,1,0,1,8,1
1435,0,1,1,2,1,1,1,1,1,4,1,2,0,1,8,1
1436,0,1,1,2,1,1,1,1,1,4,1,3,0,1,8,1
1437,0,1,1,2,1,1,1,1,1,4,2,1,0,1,8,1
1438,0,1,1,2,1,1,1,1,1,4,2,2,0,1,8,1
1439,0,1,1,2,1,1,1,1,1,4,2,3,0,1,8,1
1440,0,1,1,2,2,0,0,0,0,0,1,1,,0,4,0
1441,0,1,1,2,2,0,0,0,0,0,1,2,,0,4,0
1442,0,1,1,2,2,0,0,0,0,0,1,3,,0,4,0
1443,0,1,1,2,2,0,0,0,0,0,2,1,,0,4,0
1444,0,1,1,2,2,0,0,0,0,0,2,2,,0,4,0
1445,0,1,1,2,2,0,0,0,0,0,2,3,,0,4,0
1446,0,1,1,2,2,0,0,0,0,1,1,1,,0,4,0
1447,0,1,1,2,2,0,0,0,0,1,1,2,1,1,4,1
1448,0,1,1,2,2,0,0,0,0,1,1,3,1,1,4,1
1449,0,1,1,2,2,0,0,0,0,1,2,1,,0,4,0
1450,0,1,1,2,2,0,0,0,0,1,2,2,1,1,4,1
1451,0,1,1,2,2,0,0,0,0,1,2,3,1,1,4,1
1452,0,1,1,2,2,0,0,0,0,2,1,1,,0,4,0
1453,0,1,1,2,2,0,0,0,0,2,1,2,1,1,4,1
1454,0,1,1,2,2,0,0,0,0,2,1,3,1,1,4,1
1455,0,1,1,2,2,0,0,0,0,2,2,1,,0,4,0
1456,0,1,1,2,2,0,0,0,0,2,2,2,1,1,4,1
1457,0,1,1,2,2,0,0,0,0,2,2,3,1,1,4,1
1458,0,1,1,2,2,0,0,0,0,3,1,1,,0,4,0
1459,0,1,1,2,2,0,0,0,0,3,1,2,1,1,4,1
1460,0,1,1,2,2,0,0,0,0,3,1,3,1,1,4,1
1461,0,1,1,2,2,0,0,0,0,3,2,1,,0,4,0
1462,0,1,1,2,2,0,0,0,0,3,2,2,1,1,4,1
1463,0,1,1,2,2,0,0,0,0,3,2,3,1,1,4,1
1464,0,1,1,2,2,0,0,0,0,4,1,1,,0,4,0
1465,0,1,1,2,2,0,0,0,0,4,1,2,1,1,4,1
1466,0,1,1,2,2,0,0,0,0,4,1,3,1,1,4,1
1467,0,1,1,2,2,0,0,0,0,4,2,1,,0,4,0
1468,0,1,1,2,2,0,0,0,0,4,2,2,1,1,4,1
1469,0,1,1,2,2,0,0,0,0,4,2,3,1,1,4,1
1470,0,1,1,2,2,0,0,0,1,0,1,1,0,1,4,1
1471,0,1,1,2,2,0,0,0,1,0,1,2,0,1,4,1
1472,0,1,1,2,2,0,0,0,1,0,1,3,0,1,4,1
1473,0,1,1,2,2,0,0,0,1,0,2,1,0,1,4,1
1474,0,1,1,2,2,0,0,0,1,0,2,2,0,1,4,1
1475,0,1,1,2,2,0,0,0,1,0,2,3,0,1,4,1
1476,0,1,1,2,2,0,0,0,1,1,1,1,0,1,4,1
1477,0,1,1,2,2,0,0,0,1,1,1,2,0,1,4,1
1478,0,1,1,2,2,0,0,0,1,1,1,3,0,1,4,1
1479,0,1,1,2,2,0,0,0,1,1,2,1,0,1,4,1
1480,0,1,1,2,2,0,0,0,1,1,2,2,0,1,4,1
1481,0,1,1,2,2,0,0,0,1,1,2,3,0,1,4,1
1482,0,1,1,2,2,0,0,0,1,2,1,1,0,1,4,1
1483,0,1,1,2,2,0,0,0,1,2,1,2,0,1,4,1
1484,0,1,1,2,2,0,0,0,1,2,1,3,0,1,4,1
1485,0,1,1,2,2,0,0,0,1,2,2,1,0,1,4,1
1486,0,1,1,2,2,0,0,0,1,2,2,2,0,1,4,1
1487,0,1,1,2,2,0,0,0,1,2,2,3,0,1,4,1
1488,0,1,1,2,2,0,0,0,1,3,1,1,0,1,4,1
1489,0,1,1,2,2,0,0,0,1,3,1,2,0,1,4,1
1490,0,1,1,2,2,0,0,0,1,3,1,3,0,1,4,1
1491,0,1,1,2,2,0,0,0,1,3,2,1,0,1,4,1
1492,0,1,1,2,2,0,0,0,1,3,2,2,0,1,4,1
1493,0,1,1,2,2,0,0,0,1,3,2,3,0,1,4,1
1494,0,1,1,2,2,0,0,0,1,4,1,1,0,1,4,1
1495,0,1,1,2,2,0,0,0,1,4,1,2,0,1,4,1
1496,0,1,1,2,2,0,0,0,1,4,1,3,0,1,4,1
1497,0,1,1,2,2,0,0,0,1,4,2,1,0,1,4,1
1498,0,1,1,2,2,0,0,0,1,4,2,2,0,1,4,1
1499,0,1,1,2,2,0,0,0,1,4,2,3,0,1,4,1
1500,0,1,1,2,2,0,0,1,0,0,1,1,,0,4,0
1501,0,1,1,2,2,0,0,1,0,0,1,2,,0,4,0
1502,0,1,1,2,2,0,0,1,0,0,1,3,,0,4,0
1503,0,1,1,2,2,0,0,1,0,0,2,1,,0,4,0
1504,0,1,1,2,2,0,0,1,0,0,2,2,,0,4,0
1505,0,1,1,2,2,0,0,1,0,0,2,3,,0,4,0
1506,0,1,1,2,2,0,0,1,0,1,1,1,,0,4,0
1507,0,1,1,2,2,0,0,1,0,1,1,2,1,1,4,1
1508,0,1,1,2,2,0,0,1,0,1,1,3,1,1,4,1
1509,0,1,1,2,2,0,0,1,0,1,2,1,,0,4,0
1510,0,1,1,2,2,0,0,1,0,1,2,2,1,1,4,1
1511,0,1,1,2,2,0,0,1,0,1,2,3,1,1,4,1
1512,0,1,1,2,2,0,0,1,0,2,1,1,,0,4,0
1513,0,1,1,2,2,0,0,1,0,2,1,2,1,1,4,1
1514,0,1,1,2,2,0,0,1,0,2,1,3,1,1,4,1
1515,0,1,1,2,2,0,0,1,0,2,2,1,,0,4,0
1516,0,1,1,2,2,0,0,1,0,2,2,2,1,1,4,1
1517,0,1,1,2,2,0,0,1,0,2,2,3,1,1,4,1
1518,0,1,1,2,2,0,0,1,0,3,1,1,,0,4,0
1519,0,1,1,2,2,0,0,1,0,3,1,2,1,1,4,1
1520,0,1,1,2,2,0,0,1,0,3,1,3,1,1,4,1
1521,0,1,1,2,2,0,0,1,0,3,2,1,,0,4,0
1522,0,1,1,2,2,0,0,1,0,3,2,2,1,1,4,1
1523,0,1,1,2,2,0,0,1,0,3,2,3,1,1,4,1
1524,0,1,1,2,2,0,0,1,0,4,1,1,,0,4,0
1525,0,1,1,2,2,0,0,1,0,4,1,2,1,1,4,1
1526,0,1,1,2,2,0,0,1,0,4,1,3,1,1,4,1
1527,0,1,1,2,2,0,0,1,0,4,2,1,,0,4,0
1528,0,1,1,2,2,0,0,1,0,4,2,2,1,1,4,1
1529,0,1,1,2,2,0,0,1,0,4,2,3,1,1,4,1
1530,0,1,1,2,2,0,0,1,1,0,1,1,0,1,4,1
1531,0,1,1,2,2,0,0,1,1,0,1,2,0,1,4,1
1532,0,1,1,2,2,0,0,1,1,0,1,3,0,1,4,1
1533,0,1,1,2,2,0,0,1,1,0,2,1,0,1,4,1
1534,0,1,1,2,2,0,0,1,1,0,2,2,0,1,4,1
1535,0,1,1,2,2,0,0,1,1,0,2,3,0,1,4,1
1536,0,1,1,2,2,0,0,1,1,1,1,1,0,1,4,1
1537,0,1,1,2,2,0,0,1,1,1,1,2,0,1,4,1
1538,0,1,1,2,2,0,0,1,1,1,1,3,0,1,4,1
1539,0,1,1,2,2,0,0,1,1,1,2,1,0,1,4,1
1540,0,1,1,2,2,0,0,1,1,1,2,2,0,1,4,1
1541,0,1,1,2,2,0,0,1,1,1,2,3,0,1,4,1
1542,0,1,1,2,2,0,0,1,1,2,1,1,0,1,4,1
1543,0,1,1,2,2,0,0,1,1,2,1,2,0,1,4,1
1544,0,1,1,2,2,0,0,1,1,2,1,3,0,1,4,1
1545,0,1,1,2,2,0,0,1,1,2,2,1,0,1,4,1
1546,0,1,1,2,2,0,0,1,1,2,2,2,0,1,4,1
1547,0,1,1,2,2,0,0,1,1,2,2,3,0,1,4,1
1548,0,1,1,2,2,0,0,1,1,3,1,1,0,1,4,1
1549,0,1,1,2,2,0,0,1,1,3,1,2,0,1,4,1
1550,0,1,1,2,2,0,0,1,1,3,1,3,0,1,4,1
1551,0,1,1,2,2,0,0,1,1,3,2,1,0,1,4,1
1552,0,1,1,2,2,0,0,1,1,3,2,2,0,1,4,1
1553,0,1,1,2,2,0,0,1,1,3,2,3,0,1,4,1
1554,0,1,1,2,2,0,0,1,1,4,1,1,0,1,4,1
1555,0,1,1,2,2,0,0,1,1,4,1,2,0,1,4,1
1556,0,1,1,2,2,0,0,1,1,4,1,3,0,1,4,1
1557,0,1,1,2,2,0,0,1,1,4,2,1,0,1,4,1
1558,0,1,1,2,2,0,0,1,1,4,2,2,0,1,4,1
1559,0,1,1,2,2,0,0,1,1,4,2,3,0,1,4,1
1560,0,1,1,2,2,0,1,0,0,0,1,1,,0,4,0
1561,0,1,1,2,2,0,1,0,0,0,1,2,,0,4,0
1562,0,1,1,2,2,0,1,0,0,0,1,3,,0,4,0
1563,0,1,1,2,2,0,1,0,0,0,2,1,,0,4,0
1564,0,1,1,2,2,0,1,0,0,0,2,2,,0,4,0
1565,0,1,1,2,2,0,1,0,0,0,2,3,,0,4,0
1566,0,1,1,2,2,0,1,0,0,1,1,1,,0,4,0
1567,0,1,1,2,2,0,1,0,0,1,1,2,,0,5,0
1568,0,1,1,2,2,0,1,0,0,1,1,3,1,1,5,1
1569,0,1,1,2,2,0,1,0,0,1,2,1,,0,4,0
1570,0,1,1,2,2,0,1,0,0,1,2,2,,0,5,0
1571,0,1,1,2,2,0,1,0,0,1,2,3,,0,5,0
1572,0,1,1,2,2,0,1,0,0,2,1,1,,0,4,0
1573,0,1,1,2,2,0,1,0,0,2,1,2,,0,5,0
1574,0,1,1,2,2,0,1,0,0,2,1,3,1,1,5,1
1575,0,1,1,2,2,0,1,0,0,2,2,1,,0,4,0
1576,0,1,1,2,2,0,1,0,0,2,2,2,,0,5,0
1577,0,1,1,2,2,0,1,0,0,2,2,3,,0,5,0
1578,0,1,1,2,2,0,1,0,0,3,1,1,,0,4,0
1579,0,1,1,2,2,0,1,0,0,3,1,2,,0,5,0
1580,0,1,1,2,2,0,1,0,0,3,1,3,1,1,5,1
1581,0,1,1,2,2,0,1,0,0,3,2,1,,0,4,0
1582,0,1,1,2,2,0,1,0,0,3,2,2,,0,5,0
1583,0,1,1,2,2,0,1,0,0,3,2,3,,0,5,0
1584,0,1,1,2,2,0,1,0,0,4,1,1,,0,4,0
1585,0,1,1,2,2,0,1,0,0,4,1,2,,0,5,0
1586,0,1,1,2,2,0,1,0,0,4,1,3,1,1,5,1
1587,0,1,1,2,2,0,1,0,0,4,2,1,,0,4,0
1588,0,1,1,2,2,0,1,0,0,4,2,2,,0,5,0
1589,0,1,1,2,2,0,1,0,0,4,2,3,,0,5,0
1590,0,1,1,2,2,0,1,0,1,0,1,1,0,1,4,1
1591,0,1,1,2,2,0,1,0,1,0,1,2,0,1,4,1
1592,0,1,1,2,2,0,1,0,1,0,1,3,0,1,4,1
1593,0,1,1,2,2,0,1,0,1,0,2,1,0,1,4,1
1594,0,1,1,2,2,0,1,0,1,0,2,2,0,1,4,1
1595,0,1,1,2,2,0,1,0,1,0,2,3,0,1,4,1
1596,0,1,1,2,2,0,1,0,1,1,1,1,0,1,5,1
1597,0,1,1,2,2,0,1,0,1,1,1,2,0,1,5,1
1598,0,1,1,2,2,0,1,0,1,1,1,3,0,1,5,1
1599,0,1,1,2,2,0,1,0,1,1,2,1,0,1,5,1
1600,0,1,1,2,2,0,1,0,1,1,2,2,0,1,5,1
1601,0,1,1,2,2,0,1,0,1,1,2,3,0,1,5,1
1602,0,1,1,2,2,0,1,0,1,2,1,1,0,1,5,1
1603,0,1,1,2,2,0,1,0,1,2,1,2,0,1,5,1
1604,0,1,1,2,2,0,1,0,1,2,1,3,0,1,5,1
1605,0,1,1,2,2,0,1,0,1,2,2,1,0,1,5,1
1606,0,1,1,2,2,0,1,0,1,2,2,2,0,1,5,1
1607,0,1,1,2,2,0,1,0,1,2,2,3,0,1,5,1
1608,0,1,1,2,2,0,1,0,1,3,1,1,0,1,5,1
1609,0,1,1,2,2,0,1,0,1,3,1,2,0,1,5,1
1610,0,1,1,2,2,0,1,0,1,3,1,3,0,1,5,1
1611,0,1,1,2,2,0,1,0,1,3,2,1,0,1,5,1
1612,0,1,1,2,2,0,1,0,1,3,2,2,0,1,5,1
1613,0,1,1,2,2,0,1,0,1,3,2,3,0,1,5,1
1614,0,1,1,2,2,0,1,0,1,4,1,1,0,1,5,1
1615,0,1,1,2,2,0,1,0,1,4,1,2,0,1,5,1
1616,0,1,1,2,2,0,1,0,1,4,1,3,0,1,5,1
1617,0,1,1,2,2,0,1,0,1,4,2,1,0,1,5,1
1618,0,1,1,2,2,0,1,0,1,4,2,2,0,1,5,1
1619,0,1,1,2,2,0,1,0,1,4,2,3,0,1,5,1
1620,0,1,1,2,2,0,1,1,0,0,1,1,,0,4,0
1621,0,1,1,2,2,0,1,1,0,0,1,2,,0,4,0
1622,0,1,1,2,2,0,1,1,0,0,1,3,,0,4,0
1623,0,1,1,2,2,0,1,1,0,0,2,1,,0,4,0
1624,0,1,1,2,2,0,1,1,0,0,2,2,,0,4,0
1625,0,1,1,2,2,0,1,1,0,0,2,3,,0,4,0
1626,0,1,1,2,2,0,1,1,0,1,1,1,,0,4,0
1627,0,1,1,2,2,0,1,1,0,1,1,2,,0,6,0
1628,0,1,1,2,2,0,1,1,0,1,1,3,1,1,6,1
1629,0,1,1,2,2,0,1,1,0,1,2,1,,0,4,0
1630,0,1,1,2,2,0,1,1,0,1,2,2,,0,6,0
1631,0,1,1,2,2,0,1,1,0,1,2,3,,0,6,0
1632,0,1,1,2,2,0,1,1,0,2,1,1,,0,4,0
1633,0,1,1,2,2,0,1,1,0,2,1,2,,0,6,0
1634,0,1,1,2,2,0,1,1,0,2,1,3,1,1,6,1
1635,0,1,1,2,2,0,1,1,0,2,2,1,,0,4,0
1636,0,1,1,2,2,0,1,1,0,2,2,2,,0,6,0
1637,0,1,1,2,2,0,1,1,0,2,2,3,,0,6,0
1638,0,1,1,2,2,0,1,1,0,3,1,1,,0,4,0
1639,0,1,1,2,2,0,1,1,0,3,1,2,,0,6,0
1640,0,1,1,2,2,0,1,1,0,3,1,3,1,1,6,1
1641,0,1,1,2,2,0,1,1,0,3,2,1,,0,4,0
1642,0,1,1,2,2,0,1,1,0,3,2,2,,0,6,0
1643,0,1,1,2,2,0,1,1,0,3,2,3,,0,6,0
1644,0,1,1,2,2,0,1,1,0,4,1,1,,0,4,0
1645,0,1,1,2,2,0,1,1,0,4,1,2,,0,6,0
1646,0,1,1,2,2,0,1,1,0,4,1,3,1,1,6,1
1647,0,1,1,2,2,0,1,1,0,4,2,1,,0,4,0
1648,0,1,1,2,2,0,1,1,0,4,2,2,,0,6,0
1649,0,1,1,2,2,0,1,1,0,4,2,3,,0,6,0
1650,0,1,1,2,2,0,1,1,1,0,1,1,0,1,4,1
1651,0,1,1,2,2,0,1,1,1,0,1,2,0,1,4,1
1652,0,1,1,2,2,0,1,1,1,0,1,3,0,1,4,1
1653,0,1,1,2,2,0,1,1,1,0,2,1,0,1,4,1
1654,0,1,1,2,2,0,1,1,1,0,2,2,0,1,4,1
1655,0,1,1,2,2,0,1,1,1,0,2,3,0,1,4,1
1656,0,1,1,2,2,0,1,1,1,1,1,1,0,1,6,1
1657,0,1,1,2,2,0,1,1,1,1,1,2,0,1,6,1
1658,0,1,1,2,2,0,1,1,1,1,1,3,0,1,6,1
1659,0,1,1,2,2,0,1,1,1,1,2,1,0,1,6,1
1660,0,1,1,2,2,0,1,1,1,1,2,2,0,1,6,1
1661,0,1,1,2,2,0,1,1,1,1,2,3,0,1,6,1
1662,0,1,1,2,2,0,1,1,1,2,1,1,0,1,6,1
1663,0,1,1,2,2,0,1,1,1,2,1,2,0,1,6,1
1664,0,1,1,2,2,0,1,1,1,2,1,3,0,1,6,1
1665,0,1,1,2,2,0,1,1,1,2,2,1,0,1,6,1
1666,0,1,1,2,2,0,1,1,1,2,2,2,0,1,6,1
1667,0,1,1,2,2,0,1,1,1,2,2,3,0,1,6,1
1668,0,1,1,2,2,0,1,1,1,3,1,1,0,1,6,1
1669,0,1,1,2,2,0,1,1,1,3,1,2,0,1,6,1
1670,0,1,1,2,2,0,1,1,1,3,1,3,0,1,6,1
1671,0,1,1,2,2,0,1,1,1,3,2,1,0,1,6,1
1672,0,1,1,2,2,0,1,1,1,3,2,2,0,1,6,1
1673,0,1,1,2,2,0,1,1,1,3,2,3,0,1,6,1
1674,0,1,1,2,2,0,1,1,1,4,1,1,0,1,6,1
1675,0,1,1,2,2,0,1,1,1,4,1,2,0,1,6,1
1676,0,1,1,2,2,0,1,1,1,4,1,3,0,1,6,1
1677,0,1,1,2,2,0,1,1,1,4,2,1,0,1,6,1
1678,0,1,1,2,2,0,1,1,1,4,2,2,0,1,6,1
1679,0,1,1,2,2,0,1,1,1,4,2,3,0,1,6,1
1680,0,1,1,2,2,1,0,0,0,0,1,1,,0,4,0
1681,0,1,1,2,2,1,0,0,0,0,1,2,,0,4,0
1682,0,1,1,2,2,1,0,0,0,0,1,3,,0,4,0
1683,0,1,1,2,2,1,0,0,0,0,2,1,,0,4,0
1684,0,1,1,2,2,1,0,0,0,0,2,2,,0,4,0
1685,0,1,1,2,2,1,0,0,0,0,2,3,,0,4,0
1686,0,1,1,2,2,1,0,0,0,1,1,1,,0,4,0
1687,0,1,1,2,2,1,0,0,0,1,1,2,1,1,4,1
1688,0,1,1,2,2,1,0,0,0,1,1,3,1,1,4,1
1689,0,1,1,2,2,1,0,0,0,1,2,1,,0,4,0
1690,0,1,1,2,2,1,0,0,0,1,2,2,1,1,4,1
1691,0,1,1,2,2,1,0,0,0,1,2,3,1,1,4,1
1692,0,1,1,2,2,1,0,0,0,2,1,1,,0,4,0
1693,0,1,1,2,2,1,0,0,0,2,1,2,1,1,4,1
1694,0,1,1,2,2,1,0,0,0,2,1,3,1,1,4,1
1695,0,1,1,2,2,1,0,0,0,2,2,1,,0,4,0
1696,0,1,1,2,2,1,0,0,0,2,2,2,1,1,4,1
1697,0,1,1,2,2,1,0,0,0,2,2,3,1,1,4,1
1698,0,1,1,2,2,1,0,0,0,3,1,1,,0,4,0
1699,0,1,1,2,2,1,0,0,0,3,1,2,1,1,4,1
1700,0,1,1,2,2,1,0,0,0,3,1,3,1,1,4,1
1701,0,1,1,2,2,1,0,0,0,3,2,1,,0,4,0
1702,0,1,1,2,2,1,0,0,0,3,2,2,1,1,4,1
1703,0,1,1,2,2,1,0,0,0,3,2,3,1,1,4,1
1704,0,1,1,2,2,1,0,0,0,4,1,1,,0,4,0
1705,0,1,1,2,2,1,0,0,0,4,1,2,1,1,4,1
1706,0,1,1,2,2,1,0,0,0,4,1,3,1,1,4,1
1707,0,1,1,2,2,1,0,0,0,4,2,1,,0,4,0
1708,0,1,1,2,2,1,0,0,0,4,2,2,1,1,4,1
1709,0,1,1,2,2,1,0,0,0,4,2,3,1,1,4,1
1710,0,1,1,2,2,1,0,0,1,0,1,1,0,1,4,1
1711,0,1,1,2,2,1,0,0,1,0,1,2,0,1,4,1
1712,0,1,1,2,2,1,0,0,1,0,1,3,0,1,4,1
1713,0,1,1,2,2,1,0,0,1,0,2,1,0,1,4,1
1714,0,1,1,2,2,1,0,0,1,0,2,2,0,1,4,1
1715,0,1,1,2,2,1,0,0,1,0,2,3,0,1,4,1
1716,0,1,1,2,2,1,0,0,1,1,1,1,0,1,4,1
1717,0,1,1,2,2,1,0,0,1,1,1,2,0,1,4,1
1718,0,1,1,2,2,1,0,0,1,1,1,3,0,1,4,1
1719,0,1,1,2,2,1,0,0,1,1,2,1,0,1,4,1
1720,0,1,1,2,2,1,0,0,1,1,2,2,0,1,4,1
1721,0,1,1,2,2,1,0,0,1,1,2,3,0,1,4,1
1722,0,1,1,2,2,1,0,0,1,2,1,1,0,1,4,1
1723,0,1,1,2,2,1,0,0,1,2,1,2,0,1,4,1
1724,0,1,1,2,2,1,0,0,1,2,1,3,0,1,4,1
1725,0,1,1,2,2,1,0,0,1,2,2,1,0,1,4,1
1726,0,1,1,2,2,1,0,0,1,2,2,2,0,1,4,1
1727,0,1,1,2,2,1,0,0,1,2,2,3,0,1,4,1
1728,0,1,1,2,2,1,0,0,1,3,1,1,0,1,4,1
1729,0,1,1,2,2,1,0,0,1,3,1,2,0,1,4,1
1730,0,1,1,2,2,1,0,0,1,3,1,3,0,1,4,1
1731,0,1,1,2,2,1,0,0,1,3,2,1,0,1,4,1
1732,0,1,1,2,2,1,0,0,1,3,2,2,0,1,4,1
1733,0,1,1,2,2,1,0,0,1,3,2,3,0,1,4,1
1734,0,1,1,2,2,1,0,0,1,4,1,1,0,1,4,1
1735,0,1,1,2,2,1,0,0,1,4,1,2,0,1,4,1
1736,0,1,1,2,2,1,0,0,1,4,1,3,0,1,4,1
1737,0,1,1,2,2,1,0,0,1,4,2,1,0,1,4,1
1738,0,1,1,2,2,1,0,0,1,4,2,2,0,1,4,1
1739,0,1,1,2,2,1,0,0,1,4,2,3,0,1,4,1
1740,0,1,1,2,2,1,0,1,0,0,1,1,,0,4,0
1741,0,1,1,2,2,1,0,1,0,0,1,2,,0,4,0
1742,0,1,1,2,2,1,0,1,0,0,1,3,,0,4,0
1743,0,1,1,2,2,1,0,1,0,0,2,1,,0,4,0
1744,0,1,1,2,2,1,0,1,0,0,2,2,,0,4,0
1745,0,1,1,2,2,1,0,1,0,0,2,3,,0,4,0
1746,0,1,1,2,2,1,0,1,0,1,1,1,,0,4,0
1747,0,1,1,2,2,1,0,1,0,1,1,2,1,1,5,1
1748,0,1,1,2,2,1,0,1,0,1,1,3,1,1,5,1
1749,0,1,1,2,2,1,0,1,0,1,2,1,,0,4,0
1750,0,1,1,2,2,1,0,1,0,1,2,2,1,1,5,1
1751,0,1,1,2,2,1,0,1,0,1,2,3,1,1,5,1
1752,0,1,1,2,2,1,0,1,0,2,1,1,,0,4,0
1753,0,1,1,2,2,1,0,1,0,2,1,2,1,1,5,1
1754,0,1,1,2,2,1,0,1,0,2,1,3,1,1,5,1
1755,0,1,1,2,2,1,0,1,0,2,2,1,,0,4,0
1756,0,1,1,2,2,1,0,1,0,2,2,2,1,1,5,1
1757,0,1,1,2,2,1,0,1,0,2,2,3,1,1,5,1
1758,0,1,1,2,2,1,0,1,0,3,1,1,,0,4,0
1759,0,1,1,2,2,1,0,1,0,3,1,2,1,1,5,1
1760,0,1,1,2,2,1,0,1,0,3,1,3,1,1,5,1
1761,0,1,1,2,2,1,0,1,0,3,2,1,,0,4,0
1762,0,1,1,2,2,1,0,1,0,3,2,2,1,1,5,1
1763,0,1,1,2,2,1,0,1,0,3,2,3,1,1,5,1
1764,0,1,1,2,2,1,0,1,0,4,1,1,,0,4,0
1765,0,1,1,2,2,1,0,1,0,4,1,2,1,1,5,1
1766,0,1,1,2,2,1,0,1,0,4,1,3,1,1,5,1
1767,0,1,1,2,2,1,0,1,0,4,2,1,,0,4,0
1768,0,1,1,2,2,1,0,1,0,4,2,2,1,1,5,1
1769,0,1,1,2,2,1,0,1,0,4,2,3,1,1,5,1
1770,0,1,1,2,2,1,0,1,1,0,1,1,0,1,4,1
1771,0,1,1,2,2,1,0,1,1,0,1,2,0,1,4,1
1772,0,1,1,2,2,1,0,1,1,0,1,3,0,1,4,1
1773,0,1,1,2,2,1,0,1,1,0,2,1,0,1,4,1
1774,0,1,1,2,2,1,0,1,1,0,2,2,0,1,4,1
1775,0,1,1,2,2,1,0,1,1,0,2,3,0,1,4,1
1776,0,1,1,2,2,1,0,1,1,1,1,1,0,1,5,1
1777,0,1,1,2,2,1,0,1,1,1,1,2,0,1,5,1
1778,0,1,1,2,2,1,0,1,1,1,1,3,0,1,5,1
1779,0,1,1,2,2,1,0,1,1,1,2,1,0,1,5,1
1780,0,1,1,2,2,1,0,1,1,1,2,2,0,1,5,1
1781,0,1,1,2,2,1,0,1,1,1,2,3,0,1,5,1
1782,0,1,1,2,2,1,0,1,1,2,1,1,0,1,5,1
1783,0,1,1,2,2,1,0,1,1,2,1,2,0,1,5,1
1784,0,1,1,2,2,1,0,1,1,2,1,3,0,1,5,1
1785,0,1,1,2,2,1,0,1,1,2,2,1,0,1,5,1
1786,0,1,1,2,2,1,0,1,1,2,2,2,0,1,5,1
1787,0,1,1,2,2,1,0,1,1,2,2,3,0,1,5,1
1788,0,1,1,2,2,1,0,1,1,3,1,1,0,1,5,1
1789,0,1,1,2,2,1,0,1,1,3,1,2,0,1,5,1
1790,0,1,1,2,2,1,0,1,1,3,1,3,0,1,5,1
1791,0,1,1,2,2,1,0,1,1,3,2,1,0,1,5,1
1792,0,1,1,2,2,1,0,1,1,3,2,2,0,1,5,1
1793,0,1,1,2,2,1,0,1,1,3,2,3,0,1,5,1
1794,0,1,1,2,2,1,0,1,1,4,1,1,0,1,5,1
1795,0,1,1,2,2,1,0,1,1,4,1,2,0,1,5,1
1796,0,1,1,2,2,1,0,1,1,4,1,3,0,1,5,1
1797,0,1,1,2,2,1,0,1,1,4,2,1,0,1,5,1
1798,0,1,1,2,2,1,0,1,1,4,2,2,0,1,5,1
1799,0,1,1,2,2,1,0,1,1,4,2,3,0,1,5,1
1800,0,1,1,2,2,1,1,0,0,0,1,1,,0,4,0
1801,0,1,1,2,2,1,1,0,0,0,1,2,,0,4,0
1802,0,1,1,2,2,1,1,0,0,0,1,3,,0,4,0
1803,0,1,1,2,2,1,1,0,0,0,2,1,,0,4,0
1804,0,1,1,2,2,1,1,0,0,0,2,2,,0,4,0
1805,0,1,1,2,2,1,1,0,0,0,2,3,,0,4,0
1806,0,1,1,2,2,1,1,0,0,1,1,1,,0,4,0
1807,0,1,1,2,2,1,1,0,0,1,1,2,,0,5,0
1808,0,1,1,2,2,1,1,0,0,1,1,3,1,1,5,1
1809,0,1,1,2,2,1,1,0,0,1,2,1,,0,4,0
1810,0,1,1,2,2,1,1,0,0,1,2,2,,0,5,0
1811,0,1,1,2,2,1,1,0,0,1,2,3,,0,5,0
1812,0,1,1,2,2,1,1,0,0,2,1,1,,0,4,0
1813,0,1,1,2,2,1,1,0,0,2,1,2,,0,5,0
1814,0,1,1,2,2,1,1,0,0,2,1,3,1,1,5,1
1815,0,1,1,2,2,1,1,0,0,2,2,1,,0,4,0
1816,0,1,1,2,2,1,1,0,0,2,2,2,,0,5,0
1817,0,1,1,2,2,1,1,0,0,2,2,3,,0,5,0
1818,0,1,1,2,2,1,1,0,0,3,1,1,,0,4,0
1819,0,1,1,2,2,1,1,0,0,3,1,2,,0,5,0
1820,0,1,1,2,2,1,1,0,0,3,1,3,1,1,5,1
1821,0,1,1,2,2,1,1,0,0,3,2,1,,0,4,0
1822,0,1,1,2,2,1,1,0,0,3,2,2,,0,5,0
1823,0,1,1,2,2,1,1,0,0,3,2,3,,0,5,0
1824,0,1,1,2,2,1,1,0,0,4,1,1,,0,4,0
1825,0,1,1,2,2,1,1,0,0,4,1,2,,0,5,0
1826,0,1,1,2,2,1,1,0,0,4,1,3,1,1,5,1
1827,0,1,1,2,2,1,1,0,0,4,2,1,,0,4,0
1828,0,1,1,2,2,1,1,0,0,4,2,2,,0,5,0
1829,0,1,1,2,2,1,1,0,0,4,2,3,,0,5,0
1830,0,1,1,2,2,1,1,0,1,0,1,1,0,1,4,1
1831,0,1,1,2,2,1,1,0,1,0,1,2,0,1,4,1
1832,0,1,1,2,2,1,1,0,1,0,1,3,0,1,4,1
1833,0,1,1,2,2,1,1,0,1,0,2,1,0,1,4,1
1834,0,1,1,2,2,1,1,0,1,0,2,2,0,1,4,1
1835,0,1,1,2,2,1,1,0,1,0,2,3,0,1,4,1
1836,0,1,1,2,2,1,1,0,1,1,1,1,0,1,5,1
1837,0,1,1,2,2,1,1,0,1,1,1,2,0,1,5,1
1838,0,1,1,2,2,1,1,0,1,1,1,3,0,1,5,1
1839,0,1,1,2,2,1,1,0,1,1,2,1,0,1,5,1
1840,0,1,1,2,2,1,1,0,1,1,2,2,0,1,5,1
1841,0,1,1,2,2,1,1,0,1,1,2,3,0,1,5,1
1842,0,1,1,2,2,1,1,0,1,2,1,1,0,1,5,1
1843,0,1,1,2,2,1,1,0,1,2,1,2,0,1,5,1
1844,0,1,1,2,2,1,1,0,1,2,1,3,0,1,5,1
1845,0,1,1,2,2,1,1,0,1,2,2,1,0,1,5,1
1846,0,1,1,2,2,1,1,0,1,2,2,2,0,1,5,1
1847,0,1,1,2,2,1,1,0,1,2,2,3,0,1,5,1
1848,0,1,1,2,2,1,1,0,1,3,1,1,0,1,5,1
1849,0,1,1,2,2,1,1,0,1,3,1,2,0,1,5,1
1850,0,1,1,2,2,1,1,0,1,3,1,3,0,1,5,1
1851,0,1,1,2,2,1,1,0,1,3,2,1,0,1,5,1
1852,0,1,1,2,2,1,1,0,1,3,2,2,0,1,5,1
1853,0,1,1,2,2,1,1,0,1,3,2,3,0,1,5,1
1854,0,1,1,2,2,1,1,0,1,4,1,1,0,1,5,1
1855,0,1,1,2,2,1,1,0,1,4,1,2,0,1,5,1
1856,0,1,1,2,2,1,1,0,1,4,1,3,0,1,5,1
1857,0,1,1,2,2,1,1,0,1,4,2,1,0,1,5,1
1858,0,1,1,2,2,1,1,0,1,4,2,2,0,1,5,1
1859,0,1,1,2,2,1,1,0,1,4,2,3,0,1,5,1
1860,0,1,1,2,2,1,1,1,0,0,1,1,,0,4,0
1861,0,1,1,2,2,1,1,1,0,0,1,2,,0,4,0
1862,0,1,1,2,2,1,1,1,0,0,1,3,,0,4,0
1863,0,1,1,2,2,1,1,1,0,0,2,1,,0,4,0
1864,0,1,1,2,2,1,1,1,0,0,2,2,,0,4,0
1865,0,1,1,2,2,1,1,1,0,0,2,3,,0,4,0
1866,0,1,1,2,2,1,1,1,0,1,1,1,,0,4,0
1867,0,1,1,2,2,1,1,1,0,1,1,2,,0,6,0
1868,0,1,1,2,2,1,1,1,0,1,1,3,1,1,8,1
1869,0,1,1,2,2,1,1,1,0,1,2,1,,0,4,0
1870,0,1,1,2,2,1,1,1,0,1,2,2,,0,6,0
1871,0,1,1,2,2,1,1,1,0,1,2,3,,0,6,0
1872,0,1,1,2,2,1,1,1,0,2,1,1,,0,4,0
1873,0,1,1,2,2,1,1,1,0,2,1,2,,0,6,0
1874,0,1,1,2,2,1,1,1,0,2,1,3,1,1,8,1
1875,0,1,1,2,2,1,1,1,0,2,2,1,,0,4,0
1876,0,1,1,2,2,1,1,1,0,2,2,2,,0,6,0
1877,0,1,1,2,2,1,1,1,0,2,2,3,,0,6,0
1878,0,1,1,2,2,1,1,1,0,3,1,1,,0,4,0
1879,0,1,1,2,2,1,1,1,0,3,1,2,,0,6,0
1880,0,1,1,2,2,1,1,1,0,3,1,3,1,1,8,1
1881,0,1,1,2,2,1,1,1,0,3,2,1,,0,4,0
1882,0,1,1,2,2,1,1,1,0,3,2,2,,0,6,0
1883,0,1,1,2,2,1,1,1,0,3,2,3,,0,6,0
1884,0,1,1,2,2,1,1,1,0,4,1,1,,0,4,0
1885,0,1,1,2,2,1,1,1,0,4,1,2,,0,6,0
1886,0,1,1,2,2,1,1,1,0,4,1,3,1,1,8,1
1887,0,1,1,2,2,1,1,1,0,4,2,1,,0,4,0
1888,0,1,1,2,2,1,1,1,0,4,2,2,,0,6,0
1889,0,1,1,2,2,1,1,1,0,4,2,3,,0,6,0
1890,0,1,1,2,2,1,1,1,1,0,1,1,0,1,4,1
1891,0,1,1,2,2,1,1,1,1,0,1,2,0,1,4,1
1892,0,1,1,2,2,1,1,1,1,0,1,3,0,1,4,1
1893,0,1,1,2,2,1,1,1,1,0,2,1,0,1,4,1
1894,0,1,1,2,2,1,1,1,1,0,2,2,0,1,4,1
1895,0,1,1,2,2,1,1,1,1,0,2,3,0,1,4,1
1896,0,1,1,2,2,1,1,1,1,1,1,1,0,1,8,1
1897,0,1,1,2,2,1,1,1,1,1,1,2,0,1,8,1
1898,0,1,1,2,2,1,1,1,1,1,1,3,0,1,8,1
1899,0,1,1,2,2,1,1,1,1,1,2,1,0,1,8,1
1900,0,1,1,2,2,1,1,1,1,1,2,2,0,1,8,1
1901,0,1,1,2,2,1,1,1,1,1,2,3,0,1,8,1
1902,0,1,1,2,2,1,1,1,1,2,1,1,0,1,8,1
1903,0,1,1,2,2,1,1,1,1,2,1,2,0,1,8,1
1904,0,1,1,2,2,1,1,1,1,2,1,3,0,1,8,1
1905,0,1,1,2,2,1,1,1,1,2,2,1,0,1,8,1
1906,0,1,1,2,2,1,1,1,1,2,2,2,0,1,8,1
1907,0,1,1,2,2,1,1,1,1,2,2,3,0,1,8,1
1908,0,1,1,2,2,1,1,1,1,3,1,1,0,1,8,1
1909,0,1,1,2,2,1,1,1,1,3,1,2,0,1,8,1
1910,0,1,1,2,2,1,1,1,1,3,1,3,0,1,8,1
1911,0,1,1,2,2,1,1,1,1,3,2,1,0,1,8,1
1912,0,1,1,2,2,1,1,1,1,3,2,2,0,1,8,1
1913,0,1,1,2,2,1,1,1,1,3,2,3,0,1,8,1
1914,0,1,1,2,2,1,1,1,1,4,1,1,0,1,8,1
1915,0,1,1,2,2,1,1,1,1,4,1,2,0,1,8,1
1916,0,1,1,2,2,1,1,1,1,4,1,3,0,1,8,1
1917,0,1,1,2,2,1,1,1,1,4,2,1,0,1,8,1
1918,0,1,1,2,2,1,1,1,1,4,2,2,0,1,8,1
1919,0,1,1,2,2,1,1,1,1,4,2,3,0,1,8,1
1920,0,1,2,1,1,0,0,0,0,0,1,1,,0,4,0
1921,0,1,2,1,1,0,0,0,0,0,1,2,,0,4,0
1922,0,1,2,1,1,0,0,0,0,0,1,3,,0,4,0
1923,0,1,2,1,1,0,0,0,0,0,2,1,,0,4,0
1924,0,1,2,1,1,0,0,0,0,0,2,2,,0,4,0
1925,0,1,2,1,1,0,0,0,0,0,2,3,,0,4,0
1926,0,1,2,1,1,0,0,0,0,1,1,1,,0,4,0
1927,0,1,2,1,1,0,0,0,0,1,1,2,,0,4,0
1928,0,1,2,1,1,0,0,0,0,1,1,3,,0,4,0
1929,0,1,2,1,1,0,0,0,0,1,2,1,,0,4,0
1930,0,1,2,1,1,0,0,0,0,1,2,2,,0,4,0
1931,0,1,2,1,1,0,0,0,0,1,2,3,,0,4,0
1932,0,1,2,1,1,0,0,0,0,2,1,1,2,1,4,1
1933,0,1,2,1,1,0,0,0,0,2,1,2,2,1,4,1
1934,0,1,2,1,1,0,0,0,0,2,1,3,2,1,4,1
1935,0,1,2,1,1,0,0,0,0,2,2,1,2,1,4,1
1936,0,1,2,1,1,0,0,0,0,2,2,2,2,1,4,1
1937,0,1,2,1,1,0,0,0,0,2,2,3,2,1,4,1
1938,0,1,2,1,1,0,0,0,0,3,1,1,2,1,4,1
1939,0,1,2,1,1,0,0,0,0,3,1,2,2,1,4,1
1940,0,1,2,1,1,0,0,0,0,3,1,3,2,1,4,1
1941,0,1,2,1,1,0,0,0,0,3,2,1,2,1,4,1
1942,0,1,2,1,1,0,0,0,0,3,2,2,2,1,4,1
1943,0,1,2,1,1,0,0,0,0,3,2,3,2,1,4,1
1944,0,1,2,1,1,0,0,0,0,4,1,1,2,1,4,1
1945,0,1,2,1,1,0,0,0,0,4,1,2,2,1,4,1
1946,0,1,2,1,1,0,0,0,0,4,1,3,2,1,4,1
1947,0,1,2,1,1,0,0,0,0,4,2,1,2,1,4,1
1948,0,1,2,1,1,0,0,0,0,4,2,2,2,1,4,1
1949,0,1,2,1,1,0,0,0,0,4,2,3,2,1,4,1
1950,0,1,2,1,1,0,0,0,1,0,1,1,0,1,4,1
1951,0,1,2,1,1,0,0,0,1,0,1,2,0,1,4,1
1952,0,1,2,1,1,0,0,0,1,0,1,3,0,1,4,1
1953,0,1,2,1,1,0,0,0,1,0,2,1,0,1,4,1
1954,0,1,2,1,1,0,0,0,1,0,2,2,0,1,4,1
1955,0,1,2,1,1,0,0,0,1,0,2,3,0,1,4,1
1956,0,1,2,1,1,0,0,0,1,1,1,1,0,1,4,1
1957,0,1,2,1,1,0,0,0,1,1,1,2,0,1,4,1
1958,0,1,2,1,1,0,0,0,1,1,1,3,0,1,4,1
1959,0,1,2,1,1,0,0,0,1,1,2,1,0,1,4,1
1960,0,1,2,1,1,0,0,0,1,1,2,2,0,1,4,1
1961,0,1,2,1,1,0,0,0,1,1,2,3,0,1,4,1
1962,0,1,2,1,1,0,0,0,1,2,1,1,0,1,4,1
1963,0,1,2,1,1,0,0,0,1,2,1,2,0,1,4,1
1964,0,1,2,1,1,0,0,0,1,2,1,3,0,1,4,1
1965,0,1,2,1,1,0,0,0,1,2,2,1,0,1,4,1
1966,0,1,2,1,1,0,0,0,1,2,2,2,0,1,4,1
1967,0,1,2,1,1,0,0,0,1,2,2,3,0,1,4,1
1968,0,1,2,1,1,0,0,0,1,3,1,1,0,1,4,1
1969,0,1,2,1,1,0,0,0,1,3,1,2,0,1,4,1
1970,0,1,2,1,1,0,0,0,1,3,1,3,0,1,4,1
1971,0,1,2,1,1,0,0,0,1,3,2,1,0,1,4,1
1972,0,1,2,1,1,0,0,0,1,3,2,2,0,1,4,1
1973,0,1,2,1,1,0,0,0,1,3,2,3,0,1,4,1
1974,0,1,2,1,1,0,0,0,1,4,1,1,0,1,4,1
1975,0,1,2,1,1,0,0,0,1,4,1,2,0,1,4,1
1976,0,1,2,1,1,0,0,0,1,4,1,3,0,1,4,1
1977,0,1,2,1,1,0,0,0,1,4,2,1,0,1,4,1
1978,0,1,2,1,1,0,0,0,1,4,2,2,0,1,4,1
1979,0,1,2,1,1,0,0,0,1,4,2,3,0,1,4,1
1980,0,1,2,1,1,0,0,1,0,0,1,1,,0,4,0
1981,0,1,2,1,1,0,0,1,0,0,1,2,,0,4,0
1982,0,1,2,1,1,0,0,1,0,0,1,3,,0,4,0
1983,0,1,2,1,1,0,0,1,0,0,2,1,,0,4,0
1984,0,1,2,1,1,0,0,1,0,0,2,2,,0,4,0
1985,0,1,2,1,1,0,0,1,0,0,2,3,,0,4,0
1986,0,1,2,1,1,0,0,1,0,1,1,1,1,1,4,1
1987,0,1,2,1,1,0,0,1,0,1,1,2,1,1,4,1
1988,0,1,2,1,1,0,0,1,0,1,1,3,1,1,4,1
1989,0,1,2,1,1,0,0,1,0,1,2,1,1,1,4,1
1990,0,1,2,1,1,0,0,1,0,1,2,2,1,1,4,1
1991,0,1,2,1,1,0,0,1,0,1,2,3,1,1,4,1
1992,0,1,2,1,1,0,0,1,0,2,1,1,1,1,4,1
1993,0,1,2,1,1,0,0,1,0,2,1,2,1,1,4,1
1994,0,1,2,1,1,0,0,1,0,2,1,3,1,1,4,1
1995,0,1,2,1,1,0,0,1,0,2,2,1,1,1,4,1
1996,0,1,2,1,1,0,0,1,0,2,2,2,1,1,4,1
1997,0,1,2,1,1,0,0,1,0,2,2,3,1,1,4,1
1998,0,1,2,1,1,0,0,1,0,3,1,1,1,1,4,1
1999,0,1,2,1,1,0,0,1,0,3,1,2,1,1,4,1
2000,0,1,2,1,1,0,0,1,0,3,1,3,1,1,4,1
2001,0,1,2,1,1,0,0,1,0,3,2,1,1,1,4,1
2002,0,1,2,1,1,0,0,1,0,3,2,2,1,1,4,1
2003,0,1,2,1,1,0,0,1,0,3,2,3,1,1,4,1
2004,0,1,2,1,1,0,0,1,0,4,1,1,1,1,4,1
2005,0,1,2,1,1,0,0,1,0,4,1,2,1,1,4,1
2006,0,1,2,1,1,0,0,1,0,4,1,3,1,1,4,1
2007,0,1,2,1,1,0,0,1,0,4,2,1,1,1,4,1
2008,0,1,2,1,1,0,0,1,0,4,2,2,1,1,4,1
2009,0,1,2,1,1,0,0,1,0,4,2,3,1,1,4,1
2010,0,1,2,1,1,0,0,1,1,0,1,1,0,1,4,1
2011,0,1,2,1,1,0,0,1,1,0,1,2,0,1,4,1
2012,0,1,2,1,1,0,0,1,1,0,1,3,0,1,4,1
2013,0,1,2,1,1,0,0,1,1,0,2,1,0,1,4,1
2014,0,1,2,1,1,0,0,1,1,0,2,2,0,1,4,1
2015,0,1,2,1,1,0,0,1,1,0,2,3,0,1,4,1
2016,0,1,2,1,1,0,0,1,1,1,1,1,0,1,4,1
2017,0,1,2,1,1,0,0,1,1,1,1,2,0,1,4,1
2018,0,1,2,1,1,0,0,1,1,1,1,3,0,1,4,1
2019,0,1,2,1,1,0,0,1,1,1,2,1,0,1,4,1
2020,0,1,2,1,1,0,0,1,1,1,2,2,0,1,4,1
2021,0,1,2,1,1,0,0,1,1,1,2,3,0,1,4,1
2022,0,1,2,1,1,0,0,1,1,2,1,1,0,1,4,1
2023,0,1,2,1,1,0,0,1,1,2,1,2,0,1,4,1
2024,0,1,2,1,1,0,0,1,1,2,1,3,0,1,4,1
2025,0,1,2,1,1,0,0,1,1,2,2,1,0,1,4,1
2026,0,1,2,1,1,0,0,1,1,2,2,2,0,1,4,1
2027,0,1,2,1,1,0,0,1,1,2,2,3,0,1,4,1
2028,0,1,2,1,1,0,0,1,1,3,1,1,0,1,4,1
2029,0,1,2,1,1,0,0,1,1,3,1,2,0,1,4,1
2030,0,1,2,1,1,0,0,1,1,3,1,3,0,1,4,1
2031,0,1,2,1,1,0,0,1,1,3,2,1,0,1,4,1
2032,0,1,2,1,1,0,0,1,1,3,2,2,0,1,4,1
2033,0,1,2,1,1,0,0,1,1,3,2,3,0,1,4,1
2034,0,1,2,1,1,0,0,1,1,4,1,1,0,1,4,1
2035,0,1,2,1,1,0,0,1,1,4,1,2,0,1,4,1
2036,0,1,2,1,1,0,0,1,1,4,1,3,0,1,4,1
2037,0,1,2,1,1,0,0,1,1,4,2,1,0,1,4,1
2038,0,1,2,1,1,0,0,1,1,4,2,2,0,1,4,1
2039,0,1,2,1,1,0,0,1,1,4,2,3,0,1,4,1
2040,0,1,2,1,1,0,1,0,0,0,1,1,,0,4,0
2041,0,1,2,1,1,0,1,0,0,0,1,2,,0,4,0
2042,0,1,2,1,1,0,1,0,0,0,1,3,,0,4,0
2043,0,1,2,1,1,0,1,0,0,0,2,1,,0,4,0
2044,0,1,2,1,1,0,1,0,0,0,2,2,,0,4,0
2045,0,1,2,1,1,0,1,0,0,0,2,3,,0,4,0
2046,0,1,2,1,1,0,1,0,0,1,1,1,,0,4,0
2047,0,1,2,1,1,0,1,0,0,1,1,2,,0,4,0
2048,0,1,2,1,1,0,1,0,0,1,1,3,,0,4,0
2049,0,1,2,1,1,0,1,0,0,1,2,1,,0,4,0
2050,0,1,2,1,1,0,1,0,0,1,2,2,,0,4,0
2051,0,1,2,1,1,0,1,0,0,1,2,3,,0,4,0
2052,0,1,2,1,1,0,1,0,0,2,1,1,,0,5,0
2053,0,1,2,1,1,0,1,0,0,2,1,2,2,1,5,1
2054,0,1,2,1,1,0,1,0,0,2,1,3,2,1,5,1
2055,0,1,2,1,1,0,1,0,0,2,2,1,,0,5,0
2056,0,1,2,1,1,0,1,0,0,2,2,2,,0,5,0
2057,0,1,2,1,1,0,1,0,0,2,2,3,2,1,5,1
2058,0,1,2,1,1,0,1,0,0,3,1,1,,0,5,0
2059,0,1,2,1,1,0,1,0,0,3,1,2,2,1,5,1
2060,0,1,2,1,1,0,1,0,0,3,1,3,2,1,5,1
2061,0,1,2,1,1,0,1,0,0,3,2,1,,0,5,0
2062,0,1,2,1,1,0,1,0,0,3,2,2,,0,5,0
2063,0,1,2,1,1,0,1,0,0,3,2,3,2,1,5,1
2064,0,1,2,1,1,0,1,0,0,4,1,1,,0,5,0
2065,0,1,2,1,1,0,1,0,0,4,1,2,2,1,5,1
2066,0,1,2,1,1,0,1,0,0,4,1,3,2,1,5,1
2067,0,1,2,1,1,0,1,0,0,4,2,1,,0,5,0
2068,0,1,2,1,1,0,1,0,0,4,2,2,,0,5,0
2069,0,1,2,1,1,0,1,0,0,4,2,3,2,1,5,1
2070,0,1,2,1,1,0,1,0,1,0,1,1,0,1,4,1
2071,0,1,2,1,1,0,1,0,1,0,1,2,0,1,4,1
2072,0,1,2,1,1,0,1,0,1,0,1,3,0,1,4,1
2073,0,1,2,1,1,0,1,0,1,0,2,1,0,1,4,1
2074,0,1,2,1,1,0,1,0,1,0,2,2,0,1,4,1
2075,0,1,2,1,1,0,1,0,1,0,2,3,0,1,4,1
2076,0,1,2,1,1,0,1,0,1,1,1,1,0,1,4,1
2077,0,1,2,1,1,0,1,0,1,1,1,2,0,1,4,1
2078,0,1,2,1,1,0,1,0,1,1,1,3,0,1,4,1
2079,0,1,2,1,1,0,1,0,1,1,2,1,0,1,4,1
2080,0,1,2,1,1,0,1,0,1,1,2,2,0,1,4,1
2081,0,1,2,1,1,0,1,0,1,1,2,3,0,1,4,1
2082,0,1,2,1,1,0,1,0,1,2,1,1,0,1,5,1
2083,0,1,2,1,1,0,1,0,1,2,1,2,0,1,5,1
2084,0,1,2,1,1,0,1,0,1,2,1,3,0,1,5,1
2085,0,1,2,1,1,0,1,0,1,2,2,1,0,1,5,1
2086,0,1,2,1,1,0,1,0,1,2,2,2,0,1,5,1
2087,0,1,2,1,1,0,1,0,1,2,2,3,0,1,5,1
2088,0,1,2,1,1,0,1,0,1,3,1,1,0,1,5,1
2089,0,1,2,1,1,0,1,0,1,3,1,2,0,1,5,1
2090,0,1,2,1,1,0,1,0,1,3,1,3,0,1,5,1
2091,0,1,2,1,1,0,1,0,1,3,2,1,0,1,5,1
2092,0,1,2,1,1,0,1,0,1,3,2,2,0,1,5,1
2093,0,1,2,1,1,0,1,0,1,3,2,3,0,1,5,1
2094,0,1,2,1,1,0,1,0,1,4,1,1,0,1,5,1
2095,0,1,2,1,1,0,1,0,1,4,1,2,0,1,5,1
2096,0,1,2,1,1,0,1,0,1,4,1,3,0,1,5,1
2097,0,1,2,1,1,0,1,0,1,4,2,1,0,1,5,1
2098,0,1,2,1,1,0,1,0,1,4,2,2,0,1,5,1
2099,0,1,2,1,1,0,1,0,1,4,2,3,0,1,5,1
2100,0,1,2,1,1,0,1,1,0,0,1,1,,0,4,0
2101,0,1,2,1,1,0,1,1,0,0,1,2,,0,4,0
2102,0,1,2,1,1,0,1,1,0,0,1,3,,0,4,0
2103,0,1,2,1,1,0,1,1,0,0,2,1,,0,4,0
2104,0,1,2,1,1,0,1,1,0,0,2,2,,0,4,0
2105,0,1,2,1,1,0,1,1,0,0,2,3,,0,4,0
2106,0,1,2,1,1,0,1,1,0,1,1,1,,0,5,0
2107,0,1,2,1,1,0,1,1,0,1,1,2,1,1,5,1
2108,0,1,2,1,1,0,1,1,0,1,1,3,1,1,5,1
2109,0,1,2,1,1,0,1,1,0,1,2,1,,0,5,0
2110,0,1,2,1,1,0,1,1,0,1,2,2,,0,5,0
2111,0,1,2,1,1,0,1,1,0,1,2,3,1,1,5,1
2112,0,1,2,1,1,0,1,1,0,2,1,1,,0,6,0
2113,0,1,2,1,1,0,1,1,0,2,1,2,1,1,6,1
2114,0,1,2,1,1,0,1,1,0,2,1,3,1,1,6,1
2115,0,1,2,1,1,0,1,1,0,2,2,1,,0,6,0
2116,0,1,2,1,1,0,1,1,0,2,2,2,,0,6,0
2117,0,1,2,1,1,0,1,1,0,2,2,3,1,1,6,1
2118,0,1,2,1,1,0,1,1,0,3,1,1,,0,6,0
2119,0,1,2,1,1,0,1,1,0,3,1,2,1,1,6,1
2120,0,1,2,1,1,0,1,1,0,3,1,3,1,1,6,1
2121,0,1,2,1,1,0,1,1,0,3,2,1,,0,6,0
2122,0,1,2,1,1,0,1,1,0,3,2,2,,0,6,0
2123,0,1,2,1,1,0,1,1,0,3,2,3,1,1,6,1
2124,0,1,2,1,1,0,1,1,0,4,1,1,,0,6,0
2125,0,1,2,1,1,0,1,1,0,4,1,2,1,1,6,1
2126,0,1,2,1,1,0,1,1,0,4,1,3,1,1,6,1
2127,0,1,2,1,1,0,1,1,0,4,2,1,,0,6,0
2128,0,1,2,1,1,0,1,1,0,4,2,2,,0,6,0
2129,0,1,2,1,1,0,1,1,0,4,2,3,1,1,6,1
2130,0,1,2,1,1,0,1,1,1,0,1,1,0,1,4,1
2131,0,1,2,1,1,0,1,1,1,0,1,2,0,1,4,1
2132,0,1,2,1,1,0,1,1,1,0,1,3,0,1,4,1
2133,0,1,2,1,1,0,1,1,1,0,2,1,0,1,4,1
2134,0,1,2,1,1,0,1,1,1,0,2,2,0,1,4,1
2135,0,1,2,1,1,0,1,1,1,0,2,3,0,1,4,1
2136,0,1,2,1,1,0,1,1,1,1,1,1,0,1,5,1
2137,0,1,2,1,1,0,1,1,1,1,1,2,0,1,5,1
2138,0,1,2,1,1,0,1,1,1,1,1,3,0,1,5,1
2139,0,1,2,1,1,0,1,1,1,1,2,1,0,1,5,1
2140,0,1,2,1,1,0,1,1,1,1,2,2,0,1,5,1
2141,0,1,2,1,1,0,1,1,1,1,2,3,0,1,5,1
2142,0,1,2,1,1,0,1,1,1,2,1,1,0,1,6,1
2143,0,1,2,1,1,0,1,1,1,2,1,2,0,1,6,1
2144,0,1,2,1,1,0,1,1,1,2,1,3,0,1,6,1
2145,0,1,2,1,1,0,1,1,1,2,2,1,0,1,6,1
2146,0,1,2,1,1,0,1,1,1,2,2,2,0,1,6,1
2147,0,1,2,1,1,0,1,1,1,2,2,3,0,1,6,1
2148,0,1,2,1,1,0,1,1,1,3,1,1,0,1,6,1
2149,0,1,2,1,1,0,1,1,1,3,1,2,0,1,6,1
2150,0,1,2,1,1,0,1,1,1,3,1,3,0,1,6,1
2151,0,1,2,1,1,0,1,1,1,3,2,1,0,1,6,1
2152,0,1,2,1,1,0,1,1,1,3,2,2,0,1,6,1
2153,0,1,2,1,1,0,1,1,1,3,2,3,0,1,6,1
2154,0,1,2,1,1,0,1,1,1,4,1,1,0,1,6,1
2155,0,1,2,1,1,0,1,1,1,4,1,2,0,1,6,1
2156,0,1,2,1,1,0,1,1,1,4,1,3,0,1,6,1
2157,0,1,2,1,1,0,1,1,1,4,2,1,0,1,6,1
2158,0,1,2,1,1,0,1,1,1,4,2,2,0,1,6,1
2159,0,1,2,1,1,0,1,1,1,4,2,3,0,1,6,1
2160,0,1,2,1,1,1,0,0,0,0,1,1,,0,4,0
2161,0,1,2,1,1,1,0,0,0,0,1,2,,0,4,0
2162,0,1,2,1,1,1,0,0,0,0,1,3,,0,4,0
2163,0,1,2,1,1,1,0,0,0,0,2,1,,0,4,0
2164,0,1,2,1,1,1,0,0,0,0,2,2,,0,4,0
2165,0,1,2,1,1,1,0,0,0,0,2,3,,0,4,0
2166,0,1,2,1,1,1,0,0,0,1,1,1,,0,4,0
2167,0,1,2,1,1,1,0,0,0,1,1,2,,0,4,0
2168,0,1,2,1,1,1,0,0,0,1,1,3,,0,4,0
2169,0,1,2,1,1,1,0,0,0,1,2,1,,0,4,0
2170,0,1,2,1,1,1,0,0,0,1,2,2,,0,4,0
2171,0,1,2,1,1,1,0,0,0,1,2,3,,0,4,0
2172,0,1,2,1,1,1,0,0,0,2,1,1,2,1,4,1
2173,0,1,2,1,1,1,0,0,0,2,1,2,2,1,4,1
2174,0,1,2,1,1,1,0,0,0,2,1,3,2,1,4,1
2175,0,1,2,1,1,1,0,0,0,2,2,1,2,1,4,1
2176,0,1,2,1,1,1,0,0,0,2,2,2,2,1,4,1
2177,0,1,2,1,1,1,0,0,0,2,2,3,2,1,4,1
2178,0,1,2,1,1,1,0,0,0,3,1,1,2,1,4,1
2179,0,1,2,1,1,1,0,0,0,3,1,2,2,1,4,1
2180,0,1,2,1,1,1,0,0,0,3,1,3,2,1,4,1
2181,0,1,2,1,1,1,0,0,0,3,2,1,2,1,4,1
2182,0,1,2,1,1,1,0,0,0,3,2,2,2,1,4,1
2183,0,1,2,1,1,1,0,0,0,3,2,3,2,1,4,1
2184,0,1,2,1,1,1,0,0,0,4,1,1,2,1,4,1
2185,0,1,2,1,1,1,0,0,0,4,1,2,2,1,4,1
2186,0,1,2,1,1,1,0,0,0,4,1,3,2,1,4,1
2187,0,1,2,1,1,1,0,0,0,4,2,1,2,1,4,1
2188,0,1,2,1,1,1,0,0,0,4,2,2,2,1,4,1
2189,0,1,2,1,1,1,0,0,0,4,2,3,2,1,4,1
2190,0,1,2,1,1,1,0,0,1,0,1,1,0,1,4,1
2191,0,1,2,1,1,1,0,0,1,0,1,2,0,1,4,1
2192,0,1,2,1,1,1,0,0,1,0,1,3,0,1,4,1
2193,0,1,2,1,1,1,0,0,1,0,2,1,0,1,4,1
2194,0,1,2,1,1,1,0,0,1,0,2,2,0,1,4,1
2195,0,1,2,1,1,1,0,0,1,0,2,3,0,1,4,1
2196,0,1,2,1,1,1,0,0,1,1,1,1,0,1,4,1
2197,0,1,2,1,1,1,0,0,1,1,1,2,0,1,4,1
2198,0,1,2,1,1,1,0,0,1,1,1,3,0,1,4,1
2199,0,1,2,1,1,1,0,0,1,1,2,1,0,1,4,1
2200,0,1,2,1,1,1,0,0,1,1,2,2,0,1,4,1
2201,0,1,2,1,1,1,0,0,1,1,2,3,0,1,4,1
2202,0,1,2,1,1,1,0,0,1,2,1,1,0,1,4,1
2203,0,1,2,1,1,1,0,0,1,2,1,2,0,1,4,1
2204,0,1,2,1,1,1,0,0,1,2,1,3,0,1,4,1
2205,0,1,2,1,1,1,0,0,1,2,2,1,0,1,4,1
2206,0,1,2,1,1,1,0,0,1,2,2,2,0,1,4,1
2207,0,1,2,1,1,1,0,0,1,2,2,3,0,1,4,1
2208,0,1,2,1,1,1,0,0,1,3,1,1,0,1,4,1
2209,0,1,2,1,1,1,0,0,1,3,1,2,0,1,4,1
2210,0,1,2,1,1,1,0,0,1,3,1,3,0,1,4,1
2211,0,1,2,1,1,1,0,0,1,3,2,1,0,1,4,1
2212,0,1,2,1,1,1,0,0,1,3,2,2,0,1,4,1
2213,0,1,2,1,1,1,0,0,1,3,2,3,0,1,4,1
2214,0,1,2,1,1,1,0,0,1,4,1,1,0,1,4,1
2215,0,1,2,1,1,1,0,0,1,4,1,2,0,1,4,1
2216,0,1,2,1,1,1,0,0,1,4,1,3,0,1,4,1
2217,0,1,2,1,1,1,0,0,1,4,2,1,0,1,4,1
2218,0,1,2,1,1,1,0,0,1,4,2,2,0,1,4,1
2219,0,1,2,1,1,1,0,0,1,4,2,3,0,1,4,1
2220,0,1,2,1,1,1,0,1,0,0,1,1,,0,4,0
2221,0,1,2,1,1,1,0,1,0,0,1,2,,0,4,0
2222,0,1,2,1,1,1,0,1,0,0,1,3,,0,4,0
2223,0,1,2,1,1,1,0,1,0,0,2,1,,0,4,0
2224,0,1,2,1,1,1,0,1,0,0,2,2,,0,4,0
2225,0,1,2,1,1,1,0,1,0,0,2,3,,0,4,0
2226,0,1,2,1,1,1,0,1,0,1,1,1,1,1,5,1
2227,0,1,2,1,1,1,0,1,0,1,1,2,1,1,5,1
2228,0,1,2,1,1,1,0,1,0,1,1,3,1,1,5,1
2229,0,1,2,1,1,1,0,1,0,1,2,1,1,1,5,1
2230,0,1,2,1,1,1,0,1,0,1,2,2,1,1,5,1
2231,0,1,2,1,1,1,0,1,0,1,2,3,1,1,5,1
2232,0,1,2,1,1,1,0,1,0,2,1,1,1,1,5,1
2233,0,1,2,1,1,1,0,1,0,2,1,2,1,1,5,1
2234,0,1,2,1,1,1,0,1,0,2,1,3,1,1,5,1
2235,0,1,2,1,1,1,0,1,0,2,2,1,1,1,5,1
2236,0,1,2,1,1,1,0,1,0,2,2,2,1,1,5,1
2237,0,1,2,1,1,1,0,1,0,2,2,3,1,1,5,1
2238,0,1,2,1,1,1,0,1,0,3,1,1,1,1,5,1
2239,0,1,2,1,1,1,0,1,0,3,1,2,1,1,5,1
2240,0,1,2,1,1,1,0,1,0,3,1,3,1,1,5,1
2241,0,1,2,1,1,1,0,1,0,3,2,1,1,1,5,1
2242,0,1,2,1,1,1,0,1,0,3,2,2,1,1,5,1
2243,0,1,2,1,1,1,0,1,0,3,2,3,1,1,5,1
2244,0,1,2,1,1,1,0,1,0,4,1,1,1,1,5,1
2245,0,1,2,1,1,1,0,1,0,4,1,2,1,1,5,1
2246,0,1,2,1,1,1,0,1,0,4,1,3,1,1,5,1
2247,0,1,2,1,1,1,0,1,0,4,2,1,1,1,5,1
2248,0,1,2,1,1,1,0,1,0,4,2,2,1,1,5,1
2249,0,1,2,1,1,1,0,1,0,4,2,3,1,1,5,1
2250,0,1,2,1,1,1,0,1,1,0,1,1,0,1,4,1
2251,0,1,2,1,1,1,0,1,1,0,1,2,0,1,4,1
2252,0,1,2,1,1,1,0,1,1,0,1,3,0,1,4,1
2253,0,1,2,1,1,1,0,1,1,0,2,1,0,1,4,1
2254,0,1,2,1,1,1,0,1,1,0,2,2,0,1,4,1
2255,0,1,2,1,1,1,0,1,1,0,2,3,0,1,4,1
2256,0,1,2,1,1,1,0,1,1,1,1,1,0,1,5,1
2257,0,1,2,1,1,1,0,1,1,1,1,2,0,1,5,1
2258,0,1,2,1,1,1,0,1,1,1,1,3,0,1,5,1
2259,0,1,2,1,1,1,0,1,1,1,2,1,0,1,5,1
2260,0,1,2,1,1,1,0,1,1,1,2,2,0,1,5,1
2261,0,1,2,1,1,1,0,1,1,1,2,3,0,1,5,1
2262,0,1,2,1,1,1,0,1,1,2,1,1,0,1,5,1
2263,0,1,2,1,1,1,0,1,1,2,1,2,0,1,5,1
2264,0,1,2,1,1,1,0,1,1,2,1,3,0,1,5,1
2265,0,1,2,1,1,1,0,1,1,2,2,1,0,1,5,1
2266,0,1,2,1,1,1,0,1,1,2,2,2,0,1,5,1
2267,0,1,2,1,1,1,0,1,1,2,2,3,0,1,5,1
2268,0,1,2,1,1,1,0,1,1,3,1,1,0,1,5,1
2269,0,1,2,1,1,1,0,1,1,3,1,2,0,1,5,1
2270,0,1,2,1,1,1,0,1,1,3,1,3,0,1,5,1
2271,0,1,2,1,1,1,0,1,1,3,2,1,0,1,5,1
2272,0,1,2,1,1,1,0,1,1,3,2,2,0,1,5,1
2273,0,1,2,1,1,1,0,1,1,3,2,3,0,1,5,1
2274,0,1,2,1,1,1,0,1,1,4,1,1,0,1,5,1
2275,0,1,2,1,1,1,0,1,1,4,1,2,0,1,5,1
2276,0,1,2,1,1,1,0,1,1,4,1,3,0,1,5,1
2277,0,1,2,1,1,1,0,1,1,4,2,1,0,1,5,1
2278,0,1,2,1,1,1,0,1,1,4,2,2,0,1,5,1
2279,0,1,2,1,1,1,0,1,1,4,2,3,0,1,5,1
2280,0,1,2,1,1,1,1,0,0,0,1,1,,0,4,0
2281,0,1,2,1,1,1,1,0,0,0,1,2,,0,4,0
2282,0,1,2,1,1,1,1,0,0,0,1,3,,0,4,0
2283,0,1,2,1,1,1,1,0,0,0,2,1,,0,4,0
2284,0,1,2,1,1,1,1,0,0,0,2,2,,0,4,0
2285,0,1,2,1,1,1,1,0,0,0,2,3,,0,4,0
2286,0,1,2,1,1,1,1,0,0,1,1,1,,0,4,0
2287,0,1,2,1,1,1,1,0,0,1,1,2,,0,4,0
2288,0,1,2,1,1,1,1,0,0,1,1,3,,0,4,0
2289,0,1,2,1,1,1,1,0,0,1,2,1,,0,4,0
2290,0,1,2,1,1,1,1,0,0,1,2,2,,0,4,0
2291,0,1,2,1,1,1,1,0,0,1,2,3,,0,4,0
2292,0,1,2,1,1,1,1,0,0,2,1,1,,0,5,0
2293,0,1,2,1,1,1,1,0,0,2,1,2,2,1,5,1
2294,0,1,2,1,1,1,1,0,0,2,1,3,2,1,5,1
2295,0,1,2,1,1,1,1,0,0,2,2,1,,0,5,0
2296,0,1,2,1,1,1,1,0,0,2,2,2,,0,5,0
2297,0,1,2,1,1,1,1,0,0,2,2,3,2,1,5,1
2298,0,1,2,1,1,1,1,0,0,3,1,1,,0,5,0
2299,0,1,2,1,1,1,1,0,0,3,1,2,2,1,5,1
2300,0,1,2,1,1,1,1,0,0,3,1,3,2,1,5,1
2301,0,1,2,1,1,1,1,0,0,3,2,1,,0,5,0
2302,0,1,2,1,1,1,1,0,0,3,2,2,,0,5,0
2303,0,1,2,1,1,1,1,0,0,3,2,3,2,1,5,1
2304,0,1,2,1,1,1,1,0,0,4,1,1,,0,5,0
2305,0,1,2,1,1,1,1,0,0,4,1,2,2,1,5,1
2306,0,1,2,1,1,1,1,0,0,4,1,3,2,1,5,1
2307,0,1,2,1,1,1,1,0,0,4,2,1,,0,5,0
2308,0,1,2,1,1,1,1,0,0,4,2,2,,0,5,0
2309,0,1,2,1,1,1,1,0,0,4,2,3,2,1,5,1
2310,0,1,2,1,1,1,1,0,1,0,1,1,0,1,4,1
2311,0,1,2,1,1,1,1,0,1,0,1,2,0,1,4,1
2312,0,1,2,1,1,1,1,0,1,0,1,3,0,1,4,1
2313,0,1,2,1,1,1,1,0,1,0,2,1,0,1,4,1
2314,0,1,2,1,1,1,1,0,1,0,2,2,0,1,4,1
2315,0,1,2,1,1,1,1,0,1,0,2,3,0,1,4,1
2316,0,1,2,1,1,1,1,0,1,1,1,1,0,1,4,1
2317,0,1,2,1,1,1,1,0,1,1,1,2,0,1,4,1
2318,0,1,2,1,1,1,1,0,1,1,1,3,0,1,4,1
2319,0,1,2,1,1,1,1,0,1,1,2,1,0,1,4,1
2320,0,1,2,1,1,1,1,0,1,1,2,2,0,1,4,1
2321,0,1,2,1,1,1,1,0,1,1,2,3,0,1,4,1
2322,0,1,2,1,1,1,1,0,1,2,1,1,0,1,5,1
2323,0,1,2,1,1,1,1,0,1,2,1,2,0,1,5,1
2324,0,1,2,1,1,1,1,0,1,2,1,3,0,1,5,1
2325,0,1,2,1,1,1,1,0,1,2,2,1,0,1,5,1
2326,0,1,2,1,1,1,1,0,1,2,2,2,0,1,5,1
2327,0,1,2,1,1,1,1,0,1,2,2,3,0,1,5,1
2328,0,1,2,1,1,1,1,0,1,3,1,1,0,1,5,1
2329,0,1,2,1,1,1,1,0,1,3,1,2,0,1,5,1
2330,0,1,2,1,1,1,1,0,1,3,1,3,0,1,5,1
2331,0,1,2,1,1,1,1,0,1,3,2,1,0,1,5,1
2332,0,1,2,1,1,1,1,0,1,3,2,2,0,1,5,1
2333,0,1,2,1,1,1,1,0,1,3,2,3,0,1,5,1
2334,0,1,2,1,1,1,1,0,1,4,1,1,0,1,5,1
2335,0,1,2,1,1,1,1,0,1,4,1,2,0,1,5,1
2336,0,1,2,1,1,1,1,0,1,4,1,3,0,1,5,1
2337,0,1,2,1,1,1,1,0,1,4,2,1,0,1,5,1
2338,0,1,2,1,1,1,1,0,1,4,2,2,0,1,5,1
2339,0,1,2,1,1,1,1,0,1,4,2,3,0,1,5,1
2340,0,1,2,1,1,1,1,1,0,0,1,1,,0,4,0
2341,0,1,2,1,1,1,1,1,0,0,1,2,,0,4,0
2342,0,1,2,1,1,1,1,1,0,0,1,3,,0,4,0
2343,0,1,2,1,1,1,1,1,0,0,2,1,,0,4,0
2344,0,1,2,1,1,1,1,1,0,0,2,2,,0,4,0
2345,0,1,2,1,1,1,1,1,0,0,2,3,,0,4,0
2346,0,1,2,1,1,1,1,1,0,1,1,1,,0,5,0
2347,0,1,2,1,1,1,1,1,0,1,1,2,1,1,7,1
2348,0,1,2,1,1,1,1,1,0,1,1,3,1,1,7,1
2349,0,1,2,1,1,1,1,1,0,1,2,1,,0,5,0
2350,0,1,2,1,1,1,1,1,0,1,2,2,,0,5,0
2351,0,1,2,1,1,1,1,1,0,1,2,3,1,1,7,1
2352,0,1,2,1,1,1,1,1,0,2,1,1,,0,6,0
2353,0,1,2,1,1,1,1,1,0,2,1,2,1,1,8,1
2354,0,1,2,1,1,1,1,1,0,2,1,3,1,1,8,1
2355,0,1,2,1,1,1,1,1,0,2,2,1,,0,6,0
2356,0,1,2,1,1,1,1,1,0,2,2,2,,0,6,0
2357,0,1,2,1,1,1,1,1,0,2,2,3,1,1,8,1
2358,0,1,2,1,1,1,1,1,0,3,1,1,,0,6,0
2359,0,1,2,1,1,1,1,1,0,3,1,2,1,1,8,1
2360,0,1,2,1,1,1,1,1,0,3,1,3,1,1,8,1
2361,0,1,2,1,1,1,1,1,0,3,2,1,,0,6,0
2362,0,1,2,1,1,1,1,1,0,3,2,2,,0,6,0
2363,0,1,2,1,1,1,1,1,0,3,2,3,1,1,8,1
2364,0,1,2,1,1,1,1,1,0,4,1,1,,0,6,0
2365,0,1,2,1,1,1,1,1,0,4,1,2,1,1,8,1
2366,0,1,2,1,1,1,1,1,0,4,1,3,1,1,8,1
2367,0,1,2,1,1,1,1,1,0,4,2,1,,0,6,0
2368,0,1,2,1,1,1,1,1,0,4,2,2,,0,6,0
2369,0,1,2,1,1,1,1,1,0,4,2,3,1,1,8,1
2370,0,1,2,1,1,1,1,1,1,0,1,1,0,1,4,1
2371,0,1,2,1,1,1,1,1,1,0,1,2,0,1,4,1
2372,0,1,2,1,1,1,1,1,1,0,1,3,0,1,4,1
2373,0,1,2,1,1,1,1,1,1,0,2,1,0,1,4,1
2374,0,1,2,1,1,1,1,1,1,0,2,2,0,1,4,1
2375,0,1,2,1,1,1,1,1,1,0,2,3,0,1,4,1
2376,0,1,2,1,1,1,1,1,1,1,1,1,0,1,7,1
2377,0,1,2,1,1,1,1,1,1,1,1,2,0,1,7,1
2378,0,1,2,1,1,1,1,1,1,1,1,3,0,1,7,1
2379,0,1,2,1,1,1,1,1,1,1,2,1,0,1,7,1
2380,0,1,2,1,1,1,1,1,1,1,2,2,0,1,7,1
2381,0,1,2,1,1,1,1,1,1,1,2,3,0,1,7,1
2382,0,1,2,1,1,1,1,1,1,2,1,1,0,1,8,1
2383,0,1,2,1,1,1,1,1,1,2,1,2,0,1,8,1
2384,0,1,2,1,1,1,1,1,1,2,1,3,0,1,8,1
2385,0,1,2,1,1,1,1,1,1,2,2,1,0,1,8,1
2386,0,1,2,1,1,1,1,1,1,2,2,2,0,1,8,1
2387,0,1,2,1,1,1,1,1,1,2,2,3,0,1,8,1
2388,0,1,2,1,1,1,1,1,1,3,1,1,0,1,8,1
2389,0,1,2,1,1,1,1,1,1,3,1,2,0,1,8,1
2390,0,1,2,1,1,1,1,1,1,3,1,3,0,1,8,1
2391,0,1,2,1,1,1,1,1,1,3,2,1,0,1,8,1
2392,0,1,2,1,1,1,1,1,1,3,2,2,0,1,8,1
2393,0,1,2,1,1,1,1,1,1,3,2,3,0,1,8,1
2394,0,1,2,1,1,1,1,1,1,4,1,1,0,1,8,1
2395,0,1,2,1,1,1,1,1,1,4,1,2,0,1,8,1
2396,0,1,2,1,1,1,1,1,1,4,1,3,0,1,8,1
2397,0,1,2,1,1,1,1,1,1,4,2,1,0,1,8,1
2398,0,1,2,1,1,1,1,1,1,4,2,2,0,1,8,1
2399,0,1,2,1,1,1,1,1,1,4,2,3,0,1,8,1
2400,0,1,2,1,2,0,0,0,0,0,1,1,,0,4,0
2401,0,1,2,1,2,0,0,0,0,0,1,2,,0,4,0
2402,0,1,2,1,2,0,0,0,0,0,1,3,,0,4,0
2403,0,1,2,1,2,0,0,0,0,0,2,1,,0,4,0
2404,0,1,2,1,2,0,0,0,0,0,2,2,,0,4,0
2405,0,1,2,1,2,0,0,0,0,0,2,3,,0,4,0
2406,0,1,2,1,2,0,0,0,0,1,1,1,,0,4,0
2407,0,1,2,1,2,0,0,0,0,1,1,2,,0,4,0
2408,0,1,2,1,2,0,0,0,0,1,1,3,,0,4,0
2409,0,1,2,1,2,0,0,0,0,1,2,1,,0,4,0
2410,0,1,2,1,2,0,0,0,0,1,2,2,,0,4,0
2411,0,1,2,1,2,0,0,0,0,1,2,3,,0,4,0
2412,0,1,2,1,2,0,0,0,0,2,1,1,,0,4,0
2413,0,1,2,1,2,0,0,0,0,2,1,2,2,1,4,1
2414,0,1,2,1,2,0,0,0,0,2,1,3,2,1,4,1
2415,0,1,2,1,2,0,0,0,0,2,2,1,,0,4,0
2416,0,1,2,1,2,0,0,0,0,2,2,2,2,1,4,1
2417,0,1,2,1,2,0,0,0,0,2,2,3,2,1,4,1
2418,0,1,2,1,2,0,0,0,0,3,1,1,,0,4,0
2419,0,1,2,1,2,0,0,0,0,3,1,2,2,1,4,1
2420,0,1,2,1,2,0,0,0,0,3,1,3,2,1,4,1
2421,0,1,2,1,2,0,0,0,0,3,2,1,,0,4,0
2422,0,1,2,1,2,0,0,0,0,3,2,2,2,1,4,1
2423,0,1,2,1,2,0,0,0,0,3,2,3,2,1,4,1
2424,0,1,2,1,2,0,0,0,0,4,1,1,,0,4,0
2425,0,1,2,1,2,0,0,0,0,4,1,2,2,1,4,1
2426,0,1,2,1,2,0,0,0,0,4,1,3,2,1,4,1
2427,0,1,2,1,2,0,0,0,0,4,2,1,,0,4,0
2428,0,1,2,1,2,0,0,0,0,4,2,2,2,1,4,1
2429,0,1,2,1,2,0,0,0,0,4,2,3,2,1,4,1
2430,0,1,2,1,2,0,0,0,1,0,1,1,0,1,4,1
2431,0,1,2,1,2,0,0,0,1,0,1,2,0,1,4,1
2432,0,1,2,1,2,0,0,0,1,0,1,3,0,1,4,1
2433,0,1,2,1,2,0,0,0,1,0,2,1,0,1,4,1
2434,0,1,2,1,2,0,0,0,1,0,2,2,0,1,4,1
2435,0,1,2,1,2,0,0,0,1,0,2,3,0,1,4,1
2436,0,1,2,1,2,0,0,0,1,1,1,1,0,1,4,1
2437,0,1,2,1,2,0,0,0,1,1,1,2,0,1,4,1
2438,0,1,2,1,2,0,0,0,1,1,1,3,0,1,4,1
2439,0,1,2,1,2,0,0,0,1,1,2,1,0,1,4,1
2440,0,1,2,1,2,0,0,0,1,1,2,2,0,1,4,1
2441,0,1,2,1,2,0,0,0,1,1,2,3,0,1,4,1
2442,0,1,2,1,2,0,0,0,1,2,1,1,0,1,4,1
2443,0,1,2,1,2,0,0,0,1,2,1,2,0,1,4,1
2444,0,1,2,1,2,0,0,0,1,2,1,3,0,1,4,1
2445,0,1,2,1,2,0,0,0,1,2,2,1,0,1,4,1
2446,0,1,2,1,2,0,0,0,1,2,2,2,0,1,4,1
2447,0,1,2,1,2,0,0,0,1,2,2,3,0,1,4,1
2448,0,1,2,1,2,0,0,0,1,3,1,1,0,1,4,1
2449,0,1,2,1,2,0,0,0,1,3,1,2,0,1,4,1
2450,0,1,2,1,2,0,0,0,1,3,1,3,0,1,4,1
2451,0,1,2,1,2,0,0,0,1,3,2,1,0,1,4,1
2452,0,1,2,1,2,0,0,0,1,3,2,2,0,1,4,1
2453,0,1,2,1,2,0,0,0,1,3,2,3,0,1,4,1
2454,0,1,2,1,2,0,0,0,1,4,1,1,0,1,4,1
2455,0,1,2,1,2,0,0,0,1,4,1,2,0,1,4,1
2456,0,1,2,1,2,0,0,0,1,4,1,3,0,1,4,1
2457,0,1,2,1,2,0,0,0,1,4,2,1,0,1,4,1
2458,0,1,2,1,2,0,0,0,1,4,2,2,0,1,4,1
2459,0,1,2,1,2,0,0,0,1,4,2,3,0,1,4,1
2460,0,1,2,1,2,0,0,1,0,0,1,1,,0,4,0
2461,0,1,2,1,2,0,0,1,0,0,1,2,,0,4,0
2462,0,1,2,1,2,0,0,1,0,0,1,3,,0,4,0
2463,0,1,2,1,2,0,0,1,0,0,2,1,,0,4,0
2464,0,1,2,1,2,0,0,1,0,0,2,2,,0,4,0
2465,0,1,2,1,2,0,0,1,0,0,2,3,,0,4,0
2466,0,1,2,1,2,0,0,1,0,1,1,1,1,1,4,1
2467,0,1,2,1,2,0,0,1,0,1,1,2,1,1,4,1
2468,0,1,2,1,2,0,0,1,0,1,1,3,1,1,4,1
2469,0,1,2,1,2,0,0,1,0,1,2,1,1,1,4,1
2470,0,1,2,1,2,0,0,1,0,1,2,2,1,1,4,1
2471,0,1,2,1,2,0,0,1,0,1,2,3,1,1,4,1
2472,0,1,2,1,2,0,0,1,0,2,1,1,1,1,4,1
2473,0,1,2,1,2,0,0,1,0,2,1,2,1,1,4,1
2474,0,1,2,1,2,0,0,1,0,2,1,3,1,1,4,1
2475,0,1,2,1,2,0,0,1,0,2,2,1,1,1,4,1
2476,0,1,2,1,2,0,0,1,0,2,2,2,1,1,4,1
2477,0,1,2,1,2,0,0,1,0,2,2,3,1,1,4,1
2478,0,1,2,1,2,0,0,1,0,3,1,1,1,1,4,1
2479,0,1,2,1,2,0,0,1,0,3,1,2,1,1,4,1
2480,0,1,2,1,2,0,0,1,0,3,1,3,1,1,4,1
2481,0,1,2,1,2,0,0,1,0,3,2,1,1,1,4,1
2482,0,1,2,1,2,0,0,1,0,3,2,2,1,1,4,1
2483,0,1,2,1,2,0,0,1,0,3,2,3,1,1,4,1
2484,0,1,2,1,2,0,0,1,0,4,1,1,1,1,4,1
2485,0,1,2,1,2,0,0,1,0,4,1,2,1,1,4,1
2486,0,1,2,1,2,0,0,1,0,4,1,3,1,1,4,1
2487,0,1,2,1,2,0,0,1,0,4,2,1,1,1,4,1
2488,0,1,2,1,2,0,0,1,0,4,2,2,1,1,4,1
2489,0,1,2,1,2,0,0,1,0,4,2,3,1,1,4,1
2490,0,1,2,1,2,0,0,1,1,0,1,1,0,1,4,1
2491,0,1,2,1,2,0,0,1,1,0,1,2,0,1,4,1
2492,0,1,2,1,2,0,0,1,1,0,1,3,0,1,4,1
2493,0,1,2,1,2,0,0,1,1,0,2,1,0,1,4,1
2494,0,1,2,1,2,0,0,1,1,0,2,2,0,1,4,1
2495,0,1,2,1,2,0,0,1,1,0,2,3,0,1,4,1
2496,0,1,2,1,2,0,0,1,1,1,1,1,0,1,4,1
2497,0,1,2,1,2,0,0,1,1,1,1,2,0,1,4,1
2498,0,1,2,1,2,0,0,1,1,1,1,3,0,1,4,1
2499,0,1,2,1,2,0,0,1,1,1,2,1,0,1,4,1
2500,0,1,2,1,2,0,0,1,1,1,2,2,0,1,4,1
2501,0,1,2,1,2,0,0,1,1,1,2,3,0,1,4,1
2502,0,1,2,1,2,0,0,1,1,2,1,1,0,1,4,1
2503,0,1,2,1,2,0,0,1,1,2,1,2,0,1,4,1
2504,0,1,2,1,2,0,0,1,1,2,1,3,0,1,4,1
2505,0,1,2,1,2,0,0,1,1,2,2,1,0,1,4,1
2506,0,1,2,1,2,0,0,1,1,2,2,2,0,1,4,1
2507,0,1,2,1,2,0,0,1,1,2,2,3,0,1,4,1
2508,0,1,2,1,2,0,0,1,1,3,1,1,0,1,4,1
2509,0,1,2,1,2,0,0,1,1,3,1,2,0,1,4,1
2510,0,1,2,1,2,0,0,1,1,3,1,3,0,1,4,1
2511,0,1,2,1,2,0,0,1,1,3,2,1,0,1,4,1
2512,0,1,2,1,2,0,0,1,1,3,2,2,0,1,4,1
2513,0,1,2,1,2,0,0,1,1,3,2,3,0,1,4,1
2514,0,1,2,1,2,0,0,1,1,4,1,1,0,1,4,1
2515,0,1,2,1,2,0,0,1,1,4,1,2,0,1,4,1
2516,0,1,2,1,2,0,0,1,1,4,1,3,0,1,4,1
2517,0,1,2,1,2,0,0,1,1,4,2,1,0,1,4,1
2518,0,1,2,1,2,0,0,1,1,4,2,2,0,1,4,1
2519,0,1,2,1,2,0,0,1,1,4,2,3,0,1,4,1
2520,0,1,2,1,2,0,1,0,0,0,1,1,,0,4,0
2521,0,1,2,1,2,0,1,0,0,0,1,2,,0,4,0
2522,0,1,2,1,2,0,1,0,0,0,1,3,,0,4,0
2523,0,1,2,1,2,0,1,0,0,0,2,1,,0,4,0
2524,0,1,2,1,2,0,1,0,0,0,2,2,,0,4,0
2525,0,1,2,1,2,0,1,0,0,0,2,3,,0,4,0
2526,0,1,2,1,2,0,1,0,0,1,1,1,,0,4,0
2527,0,1,2,1,2,0,1,0,0,1,1,2,,0,4,0
2528,0,1,2,1,2,0,1,0,0,1,1,3,,0,4,0
2529,0,1,2,1,2,0,1,0,0,1,2,1,,0,4,0
2530,0,1,2,1,2,0,1,0,0,1,2,2,,0,4,0
2531,0,1,2,1,2,0,1,0,0,1,2,3,,0,4,0
2532,0,1,2,1,2,0,1,0,0,2,1,1,,0,4,0
2533,0,1,2,1,2,0,1,0,0,2,1,2,,0,5,0
2534,0,1,2,1,2,0,1,0,0,2,1,3,2,1,5,1
2535,0,1,2,1,2,0,1,0,0,2,2,1,,0,4,0
2536,0,1,2,1,2,0,1,0,0,2,2,2,,0,5,0
2537,0,1,2,1,2,0,1,0,0,2,2,3,,0,5,0
2538,0,1,2,1,2,0,1,0,0,3,1,1,,0,4,0
2539,0,1,2,1,2,0,1,0,0,3,1,2,,0,5,0
2540,0,1,2,1,2,0,1,0,0,3,1,3,2,1,5,1
2541,0,1,2,1,2,0,1,0,0,3,2,1,,0,4,0
2542,0,1,2,1,2,0,1,0,0,3,2,2,,0,5,0
2543,0,1,2,1,2,0,1,0,0,3,2,3,,0,5,0
2544,0,1,2,1,2,0,1,0,0,4,1,1,,0,4,0
2545,0,1,2,1,2,0,1,0,0,4,1,2,,0,5,0
2546,0,1,2,1,2,0,1,0,0,4,1,3,2,1,5,1
2547,0,1,2,1,2,0,1,0,0,4,2,1,,0,4,0
2548,0,1,2,1,2,0,1,0,0,4,2,2,,0,5,0
2549,0,1,2,1,2,0,1,0,0,4,2,3,,0,5,0
2550,0,1,2,1,2,0,1,0,1,0,1,1,0,1,4,1
2551,0,1,2,1,2,0,1,0,1,0,1,2,0,1,4,1
2552,0,1,2,1,2,0,1,0,1,0,1,3,0,1,4,1
2553,0,1,2,1,2,0,1,0,1,0,2,1,0,1,4,1
2554,0,1,2,1,2,0,1,0,1,0,2,2,0,1,4,1
2555,0,1,2,1,2,0,1,0,1,0,2,3,0,1,4,1
2556,0,1,2,1,2,0,1,0,1,1,1,1,0,1,4,1
2557,0,1,2,1,2,0,1,0,1,1,1,2,0,1,4,1
2558,0,1,2,1,2,0,1,0,1,1,1,3,0,1,4,1
2559,0,1,2,1,2,0,1,0,1,1,2,1,0,1,4,1
2560,0,1,2,1,2,0,1,0,1,1,2,2,0,1,4,1
2561,0,1,2,1,2,0,1,0,1,1,2,3,0,1,4,1
2562,0,1,2,1,2,0,1,0,1,2,1,1,0,1,5,1
2563,0,1,2,1,2,0,1,0,1,2,1,2,0,1,5,1
2564,0,1,2,1,2,0,1,0,1,2,1,3,0,1,5,1
2565,0,1,2,1,2,0,1,0,1,2,2,1,0,1,5,1
2566,0,1,2,1,2,0,1,0,1,2,2,2,0,1,5,1
2567,0,1,2,1,2,0,1,0,1,2,2,3,0,1,5,1
2568,0,1,2,1,2,0,1,0,1,3,1,1,0,1,5,1
2569,0,1,2,1,2,0,1,0,1,3,1,2,0,1,5,1
2570,0,1,2,1,2,0,1,0,1,3,1,3,0,1,5,1
2571,0,1,2,1,2,0,1,0,1,3,2,1,0,1,5,1
2572,0,1,2,1,2,0,1,0,1,3,2,2,0,1,5,1
2573,0,1,2,1,2,0,1,0,1,3,2,3,0,1,5,1
2574,0,1,2,1,2,0,1,0,1,4,1,1,0,1,5,1
2575,0,1,2,1,2,0,1,0,1,4,1,2,0,1,5,1
2576,0,1,2,1,2,0,1,0,1,4,1,3,0,1,5,1
2577,0,1,2,1,2,0,1,0,1,4,2,1,0,1,5,1
2578,0,1,2,1,2,0,1,0,1,4,2,2,0,1,5,1
2579,0,1,2,1,2,0,1,0,1,4,2,3,0,1,5,1
2580,0,1,2,1,2,0,1,1,0,0,1,1,,0,4,0
2581,0,1,2,1,2,0,1,1,0,0,1,2,,0,4,0
2582,0,1,2,1,2,0,1,1,0,0,1,3,,0,4,0
2583,0,1,2,1,2,0,1,1,0,0,2,1,,0,4,0
2584,0,1,2,1,2,0,1,1,0,0,2,2,,0,4,0
2585,0,1,2,1,2,0,1,1,0,0,2,3,,0,4,0
2586,0,1,2,1,2,0,1,1,0,1,1,1,,0,5,0
2587,0,1,2,1,2,0,1,1,0,1,1,2,1,1,5,1
2588,0,1,2,1,2,0,1,1,0,1,1,3,1,1,5,1
2589,0,1,2,1,2,0,1,1,0,1,2,1,,0,5,0
2590,0,1,2,1,2,0,1,1,0,1,2,2,,0,5,0
2591,0,1,2,1,2,0,1,1,0,1,2,3,1,1,5,1
2592,0,1,2,1,2,0,1,1,0,2,1,1,,0,5,0
2593,0,1,2,1,2,0,1,1,0,2,1,2,1,1,6,1
2594,0,1,2,1,2,0,1,1,0,2,1,3,1,1,6,1
2595,0,1,2,1,2,0,1,1,0,2,2,1,,0,5,0
2596,0,1,2,1,2,0,1,1,0,2,2,2,,0,6,0
2597,0,1,2,1,2,0,1,1,0,2,2,3,1,1,6,1
2598,0,1,2,1,2,0,1,1,0,3,1,1,,0,5,0
2599,0,1,2,1,2,0,1,1,0,3,1,2,1,1,6,1
2600,0,1,2,1,2,0,1,1,0,3,1,3,1,1,6,1
2601,0,1,2,1,2,0,1,1,0,3,2,1,,0,5,0
2602,0,1,2,1,2,0,1,1,0,3,2,2,,0,6,0
2603,0,1,2,1,2,0,1,1,0,3,2,3,1,1,6,1
2604,0,1,2,1,2,0,1,1,0,4,1,1,,0,5,0
2605,0,1,2,1,2,0,1,1,0,4,1,2,1,1,6,1
2606,0,1,2,1,2,0,1,1,0,4,1,3,1,1,6,1
2607,0,1,2,1,2,0,1,1,0,4,2,1,,0,5,0
2608,0,1,2,1,2,0,1,1,0,4,2,2,,0,6,0
2609,0,1,2,1,2,0,1,1,0,4,2,3,1,1,6,1
2610,0,1,2,1,2,0,1,1,1,0,1,1,0,1,4,1
2611,0,1,2,1,2,0,1,1,1,0,1,2,0,1,4,1
2612,0,1,2,1,2,0,1,1,1,0,1,3,0,1,4,1
2613,0,1,2,1,2,0,1,1,1,0,2,1,0,1,4,1
2614,0,1,2,1,2,0,1,1,1,0,2,2,0,1,4,1
2615,0,1,2,1,2,0,1,1,1,0,2,3,0,1,4,1
2616,0,1,2,1,2,0,1,1,1,1,1,1,0,1,5,1
2617,0,1,2,1,2,0,1,1,1,1,1,2,0,1,5,1
2618,0,1,2,1,2,0,1,1,1,1,1,3,0,1,5,1
2619,0,1,2,1,2,0,1,1,1,1,2,1,0,1,5,1
2620,0,1,2,1,2,0,1,1,1,1,2,2,0,1,5,1
2621,0,1,2,1,2,0,1,1,1,1,2,3,0,1,5,1
2622,0,1,2,1,2,0,1,1,1,2,1,1,0,1,6,1
2623,0,1,2,1,2,0,1,1,1,2,1,2,0,1,6,1
2624,0,1,2,1,2,0,1,1,1,2,1,3,0,1,6,1
2625,0,1,2,1,2,0,1,1,1,2,2,1,0,1,6,1
2626,0,1,2,1,2,0,1,1,1,2,2,2,0,1,6,1
2627,0,1,2,1,2,0,1,1,1,2,2,3,0,1,6,1
2628,0,1,2,1,2,0,1,1,1,3,1,1,0,1,6,1
2629,0,1,2,1,2,0,1,1,1,3,1,2,0,1,6,1
2630,0,1,2,1,2,0,1,1,1,3,1,3,0,1,6,1
2631,0,1,2,1,2,0,1,1,1,3,2,1,0,1,6,1
2632,0,1,2,1,2,0,1,1,1,3,2,2,0,1,6,1
2633,0,1,2,1,2,0,1,1,1,3,2,3,0,1,6,1
2634,0,1,2,1,2,0,1,1,1,4,1,1,0,1,6,1
2635,0,1,2,1,2,0,1,1,1,4,1,2,0,1,6,1
2636,0,1,2,1,2,0,1,1,1,4,1,3,0,1,6,1
2637,0,1,2,1,2,0,1,1,1,4,2,1,0,1,6,1
2638,0,1,2,1,2,0,1,1,1,4,2,2,0,1,6,1
2639,0,1,2,1,2,0,1,1,1,4,2,3,0,1,6,1
2640,0,1,2,1,2,1,0,0,0,0,1,1,,0,4,0
2641,0,1,2,1,2,1,0,0,0,0,1,2,,0,4,0
2642,0,1,2,1,2,1,0,0,0,0,1,3,,0,4,0
2643,0,1,2,1,2,1,0,0,0,0,2,1,,0,4,0
2644,0,1,2,1,2,1,0,0,0,0,2,2,,0,4,0
2645,0,1,2,1,2,1,0,0,0,0,2,3,,0,4,0
2646,0,1,2,1,2,1,0,0,0,1,1,1,,0,4,0
2647,0,1,2,1,2,1,0,0,0,1,1,2,,0,4,0
2648,0,1,2,1,2,1,0,0,0,1,1,3,,0,4,0
2649,0,1,2,1,2,1,0,0,0,1,2,1,,0,4,0
2650,0,1,2,1,2,1,0,0,0,1,2,2,,0,4,0
2651,0,1,2,1,2,1,0,0,0,1,2,3,,0,4,0
2652,0,1,2,1,2,1,0,0,0,2,1,1,,0,4,0
2653,0,1,2,1,2,1,0,0,0,2,1,2,2,1,4,1
2654,0,1,2,1,2,1,0,0,0,2,1,3,2,1,4,1
2655,0,1,2,1,2,1,0,0,0,2,2,1,,0,4,0
2656,0,1,2,1,2,1,0,0,0,2,2,2,2,1,4,1
2657,0,1,2,1,2,1,0,0,0,2,2,3,2,1,4,1
2658,0,1,2,1,2,1,0,0,0,3,1,1,,0,4,0
2659,0,1,2,1,2,1,0,0,0,3,1,2,2,1,4,1
2660,0,1,2,1,2,1,0,0,0,3,1,3,2,1,4,1
2661,0,1,2,1,2,1,0,0,0,3,2,1,,0,4,0
2662,0,1,2,1,2,1,0,0,0,3,2,2,2,1,4,1
2663,0,1,2,1,2,1,0,0,0,3,2,3,2,1,4,1
2664,0,1,2,1,2,1,0,0,0,4,1,1,,0,4,0
2665,0,1,2,1,2,1,0,0,0,4,1,2,2,1,4,1
2666,0,1,2,1,2,1,0,0,0,4,1,3,2,1,4,1
2667,0,1,2,1,2,1,0,0,0,4,2,1,,0,4,0
2668,0,1,2,1,2,1,0,0,0,4,2,2,2,1,4,1
2669,0,1,2,1,2,1,0,0,0,4,2,3,2,1,4,1
2670,0,1,2,1,2,1,0,0,1,0,1,1,0,1,4,1
2671,0,1,2,1,2,1,0,0,1,0,1,2,0,1,4,1
2672,0,1,2,1,2,1,0,0,1,0,1,3,0,1,4,1
2673,0,1,2,1,2,1,0,0,1,0,2,1,0,1,4,1
2674,0,1,2,1,2,1,0,0,1,0,2,2,0,1,4,1
2675,0,1,2,1,2,1,0,0,1,0,2,3,0,1,4,1
2676,0,1,2,1,2,1,0,0,1,1,1,1,0,1,4,1
2677,0,1,2,1,2,1,0,0,1,1,1,2,0,1,4,1
2678,0,1,2,1,2,1,0,0,1,1,1,3,0,1,4,1
2679,0,1,2,1,2,1,0,0,1,1,2,1,0,1,4,1
2680,0,1,2,1,2,1,0,0,1,1,2,2,0,1,4,1
2681,0,1,2,1,2,1,0,0,1,1,2,3,0,1,4,1
2682,0,1,2,1,2,1,0,0,1,2,1,1,0,1,4,1
2683,0,1,2,1,2,1,0,0,1,2,1,2,0,1,4,1
2684,0,1,2,1,2,1,0,0,1,2,1,3,0,1,4,1
2685,0,1,2,1,2,1,0,0,1,2,2,1,0,1,4,1
2686,0,1,2,1,2,1,0,0,1,2,2,2,0,1,4,1
2687,0,1,2,1,2,1,0,0,1,2,2,3,0,1,4,1
2688,0,1,2,1,2,1,0,0,1,3,1,1,0,1,4,1
2689,0,1,2,1,2,1,0,0,1,3,1,2,0,1,4,1
2690,0,1,2,1,2,1,0,0,1,3,1,3,0,1,4,1
2691,0,1,2,1,2,1,0,0,1,3,2,1,0,1,4,1
2692,0,1,2,1,2,1,0,0,1,3,2,2,0,1,4,1
2693,0,1,2,1,2,1,0,0,1,3,2,3,0,1,4,1
2694,0,1,2,1,2,1,0,0,1,4,1,1,0,1,4,1
2695,0,1,2,1,2,1,0,0,1,4,1,2,0,1,4,1
2696,0,1,2,1,2,1,0,0,1,4,1,3,0,1,4,1
2697,0,1,2,1,2,1,0,0,1,4,2,1,0,1,4,1
2698,0,1,2,1,2,1,0,0,1,4,2,2,0,1,4,1
2699,0,1,2,1,2,1,0,0,1,4,2,3,0,1,4,1
2700,0,1,2,1,2,1,0,1,0,0,1,1,,0,4,0
2701,0,1,2,1,2,1,0,1,0,0,1,2,,0,4,0
2702,0,1,2,1,2,1,0,1,0,0,1,3,,0,4,0
2703,0,1,2,1,2,1,0,1,0,0,2,1,,0,4,0
2704,0,1,2,1,2,1,0,1,0,0,2,2,,0,4,0
2705,0,1,2,1,2,1,0,1,0,0,2,3,,0,4,0
2706,0,1,2,1,2,1,0,1,0,1,1,1,1,1,5,1
2707,0,1,2,1,2,1,0,1,0,1,1,2,1,1,5,1
2708,0,1,2,1,2,1,0,1,0,1,1,3,1,1,5,1
2709,0,1,2,1,2,1,0,1,0,1,2,1,1,1,5,1
2710,0,1,2,1,2,1,0,1,0,1,2,2,1,1,5,1
2711,0,1,2,1,2,1,0,1,0,1,2,3,1,1,5,1
2712,0,1,2,1,2,1,0,1,0,2,1,1,1,1,5,1
2713,0,1,2,1,2,1,0,1,0,2,1,2,1,1,5,1
2714,0,1,2,1,2,1,0,1,0,2,1,3,1,1,5,1
2715,0,1,2,1,2,1,0,1,0,2,2,1,1,1,5,1
2716,0,1,2,1,2,1,0,1,0,2,2,2,1,1,5,1
2717,0,1,2,1,2,1,0,1,0,2,2,3,1,1,5,1
2718,0,1,2,1,2,1,0,1,0,3,1,1,1,1,5,1
2719,0,1,2,1,2,1,0,1,0,3,1,2,1,1,5,1
2720,0,1,2,1,2,1,0,1,0,3,1,3,1,1,5,1
2721,0,1,2,1,2,1,0,1,0,3,2,1,1,1,5,1
2722,0,1,2,1,2,1,0,1,0,3,2,2,1,1,5,1
2723,0,1,2,1,2,1,0,1,0,3,2,3,1,1,5,1
2724,0,1,2,1,2,1,0,1,0,4,1,1,1,1,5,1
2725,0,1,2,1,2,1,0,1,0,4,1,2,1,1,5,1
2726,0,1,2,1,2,1,0,1,0,4,1,3,1,1,5,1
2727,0,1,2,1,2,1,0,1,0,4,2,1,1,1,5,1
2728,0,1,2,1,2,1,0,1,0,4,2,2,1,1,5,1
2729,0,1,2,1,2,1,0,1,0,4,2,3,1,1,5,1
2730,0,1,2,1,2,1,0,1,1,0,1,1,0,1,4,1
2731,0,1,2,1,2,1,0,1,1,0,1,2,0,1,4,1
2732,0,1,2,1,2,1,0,1,1,0,1,3,0,1,4,1
2733,0,1,2,1,2,1,0,1,1,0,2,1,0,1,4,1
2734,0,1,2,1,2,1,0,1,1,0,2,2,0,1,4,1
2735,0,1,2,1,2,1,0,1,1,0,2,3,0,1,4,1
2736,0,1,2,1,2,1,0,1,1,1,1,1,0,1,5,1
2737,0,1,2,1,2,1,0,1,1,1,1,2,0,1,5,1
2738,0,1,2,1,2,1,0,1,1,1,1,3,0,1,5,1
2739,0,1,2,1,2,1,0,1,1,1,2,1,0,1,5,1
2740,0,1,2,1,2,1,0,1,1,1,2,2,0,1,5,1
2741,0,1,2,1,2,1,0,1,1,1,2,3,0,1,5,1
2742,0,1,2,1,2,1,0,1,1,2,1,1,0,1,5,1
2743,0,1,2,1,2,1,0,1,1,2,1,2,0,1,5,1
2744,0,1,2,1,2,1,0,1,1,2,1,3,0,1,5,1
2745,0,1,2,1,2,1,0,1,1,2,2,1,0,1,5,1
2746,0,1,2,1,2,1,0,1,1,2,2,2,0,1,5,1
2747,0,1,2,1,2,1,0,1,1,2,2,3,0,1,5,1
2748,0,1,2,1,2,1,0,1,1,3,1,1,0,1,5,1
2749,0,1,2,1,2,1,0,1,1,3,1,2,0,1,5,1
2750,0,1,2,1,2,1,0,1,1,3,1,3,0,1,5,1
2751,0,1,2,1,2,1,0,1,1,3,2,1,0,1,5,1
2752,0,1,2,1,2,1,0,1,1,3,2,2,0,1,5,1
2753,0,1,2,1,2,1,0,1,1,3,2,3,0,1,5,1
2754,0,1,2,1,2,1,0,1,1,4,1,1,0,1,5,1
2755,0,1,2,1,2,1,0,1,1,4,1,2,0,1,5,1
2756,0,1,2,1,2,1,0,1,1,4,1,3,0,1,5,1
2757,0,1,2,1,2,1,0,1,1,4,2,1,0,1,5,1
2758,0,1,2,1,2,1,0,1,1,4,2,2,0,1,5,1
2759,0,1,2,1,2,1,0,1,1,4,2,3,0,1,5,1
2760,0,1,2,1,2,1,1,0,0,0,1,1,,0,4,0
2761,0,1,2,1,2,1,1,0,0,0,1,2,,0,4,0
2762,0,1,2,1,2,1,1,0,0,0,1,3,,0,4,0
2763,0,1,2,1,2,1,1,0,0,0,2,1,,0,4,0
2764,0,1,2,1,2,1,1,0,0,0,2,2,,0,4,0
2765,0,1,2,1,2,1,1,0,0,0,2,3,,0,4,0
2766,0,1,2,1,2,1,1,0,0,1,1,1,,0,4,0
2767,0,1,2,1,2,1,1,0,0,1,1,2,,0,4,0
2768,0,1,2,1,2,1,1,0,0,1,1,3,,0,4,0
2769,0,1,2,1,2,1,1,0,0,1,2,1,,0,4,0
2770,0,1,2,1,2,1,1,0,0,1,2,2,,0,4,0
2771,0,1,2,1,2,1,1,0,0,1,2,3,,0,4,0
2772,0,1,2,1,2,1,1,0,0,2,1,1,,0,4,0
2773,0,1,2,1,2,1,1,0,0,2,1,2,,0,5,0
2774,0,1,2,1,2,1,1,0,0,2,1,3,2,1,5,1
2775,0,1,2,1,2,1,1,0,0,2,2,1,,0,4,0
2776,0,1,2,1,2,1,1,0,0,2,2,2,,0,5,0
2777,0,1,2,1,2,1,1,0,0,2,2,3,,0,5,0
2778,0,1,2,1,2,1,1,0,0,3,1,1,,0,4,0
2779,0,1,2,1,2,1,1,0,0,3,1,2,,0,5,0
2780,0,1,2,1,2,1,1,0,0,3,1,3,2,1,5,1
2781,0,1,2,1,2,1,1,0,0,3,2,1,,0,4,0
2782,0,1,2,1,2,1,1,0,0,3,2,2,,0,5,0
2783,0,1,2,1,2,1,1,0,0,3,2,3,,0,5,0
2784,0,1,2,1,2,1,1,0,0,4,1,1,,0,4,0
2785,0,1,2,1,2,1,1,0,0,4,1,2,,0,5,0
2786,0,1,2,1,2,1,1,0,0,4,1,3,2,1,5,1
2787,0,1,2,1,2,1,1,0,0,4,2,1,,0,4,0
2788,0,1,2,1,2,1,1,0,0,4,2,2,,0,5,0
2789,0,1,2,1,2,1,1,0,0,4,2,3,,0,5,0
2790,0,1,2,1,2,1,1,0,1,0,1,1,0,1,4,1
2791,0,1,2,1,2,1,1,0,1,0,1,2,0,1,4,1
2792,0,1,2,1,2,1,1,0,1,0,1,3,0,1,4,1
2793,0,1,2,1,2,1,1,0,1,0,2,1,0,1,4,1
2794,0,1,2,1,2,1,1,0,1,0,2,2,0,1,4,1
2795,0,1,2,1,2,1,1,0,1,0,2,3,0,1,4,1
2796,0,1,2,1,2,1,1,0,1,1,1,1,0,1,4,1
2797,0,1,2,1,2,1,1,0,1,1,1,2,0,1,4,1
2798,0,1,2,1,2,1,1,0,1,1,1,3,0,1,4,1
2799,0,1,2,1,2,1,1,0,1,1,2,1,0,1,4,1
2800,0,1,2,1,2,1,1,0,1,1,2,2,0,1,4,1
2801,0,1,2,1,2,1,1,0,1,1,2,3,0,1,4,1
2802,0,1,2,1,2,1,1,0,1,2,1,1,0,1,5,1
2803,0,1,2,1,2,1,1,0,1,2,1,2,0,1,5,1
2804,0,1,2,1,2,1,1,0,1,2,1,3,0,1,5,1
2805,0,1,2,1,2,1,1,0,1,2,2,1,0,1,5,1
2806,0,1,2,1,2,1,1,0,1,2,2,2,0,1,5,1
2807,0,1,2,1,2,1,1,0,1,2,2,3,0,1,5,1
2808,0,1,2,1,2,1,1,0,1,3,1,1,0,1,5,1
2809,0,1,2,1,2,1,1,0,1,3,1,2,0,1,5,1
2810,0,1,2,1,2,1,1,0,1,3,1,3,0,1,5,1
2811,0,1,2,1,2,1,1,0,1,3,2,1,0,1,5,1
2812,0,1,2,1,2,1,1,0,1,3,2,2,0,1,5,1
2813,0,1,2,1,2,1,1,0,1,3,2,3,0,1,5,1
2814,0,1,2,1,2,1,1,0,1,4,1,1,0,1,5,1
2815,0,1,2,1,2,1,1,0,1,4,1,2,0,1,5,1
2816,0,1,2,1,2,1,1,0,1,4,1,3,0,1,5,1
2817,0,1,2,1,2,1,1,0,1,4,2,1,0,1,5,1
2818,0,1,2,1,2,1,1,0,1,4,2,2,0,1,5,1
2819,0,1,2,1,2,1,1,0,1,4,2,3,0,1,5,1
2820,0,1,2,1,2,1,1,1,0,0,1,1,,0,4,0
2821,0,1,2,1,2,1,1,1,0,0,1,2,,0,4,0
2822,0,1,2,1,2,1,1,1,0,0,1,3,,0,4,0
2823,0,1,2,1,2,1,1,1,0,0,2,1,,0,4,0
2824,0,1,2,1,2,1,1,1,0,0,2,2,,0,4,0
2825,0,1,2,1,2,1,1,1,0,0,2,3,,0,4,0
2826,0,1,2,1,2,1,1,1,0,1,1,1,,0,5,0
2827,0,1,2,1,2,1,1,1,0,1,1,2,1,1,7,1
2828,0,1,2,1,2,1,1,1,0,1,1,3,1,1,7,1
2829,0,1,2,1,2,1,1,1,0,1,2,1,,0,5,0
2830,0,1,2,1,2,1,1,1,0,1,2,2,,0,5,0
2831,0,1,2,1,2,1,1,1,0,1,2,3,1,1,7,1
2832,0,1,2,1,2,1,1,1,0,2,1,1,,0,5,0
2833,0,1,2,1,2,1,1,1,0,2,1,2,1,1,8,1
2834,0,1,2,1,2,1,1,1,0,2,1,3,1,1,8,1
2835,0,1,2,1,2,1,1,1,0,2,2,1,,0,5,0
2836,0,1,2,1,2,1,1,1,0,2,2,2,,0,6,0
2837,0,1,2,1,2,1,1,1,0,2,2,3,1,1,8,1
2838,0,1,2,1,2,1,1,1,0,3,1,1,,0,5,0
2839,0,1,2,1,2,1,1,1,0,3,1,2,1,1,8,1
2840,0,1,2,1,2,1,1,1,0,3,1,3,1,1,8,1
2841,0,1,2,1,2,1,1,1,0,3,2,1,,0,5,0
2842,0,1,2,1,2,1,1,1,0,3,2,2,,0,6,0
2843,0,1,2,1,2,1,1,1,0,3,2,3,1,1,8,1
2844,0,1,2,1,2,1,1,1,0,4,1,1,,0,5,0
2845,0,1,2,1,2,1,1,1,0,4,1,2,1,1,8,1
2846,0,1,2,1,2,1,1,1,0,4,1,3,1,1,8,1
2847,0,1,2,1,2,1,1,1,0,4,2,1,,0,5,0
2848,0,1,2,1,2,1,1,1,0,4,2,2,,0,6,0
2849,0,1,2,1,2,1,1,1,0,4,2,3,1,1,8,1
2850,0,1,2,1,2,1,1,1,1,0,1,1,0,1,4,1
2851,0,1,2,1,2,1,1,1,1,0,1,2,0,1,4,1
2852,0,1,2,1,2,1,1,1,1,0,1,3,0,1,4,1
2853,0,1,2,1,2,1,1,1,1,0,2,1,0,1,4,1
2854,0,1,2,1,2,1,1,1,1,0,2,2,0,1,4,1
2855,0,1,2,1,2,1,1,1,1,0,2,3,0,1,4,1
2856,0,1,2,1,2,1,1,1,1,1,1,1,0,1,7,1
2857,0,1,2,1,2,1,1,1,1,1,1,2,0,1,7,1
2858,0,1,2,1,2,1,1,1,1,1,1,3,0,1,7,1
2859,0,1,2,1,2,1,1,1,1,1,2,1,0,1,7,1
2860,0,1,2,1,2,1,1,1,1,1,2,2,0,1,7,1
2861,0,1,2,1,2,1,1,1,1,1,2,3,0,1,7,1
2862,0,1,2,1,2,1,1,1,1,2,1,1,0,1,8,1
2863,0,1,2,1,2,1,1,1,1,2,1,2,0,1,8,1
2864,0,1,2,1,2,1,1,1,1,2,1,3,0,1,8,1
2865,0,1,2,1,2,1,1,1,1,2,2,1,0,1,8,1
2866,0,1,2,1,2,1,1,1,1,2,2,2,0,1,8,1
2867,0,1,2,1,2,1,1,1,1,2,2,3,0,1,8,1
2868,0,1,2,1,2,1,1,1,1,3,1,1,0,1,8,1
2869,0,1,2,1,2,1,1,1,1,3,1,2,0,1,8,1
2870,0,1,2,1,2,1,1,1,1,3,1,3,0,1,8,1
2871,0,1,2,1,2,1,1,1,1,3,2,1,0,1,8,1
2872,0,1,2,1,2,1,1,1,1,3,2,2,0,1,8,1
2873,0,1,2,1,2,1,1,1,1,3,2,3,0,1,8,1
2874,0,1,2,1,2,1,1,1,1,4,1,1,0,1,8,1
2875,0,1,2,1,2,1,1,1,1,4,1,2,0,1,8,1
2876,0,1,2,1,2,1,1,1,1,4,1,3,0,1,8,1
2877,0,1,2,1,2,1,1,1,1,4,2,1,0,1,8,1
2878,0,1,2,1,2,1,1,1,1,4,2,2,0,1,8,1
2879,0,1,2,1,2,1,1,1,1,4,2,3,0,1,8,1
2880,0,1,2,2,1,0,0,0,0,0,1,1,,0,4,0
2881,0,1,2,2,1,0,0,0,0,0,1,2,,0,4,0
2882,0,1,2,2,1,0,0,0,0,0,1,3,,0,4,0
2883,0,1,2,2,1,0,0,0,0,0,2,1,,0,4,0
2884,0,1,2,2,1,0,0,0,0,0,2,2,,0,4,0
2885,0,1,2,2,1,0,0,0,0,0,2,3,,0,4,0
2886,0,1,2,2,1,0,0,0,0,1,1,1,,0,4,0
2887,0,1,2,2,1,0,0,0,0,1,1,2,,0,4,0
2888,0,1,2,2,1,0,0,0,0,1,1,3,,0,4,0
2889,0,1,2,2,1,0,0,0,0,1,2,1,,0,4,0
2890,0,1,2,2,1,0,0,0,0,1,2,2,,0,4,0
2891,0,1,2,2,1,0,0,0,0,1,2,3,,0,4,0
2892,0,1,2,2,1,0,0,0,0,2,1,1,2,1,4,1
2893,0,1,2,2,1,0,0,0,0,2,1,2,2,1,4,1
2894,0,1,2,2,1,0,0,0,0,2,1,3,2,1,4,1
2895,0,1,2,2,1,0,0,0,0,2,2,1,2,1,4,1
2896,0,1,2,2,1,0,0,0,0,2,2,2,2,1,4,1
2897,0,1,2,2,1,0,0,0,0,2,2,3,2,1,4,1
2898,0,1,2,2,1,0,0,0,0,3,1,1,2,1,4,1
2899,0,1,2,2,1,0,0,0,0,3,1,2,2,1,4,1
2900,0,1,2,2,1,0,0,0,0,3,1,3,2,1,4,1
2901,0,1,2,2,1,0,0,0,0,3,2,1,2,1,4,1
2902,0,1,2,2,1,0,0,0,0,3,2,2,2,1,4,1
2903,0,1,2,2,1,0,0,0,0,3,2,3,2,1,4,1
2904,0,1,2,2,1,0,0,0,0,4,1,1,2,1,4,1
2905,0,1,2,2,1,0,0,0,0,4,1,2,2,1,4,1
2906,0,1,2,2,1,0,0,0,0,4,1,3,2,1,4,1
2907,0,1,2,2,1,0,0,0,0,4,2,1,2,1,4,1
2908,0,1,2,2,1,0,0,0,0,4,2,2,2,1,4,1
2909,0,1,2,2,1,0,0,0,0,4,2,3,2,1,4,1
2910,0,1,2,2,1,0,0,0,1,0,1,1,0,1,4,1
2911,0,1,2,2,1,0,0,0,1,0,1,2,0,1,4,1
2912,0,1,2,2,1,0,0,0,1,0,1,3,0,1,4,1
2913,0,1,2,2,1,0,0,0,1,0,2,1,0,1,4,1
2914,0,1,2,2,1,0,0,0,1,0,2,2,0,1,4,1
2915,0,1,2,2,1,0,0,0,1,0,2,3,0,1,4,1
2916,0,1,2,2,1,0,0,0,1,1,1,1,0,1,4,1
2917,0,1,2,2,1,0,0,0,1,1,1,2,0,1,4,1
2918,0,1,2,2,1,0,0,0,1,1,1,3,0,1,4,1
2919,0,1,2,2,1,0,0,0,1,1,2,1,0,1,4,1
2920,0,1,2,2,1,0,0,0,1,1,2,2,0,1,4,1
2921,0,1,2,2,1,0,0,0,1,1,2,3,0,1,4,1
2922,0,1,2,2,1,0,0,0,1,2,1,1,0,1,4,1
2923,0,1,2,2,1,0,0,0,1,2,1,2,0,1,4,1
2924,0,1,2,2,1,0,0,0,1,2,1,3,0,1,4,1
2925,0,1,2,2,1,0,0,0,1,2,2,1,0,1,4,1
2926,0,1,2,2,1,0,0,0,1,2,2,2,0,1,4,1
2927,0,1,2,2,1,0,0,0,1,2,2,3,0,1,4,1
2928,0,1,2,2,1,0,0,0,1,3,1,1,0,1,4,1
2929,0,1,2,2,1,0,0,0,1,3,1,2,0,1,4,1
2930,0,1,2,2,1,0,0,0,1,3,1,3,0,1,4,1
2931,0,1,2,2,1,0,0,0,1,3,2,1,0,1,4,1
2932,0,1,2,2,1,0,0,0,1,3,2,2,0,1,4,1
2933,0,1,2,2,1,0,0,0,1,3,2,3,0,1,4,1
2934,0,1,2,2,1,0,0,0,1,4,1,1,0,1,4,1
2935,0,1,2,2,1,0,0,0,1,4,1,2,0,1,4,1
2936,0,1,2,2,1,0,0,0,1,4,1,3,0,1,4,1
2937,0,1,2,2,1,0,0,0,1,4,2,1,0,1,4,1
2938,0,1,2,2,1,0,0,0,1,4,2,2,0,1,4,1
2939,0,1,2,2,1,0,0,0,1,4,2,3,0,1,4,1
2940,0,1,2,2,1,0,0,1,0,0,1,1,,0,4,0
2941,0,1,2,2,1,0,0,1,0,0,1,2,,0,4,0
2942,0,1,2,2,1,0,0,1,0,0,1,3,,0,4,0
2943,0,1,2,2,1,0,0,1,0,0,2,1,,0,4,0
2944,0,1,2,2,1,0,0,1,0,0,2,2,,0,4,0
2945,0,1,2,2,1,0,0,1,0,0,2,3,,0,4,0
2946,0,1,2,2,1,0,0,1,0,1,1,1,,0,4,0
2947,0,1,2,2,1,0,0,1,0,1,1,2,1,1,4,1
2948,0,1,2,2,1,0,0,1,0,1,1,3,1,1,4,1
2949,0,1,2,2,1,0,0,1,0,1,2,1,,0,4,0
2950,0,1,2,2,1,0,0,1,0,1,2,2,1,1,4,1
2951,0,1,2,2,1,0,0,1,0,1,2,3,1,1,4,1
2952,0,1,2,2,1,0,0,1,0,2,1,1,2,1,4,1
2953,0,1,2,2,1,0,0,1,0,2,1,2,1,1,4,1
2954,0,1,2,2,1,0,0,1,0,2,1,3,1,1,4,1
2955,0,1,2,2,1,0,0,1,0,2,2,1,2,1,4,1
2956,0,1,2,2,1,0,0,1,0,2,2,2,1,1,4,1
2957,0,1,2,2,1,0,0,1,0,2,2,3,1,1,4,1
2958,0,1,2,2,1,0,0,1,0,3,1,1,2,1,4,1
2959,0,1,2,2,1,0,0,1,0,3,1,2,1,1,4,1
2960,0,1,2,2,1,0,0,1,0,3,1,3,1,1,4,1
2961,0,1,2,2,1,0,0,1,0,3,2,1,2,1,4,1
2962,0,1,2,2,1,0,0,1,0,3,2,2,1,1,4,1
2963,0,1,2,2,1,0,0,1,0,3,2,3,1,1,4,1
2964,0,1,2,2,1,0,0,1,0,4,1,1,2,1,4,1
2965,0,1,2,2,1,0,0,1,0,4,1,2,1,1,4,1
2966,0,1,2,2,1,0,0,1,0,4,1,3,1,1,4,1
2967,0,1,2,2,1,0,0,1,0,4,2,1,2,1,4,1
2968,0,1,2,2,1,0,0,1,0,4,2,2,1,1,4,1
2969,0,1,2,2,1,0,0,1,0,4,2,3,1,1,4,1
2970,0,1,2,2,1,0,0,1,1,0,1,1,0,1,4,1
2971,0,1,2,2,1,0,0,1,1,0,1,2,0,1,4,1
2972,0,1,2,2,1,0,0,1,1,0,1,3,0,1,4,1
2973,0,1,2,2,1,0,0,1,1,0,2,1,0,1,4,1
2974,0,1,2,2,1,0,0,1,1,0,2,2,0,1,4,1
2975,0,1,2,2,1,0,0,1,1,0,2,3,0,1,4,1
2976,0,1,2,2,1,0,0,1,1,1,1,1,0,1,4,1
2977,0,1,2,2,1,0,0,1,1,1,1,2,0,1,4,1
2978,0,1,2,2,1,0,0,1,1,1,1,3,0,1,4,1
2979,0,1,2,2,1,0,0,1,1,1,2,1,0,1,4,1
2980,0,1,2,2,1,0,0,1,1,1,2,2,0,1,4,1
2981,0,1,2,2,1,0,0,1,1,1,2,3,0,1,4,1
2982,0,1,2,2,1,0,0,1,1,2,1,1,0,1,4,1
2983,0,1,2,2,1,0,0,1,1,2,1,2,0,1,4,1
2984,0,1,2,2,1,0,0,1,1,2,1,3,0,1,4,1
2985,0,1,2,2,1,0,0,1,1,2,2,1,0,1,4,1
2986,0,1,2,2,1,0,0,1,1,2,2,2,0,1,4,1
2987,0,1,2,2,1,0,0,1,1,2,2,3,0,1,4,1
2988,0,1,2,2,1,0,0,1,1,3,1,1,0,1,4,1
2989,0,1,2,2,1,0,0,1,1,3,1,2,0,1,4,1
2990,0,1,2,2,1,0,0,1,1,3,1,3,0,1,4,1
2991,0,1,2,2,1,0,0,1,1,3,2,1,0,1,4,1
2992,0,1,2,2,1,0,0,1,1,3,2,2,0,1,4,1
2993,0,1,2,2,1,0,0,1,1,3,2,3,0,1,4,1
2994,0,1,2,2,1,0,0,1,1,4,1,1,0,1,4,1
2995,0,1,2,2,1,0,0,1,1,4,1,2,0,1,4,1
2996,0,1,2,2,1,0,0,1,1,4,1,3,0,1,4,1
2997,0,1,2,2,1,0,0,1,1,4,2,1,0,1,4,1
2998,0,1,2,2,1,0,0,1,1,4,2,2,0,1,4,1
2999,0,1,2,2,1,0,0,1,1,4,2,3,0,1,4,1
3000,0,1,2,2,1,0,1,0,0,0,1,1,,0,4,0
3001,0,1,2,2,1,0,1,0,0,0,1,2,,0,4,0
3002,0,1,2,2,1,0,1,0,0,0,1,3,,0,4,0
3003,0,1,2,2,1,0,1,0,0,0,2,1,,0,4,0
3004,0,1,2,2,1,0,1,0,0,0,2,2,,0,4,0
3005,0,1,2,2,1,0,1,0,0,0,2,3,,0,4,0
3006,0,1,2,2,1,0,1,0,0,1,1,1,,0,4,0
3007,0,1,2,2,1,0,1,0,0,1,1,2,,0,4,0
3008,0,1,2,2,1,0,1,0,0,1,1,3,,0,4,0
3009,0,1,2,2,1,0,1,0,0,1,2,1,,0,4,0
3010,0,1,2,2,1,0,1,0,0,1,2,2,,0,4,0
3011,0,1,2,2,1,0,1,0,0,1,2,3,,0,4,0
3012,0,1,2,2,1,0,1,0,0,2,1,1,,0,5,0
3013,0,1,2,2,1,0,1,0,0,2,1,2,2,1,5,1
3014,0,1,2,2,1,0,1,0,0,2,1,3,2,1,5,1
3015,0,1,2,2,1,0,1,0,0,2,2,1,,0,5,0
3016,0,1,2,2,1,0,1,0,0,2,2,2,,0,5,0
3017,0,1,2,2,1,0,1,0,0,2,2,3,2,1,5,1
3018,0,1,2,2,1,0,1,0,0,3,1,1,,0,5,0
3019,0,1,2,2,1,0,1,0,0,3,1,2,2,1,5,1
3020,0,1,2,2,1,0,1,0,0,3,1,3,2,1,5,1
3021,0,1,2,2,1,0,1,0,0,3,2,1,,0,5,0
3022,0,1,2,2,1,0,1,0,0,3,2,2,,0,5,0
3023,0,1,2,2,1,0,1,0,0,3,2,3,2,1,5,1
3024,0,1,2,2,1,0,1,0,0,4,1,1,,0,5,0
3025,0,1,2,2,1,0,1,0,0,4,1,2,2,1,5,1
3026,0,1,2,2,1,0,1,0,0,4,1,3,2,1,5,1
3027,0,1,2,2,1,0,1,0,0,4,2,1,,0,5,0
3028,0,1,2,2,1,0,1,0,0,4,2,2,,0,5,0
3029,0,1,2,2,1,0,1,0,0,4,2,3,2,1,5,1
3030,0,1,2,2,1,0,1,0,1,0,1,1,0,1,4,1
3031,0,1,2,2,1,0,1,0,1,0,1,2,0,1,4,1
3032,0,1,2,2,1,0,1,0,1,0,1,3,0,1,4,1
3033,0,1,2,2,1,0,1,0,1,0,2,1,0,1,4,1
3034,0,1,2,2,1,0,1,0,1,0,2,2,0,1,4,1
3035,0,1,2,2,1,0,1,0,1,0,2,3,0,1,4,1
3036,0,1,2,2,1,0,1,0,1,1,1,1,0,1,4,1
3037,0,1,2,2,1,0,1,0,1,1,1,2,0,1,4,1
3038,0,1,2,2,1,0,1,0,1,1,1,3,0,1,4,1
3039,0,1,2,2,1,0,1,0,1,1,2,1,0,1,4,1
3040,0,1,2,2,1,0,1,0,1,1,2,2,0,1,4,1
3041,0,1,2,2,1,0,1,0,1,1,2,3,0,1,4,1
3042,0,1,2,2,1,0,1,0,1,2,1,1,0,1,5,1
3043,0,1,2,2,1,0,1,0,1,2,1,2,0,1,5,1
3044,0,1,2,2,1,0,1,0,1,2,1,3,0,1,5,1
3045,0,1,2,2,1,0,1,0,1,2,2,1,0,1,5,1
3046,0,1,2,2,1,0,1,0,1,2,2,2,0,1,5,1
3047,0,1,2,2,1,0,1,0,1,2,2,3,0,1,5,1
3048,0,1,2,2,1,0,1,0,1,3,1,1,0,1,5,1
3049,0,1,2,2,1,0,1,0,1,3,1,2,0,1,5,1
3050,0,1,2,2,1,0,1,0,1,3,1,3,0,1,5,1
3051,0,1,2,2,1,0,1,0,1,3,2,1,0,1,5,1
3052,0,1,2,2,1,0,1,0,1,3,2,2,0,1,5,1
3053,0,1,2,2,1,0,1,0,1,3,2,3,0,1,5,1
3054,0,1,2,2,1,0,1,0,1,4,1,1,0,1,5,1
3055,0,1,2,2,1,0,1,0,1,4,1,2,0,1,5,1
3056,0,1,2,2,1,0,1,0,1,4,1,3,0,1,5,1
3057,0,1,2,2,1,0,1,0,1,4,2,1,0,1,5,1
3058,0,1,2,2,1,0,1,0,1,4,2,2,0,1,5,1
3059,0,1,2,2,1,0,1,0,1,4,2,3,0,1,5,1
3060,0,1,2,2,1,0,1,1,0,0,1,1,,0,4,0
3061,0,1,2,2,1,0,1,1,0,0,1,2,,0,4,0
3062,0,1,2,2,1,0,1,1,0,0,1,3,,0,4,0
3063,0,1,2,2,1,0,1,1,0,0,2,1,,0,4,0
3064,0,1,2,2,1,0,1,1,0,0,2,2,,0,4,0
3065,0,1,2,2,1,0,1,1,0,0,2,3,,0,4,0
3066,0,1,2,2,1,0,1,1,0,1,1,1,,0,4,0
3067,0,1,2,2,1,0,1,1,0,1,1,2,,0,5,0
3068,0,1,2,2,1,0,1,1,0,1,1,3,1,1,5,1
3069,0,1,2,2,1,0,1,1,0,1,2,1,,0,4,0
3070,0,1,2,2,1,0,1,1,0,1,2,2,,0,5,0
3071,0,1,2,2,1,0,1,1,0,1,2,3,,0,5,0
3072,0,1,2,2,1,0,1,1,0,2,1,1,,0,5,0
3073,0,1,2,2,1,0,1,1,0,2,1,2,2,1,6,1
3074,0,1,2,2,1,0,1,1,0,2,1,3,1,1,6,1
3075,0,1,2,2,1,0,1,1,0,2,2,1,,0,5,0
3076,0,1,2,2,1,0,1,1,0,2,2,2,,0,6,0
3077,0,1,2,2,1,0,1,1,0,2,2,3,2,1,6,1
3078,0,1,2,2,1,0,1,1,0,3,1,1,,0,5,0
3079,0,1,2,2,1,0,1,1,0,3,1,2,2,1,6,1
3080,0,1,2,2,1,0,1,1,0,3,1,3,1,1,6,1
3081,0,1,2,2,1,0,1,1,0,3,2,1,,0,5,0
3082,0,1,2,2,1,0,1,1,0,3,2,2,,0,6,0
3083,0,1,2,2,1,0,1,1,0,3,2,3,2,1,6,1
3084,0,1,2,2,1,0,1,1,0,4,1,1,,0,5,0
3085,0,1,2,2,1,0,1,1,0,4,1,2,2,1,6,1
3086,0,1,2,2,1,0,1,1,0,4,1,3,1,1,6,1
3087,0,1,2,2,1,0,1,1,0,4,2,1,,0,5,0
3088,0,1,2,2,1,0,1,1,0,4,2,2,,0,6,0
3089,0,1,2,2,1,0,1,1,0,4,2,3,2,1,6,1
3090,0,1,2,2,1,0,1,1,1,0,1,1,0,1,4,1
3091,0,1,2,2,1,0,1,1,1,0,1,2,0,1,4,1
3092,0,1,2,2,1,0,1,1,1,0,1,3,0,1,4,1
3093,0,1,2,2,1,0,1,1,1,0,2,1,0,1,4,1
3094,0,1,2,2,1,0,1,1,1,0,2,2,0,1,4,1
3095,0,1,2,2,1,0,1,1,1,0,2,3,0,1,4,1
3096,0,1,2,2,1,0,1,1,1,1,1,1,0,1,5,1
3097,0,1,2,2,1,0,1,1,1,1,1,2,0,1,5,1
3098,0,1,2,2,1,0,1,1,1,1,1,3,0,1,5,1
3099,0,1,2,2,1,0,1,1,1,1,2,1,0,1,5,1
3100,0,1,2,2,1,0,1,1,1,1,2,2,0,1,5,1
3101,0,1,2,2,1,0,1,1,1,1,2,3,0,1,5,1
3102,0,1,2,2,1,0,1,1,1,2,1,1,0,1,6,1
3103,0,1,2,2,1,0,1,1,1,2,1,2,0,1,6,1
3104,0,1,2,2,1,0,1,1,1,2,1,3,0,1,6,1
3105,0,1,2,2,1,0,1,1,1,2,2,1,0,1,6,1
3106,0,1,2,2,1,0,1,1,1,2,2,2,0,1,6,1
3107,0,1,2,2,1,0,1,1,1,2,2,3,0,1,6,1
3108,0,1,2,2,1,0,1,1,1,3,1,1,0,1,6,1
3109,0,1,2,2,1,0,1,1,1,3,1,2,0,1,6,1
3110,0,1,2,2,1,0,1,1,1,3,1,3,0,1,6,1
3111,0,1,2,2,1,0,1,1,1,3,2,1,0,1,6,1
3112,0,1,2,2,1,0,1,1,1,3,2,2,0,1,6,1
3113,0,1,2,2,1,0,1,1,1,3,2,3,0,1,6,1
3114,0,1,2,2,1,0,1,1,1,4,1,1,0,1,6,1
3115,0,1,2,2,1,0,1,1,1,4,1,2,0,1,6,1
3116,0,1,2,2,1,0,1,1,1,4,1,3,0,1,6,1
3117,0,1,2,2,1,0,1,1,1,4,2,1,0,1,6,1
3118,0,1,2,2,1,0,1,1,1,4,2,2,0,1,6,1
3119,0,1,2,2,1,0,1,1,1,4,2,3,0,1,6,1
3120,0,1,2,2,1,1,0,0,0,0,1,1,,0,4,0
3121,0,1,2,2,1,1,0,0,0,0,1,2,,0,4,0
3122,0,1,2,2,1,1,0,0,0,0,1,3,,0,4,0
3123,0,1,2,2,1,1,0,0,0,0,2,1,,0,4,0
3124,0,1,2,2,1,1,0,0,0,0,2,2,,0,4,0
3125,0,1,2,2,1,1,0,0,0,0,2,3,,0,4,0
3126,0,1,2,2,1,1,0,0,0,1,1,1,,0,4,0
3127,0,1,2,2,1,1,0,0,0,1,1,2,,0,4,0
3128,0,1,2,2,1,1,0,0,0,1,1,3,,0,4,0
3129,0,1,2,2,1,1,0,0,0,1,2,1,,0,4,0
3130,0,1,2,2,1,1,0,0,0,1,2,2,,0,4,0
3131,0,1,2,2,1,1,0,0,0,1,2,3,,0,4,0
3132,0,1,2,2,1,1,0,0,0,2,1,1,2,1,4,1
3133,0,1,2,2,1,1,0,0,0,2,1,2,2,1,4,1
3134,0,1,2,2,1,1,0,0,0,2,1,3,2,1,4,1
3135,0,1,2,2,1,1,0,0,0,2,2,1,2,1,4,1
3136,0,1,2,2,1,1,0,0,0,2,2,2,2,1,4,1
3137,0,1,2,2,1,1,0,0,0,2,2,3,2,1,4,1
3138,0,1,2,2,1,1,0,0,0,3,1,1,2,1,4,1
3139,0,1,2,2,1,1,0,0,0,3,1,2,2,1,4,1
3140,0,1,2,2,1,1,0,0,0,3,1,3,2,1,4,1
3141,0,1,2,2,1,1,0,0,0,3,2,1,2,1,4,1
3142,0,1,2,2,1,1,0,0,0,3,2,2,2,1,4,1
3143,0,1,2,2,1,1,0,0,0,3,2,3,2,1,4,1
3144,0,1,2,2,1,1,0,0,0,4,1,1,2,1,4,1
3145,0,1,2,2,1,1,0,0,0,4,1,2,2,1,4,1
3146,0,1,2,2,1,1,0,0,0,4,1,3,2,1,4,1
3147,0,1,2,2,1,1,0,0,0,4,2,1,2,1,4,1
3148,0,1,2,2,1,1,0,0,0,4,2,2,2,1,4,1
3149,0,1,2,2,1,1,0,0,0,4,2,3,2,1,4,1
3150,0,1,2,2,1,1,0,0,1,0,1,1,0,1,4,1
3151,0,1,2,2,1,1,0,0,1,0,1,2,0,1,4,1
3152,0,1,2,2,1,1,0,0,1,0,1,3,0,1,4,1
3153,0,1,2,2,1,1,0,0,1,0,2,1,0,1,4,1
3154,0,1,2,2,1,1,0,0,1,0,2,2,0,1,4,1
3155,0,1,2,2,1,1,0,0,1,0,2,3,0,1,4,1
3156,0,1,2,2,1,1,0,0,1,1,1,1,0,1,4,1
3157,0,1,2,2,1,1,0,0,1,1,1,2,0,1,4,1
3158,0,1,2,2,1,1,0,0,1,1,1,3,0,1,4,1
3159,0,1,2,2,1,1,0,0,1,1,2,1,0,1,4,1
3160,0,1,2,2,1,1,0,0,1,1,2,2,0,1,4,1
3161,0,1,2,2,1,1,0,0,1,1,2,3,0,1,4,1
3162,0,1,2,2,1,1,0,0,1,2,1,1,0,1,4,1
3163,0,1,2,2,1,1,0,0,1,2,1,2,0,1,4,1
3164,0,1,2,2,1,1,0,0,1,2,1,3,0,1,4,1
3165,0,1,2,2,1,1,0,0,1,2,2,1,0,1,4,1
3166,0,1,2,2,1,1,0,0,1,2,2,2,0,1,4,1
3167,0,1,2,2,1,1,0,0,1,2,2,3,0,1,4,1
3168,0,1,2,2,1,1,0,0,1,3,1,1,0,1,4,1
3169,0,1,2,2,1,1,0,0,1,3,1,2,0,1,4,1
3170,0,1,2,2,1,1,0,0,1,3,1,3,0,1,4,1
3171,0,1,2,2,1,1,0,0,1,3,2,1,0,1,4,1
3172,0,1,2,2,1,1,0,0,1,3,2,2,0,1,4,1
3173,0,1,2,2,1,1,0,0,1,3,2,3,0,1,4,1
3174,0,1,2,2,1,1,0,0,1,4,1,1,0,1,4,1
3175,0,1,2,2,1,1,0,0,1,4,1,2,0,1,4,1
3176,0,1,2,2,1,1,0,0,1,4,1,3,0,1,4,1
3177,0,1,2,2,1,1,0,0,1,4,2,1,0,1,4,1
3178,0,1,2,2,1,1,0,0,1,4,2,2,0,1,4,1
3179,0,1,2,2,1,1,0,0,1,4,2,3,0,1,4,1
3180,0,1,2,2,1,1,0,1,0,0,1,1,,0,4,0
3181,0,1,2,2,1,1,0,1,0,0,1,2,,0,4,0
3182,0,1,2,2,1,1,0,1,0,0,1,3,,0,4,0
3183,0,1,2,2,1,1,0,1,0,0,2,1,,0,4,0
3184,0,1,2,2,1,1,0,1,0,0,2,2,,0,4,0
3185,0,1,2,2,1,1,0,1,0,0,2,3,,0,4,0
3186,0,1,2,2,1,1,0,1,0,1,1,1,,0,4,0
3187,0,1,2,2,1,1,0,1,0,1,1,2,1,1,5,1
3188,0,1,2,2,1,1,0,1,0,1,1,3,1,1,5,1
3189,0,1,2,2,1,1,0,1,0,1,2,1,,0,4,0
3190,0,1,2,2,1,1,0,1,0,1,2,2,1,1,5,1
3191,0,1,2,2,1,1,0,1,0,1,2,3,1,1,5,1
3192,0,1,2,2,1,1,0,1,0,2,1,1,2,1,4,1
3193,0,1,2,2,1,1,0,1,0,2,1,2,1,1,5,1
3194,0,1,2,2,1,1,0,1,0,2,1,3,1,1,5,1
3195,0,1,2,2,1,1,0,1,0,2,2,1,2,1,4,1
3196,0,1,2,2,1,1,0,1,0,2,2,2,1,1,5,1
3197,0,1,2,2,1,1,0,1,0,2,2,3,1,1,5,1
3198,0,1,2,2,1,1,0,1,0,3,1,1,2,1,4,1
3199,0,1,2,2,1,1,0,1,0,3,1,2,1,1,5,1
3200,0,1,2,2,1,1,0,1,0,3,1,3,1,1,5,1
3201,0,1,2,2,1,1,0,1,0,3,2,1,2,1,4,1
3202,0,1,2,2,1,1,0,1,0,3,2,2,1,1,5,1
3203,0,1,2,2,1,1,0,1,0,3,2,3,1,1,5,1
3204,0,1,2,2,1,1,0,1,0,4,1,1,2,1,4,1
3205,0,1,2,2,1,1,0,1,0,4,1,2,1,1,5,1
3206,0,1,2,2,1,1,0,1,0,4,1,3,1,1,5,1
3207,0,1,2,2,1,1,0,1,0,4,2,1,2,1,4,1
3208,0,1,2,2,1,1,0,1,0,4,2,2,1,1,5,1
3209,0,1,2,2,1,1,0,1,0,4,2,3,1,1,5,1
3210,0,1,2,2,1,1,0,1,1,0,1,1,0,1,4,1
3211,0,1,2,2,1,1,0,1,1,0,1,2,0,1,4,1
3212,0,1,2,2,1,1,0,1,1,0,1,3,0,1,4,1
3213,0,1,2,2,1,1,0,1,1,0,2,1,0,1,4,1
3214,0,1,2,2,1,1,0,1,1,0,2,2,0,1,4,1
3215,0,1,2,2,1,1,0,1,1,0,2,3,0,1,4,1
3216,0,1,2,2,1,1,0,1,1,1,1,1,0,1,5,1
3217,0,1,2,2,1,1,0,1,1,1,1,2,0,1,5,1
3218,0,1,2,2,1,1,0,1,1,1,1,3,0,1,5,1
3219,0,1,2,2,1,1,0,1,1,1,2,1,0,1,5,1
3220,0,1,2,2,1,1,0,1,1,1,2,2,0,1,5,1
3221,0,1,2,2,1,1,0,1,1,1,2,3,0,1,5,1
3222,0,1,2,2,1,1,0,1,1,2,1,1,0,1,5,1
3223,0,1,2,2,1,1,0,1,1,2,1,2,0,1,5,1
3224,0,1,2,2,1,1,0,1,1,2,1,3,0,1,5,1
3225,0,1,2,2,1,1,0,1,1,2,2,1,0,1,5,1
3226,0,1,2,2,1,1,0,1,1,2,2,2,0,1,5,1
3227,0,1,2,2,1,1,0,1,1,2,2,3,0,1,5,1
3228,0,1,2,2,1,1,0,1,1,3,1,1,0,1,5,1
3229,0,1,2,2,1,1,0,1,1,3,1,2,0,1,5,1
3230,0,1,2,2,1,1,0,1,1,3,1,3,0,1,5,1
3231,0,1,2,2,1,1,0,1,1,3,2,1,0,1,5,1
3232,0,1,2,2,1,1,0,1,1,3,2,2,0,1,5,1
3233,0,1,2,2,1,1,0,1,1,3,2,3,0,1,5,1
3234,0,1,2,2,1,1,0,1,1,4,1,1,0,1,5,1
3235,0,1,2,2,1,1,0,1,1,4,1,2,0,1,5,1
3236,0,1,2,2,1,1,0,1,1,4,1,3,0,1,5,1
3237,0,1,2,2,1,1,0,1,1,4,2,1,0,1,5,1
3238,0,1,2,2,1,1,0,1,1,4,2,2,0,1,5,1
3239,0,1,2,2,1,1,0,1,1,4,2,3,0,1,5,1
3240,0,1,2,2,1,1,1,0,0,0,1,1,,0,4,0
3241,0,1,2,2,1,1,1,0,0,0,1,2,,0,4,0
3242,0,1,2,2,1,1,1,0,0,0,1,3,,0,4,0
3243,0,1,2,2,1,1,1,0,0,0,2,1,,0,4,0
3244,0,1,2,2,1,1,1,0,0,0,2,2,,0,4,0
3245,0,1,2,2,1,1,1,0,0,0,2,3,,0,4,0
3246,0,1,2,2,1,1,1,0,0,1,1,1,,0,4,0
3247,0,1,2,2,1,1,1,0,0,1,1,2,,0,4,0
3248,0,1,2,2,1,1,1,0,0,1,1,3,,0,4,0
3249,0,1,2,2,1,1,1,0,0,1,2,1,,0,4,0
3250,0,1,2,2,1,1,1,0,0,1,2,2,,0,4,0
3251,0,1,2,2,1,1,1,0,0,1,2,3,,0,4,0
3252,0,1,2,2,1,1,1,0,0,2,1,1,,0,5,0
3253,0,1,2,2,1,1,1,0,0,2,1,2,2,1,5,1
3254,0,1,2,2,1,1,1,0,0,2,1,3,2,1,5,1
3255,0,1,2,2,1,1,1,0,0,2,2,1,,0,5,0
3256,0,1,2,2,1,1,1,0,0,2,2,2,,0,5,0
3257,0,1,2,2,1,1,1,0,0,2,2,3,2,1,5,1
3258,0,1,2,2,1,1,1,0,0,3,1,1,,0,5,0
3259,0,1,2,2,1,1,1,0,0,3,1,2,2,1,5,1
3260,0,1,2,2,1,1,1,0,0,3,1,3,2,1,5,1
3261,0,1,2,2,1,1,1,0,0,3,2,1,,0,5,0
3262,0,1,2,2,1,1,1,0,0,3,2,2,,0,5,0
3263,0,1,2,2,1,1,1,0,0,3,2,3,2,1,5,1
3264,0,1,2,2,1,1,1,0,0,4,1,1,,0,5,0
3265,0,1,2,2,1,1,1,0,0,4,1,2,2,1,5,1
3266,0,1,2,2,1,1,1,0,0,4,1,3,2,1,5,1
3267,0,1,2,2,1,1,1,0,0,4,2,1,,0,5,0
3268,0,1,2,2,1,1,1,0,0,4,2,2,,0,5,0
3269,0,1,2,2,1,1,1,0,0,4,2,3,2,1,5,1
3270,0,1,2,2,1,1,1,0,1,0,1,1,0,1,4,1
3271,0,1,2,2,1,1,1,0,1,0,1,2,0,1,4,1
3272,0,1,2,2,1,1,1,0,1,0,1,3,0,1,4,1
3273,0,1,2,2,1,1,1,0,1,0,2,1,0,1,4,1
3274,0,1,2,2,1,1,1,0,1,0,2,2,0,1,4,1
3275,0,1,2,2,1,1,1,0,1,0,2,3,0,1,4,1
3276,0,1,2,2,1,1,1,0,1,1,1,1,0,1,4,1
3277,0,1,2,2,1,1,1,0,1,1,1,2,0,1,4,1
3278,0,1,2,2,1,1,1,0,1,1,1,3,0,1,4,1
3279,0,1,2,2,1,1,1,0,1,1,2,1,0,1,4,1
3280,0,1,2,2,1,1,1,0,1,1,2,2,0,1,4,1
3281,0,1,2,2,1,1,1,0,1,1,2,3,0,1,4,1
3282,0,1,2,2,1,1,1,0,1,2,1,1,0,1,5,1
3283,0,1,2,2,1,1,1,0,1,2,1,2,0,1,5,1
3284,0,1,2,2,1,1,1,0,1,2,1,3,0,1,5,1
3285,0,1,2,2,1,1,1,0,1,2,2,1,0,1,5,1
3286,0,1,2,2,1,1,1,0,1,2,2,2,0,1,5,1
3287,0,1,2,2,1,1,1,0,1,2,2,3,0,1,5,1
3288,0,1,2,2,1,1,1,0,1,3,1,1,0,1,5,1
3289,0,1,2,2,1,1,1,0,1,3,1,2,0,1,5,1
3290,0,1,2,2,1,1,1,0,1,3,1,3,0,1,5,1
3291,0,1,2,2,1,1,1,0,1,3,2,1,0,1,5,1
3292,0,1,2,2,1,1,1,0,1,3,2,2,0,1,5,1
3293,0,1,2,2,1,1,1,0,1,3,2,3,0,1,5,1
3294,0,1,2,2,1,1,1,0,1,4,1,1,0,1,5,1
3295,0,1,2,2,1,1,1,0,1,4,1,2,0,1,5,1
3296,0,1,2,2,1,1,1,0,1,4,1,3,0,1,5,1
3297,0,1,2,2,1,1,1,0,1,4,2,1,0,1,5,1
3298,0,1,2,2,1,1,1,0,1,4,2,2,0,1,5,1
3299,0,1,2,2,1,1,1,0,1,4,2,3,0,1,5,1
3300,0,1,2,2,1,1,1,1,0,0,1,1,,0,4,0
3301,0,1,2,2,1,1,1,1,0,0,1,2,,0,4,0
3302,0,1,2,2,1,1,1,1,0,0,1,3,,0,4,0
3303,0,1,2,2,1,1,1,1,0,0,2,1,,0,4,0
3304,0,1,2,2,1,1,1,1,0,0,2,2,,0,4,0
3305,0,1,2,2,1,1,1,1,0,0,2,3,,0,4,0
3306,0,1,2,2,1,1,1,1,0,1,1,1,,0,4,0
3307,0,1,2,2,1,1,1,1,0,1,1,2,,0,5,0
3308,0,1,2,2,1,1,1,1,0,1,1,3,1,1,7,1
3309,0,1,2,2,1,1,1,1,0,1,2,1,,0,4,0
3310,0,1,2,2,1,1,1,1,0,1,2,2,,0,5,0
3311,0,1,2,2,1,1,1,1,0,1,2,3,,0,5,0
3312,0,1,2,2,1,1,1,1,0,2,1,1,,0,5,0
3313,0,1,2,2,1,1,1,1,0,2,1,2,2,1,6,1
3314,0,1,2,2,1,1,1,1,0,2,1,3,1,1,8,1
3315,0,1,2,2,1,1,1,1,0,2,2,1,,0,5,0
3316,0,1,2,2,1,1,1,1,0,2,2,2,,0,6,0
3317,0,1,2,2,1,1,1,1,0,2,2,3,2,1,6,1
3318,0,1,2,2,1,1,1,1,0,3,1,1,,0,5,0
3319,0,1,2,2,1,1,1,1,0,3,1,2,2,1,6,1
3320,0,1,2,2,1,1,1,1,0,3,1,3,1,1,8,1
3321,0,1,2,2,1,1,1,1,0,3,2,1,,0,5,0
3322,0,1,2,2,1,1,1,1,0,3,2,2,,0,6,0
3323,0,1,2,2,1,1,1,1,0,3,2,3,2,1,6,1
3324,0,1,2,2,1,1,1,1,0,4,1,1,,0,5,0
3325,0,1,2,2,1,1,1,1,0,4,1,2,2,1,6,1
3326,0,1,2,2,1,1,1,1,0,4,1,3,1,1,8,1
3327,0,1,2,2,1,1,1,1,0,4,2,1,,0,5,0
3328,0,1,2,2,1,1,1,1,0,4,2,2,,0,6,0
3329,0,1,2,2,1,1,1,1,0,4,2,3,2,1,6,1
3330,0,1,2,2,1,1,1,1,1,0,1,1,0,1,4,1
3331,0,1,2,2,1,1,1,1,1,0,1,2,0,1,4,1
3332,0,1,2,2,1,1,1,1,1,0,1,3,0,1,4,1
3333,0,1,2,2,1,1,1,1,1,0,2,1,0,1,4,1
3334,0,1,2,2,1,1,1,1,1,0,2,2,0,1,4,1
3335,0,1,2,2,1,1,1,1,1,0,2,3,0,1,4,1
3336,0,1,2,2,1,1,1,1,1,1,1,1,0,1,7,1
3337,0,1,2,2,1,1,1,1,1,1,1,2,0,1,7,1
3338,0,1,2,2,1,1,1,1,1,1,1,3,0,1,7,1
3339,0,1,2,2,1,1,1,1,1,1,2,1,0,1,7,1
3340,0,1,2,2,1,1,1,1,1,1,2,2,0,1,7,1
3341,0,1,2,2,1,1,1,1,1,1,2,3,0,1,7,1
3342,0,1,2,2,1,1,1,1,1,2,1,1,0,1,8,1
3343,0,1,2,2,1,1,1,1,1,2,1,2,0,1,8,1
3344,0,1,2,2,1,1,1,1,1,2,1,3,0,1,8,1
3345,0,1,2,2,1,1,1,1,1,2,2,1,0,1,8,1
3346,0,1,2,2,1,1,1,1,1,2,2,2,0,1,8,1
3347,0,1,2,2,1,1,1,1,1,2,2,3,0,1,8,1
3348,0,1,2,2,1,1,1,1,1,3,1,1,0,1,8,1
3349,0,1,2,2,1,1,1,1,1,3,1,2,0,1,8,1
3350,0,1,2,2,1,1,1,1,1,3,1,3,0,1,8,1
3351,0,1,2,2,1,1,1,1,1,3,2,1,0,1,8,1
3352,0,1,2,2,1,1,1,1,1,3,2,2,0,1,8,1
3353,0,1,2,2,1,1,1,1,1,3,2,3,0,1,8,1
3354,0,1,2,2,1,1,1,1,1,4,1,1,0,1,8,1
3355,0,1,2,2,1,1,1,1,1,4,1,2,0,1,8,1
3356,0,1,2,2,1,1,1,1,1,4,1,3,0,1,8,1
3357,0,1,2,2,1,1,1,1,1,4,2,1,0,1,8,1
3358,0,1,2,2,1,1,1,1,1,4,2,2,0,1,8,1
3359,0,1,2,2,1,1,1,1,1,4,2,3,0,1,8,1
3360,0,1,2,2,2,0,0,0,0,0,1,1,,0,4,0
3361,0,1,2,2,2,0,0,0,0,0,1,2,,0,4,0
3362,0,1,2,2,2,0,0,0,0,0,1,3,,0,4,0
3363,0,1,2,2,2,0,0,0,0,0,2,1,,0,4,0
3364,0,1,2,2,2,0,0,0,0,0,2,2,,0,4,0
3365,0,1,2,2,2,0,0,0,0,0,2,3,,0,4,0
3366,0,1,2,2,2,0,0,0,0,1,1,1,,0,4,0
3367,0,1,2,2,2,0,0,0,0,1,1,2,,0,4,0
3368,0,1,2,2,2,0,0,0,0,1,1,3,,0,4,0
3369,0,1,2,2,2,0,0,0,0,1,2,1,,0,4,0
3370,0,1,2,2,2,0,0,0,0,1,2,2,,0,4,0
3371,0,1,2,2,2,0,0,0,0,1,2,3,,0,4,0
3372,0,1,2,2,2,0,0,0,0,2,1,1,,0,4,0
3373,0,1,2,2,2,0,0,0,0,2,1,2,2,1,4,1
3374,0,1,2,2,2,0,0,0,0,2,1,3,2,1,4,1
3375,0,1,2,2,2,0,0,0,0,2,2,1,,0,4,0
3376,0,1,2,2,2,0,0,0,0,2,2,2,2,1,4,1
3377,0,1,2,2,2,0,0,0,0,2,2,3,2,1,4,1
3378,0,1,2,2,2,0,0,0,0,3,1,1,,0,4,0
3379,0,1,2,2,2,0,0,0,0,3,1,2,2,1,4,1
3380,0,1,2,2,2,0,0,0,0,3,1,3,2,1,4,1
3381,0,1,2,2,2,0,0,0,0,3,2,1,,0,4,0
3382,0,1,2,2,2,0,0,0,0,3,2,2,2,1,4,1
3383,0,1,2,2,2,0,0,0,0,3,2,3,2,1,4,1
3384,0,1,2,2,2,0,0,0,0,4,1,1,,0,4,0
3385,0,1,2,2,2,0,0,0,0,4,1,2,2,1,4,1
3386,0,1,2,2,2,0,0,0,0,4,1,3,2,1,4,1
3387,0,1,2,2,2,0,0,0,0,4,2,1,,0,4,0
3388,0,1,2,2,2,0,0,0,0,4,2,2,2,1,4,1
3389,0,1,2,2,2,0,0,0,0,4,2,3,2,1,4,1
3390,0,1,2,2,2,0,0,0,1,0,1,1,0,1,4,1
3391,0,1,2,2,2,0,0,0,1,0,1,2,0,1,4,1
3392,0,1,2,2,2,0,0,0,1,0,1,3,0,1,4,1
3393,0,1,2,2,2,0,0,0,1,0,2,1,0,1,4,1
3394,0,1,2,2,2,0,0,0,1,0,2,2,0,1,4,1
3395,0,1,2,2,2,0,0,0,1,0,2,3,0,1,4,1
3396,0,1,2,2,2,0,0,0,1,1,1,1,0,1,4,1
3397,0,1,2,2,2,0,0,0,1,1,1,2,0,1,4,1
3398,0,1,2,2,2,0,0,0,1,1,1,3,0,1,4,1
3399,0,1,2,2,2,0,0,0,1,1,2,1,0,1,4,1
3400,0,1,2,2,2,0,0,0,1,1,2,2,0,1,4,1
3401,0,1,2,2,2,0,0,0,1,1,2,3,0,1,4,1
3402,0,1,2,2,2,0,0,0,1,2,1,1,0,1,4,1
3403,0,1,2,2,2,0,0,0,1,2,1,2,0,1,4,1
3404,0,1,2,2,2,0,0,0,1,2,1,3,0,1,4,1
3405,0,1,2,2,2,0,0,0,1,2,2,1,0,1,4,1
3406,0,1,2,2,2,0,0,0,1,2,2,2,0,1,4,1
3407,0,1,2,2,2,0,0,0,1,2,2,3,0,1,4,1
3408,0,1,2,2,2,0,0,0,1,3,1,1,0,1,4,1
3409,0,1,2,2,2,0,0,0,1,3,1,2,0,1,4,1
3410,0,1,2,2,2,0,0,0,1,3,1,3,0,1,4,1
3411,0,1,2,2,2,0,0,0,1,3,2,1,0,1,4,1
3412,0,1,2,2,2,0,0,0,1,3,2,2,0,1,4,1
3413,0,1,2,2,2,0,0,0,1,3,2,3,0,1,4,1
3414,0,1,2,2,2,0,0,0,1,4,1,1,0,1,4,1
3415,0,1,2,2,2,0,0,0,1,4,1,2,0,1,4,1
3416,0,1,2,2,2,0,0,0,1,4,1,3,0,1,4,1
3417,0,1,2,2,2,0,0,0,1,4,2,1,0,1,4,1
3418,0,1,2,2,2,0,0,0,1,4,2,2,0,1,4,1
3419,0,1,2,2,2,0,0,0,1,4,2,3,0,1,4,1
3420,0,1,2,2,2,0,0,1,0,0,1,1,,0,4,0
3421,0,1,2,2,2,0,0,1,0,0,1,2,,0,4,0
3422,0,1,2,2,2,0,0,1,0,0,1,3,,0,4,0
3423,0,1,2,2,2,0,0,1,0,0,2,1,,0,4,0
3424,0,1,2,2,2,0,0,1,0,0,2,2,,0,4,0
3425,0,1,2,2,2,0,0,1,0,0,2,3,,0,4,0
3426,0,1,2,2,2,0,0,1,0,1,1,1,,0,4,0
3427,0,1,2,2,2,0,0,1,0,1,1,2,1,1,4,1
3428,0,1,2,2,2,0,0,1,0,1,1,3,1,1,4,1
3429,0,1,2,2,2,0,0,1,0,1,2,1,,0,4,0
3430,0,1,2,2,2,0,0,1,0,1,2,2,1,1,4,1
3431,0,1,2,2,2,0,0,1,0,1,2,3,1,1,4,1
3432,0,1,2,2,2,0,0,1,0,2,1,1,,0,4,0
3433,0,1,2,2,2,0,0,1,0,2,1,2,1,1,4,1
3434,0,1,2,2,2,0,0,1,0,2,1,3,1,1,4,1
3435,0,1,2,2,2,0,0,1,0,2,2,1,,0,4,0
3436,0,1,2,2,2,0,0,1,0,2,2,2,1,1,4,1
3437,0,1,2,2,2,0,0,1,0,2,2,3,1,1,4,1
3438,0,1,2,2,2,0,0,1,0,3,1,1,,0,4,0
3439,0,1,2,2,2,0,0,1,0,3,1,2,1,1,4,1
3440,0,1,2,2,2,0,0,1,0,3,1,3,1,1,4,1
3441,0,1,2,2,2,0,0,1,0,3,2,1,,0,4,0
3442,0,1,2,2,2,0,0,1,0,3,2,2,1,1,4,1
3443,0,1,2,2,2,0,0,1,0,3,2,3,1,1,4,1
3444,0,1,2,2,2,0,0,1,0,4,1,1,,0,4,0
3445,0,1,2,2,2,0,0,1,0,4,1,2,1,1,4,1
3446,0,1,2,2,2,0,0,1,0,4,1,3,1,1,4,1
3447,0,1,2,2,2,0,0,1,0,4,2,1,,0,4,0
3448,0,1,2,2,2,0,0,1,0,4,2,2,1,1,4,1
3449,0,1,2,2,2,0,0,1,0,4,2,3,1,1,4,1
3450,0,1,2,2,2,0,0,1,1,0,1,1,0,1,4,1
3451,0,1,2,2,2,0,0,1,1,0,1,2,0,1,4,1
3452,0,1,2,2,2,0,0,1,1,0,1,3,0,1,4,1
3453,0,1,2,2,2,0,0,1,1,0,2,1,0,1,4,1
3454,0,1,2,2,2,0,0,1,1,0,2,2,0,1,4,1
3455,0,1,2,2,2,0,0,1,1,0,2,3,0,1,4,1
3456,0,1,2,2,2,0,0,1,1,1,1,1,0,1,4,1
3457,0,1,2,2,2,0,0,1,1,1,1,2,0,1,4,1
3458,0,1,2,2,2,0,0,1,1,1,1,3,0,1,4,1
3459,0,1,2,2,2,0,0,1,1,1,2,1,0,1,4,1
3460,0,1,2,2,2,0,0,1,1,1,2,2,0,1,4,1
3461,0,1,2,2,2,0,0,1,1,1,2,3,0,1,4,1
3462,0,1,2,2,2,0,0,1,1,2,1,1,0,1,4,1
3463,0,1,2,2,2,0,0,1,1,2,1,2,0,1,4,1
3464,0,1,2,2,2,0,0,1,1,2,1,3,0,1,4,1
3465,0,1,2,2,2,0,0,1,1,2,2,1,0,1,4,1
3466,0,1,2,2,2,0,0,1,1,2,2,2,0,1,4,1
3467,0,1,2,2,2,0,0,1,1,2,2,3,0,1,4,1
3468,0,1,2,2,2,0,0,1,1,3,1,1,0,1,4,1
3469,0,1,2,2,2,0,0,1,1,3,1,2,0,1,4,1
3470,0,1,2,2,2,0,0,1,1,3,1,3,0,1,4,1
3471,0,1,2,2,2,0,0,1,1,3,2,1,0,1,4,1
3472,0,1,2,2,2,0,0,1,1,3,2,2,0,1,4,1
3473,0,1,2,2,2,0,0,1,1,3,2,3,0,1,4,1
3474,0,1,2,2,2,0,0,1,1,4,1,1,0,1,4,1
3475,0,1,2,2,2,0,0,1,1,4,1,2,0,1,4,1
3476,0,1,2,2,2,0,0,1,1,4,1,3,0,1,4,1
3477,0,1,2,2,2,0,0,1,1,4,2,1,0,1,4,1
3478,0,1,2,2,2,0,0,1,1,4,2,2,0,1,4,1
3479,0,1,2,2,2,0,0,1,1,4,2,3,0,1,4,1
3480,0,1,2,2,2,0,1,0,0,0,1,1,,0,4,0
3481,0,1,2,2,2,0,1,0,0,0,1,2,,0,4,0
3482,0,1,2,2,2,0,1,0,0,0,1,3,,0,4,0
3483,0,1,2,2,2,0,1,0,0,0,2,1,,0,4,0
3484,0,1,2,2,2,0,1,0,0,0,2,2,,0,4,0
3485,0,1,2,2,2,0,1,0,0,0,2,3,,0,4,0
3486,0,1,2,2,2,0,1,0,0,1,1,1,,0,4,0
3487,0,1,2,2,2,0,1,0,0,1,1,2,,0,4,0
3488,0,1,2,2,2,0,1,0,0,1,1,3,,0,4,0
3489,0,1,2,2,2,0,1,0,0,1,2,1,,0,4,0
3490,0,1,2,2,2,0,1,0,0,1,2,2,,0,4,0
3491,0,1,2,2,2,0,1,0,0,1,2,3,,0,4,0
3492,0,1,2,2,2,0,1,0,0,2,1,1,,0,4,0
3493,0,1,2,2,2,0,1,0,0,2,1,2,,0,5,0
3494,0,1,2,2,2,0,1,0,0,2,1,3,2,1,5,1
3495,0,1,2,2,2,0,1,0,0,2,2,1,,0,4,0
3496,0,1,2,2,2,0,1,0,0,2,2,2,,0,5,0
3497,0,1,2,2,2,0,1,0,0,2,2,3,,0,5,0
3498,0,1,2,2,2,0,1,0,0,3,1,1,,0,4,0
3499,0,1,2,2,2,0,1,0,0,3,1,2,,0,5,0
3500,0,1,2,2,2,0,1,0,0,3,1,3,2,1,5,1
3501,0,1,2,2,2,0,1,0,0,3,2,1,,0,4,0
3502,0,1,2,2,2,0,1,0,0,3,2,2,,0,5,0
3503,0,1,2,2,2,0,1,0,0,3,2,3,,0,5,0
3504,0,1,2,2,2,0,1,0,0,4,1,1,,0,4,0
3505,0,1,2,2,2,0,1,0,0,4,1,2,,0,5,0
3506,0,1,2,2,2,0,1,0,0,4,1,3,2,1,5,1
3507,0,1,2,2,2,0,1,0,0,4,2,1,,0,4,0
3508,0,1,2,2,2,0,1,0,0,4,2,2,,0,5,0
3509,0,1,2,2,2,0,1,0,0,4,2,3,,0,5,0
3510,0,1,2,2,2,0,1,0,1,0,1,1,0,1,4,1
3511,0,1,2,2,2,0,1,0,1,0,1,2,0,1,4,1
3512,0,1,2,2,2,0,1,0,1,0,1,3,0,1,4,1
3513,0,1,2,2,2,0,1,0,1,0,2,1,0,1,4,1
3514,0,1,2,2,2,0,1,0,1,0,2,2,0,1,4,1
3515,0,1,2,2,2,0,1,0,1,0,2,3,0,1,4,1
3516,0,1,2,2,2,0,1,0,1,1,1,1,0,1,4,1
3517,0,1,2,2,2,0,1,0,1,1,1,2,0,1,4,1
3518,0,1,2,2,2,0,1,0,1,1,1,3,0,1,4,1
3519,0,1,2,2,2,0,1,0,1,1,2,1,0,1,4,1
3520,0,1,2,2,2,0,1,0,1,1,2,2,0,1,4,1
3521,0,1,2,2,2,0,1,0,1,1,2,3,0,1,4,1
3522,0,1,2,2,2,0,1,0,1,2,1,1,0,1,5,1
3523,0,1,2,2,2,0,1,0,1,2,1,2,0,1,5,1
3524,0,1,2,2,2,0,1,0,1,2,1,3,0,1,5,1
3525,0,1,2,2,2,0,1,0,1,2,2,1,0,1,5,1
3526,0,1,2,2,2,0,1,0,1,2,2,2,0,1,5,1
3527,0,1,2,2,2,0,1,0,1,2,2,3,0,1,5,1
3528,0,1,2,2,2,0,1,0,1,3,1,1,0,1,5,1
3529,0,1,2,2,2,0,1,0,1,3,1,2,0,1,5,1
3530,0,1,2,2,2,0,1,0,1,3,1,3,0,1,5,1
3531,0,1,2,2,2,0,1,0,1,3,2,1,0,1,5,1
3532,0,1,2,2,2,0,1,0,1,3,2,2,0,1,5,1
3533,0,1,2,2,2,0,1,0,1,3,2,3,0,1,5,1
3534,0,1,2,2,2,0,1,0,1,4,1,1,0,1,5,1
3535,0,1,2,2,2,0,1,0,1,4,1,2,0,1,5,1
3536,0,1,2,2,2,0,1,0,1,4,1,3,0,1,5,1
3537,0,1,2,2,2,0,1,0,1,4,2,1,0,1,5,1
3538,0,1,2,2,2,0,1,0,1,4,2,2,0,1,5,1
3539,0,1,2,2,2,0,1,0,1,4,2,3,0,1,5,1
3540,0,1,2,2,2,0,1,1,0,0,1,1,,0,4,0
3541,0,1,2,2,2,0,1,1,0,0,1,2,,0,4,0
3542,0,1,2,2,2,0,1,1,0,0,1,3,,0,4,0
3543,0,1,2,2,2,0,1,1,0,0,2,1,,0,4,0
3544,0,1,2,2,2,0,1,1,0,0,2,2,,0,4,0
3545,0,1,2,2,2,0,1,1,0,0,2,3,,0,4,0
3546,0,1,2,2,2,0,1,1,0,1,1,1,,0,4,0
3547,0,1,2,2,2,0,1,1,0,1,1,2,,0,5,0
3548,0,1,2,2,2,0,1,1,0,1,1,3,1,1,5,1
3549,0,1,2,2,2,0,1,1,0,1,2,1,,0,4,0
3550,0,1,2,2,2,0,1,1,0,1,2,2,,0,5,0
3551,0,1,2,2,2,0,1,1,0,1,2,3,,0,5,0
3552,0,1,2,2,2,0,1,1,0,2,1,1,,0,4,0
3553,0,1,2,2,2,0,1,1,0,2,1,2,,0,6,0
3554,0,1,2,2,2,0,1,1,0,2,1,3,1,1,6,1
3555,0,1,2,2,2,0,1,1,0,2,2,1,,0,4,0
3556,0,1,2,2,2,0,1,1,0,2,2,2,,0,6,0
3557,0,1,2,2,2,0,1,1,0,2,2,3,,0,6,0
3558,0,1,2,2,2,0,1,1,0,3,1,1,,0,4,0
3559,0,1,2,2,2,0,1,1,0,3,1,2,,0,6,0
3560,0,1,2,2,2,0,1,1,0,3,1,3,1,1,6,1
3561,0,1,2,2,2,0,1,1,0,3,2,1,,0,4,0
3562,0,1,2,2,2,0,1,1,0,3,2,2,,0,6,0
3563,0,1,2,2,2,0,1,1,0,3,2,3,,0,6,0
3564,0,1,2,2,2,0,1,1,0,4,1,1,,0,4,0
3565,0,1,2,2,2,0,1,1,0,4,1,2,,0,6,0
3566,0,1,2,2,2,0,1,1,0,4,1,3,1,1,6,1
3567,0,1,2,2,2,0,1,1,0,4,2,1,,0,4,0
3568,0,1,2,2,2,0,1,1,0,4,2,2,,0,6,0
3569,0,1,2,2,2,0,1,1,0,4,2,3,,0,6,0
3570,0,1,2,2,2,0,1,1,1,0,1,1,0,1,4,1
3571,0,1,2,2,2,0,1,1,1,0,1,2,0,1,4,1
3572,0,1,2,2,2,0,1,1,1,0,1,3,0,1,4,1
3573,0,1,2,2,2,0,1,1,1,0,2,1,0,1,4,1
3574,0,1,2,2,2,0,1,1,1,0,2,2,0,1,4,1
3575,0,1,2,2,2,0,1,1,1,0,2,3,0,1,4,1
3576,0,1,2,2,2,0,1,1,1,1,1,1,0,1,5,1
3577,0,1,2,2,2,0,1,1,1,1,1,2,0,1,5,1
3578,0,1,2,2,2,0,1,1,1,1,1,3,0,1,5,1
3579,0,1,2,2,2,0,1,1,1,1,2,1,0,1,5,1
3580,0,1,2,2,2,0,1,1,1,1,2,2,0,1,5,1
3581,0,1,2,2,2,0,1,1,1,1,2,3,0,1,5,1
3582,0,1,2,2,2,0,1,1,1,2,1,1,0,1,6,1
3583,0,1,2,2,2,0,1,1,1,2,1,2,0,1,6,1
3584,0,1,2,2,2,0,1,1,1,2,1,3,0,1,6,1
3585,0,1,2,2,2,0,1,1,1,2,2,1,0,1,6,1
3586,0,1,2,2,2,0,1,1,1,2,2,2,0,1,6,1
3587,0,1,2,2,2,0,1,1,1,2,2,3,0,1,6,1
3588,0,1,2,2,2,0,1,1,1,3,1,1,0,1,6,1
3589,0,1,2,2,2,0,1,1,1,3,1,2,0,1,6,1
3590,0,1,2,2,2,0,1,1,1,3,1,3,0,1,6,1
3591,0,1,2,2,2,0,1,1,1,3,2,1,0,1,6,1
3592,0,1,2,2,2,0,1,1,1,3,2,2,0,1,6,1
3593,0,1,2,2,2,0,1,1,1,3,2,3,0,1,6,1
3594,0,1,2,2,2,0,1,1,1,4,1,1,0,1,6,1
3595,0,1,2,2,2,0,1,1,1,4,1,2,0,1,6,1
3596,0,1,2,2,2,0,1,1,1,4,1,3,0,1,6,1
3597,0,1,2,2,2,0,1,1,1,4,2,1,0,1,6,1
3598,0,1,2,2,2,0,1,1,1,4,2,2,0,1,6,1
3599,0,1,2,2,2,0,1,1,1,4,2,3,0,1,6,1
3600,0,1,2,2,2,1,0,0,0,0,1,1,,0,4,0
3601,0,1,2,2,2,1,0,0,0,0,1,2,,0,4,0
3602,0,1,2,2,2,1,0,0,0,0,1,3,,0,4,0
3603,0,1,2,2,2,1,0,0,0,0,2,1,,0,4,0
3604,0,1,2,2,2,1,0,0,0,0,2,2,,0,4,0
3605,0,1,2,2,2,1,0,0,0,0,2,3,,0,4,0
3606,0,1,2,2,2,1,0,0,0,1,1,1,,0,4,0
3607,0,1,2,2,2,1,0,0,0,1,1,2,,0,4,0
3608,0,1,2,2,2,1,0,0,0,1,1,3,,0,4,0
3609,0,1,2,2,2,1,0,0,0,1,2,1,,0,4,0
3610,0,1,2,2,2,1,0,0,0,1,2,2,,0,4,0
3611,0,1,2,2,2,1,0,0,0,1,2,3,,0,4,0
3612,0,1,2,2,2,1,0,0,0,2,1,1,,0,4,0
3613,0,1,2,2,2,1,0,0,0,2,1,2,2,1,4,1
3614,0,1,2,2,2,1,0,0,0,2,1,3,2,1,4,1
3615,0,1,2,2,2,1,0,0,0,2,2,1,,0,4,0
3616,0,1,2,2,2,1,0,0,0,2,2,2,2,1,4,1
3617,0,1,2,2,2,1,0,0,0,2,2,3,2,1,4,1
3618,0,1,2,2,2,1,0,0,0,3,1,1,,0,4,0
3619,0,1,2,2,2,1,0,0,0,3,1,2,2,1,4,1
3620,0,1,2,2,2,1,0,0,0,3,1,3,2,1,4,1
3621,0,1,2,2,2,1,0,0,0,3,2,1,,0,4,0
3622,0,1,2,2,2,1,0,0,0,3,2,2,2,1,4,1
3623,0,1,2,2,2,1,0,0,0,3,2,3,2,1,4,1
3624,0,1,2,2,2,1,0,0,0,4,1,1,,0,4,0
3625,0,1,2,2,2,1,0,0,0,4,1,2,2,1,4,1
3626,0,1,2,2,2,1,0,0,0,4,1,3,2,1,4,1
3627,0,1,2,2,2,1,0,0,0,4,2,1,,0,4,0
3628,0,1,2,2,2,1,0,0,0,4,2,2,2,1,4,1
3629,0,1,2,2,2,1,0,0,0,4,2,3,2,1,4,1
3630,0,1,2,2,2,1,0,0,1,0,1,1,0,1,4,1
3631,0,1,2,2,2,1,0,0,1,0,1,2,0,1,4,1
3632,0,1,2,2,2,1,0,0,1,0,1,3,0,1,4,1
3633,0,1,2,2,2,1,0,0,1,0,2,1,0,1,4,1
3634,0,1,2,2,2,1,0,0,1,0,2,2,0,1,4,1
3635,0,1,2,2,2,1,0,0,1,0,2,3,0,1,4,1
3636,0,1,2,2,2,1,0,0,1,1,1,1,0,1,4,1
3637,0,1,2,2,2,1,0,0,1,1,1,2,0,1,4,1
3638,0,1,2,2,2,1,0,0,1,1,1,3,0,1,4,1
3639,0,1,2,2,2,1,0,0,1,1,2,1,0,1,4,1
3640,0,1,2,2,2,1,0,0,1,1,2,2,0,1,4,1
3641,0,1,2,2,2,1,0,0,1,1,2,3,0,1,4,1
3642,0,1,2,2,2,1,0,0,1,2,1,1,0,1,4,1
3643,0,1,2,2,2,1,0,0,1,2,1,2,0,1,4,1
3644,0,1,2,2,2,1,0,0,1,2,1,3,0,1,4,1
3645,0,1,2,2,2,1,0,0,1,2,2,1,0,1,4,1
3646,0,1,2,2,2,1,0,0,1,2,2,2,0,1,4,1
3647,0,1,2,2,2,1,0,0,1,2,2,3,0,1,4,1
3648,0,1,2,2,2,1,0,0,1,3,1,1,0,1,4,1
3649,0,1,2,2,2,1,0,0,1,3,1,2,0,1,4,1
3650,0,1,2,2,2,1,0,0,1,3,1,3,0,1,4,1
3651,0,1,2,2,2,1,0,0,1,3,2,1,0,1,4,1
3652,0,1,2,2,2,1,0,0,1,3,2,2,0,1,4,1
3653,0,1,2,2,2,1,0,0,1,3,2,3,0,1,4,1
3654,0,1,2,2,2,1,0,0,1,4,1,1,0,1,4,1
3655,0,1,2,2,2,1,0,0,1,4,1,2,0,1,4,1
3656,0,1,2,2,2,1,0,0,1,4,1,3,0,1,4,1
3657,0,1,2,2,2,1,0,0,1,4,2,1,0,1,4,1
3658,0,1,2,2,2,1,0,0,1,4,2,2,0,1,4,1
3659,0,1,2,2,2,1,0,0,1,4,2,3,0,1,4,1
3660,0,1,2,2,2,1,0,1,0,0,1,1,,0,4,0
3661,0,1,2,2,2,1,0,1,0,0,1,2,,0,4,0
3662,0,1,2,2,2,1,0,1,0,0,1,3,,0,4,0
3663,0,1,2,2,2,1,0,1,0,0,2,1,,0,4,0
3664,0,1,2,2,2,1,0,1,0,0,2,2,,0,4,0
3665,0,1,2,2,2,1,0,1,0,0,2,3,,0,4,0
3666,0,1,2,2,2,1,0,1,0,1,1,1,,0,4,0
3667,0,1,2,2,2,1,0,1,0,1,1,2,1,1,5,1
3668,0,1,2,2,2,1,0,1,0,1,1,3,1,1,5,1
3669,0,1,2,2,2,1,0,1,0,1,2,1,,0,4,0
3670,0,1,2,2,2,1,0,1,0,1,2,2,1,1,5,1
3671,0,1,2,2,2,1,0,1,0,1,2,3,1,1,5,1
3672,0,1,2,2,2,1,0,1,0,2,1,1,,0,4,0
3673,0,1,2,2,2,1,0,1,0,2,1,2,1,1,5,1
3674,0,1,2,2,2,1,0,1,0,2,1,3,1,1,5,1
3675,0,1,2,2,2,1,0,1,0,2,2,1,,0,4,0
3676,0,1,2,2,2,1,0,1,0,2,2,2,1,1,5,1
3677,0,1,2,2,2,1,0,1,0,2,2,3,1,1,5,1
3678,0,1,2,2,2,1,0,1,0,3,1,1,,0,4,0
3679,0,1,2,2,2,1,0,1,0,3,1,2,1,1,5,1
3680,0,1,2,2,2,1,0,1,0,3,1,3,1,1,5,1
3681,0,1,2,2,2,1,0,1,0,3,2,1,,0,4,0
3682,0,1,2,2,2,1,0,1,0,3,2,2,1,1,5,1
3683,0,1,2,2,2,1,0,1,0,3,2,3,1,1,5,1
3684,0,1,2,2,2,1,0,1,0,4,1,1,,0,4,0
3685,0,1,2,2,2,1,0,1,0,4,1,2,1,1,5,1
3686,0,1,2,2,2,1,0,1,0,4,1,3,1,1,5,1
3687,0,1,2,2,2,1,0,1,0,4,2,1,,0,4,0
3688,0,1,2,2,2,1,0,1,0,4,2,2,1,1,5,1
3689,0,1,2,2,2,1,0,1,0,4,2,3,1,1,5,1
3690,0,1,2,2,2,1,0,1,1,0,1,1,0,1,4,1
3691,0,1,2,2,2,1,0,1,1,0,1,2,0,1,4,1
3692,0,1,2,2,2,1,0,1,1,0,1,3,0,1,4,1
3693,0,1,2,2,2,1,0,1,1,0,2,1,0,1,4,1
3694,0,1,2,2,2,1,0,1,1,0,2,2,0,1,4,1
3695,0,1,2,2,2,1,0,1,1,0,2,3,0,1,4,1
3696,0,1,2,2,2,1,0,1,1,1,1,1,0,1,5,1
3697,0,1,2,2,2,1,0,1,1,1,1,2,0,1,5,1
3698,0,1,2,2,2,1,0,1,1,1,1,3,0,1,5,1
3699,0,1,2,2,2,1,0,1,1,1,2,1,0,1,5,1
3700,0,1,2,2,2,1,0,1,1,1,2,2,0,1,5,1
3701,0,1,2,2,2,1,0,1,1,1,2,3,0,1,5,1
3702,0,1,2,2,2,1,0,1,1,2,1,1,0,1,5,1
3703,0,1,2,2,2,1,0,1,1,2,1,2,0,1,5,1
3704,0,1,2,2,2,1,0,1,1,2,1,3,0,1,5,1
3705,0,1,2,2,2,1,0,1,1,2,2,1,0,1,5,1
3706,0,1,2,2,2,1,0,1,1,2,2,2,0,1,5,1
3707,0,1,2,2,2,1,0,1,1,2,2,3,0,1,5,1
3708,0,1,2,2,2,1,0,1,1,3,1,1,0,1,5,1
3709,0,1,2,2,2,1,0,1,1,3,1,2,0,1,5,1
3710,0,1,2,2,2,1,0,1,1,3,1,3,0,1,5,1
3711,0,1,2,2,2,1,0,1,1,3,2,1,0,1,5,1
3712,0,1,2,2,2,1,0,1,1,3,2,2,0,1,5,1
3713,0,1,2,2,2,1,0,1,1,3,2,3,0,1,5,1
3714,0,1,2,2,2,1,0,1,1,4,1,1,0,1,5,1
3715,0,1,2,2,2,1,0,1,1,4,1,2,0,1,5,1
3716,0,1,2,2,2,1,0,1,1,4,1,3,0,1,5,1
3717,0,1,2,2,2,1,0,1,1,4,2,1,0,1,5,1
3718,0,1,2,2,2,1,0,1,1,4,2,2,0,1,5,1
3719,0,1,2,2,2,1,0,1,1,4,2,3,0,1,5,1
3720,0,1,2,2,2,1,1,0,0,0,1,1,,0,4,0
3721,0,1,2,2,2,1,1,0,0,0,1,2,,0,4,0
3722,0,1,2,2,2,1,1,0,0,0,1,3,,0,4,0
3723,0,1,2,2,2,1,1,0,0,0,2,1,,0,4,0
3724,0,1,2,2,2,1,1,0,0,0,2,2,,0,4,0
3725,0,1,2,2,2,1,1,0,0,0,2,3,,0,4,0
3726,0,1,2,2,2,1,1,0,0,1,1,1,,0,4,0
3727,0,1,2,2,2,1,1,0,0,1,1,2,,0,4,0
3728,0,1,2,2,2,1,1,0,0,1,1,3,,0,4,0
3729,0,1,2,2,2,1,1,0,0,1,2,1,,0,4,0
3730,0,1,2,2,2,1,1,0,0,1,2,2,,0,4,0
3731,0,1,2,2,2,1,1,0,0,1,2,3,,0,4,0
3732,0,1,2,2,2,1,1,0,0,2,1,1,,0,4,0
3733,0,1,2,2,2,1,1,0,0,2,1,2,,0,5,0
3734,0,1,2,2,2,1,1,0,0,2,1,3,2,1,5,1
3735,0,1,2,2,2,1,1,0,0,2,2,1,,0,4,0
3736,0,1,2,2,2,1,1,0,0,2,2,2,,0,5,0
3737,0,1,2,2,2,1,1,0,0,2,2,3,,0,5,0
3738,0,1,2,2,2,1,1,0,0,3,1,1,,0,4,0
3739,0,1,2,2,2,1,1,0,0,3,1,2,,0,5,0
3740,0,1,2,2,2,1,1,0,0,3,1,3,2,1,5,1
3741,0,1,2,2,2,1,1,0,0,3,2,1,,0,4,0
3742,0,1,2,2,2,1,1,0,0,3,2,2,,0,5,0
3743,0,1,2,2,2,1,1,0,0,3,2,3,,0,5,0
3744,0,1,2,2,2,1,1,0,0,4,1,1,,0,4,0
3745,0,1,2,2,2,1,1,0,0,4,1,2,,0,5,0
3746,0,1,2,2,2,1,1,0,0,4,1,3,2,1,5,1
3747,0,1,2,2,2,1,1,0,0,4,2,1,,0,4,0
3748,0,1,2,2,2,1,1,0,0,4,2,2,,0,5,0
3749,0,1,2,2,2,1,1,0,0,4,2,3,,0,5,0
3750,0,1,2,2,2,1,1,0,1,0,1,1,0,1,4,1
3751,0,1,2,2,2,1,1,0,1,0,1,2,0,1,4,1
3752,0,1,2,2,2,1,1,0,1,0,1,3,0,1,4,1
3753,0,1,2,2,2,1,1,0,1,0,2,1,0,1,4,1
3754,0,1,2,2,2,1,1,0,1,0,2,2,0,1,4,1
3755,0,1,2,2,2,1,1,0,1,0,2,3,0,1,4,1
3756,0,1,2,2,2,1,1,0,1,1,1,1,0,1,4,1
3757,0,1,2,2,2,1,1,0,1,1,1,2,0,1,4,1
3758,0,1,2,2,2,1,1,0,1,1,1,3,0,1,4,1
3759,0,1,2,2,2,1,1,0,1,1,2,1,0,1,4,1
3760,0,1,2,2,2,1,1,0,1,1,2,2,0,1,4,1
3761,0,1,2,2,2,1,1,0,1,1,2,3,0,1,4,1
3762,0,1,2,2,2,1,1,0,1,2,1,1,0,1,5,1
3763,0,1,2,2,2,1,1,0,1,2,1,2,0,1,5,1
3764,0,1,2,2,2,1,1,0,1,2,1,3,0,1,5,1
3765,0,1,2,2,2,1,1,0,1,2,2,1,0,1,5,1
3766,0,1,2,2,2,1,1,0,1,2,2,2,0,1,5,1
3767,0,1,2,2,2,1,1,0,1,2,2,3,0,1,5,1
3768,0,1,2,2,2,1,1,0,1,3,1,1,0,1,5,1
3769,0,1,2,2,2,1,1,0,1,3,1,2,0,1,5,1
3770,0,1,2,2,2,1,1,0,1,3,1,3,0,1,5,1
3771,0,1,2,2,2,1,1,0,1,3,2,1,0,1,5,1
3772,0,1,2,2,2,1,1,0,1,3,2,2,0,1,5,1
3773,0,1,2,2,2,1,1,0,1,3,2,3,0,1,5,1
3774,0,1,2,2,2,1,1,0,1,4,1,1,0,1,5,1
3775,0,1,2,2,2,1,1,0,1,4,1,2,0,1,5,1
3776,0,1,2,2,2,1,1,0,1,4,1,3,0,1,5,1
3777,0,1,2,2,2,1,1,0,1,4,2,1,0,1,5,1
3778,0,1,2,2,2,1,1,0,1,4,2,2,0,1,5,1
3779,0,1,2,2,2,1,1,0,1,4,2,3,0,1,5,1
3780,0,1,2,2,2,1,1,1,0,0,1,1,,0,4,0
3781,0,1,2,2,2,1,1,1,0,0,1,2,,0,4,0
3782,0,1,2,2,2,1,1,1,0,0,1,3,,0,4,0
3783,0,1,2,2,2,1,1,1,0,0,2,1,,0,4,0
3784,0,1,2,2,2,1,1,1,0,0,2,2,,0,4,0
3785,0,1,2,2,2,1,1,1,0,0,2,3,,0,4,0
3786,0,1,2,2,2,1,1,1,0,1,1,1,,0,4,0
3787,0,1,2,2,2,1,1,1,0,1,1,2,,0,5,0
3788,0,1,2,2,2,1,1,1,0,1,1,3,1,1,7,1
3789,0,1,2,2,2,1,1,1,0,1,2,1,,0,4,0
3790,0,1,2,2,2,1,1,1,0,1,2,2,,0,5,0
3791,0,1,2,2,2,1,1,1,0,1,2,3,,0,5,0
3792,0,1,2,2,2,1,1,1,0,2,1,1,,0,4,0
3793,0,1,2,2,2,1,1,1,0,2,1,2,,0,6,0
3794,0,1,2,2,2,1,1,1,0,2,1,3,1,1,8,1
3795,0,1,2,2,2,1,1,1,0,2,2,1,,0,4,0
3796,0,1,2,2,2,1,1,1,0,2,2,2,,0,6,0
3797,0,1,2,2,2,1,1,1,0,2,2,3,,0,6,0
3798,0,1,2,2,2,1,1,1,0,3,1,1,,0,4,0
3799,0,1,2,2,2,1,1,1,0,3,1,2,,0,6,0
3800,0,1,2,2,2,1,1,1,0,3,1,3,1,1,8,1
3801,0,1,2,2,2,1,1,1,0,3,2,1,,0,4,0
3802,0,1,2,2,2,1,1,1,0,3,2,2,,0,6,0
3803,0,1,2,2,2,1,1,1,0,3,2,3,,0,6,0
3804,0,1,2,2,2,1,1,1,0,4,1,1,,0,4,0
3805,0,1,2,2,2,1,1,1,0,4,1,2,,0,6,0
3806,0,1,2,2,2,1,1,1,0,4,1,3,1,1,8,1
3807,0,1,2,2,2,1,1,1,0,4,2,1,,0,4,0
3808,0,1,2,2,2,1,1,1,0,4,2,2,,0,6,0
3809,0,1,2,2,2,1,1,1,0,4,2,3,,0,6,0
3810,0,1,2,2,2,1,1,1,1,0,1,1,0,1,4,1
3811,0,1,2,2,2,1,1,1,1,0,1,2,0,1,4,1
3812,0,1,2,2,2,1,1,1,1,0,1,3,0,1,4,1
3813,0,1,2,2,2,1,1,1,1,0,2,1,0,1,4,1
3814,0,1,2,2,2,1,1,1,1,0,2,2,0,1,4,1
3815,0,1,2,2,2,1,1,1,1,0,2,3,0,1,4,1
3816,0,1,2,2,2,1,1,1,1,1,1,1,0,1,7,1
3817,0,1,2,2,2,1,1,1,1,1,1,2,0,1,7,1
3818,0,1,2,2,2,1,1,1,1,1,1,3,0,1,7,1
3819,0,1,2,2,2,1,1,1,1,1,2,1,0,1,7,1
3820,0,1,2,2,2,1,1,1,1,1,2,2,0,1,7,1
3821,0,1,2,2,2,1,1,1,1,1,2,3,0,1,7,1
3822,0,1,2,2,2,1,1,1,1,2,1,1,0,1,8,1
3823,0,1,2,2,2,1,1,1,1,2,1,2,0,1,8,1
3824,0,1,2,2,2,1,1,1,1,2,1,3,0,1,8,1
3825,0,1,2,2,2,1,1,1,1,2,2,1,0,1,8,1
3826,0,1,2,2,2,1,1,1,1,2,2,2,0,1,8,1
3827,0,1,2,2,2,1,1,1,1,2,2,3,0,1,8,1
3828,0,1,2,2,2,1,1,1,1,3,1,1,0,1,8,1
3829,0,1,2,2,2,1,1,1,1,3,1,2,0,1,8,1
3830,0,1,2,2,2,1,1,1,1,3,1,3,0,1,8,1
3831,0,1,2,2,2,1,1,1,1,3,2,1,0,1,8,1
3832,0,1,2,2,2,1,1,1,1,3,2,2,0,1,8,1
3833,0,1,2,2,2,1,1,1,1,3,2,3,0,1,8,1
3834,0,1,2,2,2,1,1,1,1,4,1,1,0,1,8,1
3835,0,1,2,2,2,1,1,1,1,4,1,2,0,1,8,1
3836,0,1,2,2,2,1,1,1,1,4,1,3,0,1,8,1
3837,0,1,2,2,2,1,1,1,1,4,2,1,0,1,8,1
3838,0,1,2,2,2,1,1,1,1,4,2,2,0,1,8,1
3839,0,1,2,2,2,1,1,1,1,4,2,3,0,1,8,1
3840,0,2,1,1,1,0,0,0,0,0,1,1,,0,4,0
3841,0,2,1,1,1,0,0,0,0,0,1,2,,0,4,0
3842,0,2,1,1,1,0,0,0,0,0,1,3,,0,4,0
3843,0,2,1,1,1,0,0,0,0,0,2,1,,0,4,0
3844,0,2,1,1,1,0,0,0,0,0,2,2,,0,4,0
3845,0,2,1,1,1,0,0,0,0,0,2,3,,0,4,0
3846,0,2,1,1,1,0,0,0,0,1,1,1,1,1,4,1
3847,0,2,1,1,1,0,0,0,0,1,1,2,1,1,4,1
3848,0,2,1,1,1,0,0,0,0,1,1,3,1,1,4,1
3849,0,2,1,1,1,0,0,0,0,1,2,1,1,1,4,1
3850,0,2,1,1,1,0,0,0,0,1,2,2,1,1,4,1
3851,0,2,1,1,1,0,0,0,0,1,2,3,1,1,4,1
3852,0,2,1,1,1,0,0,0,0,2,1,1,1,1,4,1
3853,0,2,1,1,1,0,0,0,0,2,1,2,1,1,4,1
3854,0,2,1,1,1,0,0,0,0,2,1,3,1,1,4,1
3855,0,2,1,1,1,0,0,0,0,2,2,1,1,1,4,1
3856,0,2,1,1,1,0,0,0,0,2,2,2,1,1,4,1
3857,0,2,1,1,1,0,0,0,0,2,2,3,1,1,4,1
3858,0,2,1,1,1,0,0,0,0,3,1,1,1,1,4,1
3859,0,2,1,1,1,0,0,0,0,3,1,2,1,1,4,1
3860,0,2,1,1,1,0,0,0,0,3,1,3,1,1,4,1
3861,0,2,1,1,1,0,0,0,0,3,2,1,1,1,4,1
3862,0,2,1,1,1,0,0,0,0,3,2,2,1,1,4,1
3863,0,2,1,1,1,0,0,0,0,3,2,3,1,1,4,1
3864,0,2,1,1,1,0,0,0,0,4,1,1,1,1,4,1
3865,0,2,1,1,1,0,0,0,0,4,1,2,1,1,4,1
3866,0,2,1,1,1,0,0,0,0,4,1,3,1,1,4,1
3867,0,2,1,1,1,0,0,0,0,4,2,1,1,1,4,1
3868,0,2,1,1,1,0,0,0,0,4,2,2,1,1,4,1
3869,0,2,1,1,1,0,0,0,0,4,2,3,1,1,4,1
3870,0,2,1,1,1,0,0,0,1,0,1,1,0,1,4,1
3871,0,2,1,1,1,0,0,0,1,0,1,2,0,1,4,1
3872,0,2,1,1,1,0,0,0,1,0,1,3,0,1,4,1
3873,0,2,1,1,1,0,0,0,1,0,2,1,0,1,4,1
3874,0,2,1,1,1,0,0,0,1,0,2,2,0,1,4,1
3875,0,2,1,1,1,0,0,0,1,0,2,3,0,1,4,1
3876,0,2,1,1,1,0,0,0,1,1,1,1,0,1,4,1
3877,0,2,1,1,1,0,0,0,1,1,1,2,0,1,4,1
3878,0,2,1,1,1,0,0,0,1,1,1,3,0,1,4,1
3879,0,2,1,1,1,0,0,0,1,1,2,1,0,1,4,1
3880,0,2,1,1,1,0,0,0,1,1,2,2,0,1,4,1
3881,0,2,1,1,1,0,0,0,1,1,2,3,0,1,4,1
3882,0,2,1,1,1,0,0,0,1,2,1,1,0,1,4,1
3883,0,2,1,1,1,0,0,0,1,2,1,2,0,1,4,1
3884,0,2,1,1,1,0,0,0,1,2,1,3,0,1,4,1
3885,0,2,1,1,1,0,0,0,1,2,2,1,0,1,4,1
3886,0,2,1,1,1,0,0,0,1,2,2,2,0,1,4,1
3887,0,2,1,1,1,0,0,0,1,2,2,3,0,1,4,1
3888,0,2,1,1,1,0,0,0,1,3,1,1,0,1,4,1
3889,0,2,1,1,1,0,0,0,1,3,1,2,0,1,4,1
3890,0,2,1,1,1,0,0,0,1,3,1,3,0,1,4,1
3891,0,2,1,1,1,0,0,0,1,3,2,1,0,1,4,1
3892,0,2,1,1,1,0,0,0,1,3,2,2,0,1,4,1
3893,0,2,1,1,1,0,0,0,1,3,2,3,0,1,4,1
3894,0,2,1,1,1,0,0,0,1,4,1,1,0,1,4,1
3895,0,2,1,1,1,0,0,0,1,4,1,2,0,1,4,1
3896,0,2,1,1,1,0,0,0,1,4,1,3,0,1,4,1
3897,0,2,1,1,1,0,0,0,1,4,2,1,0,1,4,1
3898,0,2,1,1,1,0,0,0,1,4,2,2,0,1,4,1
3899,0,2,1,1,1,0,0,0,1,4,2,3,0,1,4,1
3900,0,2,1,1,1,0,0,1,0,0,1,1,,0,4,0
3901,0,2,1,1,1,0,0,1,0,0,1,2,,0,4,0
3902,0,2,1,1,1,0,0,1,0,0,1,3,,0,4,0
3903,0,2,1,1,1,0,0,1,0,0,2,1,,0,4,0
3904,0,2,1,1,1,0,0,1,0,0,2,2,,0,4,0
3905,0,2,1,1,1,0,0,1,0,0,2,3,,0,4,0
3906,0,2,1,1,1,0,0,1,0,1,1,1,1,1,4,1
3907,0,2,1,1,1,0,0,1,0,1,1,2,1,1,4,1
3908,0,2,1,1,1,0,0,1,0,1,1,3,1,1,4,1
3909,0,2,1,1,1,0,0,1,0,1,2,1,1,1,4,1
3910,0,2,1,1,1,0,0,1,0,1,2,2,1,1,4,1
3911,0,2,1,1,1,0,0,1,0,1,2,3,1,1,4,1
3912,0,2,1,1,1,0,0,1,0,2,1,1,1,1,4,1
3913,0,2,1,1,1,0,0,1,0,2,1,2,1,1,4,1
3914,0,2,1,1,1,0,0,1,0,2,1,3,1,1,4,1
3915,0,2,1,1,1,0,0,1,0,2,2,1,1,1,4,1
3916,0,2,1,1,1,0,0,1,0,2,2,2,1,1,4,1
3917,0,2,1,1,1,0,0,1,0,2,2,3,1,1,4,1
3918,0,2,1,1,1,0,0,1,0,3,1,1,1,1,4,1
3919,0,2,1,1,1,0,0,1,0,3,1,2,1,1,4,1
3920,0,2,1,1,1,0,0,1,0,3,1,3,1,1,4,1
3921,0,2,1,1,1,0,0,1,0,3,2,1,1,1,4,1
3922,0,2,1,1,1,0,0,1,0,3,2,2,1,1,4,1
3923,0,2,1,1,1,0,0,1,0,3,2,3,1,1,4,1
3924,0,2,1,1,1,0,0,1,0,4,1,1,1,1,4,1
3925,0,2,1,1,1,0,0,1,0,4,1,2,1,1,4,1
3926,0,2,1,1,1,0,0,1,0,4,1,3,1,1,4,1
3927,0,2,1,1,1,0,0,1,0,4,2,1,1,1,4,1
3928,0,2,1,1,1,0,0,1,0,4,2,2,1,1,4,1
3929,0,2,1,1,1,0,0,1,0,4,2,3,1,1,4,1
3930,0,2,1,1,1,0,0,1,1,0,1,1,0,1,4,1
3931,0,2,1,1,1,0,0,1,1,0,1,2,0,1,4,1
3932,0,2,1,1,1,0,0,1,1,0,1,3,0,1,4,1
3933,0,2,1,1,1,0,0,1,1,0,2,1,0,1,4,1
3934,0,2,1,1,1,0,0,1,1,0,2,2,0,1,4,1
3935,0,2,1,1,1,0,0,1,1,0,2,3,0,1,4,1
3936,0,2,1,1,1,0,0,1,1,1,1,1,0,1,4,1
3937,0,2,1,1,1,0,0,1,1,1,1,2,0,1,4,1
3938,0,2,1,1,1,0,0,1,1,1,1,3,0,1,4,1
3939,0,2,1,1,1,0,0,1,1,1,2,1,0,1,4,1
3940,0,2,1,1,1,0,0,1,1,1,2,2,0,1,4,1
3941,0,2,1,1,1,0,0,1,1,1,2,3,0,1,4,1
3942,0,2,1,1,1,0,0,1,1,2,1,1,0,1,4,1
3943,0,2,1,1,1,0,0,1,1,2,1,2,0,1,4,1
3944,0,2,1,1,1,0,0,1,1,2,1,3,0,1,4,1
3945,0,2,1,1,1,0,0,1,1,2,2,1,0,1,4,1
3946,0,2,1,1,1,0,0,1,1,2,2,2,0,1,4,1
3947,0,2,1,1,1,0,0,1,1,2,2,3,0,1,4,1
3948,0,2,1,1,1,0,0,1,1,3,1,1,0,1,4,1
3949,0,2,1,1,1,0,0,1,1,3,1,2,0,1,4,1
3950,0,2,1,1,1,0,0,1,1,3,1,3,0,1,4,1
3951,0,2,1,1,1,0,0,1,1,3,2,1,0,1,4,1
3952,0,2,1,1,1,0,0,1,1,3,2,2,0,1,4,1
3953,0,2,1,1,1,0,0,1,1,3,2,3,0,1,4,1
3954,0,2,1,1,1,0,0,1,1,4,1,1,0,1,4,1
3955,0,2,1,1,1,0,0,1,1,4,1,2,0,1,4,1
3956,0,2,1,1,1,0,0,1,1,4,1,3,0,1,4,1
3957,0,2,1,1,1,0,0,1,1,4,2,1,0,1,4,1
3958,0,2,1,1,1,0,0,1,1,4,2,2,0,1,4,1
3959,0,2,1,1,1,0,0,1,1,4,2,3,0,1,4,1
3960,0,2,1,1,1,0,1,0,0,0,1,1,,0,4,0
3961,0,2,1,1,1,0,1,0,0,0,1,2,,0,4,0
3962,0,2,1,1,1,0,1,0,0,0,1,3,,0,4,0
3963,0,2,1,1,1,0,1,0,0,0,2,1,,0,4,0
3964,0,2,1,1,1,0,1,0,0,0,2,2,,0,4,0
3965,0,2,1,1,1,0,1,0,0,0,2,3,,0,4,0
3966,0,2,1,1,1,0,1,0,0,1,1,1,,0,5,0
3967,0,2,1,1,1,0,1,0,0,1,1,2,1,1,5,1
3968,0,2,1,1,1,0,1,0,0,1,1,3,1,1,5,1
3969,0,2,1,1,1,0,1,0,0,1,2,1,,0,5,0
3970,0,2,1,1,1,0,1,0,0,1,2,2,,0,5,0
3971,0,2,1,1,1,0,1,0,0,1,2,3,1,1,5,1
3972,0,2,1,1,1,0,1,0,0,2,1,1,,0,5,0
3973,0,2,1,1,1,0,1,0,0,2,1,2,1,1,5,1
3974,0,2,1,1,1,0,1,0,0,2,1,3,1,1,5,1
3975,0,2,1,1,1,0,1,0,0,2,2,1,,0,5,0
3976,0,2,1,1,1,0,1,0,0,2,2,2,,0,5,0
3977,0,2,1,1,1,0,1,0,0,2,2,3,1,1,5,1
3978,0,2,1,1,1,0,1,0,0,3,1,1,,0,5,0
3979,0,2,1,1,1,0,1,0,0,3,1,2,1,1,5,1
3980,0,2,1,1,1,0,1,0,0,3,1,3,1,1,5,1
3981,0,2,1,1,1,0,1,0,0,3,2,1,,0,5,0
3982,0,2,1,1,1,0,1,0,0,3,2,2,,0,5,0
3983,0,2,1,1,1,0,1,0,0,3,2,3,1,1,5,1
3984,0,2,1,1,1,0,1,0,0,4,1,1,,0,5,0
3985,0,2,1,1,1,0,1,0,0,4,1,2,1,1,5,1
3986,0,2,1,1,1,0,1,0,0,4,1,3,1,1,5,1
3987,0,2,1,1,1,0,1,0,0,4,2,1,,0,5,0
3988,0,2,1,1,1,0,1,0,0,4,2,2,,0,5,0
3989,0,2,1,1,1,0,1,0,0,4,2,3,1,1,5,1
3990,0,2,1,1,1,0,1,0,1,0,1,1,0,1,4,1
3991,0,2,1,1,1,0,1,0,1,0,1,2,0,1,4,1
3992,0,2,1,1,1,0,1,0,1,0,1,3,0,1,4,1
3993,0,2,1,1,1,0,1,0,1,0,2,1,0,1,4,1
3994,0,2,1,1,1,0,1,0,1,0,2,2,0,1,4,1
3995,0,2,1,1,1,0,1,0,1,0,2,3,0,1,4,1
3996,0,2,1,1,1,0,1,0,1,1,1,1,0,1,5,1
3997,0,2,1,1,1,0,1,0,1,1,1,2,0,1,5,1
3998,0,2,1,1,1,0,1,0,1,1,1,3,0,1,5,1
3999,0,2,1,1,1,0,1,0,1,1,2,1,0,1,5,1
4000,0,2,1,1,1,0,1,0,1,1,2,2,0,1,5,1
4001,0,2,1,1,1,0,1,0,1,1,2,3,0,1,5,1
4002,0,2,1,1,1,0,1,0,1,2,1,1,0,1,5,1
4003,0,2,1,1,1,0,1,0,1,2,1,2,0,1,5,1
4004,0,2,1,1,1,0,1,0,1,2,1,3,0,1,5,1
4005,0,2,1,1,1,0,1,0,1,2,2,1,0,1,5,1
4006,0,2,1,1,1,0,1,0,1,2,2,2,0,1,5,1
4007,0,2,1,1,1,0,1,0,1,2,2,3,0,1,5,1
4008,0,2,1,1,1,0,1,0,1,3,1,1,0,1,5,1
4009,0,2,1,1,1,0,1,0,1,3,1,2,0,1,5,1
4010,0,2,1,1,1,0,1,0,1,3,1,3,0,1,5,1
4011,0,2,1,1,1,0,1,0,1,3,2,1,0,1,5,1
4012,0,2,1,1,1,0,1,0,1,3,2,2,0,1,5,1
4013,0,2,1,1,1,0,1,0,1,3,2,3,0,1,5,1
4014,0,2,1,1,1,0,1,0,1,4,1,1,0,1,5,1
4015,0,2,1,1,1,0,1,0,1,4,1,2,0,1,5,1
4016,0,2,1,1,1,0,1,0,1,4,1,3,0,1,5,1
4017,0,2,1,1,1,0,1,0,1,4,2,1,0,1,5,1
4018,0,2,1,1,1,0,1,0,1,4,2,2,0,1,5,1
4019,0,2,1,1,1,0,1,0,1,4,2,3,0,1,5,1
4020,0,2,1,1,1,0,1,1,0,0,1,1,,0,4,0
4021,0,2,1,1,1,0,1,1,0,0,1,2,,0,4,0
4022,0,2,1,1,1,0,1,1,0,0,1,3,,0,4,0
4023,0,2,1,1,1,0,1,1,0,0,2,1,,0,4,0
4024,0,2,1,1,1,0,1,1,0,0,2,2,,0,4,0
4025,0,2,1,1,1,0,1,1,0,0,2,3,,0,4,0
4026,0,2,1,1,1,0,1,1,0,1,1,1,,0,5,0
4027,0,2,1,1,1,0,1,1,0,1,1,2,1,1,5,1
4028,0,2,1,1,1,0,1,1,0,1,1,3,1,1,5,1
4029,0,2,1,1,1,0,1,1,0,1,2,1,,0,5,0
4030,0,2,1,1,1,0,1,1,0,1,2,2,,0,5,0
4031,0,2,1,1,1,0,1,1,0,1,2,3,1,1,5,1
4032,0,2,1,1,1,0,1,1,0,2,1,1,,0,6,0
4033,0,2,1,1,1,0,1,1,0,2,1,2,1,1,6,1
4034,0,2,1,1,1,0,1,1,0,2,1,3,1,1,6,1
4035,0,2,1,1,1,0,1,1,0,2,2,1,,0,6,0
4036,0,2,1,1,1,0,1,1,0,2,2,2,,0,6,0
4037,0,2,1,1,1,0,1,1,0,2,2,3,1,1,6,1
4038,0,2,1,1,1,0,1,1,0,3,1,1,,0,6,0
4039,0,2,1,1,1,0,1,1,0,3,1,2,1,1,6,1
4040,0,2,1,1,1,0,1,1,0,3,1,3,1,1,6,1
4041,0,2,1,1,1,0,1,1,0,3,2,1,,0,6,0
4042,0,2,1,1,1,0,1,1,0,3,2,2,,0,6,0
4043,0,2,1,1,1,0,1,1,0,3,2,3,1,1,6,1
4044,0,2,1,1,1,0,1,1,0,4,1,1,,0,6,0
4045,0,2,1,1,1,0,1,1,0,4,1,2,1,1,6,1
4046,0,2,1,1,1,0,1,1,0,4,1,3,1,1,6,1
4047,0,2,1,1,1,0,1,1,0,4,2,1,,0,6,0
4048,0,2,1,1,1,0,1,1,0,4,2,2,,0,6,0
4049,0,2,1,1,1,0,1,1,0,4,2,3,1,1,6,1
4050,0,2,1,1,1,0,1,1,1,0,1,1,0,1,4,1
4051,0,2,1,1,1,0,1,1,1,0,1,2,0,1,4,1
4052,0,2,1,1,1,0,1,1,1,0,1,3,0,1,4,1
4053,0,2,1,1,1,0,1,1,1,0,2,1,0,1,4,1
4054,0,2,1,1,1,0,1,1,1,0,2,2,0,1,4,1
4055,0,2,1,1,1,0,1,1,1,0,2,3,0,1,4,1
4056,0,2,1,1,1,0,1,1,1,1,1,1,0,1,5,1
4057,0,2,1,1,1,0,1,1,1,1,1,2,0,1,5,1
4058,0,2,1,1,1,0,1,1,1,1,1,3,0,1,5,1
4059,0,2,1,1,1,0,1,1,1,1,2,1,0,1,5,1
4060,0,2,1,1,1,0,1,1,1,1,2,2,0,1,5,1
4061,0,2,1,1,1,0,1,1,1,1,2,3,0,1,5,1
4062,0,2,1,1,1,0,1,1,1,2,1,1,0,1,6,1
4063,0,2,1,1,1,0,1,1,1,2,1,2,0,1,6,1
4064,0,2,1,1,1,0,1,1,1,2,1,3,0,1,6,1
4065,0,2,1,1,1,0,1,1,1,2,2,1,0,1,6,1
4066,0,2,1,1,1,0,1,1,1,2,2,2,0,1,6,1
4067,0,2,1,1,1,0,1,1,1,2,2,3,0,1,6,1
4068,0,2,1,1,1,0,1,1,1,3,1,1,0,1,6,1
4069,0,2,1,1,1,0,1,1,1,3,1,2,0,1,6,1
4070,0,2,1,1,1,0,1,1,1,3,1,3,0,1,6,1
4071,0,2,1,1,1,0,1,1,1,3,2,1,0,1,6,1
4072,0,2,1,1,1,0,1,1,1,3,2,2,0,1,6,1
4073,0,2,1,1,1,0,1,1,1,3,2,3,0,1,6,1
4074,0,2,1,1,1,0,1,1,1,4,1,1,0,1,6,1
4075,0,2,1,1,1,0,1,1,1,4,1,2,0,1,6,1
4076,0,2,1,1,1,0,1,1,1,4,1,3,0,1,6,1
4077,0,2,1,1,1,0,1,1,1,4,2,1,0,1,6,1
4078,0,2,1,1,1,0,1,1,1,4,2,2,0,1,6,1
4079,0,2,1,1,1,0,1,1,1,4,2,3,0,1,6,1
4080,0,2,1,1,1,1,0,0,0,0,1,1,,0,4,0
4081,0,2,1,1,1,1,0,0,0,0,1,2,,0,4,0
4082,0,2,1,1,1,1,0,0,0,0,1,3,,0,4,0
4083,0,2,1,1,1,1,0,0,0,0,2,1,,0,4,0
4084,0,2,1,1,1,1,0,0,0,0,2,2,,0,4,0
4085,0,2,1,1,1,1,0,0,0,0,2,3,,0,4,0
4086,0,2,1,1,1,1,0,0,0,1,1,1,1,1,4,1
4087,0,2,1,1,1,1,0,0,0,1,1,2,1,1,4,1
4088,0,2,1,1,1,1,0,0,0,1,1,3,1,1,4,1
4089,0,2,1,1,1,1,0,0,0,1,2,1,1,1,4,1
4090,0,2,1,1,1,1,0,0,0,1,2,2,1,1,4,1
4091,0,2,1,1,1,1,0,0,0,1,2,3,1,1,4,1
4092,0,2,1,1,1,1,0,0,0,2,1,1,1,1,4,1
4093,0,2,1,1,1,1,0,0,0,2,1,2,1,1,4,1
4094,0,2,1,1,1,1,0,0,0,2,1,3,1,1,4,1
4095,0,2,1,1,1,1,0,0,0,2,2,1,1,1,4,1
4096,0,2,1,1,1,1,0,0,0,2,2,2,1,1,4,1
4097,0,2,1,1,1,1,0,0,0,2,2,3,1,1,4,1
4098,0,2,1,1,1,1,0,0,0,3,1,1,1,1,4,1
4099,0,2,1,1,1,1,0,0,0,3,1,2,1,1,4,1
4100,0,2,1,1,1,1,0,0,0,3,1,3,1,1,4,1
4101,0,2,1,1,1,1,0,0,0,3,2,1,1,1,4,1
4102,0,2,1,1,1,1,0,0,0,3,2,2,1,1,4,1
4103,0,2,1,1,1,1,0,0,0,3,2,3,1,1,4,1
4104,0,2,1,1,1,1,0,0,0,4,1,1,1,1,4,1
4105,0,2,1,1,1,1,0,0,0,4,1,2,1,1,4,1
4106,0,2,1,1,1,1,0,0,0,4,1,3,1,1,4,1
4107,0,2,1,1,1,1,0,0,0,4,2,1,1,1,4,1
4108,0,2,1,1,1,1,0,0,0,4,2,2,1,1,4,1
4109,0,2,1,1,1,1,0,0,0,4,2,3,1,1,4,1
4110,0,2,1,1,1,1,0,0,1,0,1,1,0,1,4,1
4111,0,2,1,1,1,1,0,0,1,0,1,2,0,1,4,1
4112,0,2,1,1,1,1,0,0,1,0,1,3,0,1,4,1
4113,0,2,1,1,1,1,0,0,1,0,2,1,0,1,4,1
4114,0,2,1,1,1,1,0,0,1,0,2,2,0,1,4,1
4115,0,2,1,1,1,1,0,0,1,0,2,3,0,1,4,1
4116,0,2,1,1,1,1,0,0,1,1,1,1,0,1,4,1
4117,0,2,1,1,1,1,0,0,1,1,1,2,0,1,4,1
4118,0,2,1,1,1,1,0,0,1,1,1,3,0,1,4,1
4119,0,2,1,1,1,1,0,0,1,1,2,1,0,1,4,1
4120,0,2,1,1,1,1,0,0,1,1,2,2,0,1,4,1
4121,0,2,1,1,1,1,0,0,1,1,2,3,0,1,4,1
4122,0,2,1,1,1,1,0,0,1,2,1,1,0,1,4,1
4123,0,2,1,1,1,1,0,0,1,2,1,2,0,1,4,1
4124,0,2,1,1,1,1,0,0,1,2,1,3,0,1,4,1
4125,0,2,1,1,1,1,0,0,1,2,2,1,0,1,4,1
4126,0,2,1,1,1,1,0,0,1,2,2,2,0,1,4,1
4127,0,2,1,1,1,1,0,0,1,2,2,3,0,1,4,1
4128,0,2,1,1,1,1,0,0,1,3,1,1,0,1,4,1
4129,0,2,1,1,1,1,0,0,1,3,1,2,0,1,4,1
4130,0,2,1,1,1,1,0,0,1,3,1,3,0,1,4,1
4131,0,2,1,1,1,1,0,0,1,3,2,1,0,1,4,1
4132,0,2,1,1,1,1,0,0,1,3,2,2,0,1,4,1
4133,0,2,1,1,1,1,0,0,1,3,2,3,0,1,4,1
4134,0,2,1,1,1,1,0,0,1,4,1,1,0,1,4,1
4135,0,2,1,1,1,1,0,0,1,4,1,2,0,1,4,1
4136,0,2,1,1,1,1,0,0,1,4,1,3,0,1,4,1
4137,0,2,1,1,1,1,0,0,1,4,2,1,0,1,4,1
4138,0,2,1,1,1,1,0,0,1,4,2,2,0,1,4,1
4139,0,2,1,1,1,1,0,0,1,4,2,3,0,1,4,1
4140,0,2,1,1,1,1,0,1,0,0,1,1,,0,4,0
4141,0,2,1,1,1,1,0,1,0,0,1,2,,0,4,0
4142,0,2,1,1,1,1,0,1,0,0,1,3,,0,4,0
4143,0,2,1,1,1,1,0,1,0,0,2,1,,0,4,0
4144,0,2,1,1,1,1,0,1,0,0,2,2,,0,4,0
4145,0,2,1,1,1,1,0,1,0,0,2,3,,0,4,0
4146,0,2,1,1,1,1,0,1,0,1,1,1,1,1,4,1
4147,0,2,1,1,1,1,0,1,0,1,1,2,1,1,4,1
4148,0,2,1,1,1,1,0,1,0,1,1,3,1,1,4,1
4149,0,2,1,1,1,1,0,1,0,1,2,1,1,1,4,1
4150,0,2,1,1,1,1,0,1,0,1,2,2,1,1,4,1
4151,0,2,1,1,1,1,0,1,0,1,2,3,1,1,4,1
4152,0,2,1,1,1,1,0,1,0,2,1,1,1,1,5,1
4153,0,2,1,1,1,1,0,1,0,2,1,2,1,1,5,1
4154,0,2,1,1,1,1,0,1,0,2,1,3,1,1,5,1
4155,0,2,1,1,1,1,0,1,0,2,2,1,1,1,5,1
4156,0,2,1,1,1,1,0,1,0,2,2,2,1,1,5,1
4157,0,2,1,1,1,1,0,1,0,2,2,3,1,1,5,1
4158,0,2,1,1,1,1,0,1,0,3,1,1,1,1,5,1
4159,0,2,1,1,1,1,0,1,0,3,1,2,1,1,5,1
4160,0,2,1,1,1,1,0,1,0,3,1,3,1,1,5,1
4161,0,2,1,1,1,1,0,1,0,3,2,1,1,1,5,1
4162,0,2,1,1,1,1,0,1,0,3,2,2,1,1,5,1
4163,0,2,1,1,1,1,0,1,0,3,2,3,1,1,5,1
4164,0,2,1,1,1,1,0,1,0,4,1,1,1,1,5,1
4165,0,2,1,1,1,1,0,1,0,4,1,2,1,1,5,1
4166,0,2,1,1,1,1,0,1,0,4,1,3,1,1,5,1
4167,0,2,1,1,1,1,0,1,0,4,2,1,1,1,5,1
4168,0,2,1,1,1,1,0,1,0,4,2,2,1,1,5,1
4169,0,2,1,1,1,1,0,1,0,4,2,3,1,1,5,1
4170,0,2,1,1,1,1,0,1,1,0,1,1,0,1,4,1
4171,0,2,1,1,1,1,0,1,1,0,1,2,0,1,4,1
4172,0,2,1,1,1,1,0,1,1,0,1,3,0,1,4,1
4173,0,2,1,1,1,1,0,1,1,0,2,1,0,1,4,1
4174,0,2,1,1,1,1,0,1,1,0,2,2,0,1,4,1
4175,0,2,1,1,1,1,0,1,1,0,2,3,0,1,4,1
4176,0,2,1,1,1,1,0,1,1,1,1,1,0,1,4,1
4177,0,2,1,1,1,1,0,1,1,1,1,2,0,1,4,1
4178,0,2,1,1,1,1,0,1,1,1,1,3,0,1,4,1
4179,0,2,1,1,1,1,0,1,1,1,2,1,0,1,4,1
4180,0,2,1,1,1,1,0,1,1,1,2,2,0,1,4,1
4181,0,2,1,1,1,1,0,1,1,1,2,3,0,1,4,1
4182,0,2,1,1,1,1,0,1,1,2,1,1,0,1,5,1
4183,0,2,1,1,1,1,0,1,1,2,1,2,0,1,5,1
4184,0,2,1,1,1,1,0,1,1,2,1,3,0,1,5,1
4185,0,2,1,1,1,1,0,1,1,2,2,1,0,1,5,1
4186,0,2,1,1,1,1,0,1,1,2,2,2,0,1,5,1
4187,0,2,1,1,1,1,0,1,1,2,2,3,0,1,5,1
4188,0,2,1,1,1,1,0,1,1,3,1,1,0,1,5,1
4189,0,2,1,1,1,1,0,1,1,3,1,2,0,1,5,1
4190,0,2,1,1,1,1,0,1,1,3,1,3,0,1,5,1
4191,0,2,1,1,1,1,0,1,1,3,2,1,0,1,5,1
4192,0,2,1,1,1,1,0,1,1,3,2,2,0,1,5,1
4193,0,2,1,1,1,1,0,1,1,3,2,3,0,1,5,1
4194,0,2,1,1,1,1,0,1,1,4,1,1,0,1,5,1
4195,0,2,1,1,1,1,0,1,1,4,1,2,0,1,5,1
4196,0,2,1,1,1,1,0,1,1,4,1,3,0,1,5,1
4197,0,2,1,1,1,1,0,1,1,4,2,1,0,1,5,1
4198,0,2,1,1,1,1,0,1,1,4,2,2,0,1,5,1
4199,0,2,1,1,1,1,0,1,1,4,2,3,0,1,5,1
4200,0,2,1,1,1,1,1,0,0,0,1,1,,0,4,0
4201,0,2,1,1,1,1,1,0,0,0,1,2,,0,4,0
4202,0,2,1,1,1,1,1,0,0,0,1,3,,0,4,0
4203,0,2,1,1,1,1,1,0,0,0,2,1,,0,4,0
4204,0,2,1,1,1,1,1,0,0,0,2,2,,0,4,0
4205,0,2,1,1,1,1,1,0,0,0,2,3,,0,4,0
4206,0,2,1,1,1,1,1,0,0,1,1,1,,0,5,0
4207,0,2,1,1,1,1,1,0,0,1,1,2,1,1,5,1
4208,0,2,1,1,1,1,1,0,0,1,1,3,1,1,5,1
4209,0,2,1,1,1,1,1,0,0,1,2,1,,0,5,0
4210,0,2,1,1,1,1,1,0,0,1,2,2,,0,5,0
4211,0,2,1,1,1,1,1,0,0,1,2,3,1,1,5,1
4212,0,2,1,1,1,1,1,0,0,2,1,1,,0,5,0
4213,0,2,1,1,1,1,1,0,0,2,1,2,1,1,5,1
4214,0,2,1,1,1,1,1,0,0,2,1,3,1,1,5,1
4215,0,2,1,1,1,1,1,0,0,2,2,1,,0,5,0
4216,0,2,1,1,1,1,1,0,0,2,2,2,,0,5,0
4217,0,2,1,1,1,1,1,0,0,2,2,3,1,1,5,1
4218,0,2,1,1,1,1,1,0,0,3,1,1,,0,5,0
4219,0,2,1,1,1,1,1,0,0,3,1,2,1,1,5,1
4220,0,2,1,1,1,1,1,0,0,3,1,3,1,1,5,1
4221,0,2,1,1,1,1,1,0,0,3,2,1,,0,5,0
4222,0,2,1,1,1,1,1,0,0,3,2,2,,0,5,0
4223,0,2,1,1,1,1,1,0,0,3,2,3,1,1,5,1
4224,0,2,1,1,1,1,1,0,0,4,1,1,,0,5,0
4225,0,2,1,1,1,1,1,0,0,4,1,2,1,1,5,1
4226,0,2,1,1,1,1,1,0,0,4,1,3,1,1,5,1
4227,0,2,1,1,1,1,1,0,0,4,2,1,,0,5,0
4228,0,2,1,1,1,1,1,0,0,4,2,2,,0,5,0
4229,0,2,1,1,1,1,1,0,0,4,2,3,1,1,5,1
4230,0,2,1,1,1,1,1,0,1,0,1,1,0,1,4,1
4231,0,2,1,1,1,1,1,0,1,0,1,2,0,1,4,1
4232,0,2,1,1,1,1,1,0,1,0,1,3,0,1,4,1
4233,0,2,1,1,1,1,1,0,1,0,2,1,0,1,4,1
4234,0,2,1,1,1,1,1,0,1,0,2,2,0,1,4,1
4235,0,2,1,1,1,1,1,0,1,0,2,3,0,1,4,1
4236,0,2,1,1,1,1,1,0,1,1,1,1,0,1,5,1
4237,0,2,1,1,1,1,1,0,1,1,1,2,0,1,5,1
4238,0,2,1,1,1,1,1,0,1,1,1,3,0,1,5,1
4239,0,2,1,1,1,1,1,0,1,1,2,1,0,1,5,1
4240,0,2,1,1,1,1,1,0,1,1,2,2,0,1,5,1
4241,0,2,1,1,1,1,1,0,1,1,2,3,0,1,5,1
4242,0,2,1,1,1,1,1,0,1,2,1,1,0,1,5,1
4243,0,2,1,1,1,1,1,0,1,2,1,2,0,1,5,1
4244,0,2,1,1,1,1,1,0,1,2,1,3,0,1,5,1
4245,0,2,1,1,1,1,1,0,1,2,2,1,0,1,5,1
4246,0,2,1,1,1,1,1,0,1,2,2,2,0,1,5,1
4247,0,2,1,1,1,1,1,0,1,2,2,3,0,1,5,1
4248,0,2,1,1,1,1,1,0,1,3,1,1,0,1,5,1
4249,0,2,1,1,1,1,1,0,1,3,1,2,0,1,5,1
4250,0,2,1,1,1,1,1,0,1,3,1,3,0,1,5,1
4251,0,2,1,1,1,1,1,0,1,3,2,1,0,1,5,1
4252,0,2,1,1,1,1,1,0,1,3,2,2,0,1,5,1
4253,0,2,1,1,1,1,1,0,1,3,2,3,0,1,5,1
4254,0,2,1,1,1,1,1,0,1,4,1,1,0,1,5,1
4255,0,2,1,1,1,1,1,0,1,4,1,2,0,1,5,1
4256,0,2,1,1,1,1,1,0,1,4,1,3,0,1,5,1
4257,0,2,1,1,1,1,1,0,1,4,2,1,0,1,5,1
4258,0,2,1,1,1,1,1,0,1,4,2,2,0,1,5,1
4259,0,2,1,1,1,1,1,0,1,4,2,3,0,1,5,1
4260,0,2,1,1,1,1,1,1,0,0,1,1,,0,4,0
4261,0,2,1,1,1,1,1,1,0,0,1,2,,0,4,0
4262,0,2,1,1,1,1,1,1,0,0,1,3,,0,4,0
4263,0,2,1,1,1,1,1,1,0,0,2,1,,0,4,0
4264,0,2,1,1,1,1,1,1,0,0,2,2,,0,4,0
4265,0,2,1,1,1,1,1,1,0,0,2,3,,0,4,0
4266,0,2,1,1,1,1,1,1,0,1,1,1,,0,5,0
4267,0,2,1,1,1,1,1,1,0,1,1,2,1,1,5,1
4268,0,2,1,1,1,1,1,1,0,1,1,3,1,1,5,1
4269,0,2,1,1,1,1,1,1,0,1,2,1,,0,5,0
4270,0,2,1,1,1,1,1,1,0,1,2,2,,0,5,0
4271,0,2,1,1,1,1,1,1,0,1,2,3,1,1,5,1
4272,0,2,1,1,1,1,1,1,0,2,1,1,,0,6,0
4273,0,2,1,1,1,1,1,1,0,2,1,2,1,1,8,1
4274,0,2,1,1,1,1,1,1,0,2,1,3,1,1,8,1
4275,0,2,1,1,1,1,1,1,0,2,2,1,,0,6,0
4276,0,2,1,1,1,1,1,1,0,2,2,2,,0,6,0
4277,0,2,1,1,1,1,1,1,0,2,2,3,1,1,8,1
4278,0,2,1,1,1,1,1,1,0,3,1,1,,0,6,0
4279,0,2,1,1,1,1,1,1,0,3,1,2,1,1,8,1
4280,0,2,1,1,1,1,1,1,0,3,1,3,1,1,8,1
4281,0,2,1,1,1,1,1,1,0,3,2,1,,0,6,0
4282,0,2,1,1,1,1,1,1,0,3,2,2,,0,6,0
4283,0,2,1,1,1,1,1,1,0,3,2,3,1,1,8,1
4284,0,2,1,1,1,1,1,1,0,4,1,1,,0,6,0
4285,0,2,1,1,1,1,1,1,0,4,1,2,1,1,8,1
4286,0,2,1,1,1,1,1,1,0,4,1,3,1,1,8,1
4287,0,2,1,1,1,1,1,1,0,4,2,1,,0,6,0
4288,0,2,1,1,1,1,1,1,0,4,2,2,,0,6,0
4289,0,2,1,1,1,1,1,1,0,4,2,3,1,1,8,1
4290,0,2,1,1,1,1,1,1,1,0,1,1,0,1,4,1
4291,0,2,1,1,1,1,1,1,1,0,1,2,0,1,4,1
4292,0,2,1,1,1,1,1,1,1,0,1,3,0,1,4,1
4293,0,2,1,1,1,1,1,1,1,0,2,1,0,1,4,1
4294,0,2,1,1,1,1,1,1,1,0,2,2,0,1,4,1
4295,0,2,1,1,1,1,1,1,1,0,2,3,0,1,4,1
4296,0,2,1,1,1,1,1,1,1,1,1,1,0,1,5,1
4297,0,2,1,1,1,1,1,1,1,1,1,2,0,1,5,1
4298,0,2,1,1,1,1,1,1,1,1,1,3,0,1,5,1
4299,0,2,1,1,1,1,1,1,1,1,2,1,0,1,5,1
4300,0,2,1,1,1,1,1,1,1,1,2,2,0,1,5,1
4301,0,2,1,1,1,1,1,1,1,1,2,3,0,1,5,1
4302,0,2,1,1,1,1,1,1,1,2,1,1,0,1,8,1
4303,0,2,1,1,1,1,1,1,1,2,1,2,0,1,8,1
4304,0,2,1,1,1,1,1,1,1,2,1,3,0,1,8,1
4305,0,2,1,1,1,1,1,1,1,2,2,1,0,1,8,1
4306,0,2,1,1,1,1,1,1,1,2,2,2,0,1,8,1
4307,0,2,1,1,1,1,1,1,1,2,2,3,0,1,8,1
4308,0,2,1,1,1,1,1,1,1,3,1,1,0,1,8,1
4309,0,2,1,1,1,1,1,1,1,3,1,2,0,1,8,1
4310,0,2,1,1,1,1,1,1,1,3,1,3,0,1,8,1
4311,0,2,1,1,1,1,1,1,1,3,2,1,0,1,8,1
4312,0,2,1,1,1,1,1,1,1,3,2,2,0,1,8,1
4313,0,2,1,1,1,1,1,1,1,3,2,3,0,1,8,1
4314,0,2,1,1,1,1,1,1,1,4,1,1,0,1,8,1
4315,0,2,1,1,1,1,1,1,1,4,1,2,0,1,8,1
4316,0,2,1,1,1,1,1,1,1,4,1,3,0,1,8,1
4317,0,2,1,1,1,1,1,1,1,4,2,1,0,1,8,1
4318,0,2,1,1,1,1,1,1,1,4,2,2,0,1,8,1
4319,0,2,1,1,1,1,1,1,1,4,2,3,0,1,8,1
4320,0,2,1,1,2,0,0,0,0,0,1,1,,0,4,0
4321,0,2,1,1,2,0,0,0,0,0,1,2,,0,4,0
4322,0,2,1,1,2,0,0,0,0,0,1,3,,0,4,0
4323,0,2,1,1,2,0,0,0,0,0,2,1,,0,4,0
4324,0,2,1,1,2,0,0,0,0,0,2,2,,0,4,0
4325,0,2,1,1,2,0,0,0,0,0,2,3,,0,4,0
4326,0,2,1,1,2,0,0,0,0,1,1,1,,0,4,0
4327,0,2,1,1,2,0,0,0,0,1,1,2,1,1,4,1
4328,0,2,1,1,2,0,0,0,0,1,1,3,1,1,4,1
4329,0,2,1,1,2,0,0,0,0,1,2,1,,0,4,0
4330,0,2,1,1,2,0,0,0,0,1,2,2,1,1,4,1
4331,0,2,1,1,2,0,0,0,0,1,2,3,1,1,4,1
4332,0,2,1,1,2,0,0,0,0,2,1,1,,0,4,0
4333,0,2,1,1,2,0,0,0,0,2,1,2,1,1,4,1
4334,0,2,1,1,2,0,0,0,0,2,1,3,1,1,4,1
4335,0,2,1,1,2,0,0,0,0,2,2,1,,0,4,0
4336,0,2,1,1,2,0,0,0,0,2,2,2,1,1,4,1
4337,0,2,1,1,2,0,0,0,0,2,2,3,1,1,4,1
4338,0,2,1,1,2,0,0,0,0,3,1,1,,0,4,0
4339,0,2,1,1,2,0,0,0,0,3,1,2,1,1,4,1
4340,0,2,1,1,2,0,0,0,0,3,1,3,1,1,4,1
4341,0,2,1,1,2,0,0,0,0,3,2,1,,0,4,0
4342,0,2,1,1,2,0,0,0,0,3,2,2,1,1,4,1
4343,0,2,1,1,2,0,0,0,0,3,2,3,1,1,4,1
4344,0,2,1,1,2,0,0,0,0,4,1,1,,0,4,0
4345,0,2,1,1,2,0,0,0,0,4,1,2,1,1,4,1
4346,0,2,1,1,2,0,0,0,0,4,1,3,1,1,4,1
4347,0,2,1,1,2,0,0,0,0,4,2,1,,0,4,0
4348,0,2,1,1,2,0,0,0,0,4,2,2,1,1,4,1
4349,0,2,1,1,2,0,0,0,0,4,2,3,1,1,4,1
4350,0,2,1,1,2,0,0,0,1,0,1,1,0,1,4,1
4351,0,2,1,1,2,0,0,0,1,0,1,2,0,1,4,1
4352,0,2,1,1,2,0,0,0,1,0,1,3,0,1,4,1
4353,0,2,1,1,2,0,0,0,1,0,2,1,0,1,4,1
4354,0,2,1,1,2,0,0,0,1,0,2,2,0,1,4,1
4355,0,2,1,1,2,0,0,0,1,0,2,3,0,1,4,1
4356,0,2,1,1,2,0,0,0,1,1,1,1,0,1,4,1
4357,0,2,1,1,2,0,0,0,1,1,1,2,0,1,4,1
4358,0,2,1,1,2,0,0,0,1,1,1,3,0,1,4,1
4359,0,2,1,1,2,0,0,0,1,1,2,1,0,1,4,1
4360,0,2,1,1,2,0,0,0,1,1,2,2,0,1,4,1
4361,0,2,1,1,2,0,0,0,1,1,2,3,0,1,4,1
4362,0,2,1,1,2,0,0,0,1,2,1,1,0,1,4,1
4363,0,2,1,1,2,0,0,0,1,2,1,2,0,1,4,1
4364,0,2,1,1,2,0,0,0,1,2,1,3,0,1,4,1
4365,0,2,1,1,2,0,0,0,1,2,2,1,0,1,4,1
4366,0,2,1,1,2,0,0,0,1,2,2,2,0,1,4,1
4367,0,2,1,1,2,0,0,0,1,2,2,3,0,1,4,1
4368,0,2,1,1,2,0,0,0,1,3,1,1,0,1,4,1
4369,0,2,1,1,2,0,0,0,1,3,1,2,0,1,4,1
4370,0,2,1,1,2,0,0,0,1,3,1,3,0,1,4,1
4371,0,2,1,1,2,0,0,0,1,3,2,1,0,1,4,1
4372,0,2,1,1,2,0,0,0,1,3,2,2,0,1,4,1
4373,0,2,1,1,2,0,0,0,1,3,2,3,0,1,4,1
4374,0,2,1,1,2,0,0,0,1,4,1,1,0,1,4,1
4375,0,2,1,1,2,0,0,0,1,4,1,2,0,1,4,1
4376,0,2,1,1,2,0,0,0,1,4,1,3,0,1,4,1
4377,0,2,1,1,2,0,0,0,1,4,2,1,0,1,4,1
4378,0,2,1,1,2,0,0,0,1,4,2,2,0,1,4,1
4379,0,2,1,1,2,0,0,0,1,4,2,3,0,1,4,1
4380,0,2,1,1,2,0,0,1,0,0,1,1,,0,4,0
4381,0,2,1,1,2,0,0,1,0,0,1,2,,0,4,0
4382,0,2,1,1,2,0,0,1,0,0,1,3,,0,4,0
4383,0,2,1,1,2,0,0,1,0,0,2,1,,0,4,0
4384,0,2,1,1,2,0,0,1,0,0,2,2,,0,4,0
4385,0,2,1,1,2,0,0,1,0,0,2,3,,0,4,0
4386,0,2,1,1,2,0,0,1,0,1,1,1,,0,4,0
4387,0,2,1,1,2,0,0,1,0,1,1,2,1,1,4,1
4388,0,2,1,1,2,0,0,1,0,1,1,3,1,1,4,1
4389,0,2,1,1,2,0,0,1,0,1,2,1,,0,4,0
4390,0,2,1,1,2,0,0,1,0,1,2,2,1,1,4,1
4391,0,2,1,1,2,0,0,1,0,1,2,3,1,1,4,1
4392,0,2,1,1,2,0,0,1,0,2,1,1,2,1,4,1
4393,0,2,1,1,2,0,0,1,0,2,1,2,1,1,4,1
4394,0,2,1,1,2,0,0,1,0,2,1,3,1,1,4,1
4395,0,2,1,1,2,0,0,1,0,2,2,1,2,1,4,1
4396,0,2,1,1,2,0,0,1,0,2,2,2,1,1,4,1
4397,0,2,1,1,2,0,0,1,0,2,2,3,1,1,4,1
4398,0,2,1,1,2,0,0,1,0,3,1,1,2,1,4,1
4399,0,2,1,1,2,0,0,1,0,3,1,2,1,1,4,1
4400,0,2,1,1,2,0,0,1,0,3,1,3,1,1,4,1
4401,0,2,1,1,2,0,0,1,0,3,2,1,2,1,4,1
4402,0,2,1,1,2,0,0,1,0,3,2,2,1,1,4,1
4403,0,2,1,1,2,0,0,1,0,3,2,3,1,1,4,1
4404,0,2,1,1,2,0,0,1,0,4,1,1,2,1,4,1
4405,0,2,1,1,2,0,0,1,0,4,1,2,1,1,4,1
4406,0,2,1,1,2,0,0,1,0,4,1,3,1,1,4,1
4407,0,2,1,1,2,0,0,1,0,4,2,1,2,1,4,1
4408,0,2,1,1,2,0,0,1,0,4,2,2,1,1,4,1
4409,0,2,1,1,2,0,0,1,0,4,2,3,1,1,4,1
4410,0,2,1,1,2,0,0,1,1,0,1,1,0,1,4,1
4411,0,2,1,1,2,0,0,1,1,0,1,2,0,1,4,1
4412,0,2,1,1,2,0,0,1,1,0,1,3,0,1,4,1
4413,0,2,1,1,2,0,0,1,1,0,2,1,0,1,4,1
4414,0,2,1,1,2,0,0,1,1,0,2,2,0,1,4,1
4415,0,2,1,1,2,0,0,1,1,0,2,3,0,1,4,1
4416,0,2,1,1,2,0,0,1,1,1,1,1,0,1,4,1
4417,0,2,1,1,2,0,0,1,1,1,1,2,0,1,4,1
4418,0,2,1,1,2,0,0,1,1,1,1,3,0,1,4,1
4419,0,2,1,1,2,0,0,1,1,1,2,1,0,1,4,1
4420,0,2,1,1,2,0,0,1,1,1,2,2,0,1,4,1
4421,0,2,1,1,2,0,0,1,1,1,2,3,0,1,4,1
4422,0,2,1,1,2,0,0,1,1,2,1,1,0,1,4,1
4423,0,2,1,1,2,0,0,1,1,2,1,2,0,1,4,1
4424,0,2,1,1,2,0,0,1,1,2,1,3,0,1,4,1
4425,0,2,1,1,2,0,0,1,1,2,2,1,0,1,4,1
4426,0,2,1,1,2,0,0,1,1,2,2,2,0,1,4,1
4427,0,2,1,1,2,0,0,1,1,2,2,3,0,1,4,1
4428,0,2,1,1,2,0,0,1,1,3,1,1,0,1,4,1
4429,0,2,1,1,2,0,0,1,1,3,1,2,0,1,4,1
4430,0,2,1,1,2,0,0,1,1,3,1,3,0,1,4,1
4431,0,2,1,1,2,0,0,1,1,3,2,1,0,1,4,1
4432,0,2,1,1,2,0,0,1,1,3,2,2,0,1,4,1
4433,0,2,1,1,2,0,0,1,1,3,2,3,0,1,4,1
4434,0,2,1,1,2,0,0,1,1,4,1,1,0,1,4,1
4435,0,2,1,1,2,0,0,1,1,4,1,2,0,1,4,1
4436,0,2,1,1,2,0,0,1,1,4,1,3,0,1,4,1
4437,0,2,1,1,2,0,0,1,1,4,2,1,0,1,4,1
4438,0,2,1,1,2,0,0,1,1,4,2,2,0,1,4,1
4439,0,2,1,1,2,0,0,1,1,4,2,3,0,1,4,1
4440,0,2,1,1,2,0,1,0,0,0,1,1,,0,4,0
4441,0,2,1,1,2,0,1,0,0,0,1,2,,0,4,0
4442,0,2,1,1,2,0,1,0,0,0,1,3,,0,4,0
4443,0,2,1,1,2,0,1,0,0,0,2,1,,0,4,0
4444,0,2,1,1,2,0,1,0,0,0,2,2,,0,4,0
4445,0,2,1,1,2,0,1,0,0,0,2,3,,0,4,0
4446,0,2,1,1,2,0,1,0,0,1,1,1,,0,4,0
4447,0,2,1,1,2,0,1,0,0,1,1,2,,0,5,0
4448,0,2,1,1,2,0,1,0,0,1,1,3,1,1,5,1
4449,0,2,1,1,2,0,1,0,0,1,2,1,,0,4,0
4450,0,2,1,1,2,0,1,0,0,1,2,2,,0,5,0
4451,0,2,1,1,2,0,1,0,0,1,2,3,,0,5,0
4452,0,2,1,1,2,0,1,0,0,2,1,1,,0,4,0
4453,0,2,1,1,2,0,1,0,0,2,1,2,,0,5,0
4454,0,2,1,1,2,0,1,0,0,2,1,3,1,1,5,1
4455,0,2,1,1,2,0,1,0,0,2,2,1,,0,4,0
4456,0,2,1,1,2,0,1,0,0,2,2,2,,0,5,0
4457,0,2,1,1,2,0,1,0,0,2,2,3,,0,5,0
4458,0,2,1,1,2,0,1,0,0,3,1,1,,0,4,0
4459,0,2,1,1,2,0,1,0,0,3,1,2,,0,5,0
4460,0,2,1,1,2,0,1,0,0,3,1,3,1,1,5,1
4461,0,2,1,1,2,0,1,0,0,3,2,1,,0,4,0
4462,0,2,1,1,2,0,1,0,0,3,2,2,,0,5,0
4463,0,2,1,1,2,0,1,0,0,3,2,3,,0,5,0
4464,0,2,1,1,2,0,1,0,0,4,1,1,,0,4,0
4465,0,2,1,1,2,0,1,0,0,4,1,2,,0,5,0
4466,0,2,1,1,2,0,1,0,0,4,1,3,1,1,5,1
4467,0,2,1,1,2,0,1,0,0,4,2,1,,0,4,0
4468,0,2,1,1,2,0,1,0,0,4,2,2,,0,5,0
4469,0,2,1,1,2,0,1,0,0,4,2,3,,0,5,0
4470,0,2,1,1,2,0,1,0,1,0,1,1,0,1,4,1
4471,0,2,1,1,2,0,1,0,1,0,1,2,0,1,4,1
4472,0,2,1,1,2,0,1,0,1,0,1,3,0,1,4,1
4473,0,2,1,1,2,0,1,0,1,0,2,1,0,1,4,1
4474,0,2,1,1,2,0,1,0,1,0,2,2,0,1,4,1
4475,0,2,1,1,2,0,1,0,1,0,2,3,0,1,4,1
4476,0,2,1,1,2,0,1,0,1,1,1,1,0,1,5,1
4477,0,2,1,1,2,0,1,0,1,1,1,2,0,1,5,1
4478,0,2,1,1,2,0,1,0,1,1,1,3,0,1,5,1
4479,0,2,1,1,2,0,1,0,1,1,2,1,0,1,5,1
4480,0,2,1,1,2,0,1,0,1,1,2,2,0,1,5,1
4481,0,2,1,1,2,0,1,0,1,1,2,3,0,1,5,1
4482,0,2,1,1,2,0,1,0,1,2,1,1,0,1,5,1
4483,0,2,1,1,2,0,1,0,1,2,1,2,0,1,5,1
4484,0,2,1,1,2,0,1,0,1,2,1,3,0,1,5,1
4485,0,2,1,1,2,0,1,0,1,2,2,1,0,1,5,1
4486,0,2,1,1,2,0,1,0,1,2,2,2,0,1,5,1
4487,0,2,1,1,2,0,1,0,1,2,2,3,0,1,5,1
4488,0,2,1,1,2,0,1,0,1,3,1,1,0,1,5,1
4489,0,2,1,1,2,0,1,0,1,3,1,2,0,1,5,1
4490,0,2,1,1,2,0,1,0,1,3,1,3,0,1,5,1
4491,0,2,1,1,2,0,1,0,1,3,2,1,0,1,5,1
4492,0,2,1,1,2,0,1,0,1,3,2,2,0,1,5,1
4493,0,2,1,1,2,0,1,0,1,3,2,3,0,1,5,1
4494,0,2,1,1,2,0,1,0,1,4,1,1,0,1,5,1
4495,0,2,1,1,2,0,1,0,1,4,1,2,0,1,5,1
4496,0,2,1,1,2,0,1,0,1,4,1,3,0,1,5,1
4497,0,2,1,1,2,0,1,0,1,4,2,1,0,1,5,1
4498,0,2,1,1,2,0,1,0,1,4,2,2,0,1,5,1
4499,0,2,1,1,2,0,1,0,1,4,2,3,0,1,5,1
4500,0,2,1,1,2,0,1,1,0,0,1,1,,0,4,0
4501,0,2,1,1,2,0,1,1,0,0,1,2,,0,4,0
4502,0,2,1,1,2,0,1,1,0,0,1,3,,0,4,0
4503,0,2,1,1,2,0,1,1,0,0,2,1,,0,4,0
4504,0,2,1,1,2,0,1,1,0,0,2,2,,0,4,0
4505,0,2,1,1,2,0,1,1,0,0,2,3,,0,4,0
4506,0,2,1,1,2,0,1,1,0,1,1,1,,0,4,0
4507,0,2,1,1,2,0,1,1,0,1,1,2,,0,5,0
4508,0,2,1,1,2,0,1,1,0,1,1,3,1,1,5,1
4509,0,2,1,1,2,0,1,1,0,1,2,1,,0,4,0
4510,0,2,1,1,2,0,1,1,0,1,2,2,,0,5,0
4511,0,2,1,1,2,0,1,1,0,1,2,3,,0,5,0
4512,0,2,1,1,2,0,1,1,0,2,1,1,,0,5,0
4513,0,2,1,1,2,0,1,1,0,2,1,2,2,1,6,1
4514,0,2,1,1,2,0,1,1,0,2,1,3,1,1,6,1
4515,0,2,1,1,2,0,1,1,0,2,2,1,,0,5,0
4516,0,2,1,1,2,0,1,1,0,2,2,2,,0,6,0
4517,0,2,1,1,2,0,1,1,0,2,2,3,2,1,6,1
4518,0,2,1,1,2,0,1,1,0,3,1,1,,0,5,0
4519,0,2,1,1,2,0,1,1,0,3,1,2,2,1,6,1
4520,0,2,1,1,2,0,1,1,0,3,1,3,1,1,6,1
4521,0,2,1,1,2,0,1,1,0,3,2,1,,0,5,0
4522,0,2,1,1,2,0,1,1,0,3,2,2,,0,6,0
4523,0,2,1,1,2,0,1,1,0,3,2,3,2,1,6,1
4524,0,2,1,1,2,0,1,1,0,4,1,1,,0,5,0
4525,0,2,1,1,2,0,1,1,0,4,1,2,2,1,6,1
4526,0,2,1,1,2,0,1,1,0,4,1,3,1,1,6,1
4527,0,2,1,1,2,0,1,1,0,4,2,1,,0,5,0
4528,0,2,1,1,2,0,1,1,0,4,2,2,,0,6,0
4529,0,2,1,1,2,0,1,1,0,4,2,3,2,1,6,1
4530,0,2,1,1,2,0,1,1,1,0,1,1,0,1,4,1
4531,0,2,1,1,2,0,1,1,1,0,1,2,0,1,4,1
4532,0,2,1,1,2,0,1,1,1,0,1,3,0,1,4,1
4533,0,2,1,1,2,0,1,1,1,0,2,1,0,1,4,1
4534,0,2,1,1,2,0,1,1,1,0,2,2,0,1,4,1
4535,0,2,1,1,2,0,1,1,1,0,2,3,0,1,4,1
4536,0,2,1,1,2,0,1,1,1,1,1,1,0,1,5,1
4537,0,2,1,1,2,0,1,1,1,1,1,2,0,1,5,1
4538,0,2,1,1,2,0,1,1,1,1,1,3,0,1,5,1
4539,0,2,1,1,2,0,1,1,1,1,2,1,0,1,5,1
4540,0,2,1,1,2,0,1,1,1,1,2,2,0,1,5,1
4541,0,2,1,1,2,0,1,1,1,1,2,3,0,1,5,1
4542,0,2,1,1,2,0,1,1,1,2,1,1,0,1,6,1
4543,0,2,1,1,2,0,1,1,1,2,1,2,0,1,6,1
4544,0,2,1,1,2,0,1,1,1,2,1,3,0,1,6,1
4545,0,2,1,1,2,0,1,1,1,2,2,1,0,1,6,1
4546,0,2,1,1,2,0,1,1,1,2,2,2,0,1,6,1
4547,0,2,1,1,2,0,1,1,1,2,2,3,0,1,6,1
4548,0,2,1,1,2,0,1,1,1,3,1,1,0,1,6,1
4549,0,2,1,1,2,0,1,1,1,3,1,2,0,1,6,1
4550,0,2,1,1,2,0,1,1,1,3,1,3,0,1,6,1
4551,0,2,1,1,2,0,1,1,1,3,2,1,0,1,6,1
4552,0,2,1,1,2,0,1,1,1,3,2,2,0,1,6,1
4553,0,2,1,1,2,0,1,1,1,3,2,3,0,1,6,1
4554,0,2,1,1,2,0,1,1,1,4,1,1,0,1,6,1
4555,0,2,1,1,2,0,1,1,1,4,1,2,0,1,6,1
4556,0,2,1,1,2,0,1,1,1,4,1,3,0,1,6,1
4557,0,2,1,1,2,0,1,1,1,4,2,1,0,1,6,1
4558,0,2,1,1,2,0,1,1,1,4,2,2,0,1,6,1
4559,0,2,1,1,2,0,1,1,1,4,2,3,0,1,6,1
4560,0,2,1,1,2,1,0,0,0,0,1,1,,0,4,0
4561,0,2,1,1,2,1,0,0,0,0,1,2,,0,4,0
4562,0,2,1,1,2,1,0,0,0,0,1,3,,0,4,0
4563,0,2,1,1,2,1,0,0,0,0,2,1,,0,4,0
4564,0,2,1,1,2,1,0,0,0,0,2,2,,0,4,0
4565,0,2,1,1,2,1,0,0,0,0,2,3,,0,4,0
4566,0,2,1,1,2,1,0,0,0,1,1,1,,0,4,0
4567,0,2,1,1,2,1,0,0,0,1,1,2,1,1,4,1
4568,0,2,1,1,2,1,0,0,0,1,1,3,1,1,4,1
4569,0,2,1,1,2,1,0,0,0,1,2,1,,0,4,0
4570,0,2,1,1,2,1,0,0,0,1,2,2,1,1,4,1
4571,0,2,1,1,2,1,0,0,0,1,2,3,1,1,4,1
4572,0,2,1,1,2,1,0,0,0,2,1,1,,0,4,0
4573,0,2,1,1,2,1,0,0,0,2,1,2,1,1,4,1
4574,0,2,1,1,2,1,0,0,0,2,1,3,1,1,4,1
4575,0,2,1,1,2,1,0,0,0,2,2,1,,0,4,0
4576,0,2,1,1,2,1,0,0,0,2,2,2,1,1,4,1
4577,0,2,1,1,2,1,0,0,0,2,2,3,1,1,4,1
4578,0,2,1,1,2,1,0,0,0,3,1,1,,0,4,0
4579,0,2,1,1,2,1,0,0,0,3,1,2,1,1,4,1
4580,0,2,1,1,2,1,0,0,0,3,1,3,1,1,4,1
4581,0,2,1,1,2,1,0,0,0,3,2,1,,0,4,0
4582,0,2,1,1,2,1,0,0,0,3,2,2,1,1,4,1
4583,0,2,1,1,2,1,0,0,0,3,2,3,1,1,4,1
4584,0,2,1,1,2,1,0,0,0,4,1,1,,0,4,0
4585,0,2,1,1,2,1,0,0,0,4,1,2,1,1,4,1
4586,0,2,1,1,2,1,0,0,0,4,1,3,1,1,4,1
4587,0,2,1,1,2,1,0,0,0,4,2,1,,0,4,0
4588,0,2,1,1,2,1,0,0,0,4,2,2,1,1,4,1
4589,0,2,1,1,2,1,0,0,0,4,2,3,1,1,4,1
4590,0,2,1,1,2,1,0,0,1,0,1,1,0,1,4,1
4591,0,2,1,1,2,1,0,0,1,0,1,2,0,1,4,1
4592,0,2,1,1,2,1,0,0,1,0,1,3,0,1,4,1
4593,0,2,1,1,2,1,0,0,1,0,2,1,0,1,4,1
4594,0,2,1,1,2,1,0,0,1,0,2,2,0,1,4,1
4595,0,2,1,1,2,1,0,0,1,0,2,3,0,1,4,1
4596,0,2,1,1,2,1,0,0,1,1,1,1,0,1,4,1
4597,0,2,1,1,2,1,0,0,1,1,1,2,0,1,4,1
4598,0,2,1,1,2,1,0,0,1,1,1,3,0,1,4,1
4599,0,2,1,1,2,1,0,0,1,1,2,1,0,1,4,1
4600,0,2,1,1,2,1,0,0,1,1,2,2,0,1,4,1
4601,0,2,1,1,2,1,0,0,1,1,2,3,0,1,4,1
4602,0,2,1,1,2,1,0,0,1,2,1,1,0,1,4,1
4603,0,2,1,1,2,1,0,0,1,2,1,2,0,1,4,1
4604,0,2,1,1,2,1,0,0,1,2,1,3,0,1,4,1
4605,0,2,1,1,2,1,0,0,1,2,2,1,0,1,4,1
4606,0,2,1,1,2,1,0,0,1,2,2,2,0,1,4,1
4607,0,2,1,1,2,1,0,0,1,2,2,3,0,1,4,1
4608,0,2,1,1,2,1,0,0,1,3,1,1,0,1,4,1
4609,0,2,1,1,2,1,0,0,1,3,1,2,0,1,4,1
4610,0,2,1,1,2,1,0,0,1,3,1,3,0,1,4,1
4611,0,2,1,1,2,1,0,0,1,3,2,1,0,1,4,1
4612,0,2,1,1,2,1,0,0,1,3,2,2,0,1,4,1
4613,0,2,1,1,2,1,0,0,1,3,2,3,0,1,4,1
4614,0,2,1,1,2,1,0,0,1,4,1,1,0,1,4,1
4615,0,2,1,1,2,1,0,0,1,4,1,2,0,1,4,1
4616,0,2,1,1,2,1,0,0,1,4,1,3,0,1,4,1
4617,0,2,1,1,2,1,0,0,1,4,2,1,0,1,4,1
4618,0,2,1,1,2,1,0,0,1,4,2,2,0,1,4,1
4619,0,2,1,1,2,1,0,0,1,4,2,3,0,1,4,1
4620,0,2,1,1,2,1,0,1,0,0,1,1,,0,4,0
4621,0,2,1,1,2,1,0,1,0,0,1,2,,0,4,0
4622,0,2,1,1,2,1,0,1,0,0,1,3,,0,4,0
4623,0,2,1,1,2,1,0,1,0,0,2,1,,0,4,0
4624,0,2,1,1,2,1,0,1,0,0,2,2,,0,4,0
4625,0,2,1,1,2,1,0,1,0,0,2,3,,0,4,0
4626,0,2,1,1,2,1,0,1,0,1,1,1,,0,4,0
4627,0,2,1,1,2,1,0,1,0,1,1,2,1,1,4,1
4628,0,2,1,1,2,1,0,1,0,1,1,3,1,1,4,1
4629,0,2,1,1,2,1,0,1,0,1,2,1,,0,4,0
4630,0,2,1,1,2,1,0,1,0,1,2,2,1,1,4,1
4631,0,2,1,1,2,1,0,1,0,1,2,3,1,1,4,1
4632,0,2,1,1,2,1,0,1,0,2,1,1,2,1,5,1
4633,0,2,1,1,2,1,0,1,0,2,1,2,1,1,5,1
4634,0,2,1,1,2,1,0,1,0,2,1,3,1,1,5,1
4635,0,2,1,1,2,1,0,1,0,2,2,1,2,1,5,1
4636,0,2,1,1,2,1,0,1,0,2,2,2,1,1,5,1
4637,0,2,1,1,2,1,0,1,0,2,2,3,1,1,5,1
4638,0,2,1,1,2,1,0,1,0,3,1,1,2,1,5,1
4639,0,2,1,1,2,1,0,1,0,3,1,2,1,1,5,1
4640,0,2,1,1,2,1,0,1,0,3,1,3,1,1,5,1
4641,0,2,1,1,2,1,0,1,0,3,2,1,2,1,5,1
4642,0,2,1,1,2,1,0,1,0,3,2,2,1,1,5,1
4643,0,2,1,1,2,1,0,1,0,3,2,3,1,1,5,1
4644,0,2,1,1,2,1,0,1,0,4,1,1,2,1,5,1
4645,0,2,1,1,2,1,0,1,0,4,1,2,1,1,5,1
4646,0,2,1,1,2,1,0,1,0,4,1,3,1,1,5,1
4647,0,2,1,1,2,1,0,1,0,4,2,1,2,1,5,1
4648,0,2,1,1,2,1,0,1,0,4,2,2,1,1,5,1
4649,0,2,1,1,2,1,0,1,0,4,2,3,1,1,5,1
4650,0,2,1,1,2,1,0,1,1,0,1,1,0,1,4,1
4651,0,2,1,1,2,1,0,1,1,0,1,2,0,1,4,1
4652,0,2,1,1,2,1,0,1,1,0,1,3,0,1,4,1
4653,0,2,1,1,2,1,0,1,1,0,2,1,0,1,4,1
4654,0,2,1,1,2,1,0,1,1,0,2,2,0,1,4,1
4655,0,2,1,1,2,1,0,1,1,0,2,3,0,1,4,1
4656,0,2,1,1,2,1,0,1,1,1,1,1,0,1,4,1
4657,0,2,1,1,2,1,0,1,1,1,1,2,0,1,4,1
4658,0,2,1,1,2,1,0,1,1,1,1,3,0,1,4,1
4659,0,2,1,1,2,1,0,1,1,1,2,1,0,1,4,1
4660,0,2,1,1,2,1,0,1,1,1,2,2,0,1,4,1
4661,0,2,1,1,2,1,0,1,1,1,2,3,0,1,4,1
4662,0,2,1,1,2,1,0,1,1,2,1,1,0,1,5,1
4663,0,2,1,1,2,1,0,1,1,2,1,2,0,1,5,1
4664,0,2,1,1,2,1,0,1,1,2,1,3,0,1,5,1
4665,0,2,1,1,2,1,0,1,1,2,2,1,0,1,5,1
4666,0,2,1,1,2,1,0,1,1,2,2,2,0,1,5,1
4667,0,2,1,1,2,1,0,1,1,2,2,3,0,1,5,1
4668,0,2,1,1,2,1,0,1,1,3,1,1,0,1,5,1
4669,0,2,1,1,2,1,0,1,1,3,1,2,0,1,5,1
4670,0,2,1,1,2,1,0,1,1,3,1,3,0,1,5,1
4671,0,2,1,1,2,1,0,1,1,3,2,1,0,1,5,1
4672,0,2,1,1,2,1,0,1,1,3,2,2,0,1,5,1
4673,0,2,1,1,2,1,0,1,1,3,2,3,0,1,5,1
4674,0,2,1,1,2,1,0,1,1,4,1,1,0,1,5,1
4675,0,2,1,1,2,1,0,1,1,4,1,2,0,1,5,1
4676,0,2,1,1,2,1,0,1,1,4,1,3,0,1,5,1
4677,0,2,1,1,2,1,0,1,1,4,2,1,0,1,5,1
4678,0,2,1,1,2,1,0,1,1,4,2,2,0,1,5,1
4679,0,2,1,1,2,1,0,1,1,4,2,3,0,1,5,1
4680,0,2,1,1,2,1,1,0,0,0,1,1,,0,4,0
4681,0,2,1,1,2,1,1,0,0,0,1,2,,0,4,0
4682,0,2,1,1,2,1,1,0,0,0,1,3,,0,4,0
4683,0,2,1,1,2,1,1,0,0,0,2,1,,0,4,0
4684,0,2,1,1,2,1,1,0,0,0,2,2,,0,4,0
4685,0,2,1,1,2,1,1,0,0,0,2,3,,0,4,0
4686,0,2,1,1,2,1,1,0,0,1,1,1,,0,4,0
4687,0,2,1,1,2,1,1,0,0,1,1,2,,0,5,0
4688,0,2,1,1,2,1,1,0,0,1,1,3,1,1,5,1
4689,0,2,1,1,2,1,1,0,0,1,2,1,,0,4,0
4690,0,2,1,1,2,1,1,0,0,1,2,2,,0,5,0
4691,0,2,1,1,2,1,1,0,0,1,2,3,,0,5,0
4692,0,2,1,1,2,1,1,0,0,2,1,1,,0,4,0
4693,0,2,1,1,2,1,1,0,0,2,1,2,,0,5,0
4694,0,2,1,1,2,1,1,0,0,2,1,3,1,1,5,1
4695,0,2,1,1,2,1,1,0,0,2,2,1,,0,4,0
4696,0,2,1,1,2,1,1,0,0,2,2,2,,0,5,0
4697,0,2,1,1,2,1,1,0,0,2,2,3,,0,5,0
4698,0,2,1,1,2,1,1,0,0,3,1,1,,0,4,0
4699,0,2,1,1,2,1,1,0,0,3,1,2,,0,5,0
4700,0,2,1,1,2,1,1,0,0,3,1,3,1,1,5,1
4701,0,2,1,1,2,1,1,0,0,3,2,1,,0,4,0
4702,0,2,1,1,2,1,1,0,0,3,2,2,,0,5,0
4703,0,2,1,1,2,1,1,0,0,3,2,3,,0,5,0
4704,0,2,1,1,2,1,1,0,0,4,1,1,,0,4,0
4705,0,2,1,1,2,1,1,0,0,4,1,2,,0,5,0
4706,0,2,1,1,2,1,1,0,0,4,1,3,1,1,5,1
4707,0,2,1,1,2,1,1,0,0,4,2,1,,0,4,0
4708,0,2,1,1,2,1,1,0,0,4,2,2,,0,5,0
4709,0,2,1,1,2,1,1,0,0,4,2,3,,0,5,0
4710,0,2,1,1,2,1,1,0,1,0,1,1,0,1,4,1
4711,0,2,1,1,2,1,1,0,1,0,1,2,0,1,4,1
4712,0,2,1,1,2,1,1,0,1,0,1,3,0,1,4,1
4713,0,2,1,1,2,1,1,0,1,0,2,1,0,1,4,1
4714,0,2,1,1,2,1,1,0,1,0,2,2,0,1,4,1
4715,0,2,1,1,2,1,1,0,1,0,2,3,0,1,4,1
4716,0,2,1,1,2,1,1,0,1,1,1,1,0,1,5,1
4717,0,2,1,1,2,1,1,0,1,1,1,2,0,1,5,1
4718,0,2,1,1,2,1,1,0,1,1,1,3,0,1,5,1
4719,0,2,1,1,2,1,1,0,1,1,2,1,0,1,5,1
4720,0,2,1,1,2,1,1,0,1,1,2,2,0,1,5,1
4721,0,2,1,1,2,1,1,0,1,1,2,3,0,1,5,1
4722,0,2,1,1,2,1,1,0,1,2,1,1,0,1,5,1
4723,0,2,1,1,2,1,1,0,1,2,1,2,0,1,5,1
4724,0,2,1,1,2,1,1,0,1,2,1,3,0,1,5,1
4725,0,2,1,1,2,1,1,0,1,2,2,1,0,1,5,1
4726,0,2,1,1,2,1,1,0,1,2,2,2,0,1,5,1
4727,0,2,1,1,2,1,1,0,1,2,2,3,0,1,5,1
4728,0,2,1,1,2,1,1,0,1,3,1,1,0,1,5,1
4729,0,2,1,1,2,1,1,0,1,3,1,2,0,1,5,1
4730,0,2,1,1,2,1,1,0,1,3,1,3,0,1,5,1
4731,0,2,1,1,2,1,1,0,1,3,2,1,0,1,5,1
4732,0,2,1,1,2,1,1,0,1,3,2,2,0,1,5,1
4733,0,2,1,1,2,1,1,0,1,3,2,3,0,1,5,1
4734,0,2,1,1,2,1,1,0,1,4,1,1,0,1,5,1
4735,0,2,1,1,2,1,1,0,1,4,1,2,0,1,5,1
4736,0,2,1,1,2,1,1,0,1,4,1,3,0,1,5,1
4737,0,2,1,1,2,1,1,0,1,4,2,1,0,1,5,1
4738,0,2,1,1,2,1,1,0,1,4,2,2,0,1,5,1
4739,0,2,1,1,2,1,1,0,1,4,2,3,0,1,5,1
4740,0,2,1,1,2,1,1,1,0,0,1,1,,0,4,0
4741,0,2,1,1,2,1,1,1,0,0,1,2,,0,4,0
4742,0,2,1,1,2,1,1,1,0,0,1,3,,0,4,0
4743,0,2,1,1,2,1,1,1,0,0,2,1,,0,4,0
4744,0,2,1,1,2,1,1,1,0,0,2,2,,0,4,0
4745,0,2,1,1,2,1,1,1,0,0,2,3,,0,4,0
4746,0,2,1,1,2,1,1,1,0,1,1,1,,0,4,0
4747,0,2,1,1,2,1,1,1,0,1,1,2,,0,5,0
4748,0,2,1,1,2,1,1,1,0,1,1,3,1,1,5,1
4749,0,2,1,1,2,1,1,1,0,1,2,1,,0,4,0
4750,0,2,1,1,2,1,1,1,0,1,2,2,,0,5,0
4751,0,2,1,1,2,1,1,1,0,1,2,3,,0,5,0
4752,0,2,1,1,2,1,1,1,0,2,1,1,,0,5,0
4753,0,2,1,1,2,1,1,1,0,2,1,2,2,1,8,1
4754,0,2,1,1,2,1,1,1,0,2,1,3,1,1,8,1
4755,0,2,1,1,2,1,1,1,0,2,2,1,,0,5,0
4756,0,2,1,1,2,1,1,1,0,2,2,2,,0,6,0
4757,0,2,1,1,2,1,1,1,0,2,2,3,2,1,8,1
4758,0,2,1,1,2,1,1,1,0,3,1,1,,0,5,0
4759,0,2,1,1,2,1,1,1,0,3,1,2,2,1,8,1
4760,0,2,1,1,2,1,1,1,0,3,1,3,1,1,8,1
4761,0,2,1,1,2,1,1,1,0,3,2,1,,0,5,0
4762,0,2,1,1,2,1,1,1,0,3,2,2,,0,6,0
4763,0,2,1,1,2,1,1,1,0,3,2,3,2,1,8,1
4764,0,2,1,1,2,1,1,1,0,4,1,1,,0,5,0
4765,0,2,1,1,2,1,1,1,0,4,1,2,2,1,8,1
4766,0,2,1,1,2,1,1,1,0,4,1,3,1,1,8,1
4767,0,2,1,1,2,1,1,1,0,4,2,1,,0,5,0
4768,0,2,1,1,2,1,1,1,0,4,2,2,,0,6,0
4769,0,2,1,1,2,1,1,1,0,4,2,3,2,1,8,1
4770,0,2,1,1,2,1,1,1,1,0,1,1,0,1,4,1
4771,0,2,1,1,2,1,1,1,1,0,1,2,0,1,4,1
4772,0,2,1,1,2,1,1,1,1,0,1,3,0,1,4,1
4773,0,2,1,1,2,1,1,1,1,0,2,1,0,1,4,1
4774,0,2,1,1,2,1,1,1,1,0,2,2,0,1,4,1
4775,0,2,1,1,2,1,1,1,1,0,2,3,0,1,4,1
4776,0,2,1,1,2,1,1,1,1,1,1,1,0,1,5,1
4777,0,2,1,1,2,1,1,1,1,1,1,2,0,1,5,1
4778,0,2,1,1,2,1,1,1,1,1,1,3,0,1,5,1
4779,0,2,1,1,2,1,1,1,1,1,2,1,0,1,5,1
4780,0,2,1,1,2,1,1,1,1,1,2,2,0,1,5,1
4781,0,2,1,1,2,1,1,1,1,1,2,3,0,1,5,1
4782,0,2,1,1,2,1,1,1,1,2,1,1,0,1,8,1
4783,0,2,1,1,2,1,1,1,1,2,1,2,0,1,8,1
4784,0,2,1,1,2,1,1,1,1,2,1,3,0,1,8,1
4785,0,2,1,1,2,1,1,1,1,2,2,1,0,1,8,1
4786,0,2,1,1,2,1,1,1,1,2,2,2,0,1,8,1
4787,0,2,1,1,2,1,1,1,1,2,2,3,0,1,8,1
4788,0,2,1,1,2,1,1,1,1,3,1,1,0,1,8,1
4789,0,2,1,1,2,1,1,1,1,3,1,2,0,1,8,1
4790,0,2,1,1,2,1,1,1,1,3,1,3,0,1,8,1
4791,0,2,1,1,2,1,1,1,1,3,2,1,0,1,8,1
4792,0,2,1,1,2,1,1,1,1,3,2,2,0,1,8,1
4793,0,2,1,1,2,1,1,1,1,3,2,3,0,1,8,1
4794,0,2,1,1,2,1,1,1,1,4,1,1,0,1,8,1
4795,0,2,1,1,2,1,1,1,1,4,1,2,0,1,8,1
4796,0,2,1,1,2,1,1,1,1,4,1,3,0,1,8,1
4797,0,2,1,1,2,1,1,1,1,4,2,1,0,1,8,1
4798,0,2,1,1,2,1,1,1,1,4,2,2,0,1,8,1
4799,0,2,1,1,2,1,1,1,1,4,2,3,0,1,8,1
4800,0,2,1,2,1,0,0,0,0,0,1,1,,0,4,0
4801,0,2,1,2,1,0,0,0,0,0,1,2,,0,4,0
4802,0,2,1,2,1,0,0,0,0,0,1,3,,0,4,0
4803,0,2,1,2,1,0,0,0,0,0,2,1,,0,4,0
4804,0,2,1,2,1,0,0,0,0,0,2,2,,0,4,0
4805,0,2,1,2,1,0,0,0,0,0,2,3,,0,4,0
4806,0,2,1,2,1,0,0,0,0,1,1,1,1,1,4,1
4807,0,2,1,2,1,0,0,0,0,1,1,2,1,1,4,1
4808,0,2,1,2,1,0,0,0,0,1,1,3,1,1,4,1
4809,0,2,1,2,1,0,0,0,0,1,2,1,1,1,4,1
4810,0,2,1,2,1,0,0,0,0,1,2,2,1,1,4,1
4811,0,2,1,2,1,0,0,0,0,1,2,3,1,1,4,1
4812,0,2,1,2,1,0,0,0,0,2,1,1,1,1,4,1
4813,0,2,1,2,1,0,0,0,0,2,1,2,1,1,4,1
4814,0,2,1,2,1,0,0,0,0,2,1,3,1,1,4,1
4815,0,2,1,2,1,0,0,0,0,2,2,1,1,1,4,1
4816,0,2,1,2,1,0,0,0,0,2,2,2,1,1,4,1
4817,0,2,1,2,1,0,0,0,0,2,2,3,1,1,4,1
4818,0,2,1,2,1,0,0,0,0,3,1,1,1,1,4,1
4819,0,2,1,2,1,0,0,0,0,3,1,2,1,1,4,1
4820,0,2,1,2,1,0,0,0,0,3,1,3,1,1,4,1
4821,0,2,1,2,1,0,0,0,0,3,2,1,1,1,4,1
4822,0,2,1,2,1,0,0,0,0,3,2,2,1,1,4,1
4823,0,2,1,2,1,0,0,0,0,3,2,3,1,1,4,1
4824,0,2,1,2,1,0,0,0,0,4,1,1,1,1,4,1
4825,0,2,1,2,1,0,0,0,0,4,1,2,1,1,4,1
4826,0,2,1,2,1,0,0,0,0,4,1,3,1,1,4,1
4827,0,2,1,2,1,0,0,0,0,4,2,1,1,1,4,1
4828,0,2,1,2,1,0,0,0,0,4,2,2,1,1,4,1
4829,0,2,1,2,1,0,0,0,0,4,2,3,1,1,4,1
4830,0,2,1,2,1,0,0,0,1,0,1,1,0,1,4,1
4831,0,2,1,2,1,0,0,0,1,0,1,2,0,1,4,1
4832,0,2,1,2,1,0,0,0,1,0,1,3,0,1,4,1
4833,0,2,1,2,1,0,0,0,1,0,2,1,0,1,4,1
4834,0,2,1,2,1,0,0,0,1,0,2,2,0,1,4,1
4835,0,2,1,2,1,0,0,0,1,0,2,3,0,1,4,1
4836,0,2,1,2,1,0,0,0,1,1,1,1,0,1,4,1
4837,0,2,1,2,1,0,0,0,1,1,1,2,0,1,4,1
4838,0,2,1,2,1,0,0,0,1,1,1,3,0,1,4,1
4839,0,2,1,2,1,0,0,0,1,1,2,1,0,1,4,1
4840,0,2,1,2,1,0,0,0,1,1,2,2,0,1,4,1
4841,0,2,1,2,1,0,0,0,1,1,2,3,0,1,4,1
4842,0,2,1,2,1,0,0,0,1,2,1,1,0,1,4,1
4843,0,2,1,2,1,0,0,0,1,2,1,2,0,1,4,1
4844,0,2,1,2,1,0,0,0,1,2,1,3,0,1,4,1
4845,0,2,1,2,1,0,0,0,1,2,2,1,0,1,4,1
4846,0,2,1,2,1,0,0,0,1,2,2,2,0,1,4,1
4847,0,2,1,2,1,0,0,0,1,2,2,3,0,1,4,1
4848,0,2,1,2,1,0,0,0,1,3,1,1,0,1,4,1
4849,0,2,1,2,1,0,0,0,1,3,1,2,0,1,4,1
4850,0,2,1,2,1,0,0,0,1,3,1,3,0,1,4,1
4851,0,2,1,2,1,0,0,0,1,3,2,1,0,1,4,1
4852,0,2,1,2,1,0,0,0,1,3,2,2,0,1,4,1
4853,0,2,1,2,1,0,0,0,1,3,2,3,0,1,4,1
4854,0,2,1,2,1,0,0,0,1,4,1,1,0,1,4,1
4855,0,2,1,2,1,0,0,0,1,4,1,2,0,1,4,1
4856,0,2,1,2,1,0,0,0,1,4,1,3,0,1,4,1
4857,0,2,1,2,1,0,0,0,1,4,2,1,0,1,4,1
4858,0,2,1,2,1,0,0,0,1,4,2,2,0,1,4,1
4859,0,2,1,2,1,0,0,0,1,4,2,3,0,1,4,1
4860,0,2,1,2,1,0,0,1,0,0,1,1,,0,4,0
4861,0,2,1,2,1,0,0,1,0,0,1,2,,0,4,0
4862,0,2,1,2,1,0,0,1,0,0,1,3,,0,4,0
4863,0,2,1,2,1,0,0,1,0,0,2,1,,0,4,0
4864,0,2,1,2,1,0,0,1,0,0,2,2,,0,4,0
4865,0,2,1,2,1,0,0,1,0,0,2,3,,0,4,0
4866,0,2,1,2,1,0,0,1,0,1,1,1,1,1,4,1
4867,0,2,1,2,1,0,0,1,0,1,1,2,1,1,4,1
4868,0,2,1,2,1,0,0,1,0,1,1,3,1,1,4,1
4869,0,2,1,2,1,0,0,1,0,1,2,1,1,1,4,1
4870,0,2,1,2,1,0,0,1,0,1,2,2,1,1,4,1
4871,0,2,1,2,1,0,0,1,0,1,2,3,1,1,4,1
4872,0,2,1,2,1,0,0,1,0,2,1,1,1,1,4,1
4873,0,2,1,2,1,0,0,1,0,2,1,2,1,1,4,1
4874,0,2,1,2,1,0,0,1,0,2,1,3,1,1,4,1
4875,0,2,1,2,1,0,0,1,0,2,2,1,1,1,4,1
4876,0,2,1,2,1,0,0,1,0,2,2,2,1,1,4,1
4877,0,2,1,2,1,0,0,1,0,2,2,3,1,1,4,1
4878,0,2,1,2,1,0,0,1,0,3,1,1,1,1,4,1
4879,0,2,1,2,1,0,0,1,0,3,1,2,1,1,4,1
4880,0,2,1,2,1,0,0,1,0,3,1,3,1,1,4,1
4881,0,2,1,2,1,0,0,1,0,3,2,1,1,1,4,1
4882,0,2,1,2,1,0,0,1,0,3,2,2,1,1,4,1
4883,0,2,1,2,1,0,0,1,0,3,2,3,1,1,4,1
4884,0,2,1,2,1,0,0,1,0,4,1,1,1,1,4,1
4885,0,2,1,2,1,0,0,1,0,4,1,2,1,1,4,1
4886,0,2,1,2,1,0,0,1,0,4,1,3,1,1,4,1
4887,0,2,1,2,1,0,0,1,0,4,2,1,1,1,4,1
4888,0,2,1,2,1,0,0,1,0,4,2,2,1,1,4,1
4889,0,2,1,2,1,0,0,1,0,4,2,3,1,1,4,1
4890,0,2,1,2,1,0,0,1,1,0,1,1,0,1,4,1
4891,0,2,1,2,1,0,0,1,1,0,1,2,0,1,4,1
4892,0,2,1,2,1,0,0,1,1,0,1,3,0,1,4,1
4893,0,2,1,2,1,0,0,1,1,0,2,1,0,1,4,1
4894,0,2,1,2,1,0,0,1,1,0,2,2,0,1,4,1
4895,0,2,1,2,1,0,0,1,1,0,2,3,0,1,4,1
4896,0,2,1,2,1,0,0,1,1,1,1,1,0,1,4,1
4897,0,2,1,2,1,0,0,1,1,1,1,2,0,1,4,1
4898,0,2,1,2,1,0,0,1,1,1,1,3,0,1,4,1
4899,0,2,1,2,1,0,0,1,1,1,2,1,0,1,4,1
4900,0,2,1,2,1,0,0,1,1,1,2,2,0,1,4,1
4901,0,2,1,2,1,0,0,1,1,1,2,3,0,1,4,1
4902,0,2,1,2,1,0,0,1,1,2,1,1,0,1,4,1
4903,0,2,1,2,1,0,0,1,1,2,1,2,0,1,4,1
4904,0,2,1,2,1,0,0,1,1,2,1,3,0,1,4,1
4905,0,2,1,2,1,0,0,1,1,2,2,1,0,1,4,1
4906,0,2,1,2,1,0,0,1,1,2,2,2,0,1,4,1
4907,0,2,1,2,1,0,0,1,1,2,2,3,0,1,4,1
4908,0,2,1,2,1,0,0,1,1,3,1,1,0,1,4,1
4909,0,2,1,2,1,0,0,1,1,3,1,2,0,1,4,1
4910,0,2,1,2,1,0,0,1,1,3,1,3,0,1,4,1
4911,0,2,1,2,1,0,0,1,1,3,2,1,0,1,4,1
4912,0,2,1,2,1,0,0,1,1,3,2,2,0,1,4,1
4913,0,2,1,2,1,0,0,1,1,3,2,3,0,1,4,1
4914,0,2,1,2,1,0,0,1,1,4,1,1,0,1,4,1
4915,0,2,1,2,1,0,0,1,1,4,1,2,0,1,4,1
4916,0,2,1,2,1,0,0,1,1,4,1,3,0,1,4,1
4917,0,2,1,2,1,0,0,1,1,4,2,1,0,1,4,1
4918,0,2,1,2,1,0,0,1,1,4,2,2,0,1,4,1
4919,0,2,1,2,1,0,0,1,1,4,2,3,0,1,4,1
4920,0,2,1,2,1,0,1,0,0,0,1,1,,0,4,0
4921,0,2,1,2,1,0,1,0,0,0,1,2,,0,4,0
4922,0,2,1,2,1,0,1,0,0,0,1,3,,0,4,0
4923,0,2,1,2,1,0,1,0,0,0,2,1,,0,4,0
4924,0,2,1,2,1,0,1,0,0,0,2,2,,0,4,0
4925,0,2,1,2,1,0,1,0,0,0,2,3,,0,4,0
4926,0,2,1,2,1,0,1,0,0,1,1,1,,0,5,0
4927,0,2,1,2,1,0,1,0,0,1,1,2,1,1,5,1
4928,0,2,1,2,1,0,1,0,0,1,1,3,1,1,5,1
4929,0,2,1,2,1,0,1,0,0,1,2,1,,0,5,0
4930,0,2,1,2,1,0,1,0,0,1,2,2,,0,5,0
4931,0,2,1,2,1,0,1,0,0,1,2,3,1,1,5,1
4932,0,2,1,2,1,0,1,0,0,2,1,1,,0,5,0
4933,0,2,1,2,1,0,1,0,0,2,1,2,1,1,5,1
4934,0,2,1,2,1,0,1,0,0,2,1,3,1,1,5,1
4935,0,2,1,2,1,0,1,0,0,2,2,1,,0,5,0
4936,0,2,1,2,1,0,1,0,0,2,2,2,,0,5,0
4937,0,2,1,2,1,0,1,0,0,2,2,3,1,1,5,1
4938,0,2,1,2,1,0,1,0,0,3,1,1,,0,5,0
4939,0,2,1,2,1,0,1,0,0,3,1,2,1,1,5,1
4940,0,2,1,2,1,0,1,0,0,3,1,3,1,1,5,1
4941,0,2,1,2,1,0,1,0,0,3,2,1,,0,5,0
4942,0,2,1,2,1,0,1,0,0,3,2,2,,0,5,0
4943,0,2,1,2,1,0,1,0,0,3,2,3,1,1,5,1
4944,0,2,1,2,1,0,1,0,0,4,1,1,,0,5,0
4945,0,2,1,2,1,0,1,0,0,4,1,2,1,1,5,1
4946,0,2,1,2,1,0,1,0,0,4,1,3,1,1,5,1
4947,0,2,1,2,1,0,1,0,0,4,2,1,,0,5,0
4948,0,2,1,2,1,0,1,0,0,4,2,2,,0,5,0
4949,0,2,1,2,1,0,1,0,0,4,2,3,1,1,5,1
4950,0,2,1,2,1,0,1,0,1,0,1,1,0,1,4,1
4951,0,2,1,2,1,0,1,0,1,0,1,2,0,1,4,1
4952,0,2,1,2,1,0,1,0,1,0,1,3,0,1,4,1
4953,0,2,1,2,1,0,1,0,1,0,2,1,0,1,4,1
4954,0,2,1,2,1,0,1,0,1,0,2,2,0,1,4,1
4955,0,2,1,2,1,0,1,0,1,0,2,3,0,1,4,1
4956,0,2,1,2,1,0,1,0,1,1,1,1,0,1,5,1
4957,0,2,1,2,1,0,1,0,1,1,1,2,0,1,5,1
4958,0,2,1,2,1,0,1,0,1,1,1,3,0,1,5,1
4959,0,2,1,2,1,0,1,0,1,1,2,1,0,1,5,1
4960,0,2,1,2,1,0,1,0,1,1,2,2,0,1,5,1
4961,0,2,1,2,1,0,1,0,1,1,2,3,0,1,5,1
4962,0,2,1,2,1,0,1,0,1,2,1,1,0,1,5,1
4963,0,2,1,2,1,0,1,0,1,2,1,2,0,1,5,1
4964,0,2,1,2,1,0,1,0,1,2,1,3,0,1,5,1
4965,0,2,1,2,1,0,1,0,1,2,2,1,0,1,5,1
4966,0,2,1,2,1,0,1,0,1,2,2,2,0,1,5,1
4967,0,2,1,2,1,0,1,0,1,2,2,3,0,1,5,1
4968,0,2,1,2,1,0,1,0,1,3,1,1,0,1,5,1
4969,0,2,1,2,1,0,1,0,1,3,1,2,0,1,5,1
4970,0,2,1,2,1,0,1,0,1,3,1,3,0,1,5,1
4971,0,2,1,2,1,0,1,0,1,3,2,1,0,1,5,1
4972,0,2,1,2,1,0,1,0,1,3,2,2,0,1,5,1
4973,0,2,1,2,1,0,1,0,1,3,2,3,0,1,5,1
4974,0,2,1,2,1,0,1,0,1,4,1,1,0,1,5,1
4975,0,2,1,2,1,0,1,0,1,4,1,2,0,1,5,1
4976,0,2,1,2,1,0,1,0,1,4,1,3,0,1,5,1
4977,0,2,1,2,1,0,1,0,1,4,2,1,0,1,5,1
4978,0,2,1,2,1,0,1,0,1,4,2,2,0,1,5,1
4979,0,2,1,2,1,0,1,0,1,4,2,3,0,1,5,1
4980,0,2,1,2,1,0,1,1,0,0,1,1,,0,4,0
4981,0,2,1,2,1,0,1,1,0,0,1,2,,0,4,0
4982,0,2,1,2,1,0,1,1,0,0,1,3,,0,4,0
4983,0,2,1,2,1,0,1,1,0,0,2,1,,0,4,0
4984,0,2,1,2,1,0,1,1,0,0,2,2,,0,4,0
4985,0,2,1,2,1,0,1,1,0,0,2,3,,0,4,0
4986,0,2,1,2,1,0,1,1,0,1,1,1,,0,5,0
4987,0,2,1,2,1,0,1,1,0,1,1,2,1,1,5,1
4988,0,2,1,2,1,0,1,1,0,1,1,3,1,1,5,1
4989,0,2,1,2,1,0,1,1,0,1,2,1,,0,5,0
4990,0,2,1,2,1,0,1,1,0,1,2,2,,0,5,0
4991,0,2,1,2,1,0,1,1,0,1,2,3,1,1,5,1
4992,0,2,1,2,1,0,1,1,0,2,1,1,,0,5,0
4993,0,2,1,2,1,0,1,1,0,2,1,2,1,1,6,1
4994,0,2,1,2,1,0,1,1,0,2,1,3,1,1,6,1
4995,0,2,1,2,1,0,1,1,0,2,2,1,,0,5,0
4996,0,2,1,2,1,0,1,1,0,2,2,2,,0,6,0
4997,0,2,1,2,1,0,1,1,0,2,2,3,1,1,6,1
4998,0,2,1,2,1,0,1,1,0,3,1,1,,0,5,0
4999,0,2,1,2,1,0,1,1,0,3,1,2,1,1,6,1
5000,0,2,1,2,1,0,1,1,0,3,1,3,1,1,6,1
5001,0,2,1,2,1,0,1,1,0,3,2,1,,0,5,0
5002,0,2,1,2,1,0,1,1,0,3,2,2,,0,6,0
5003,0,2,1,2,1,0,1,1,0,3,2,3,1,1,6,1
5004,0,2,1,2,1,0,1,1,0,4,1,1,,0,5,0
5005,0,2,1,2,1,0,1,1,0,4,1,2,1,1,6,1
5006,0,2,1,2,1,0,1,1,0,4,1,3,1,1,6,1
5007,0,2,1,2,1,0,1,1,0,4,2,1,,0,5,0
5008,0,2,1,2,1,0,1,1,0,4,2,2,,0,6,0
5009,0,2,1,2,1,0,1,1,0,4,2,3,1,1,6,1
5010,0,2,1,2,1,0,1,1,1,0,1,1,0,1,4,1
5011,0,2,1,2,1,0,1,1,1,0,1,2,0,1,4,1
5012,0,2,1,2,1,0,1,1,1,0,1,3,0,1,4,1
5013,0,2,1,2,1,0,1,1,1,0,2,1,0,1,4,1
5014,0,2,1,2,1,0,1,1,1,0,2,2,0,1,4,1
5015,0,2,1,2,1,0,1,1,1,0,2,3,0,1,4,1
5016,0,2,1,2,1,0,1,1,1,1,1,1,0,1,5,1
5017,0,2,1,2,1,0,1,1,1,1,1,2,0,1,5,1
5018,0,2,1,2,1,0,1,1,1,1,1,3,0,1,5,1
5019,0,2,1,2,1,0,1,1,1,1,2,1,0,1,5,1
5020,0,2,1,2,1,0,1,1,1,1,2,2,0,1,5,1
5021,0,2,1,2,1,0,1,1,1,1,2,3,0,1,5,1
5022,0,2,1,2,1,0,1,1,1,2,1,1,0,1,6,1
5023,0,2,1,2,1,0,1,1,1,2,1,2,0,1,6,1
5024,0,2,1,2,1,0,1,1,1,2,1,3,0,1,6,1
5025,0,2,1,2,1,0,1,1,1,2,2,1,0,1,6,1
5026,0,2,1,2,1,0,1,1,1,2,2,2,0,1,6,1
5027,0,2,1,2,1,0,1,1,1,2,2,3,0,1,6,1
5028,0,2,1,2,1,0,1,1,1,3,1,1,0,1,6,1
5029,0,2,1,2,1,0,1,1,1,3,1,2,0,1,6,1
5030,0,2,1,2,1,0,1,1,1,3,1,3,0,1,6,1
5031,0,2,1,2,1,0,1,1,1,3,2,1,0,1,6,1
5032,0,2,1,2,1,0,1,1,1,3,2,2,0,1,6,1
5033,0,2,1,2,1,0,1,1,1,3,2,3,0,1,6,1
5034,0,2,1,2,1,0,1,1,1,4,1,1,0,1,6,1
5035,0,2,1,2,1,0,1,1,1,4,1,2,0,1,6,1
5036,0,2,1,2,1,0,1,1,1,4,1,3,0,1,6,1
5037,0,2,1,2,1,0,1,1,1,4,2,1,0,1,6,1
5038,0,2,1,2,1,0,1,1,1,4,2,2,0,1,6,1
5039,0,2,1,2,1,0,1,1,1,4,2,3,0,1,6,1
5040,0,2,1,2,1,1,0,0,0,0,1,1,,0,4,0
5041,0,2,1,2,1,1,0,0,0,0,1,2,,0,4,0
5042,0,2,1,2,1,1,0,0,0,0,1,3,,0,4,0
5043,0,2,1,2,1,1,0,0,0,0,2,1,,0,4,0
5044,0,2,1,2,1,1,0,0,0,0,2,2,,0,4,0
5045,0,2,1,2,1,1,0,0,0,0,2,3,,0,4,0
5046,0,2,1,2,1,1,0,0,0,1,1,1,1,1,4,1
5047,0,2,1,2,1,1,0,0,0,1,1,2,1,1,4,1
5048,0,2,1,2,1,1,0,0,0,1,1,3,1,1,4,1
5049,0,2,1,2,1,1,0,0,0,1,2,1,1,1,4,1
5050,0,2,1,2,1,1,0,0,0,1,2,2,1,1,4,1
5051,0,2,1,2,1,1,0,0,0,1,2,3,1,1,4,1
5052,0,2,1,2,1,1,0,0,0,2,1,1,1,1,4,1
5053,0,2,1,2,1,1,0,0,0,2,1,2,1,1,4,1
5054,0,2,1,2,1,1,0,0,0,2,1,3,1,1,4,1
5055,0,2,1,2,1,1,0,0,0,2,2,1,1,1,4,1
5056,0,2,1,2,1,1,0,0,0,2,2,2,1,1,4,1
5057,0,2,1,2,1,1,0,0,0,2,2,3,1,1,4,1
5058,0,2,1,2,1,1,0,0,0,3,1,1,1,1,4,1
5059,0,2,1,2,1,1,0,0,0,3,1,2,1,1,4,1
5060,0,2,1,2,1,1,0,0,0,3,1,3,1,1,4,1
5061,0,2,1,2,1,1,0,0,0,3,2,1,1,1,4,1
5062,0,2,1,2,1,1,0,0,0,3,2,2,1,1,4,1
5063,0,2,1,2,1,1,0,0,0,3,2,3,1,1,4,1
5064,0,2,1,2,1,1,0,0,0,4,1,1,1,1,4,1
5065,0,2,1,2,1,1,0,0,0,4,1,2,1,1,4,1
5066,0,2,1,2,1,1,0,0,0,4,1,3,1,1,4,1
5067,0,2,1,2,1,1,0,0,0,4,2,1,1,1,4,1
5068,0,2,1,2,1,1,0,0,0,4,2,2,1,1,4,1
5069,0,2,1,2,1,1,0,0,0,4,2,3,1,1,4,1
5070,0,2,1,2,1,1,0,0,1,0,1,1,0,1,4,1
5071,0,2,1,2,1,1,0,0,1,0,1,2,0,1,4,1
5072,0,2,1,2,1,1,0,0,1,0,1,3,0,1,4,1
5073,0,2,1,2,1,1,0,0,1,0,2,1,0,1,4,1
5074,0,2,1,2,1,1,0,0,1,0,2,2,0,1,4,1
5075,0,2,1,2,1,1,0,0,1,0,2,3,0,1,4,1
5076,0,2,1,2,1,1,0,0,1,1,1,1,0,1,4,1
5077,0,2,1,2,1,1,0,0,1,1,1,2,0,1,4,1
5078,0,2,1,2,1,1,0,0,1,1,1,3,0,1,4,1
5079,0,2,1,2,1,1,0,0,1,1,2,1,0,1,4,1
5080,0,2,1,2,1,1,0,0,1,1,2,2,0,1,4,1
5081,0,2,1,2,1,1,0,0,1,1,2,3,0,1,4,1
5082,0,2,1,2,1,1,0,0,1,2,1,1,0,1,4,1
5083,0,2,1,2,1,1,0,0,1,2,1,2,0,1,4,1
5084,0,2,1,2,1,1,0,0,1,2,1,3,0,1,4,1
5085,0,2,1,2,1,1,0,0,1,2,2,1,0,1,4,1
5086,0,2,1,2,1,1,0,0,1,2,2,2,0,1,4,1
5087,0,2,1,2,1,1,0,0,1,2,2,3,0,1,4,1
5088,0,2,1,2,1,1,0,0,1,3,1,1,0,1,4,1
5089,0,2,1,2,1,1,0,0,1,3,1,2,0,1,4,1
5090,0,2,1,2,1,1,0,0,1,3,1,3,0,1,4,1
5091,0,2,1,2,1,1,0,0,1,3,2,1,0,1,4,1
5092,0,2,1,2,1,1,0,0,1,3,2,2,0,1,4,1
5093,0,2,1,2,1,1,0,0,1,3,2,3,0,1,4,1
5094,0,2,1,2,1,1,0,0,1,4,1,1,0,1,4,1
5095,0,2,1,2,1,1,0,0,1,4,1,2,0,1,4,1
5096,0,2,1,2,1,1,0,0,1,4,1,3,0,1,4,1
5097,0,2,1,2,1,1,0,0,1,4,2,1,0,1,4,1
5098,0,2,1,2,1,1,0,0,1,4,2,2,0,1,4,1
5099,0,2,1,2,1,1,0,0,1,4,2,3,0,1,4,1
5100,0,2,1,2,1,1,0,1,0,0,1,1,,0,4,0
5101,0,2,1,2,1,1,0,1,0,0,1,2,,0,4,0
5102,0,2,1,2,1,1,0,1,0,0,1,3,,0,4,0
5103,0,2,1,2,1,1,0,1,0,0,2,1,,0,4,0
5104,0,2,1,2,1,1,0,1,0,0,2,2,,0,4,0
5105,0,2,1,2,1,1,0,1,0,0,2,3,,0,4,0
5106,0,2,1,2,1,1,0,1,0,1,1,1,1,1,4,1
5107,0,2,1,2,1,1,0,1,0,1,1,2,1,1,4,1
5108,0,2,1,2,1,1,0,1,0,1,1,3,1,1,4,1
5109,0,2,1,2,1,1,0,1,0,1,2,1,1,1,4,1
5110,0,2,1,2,1,1,0,1,0,1,2,2,1,1,4,1
5111,0,2,1,2,1,1,0,1,0,1,2,3,1,1,4,1
5112,0,2,1,2,1,1,0,1,0,2,1,1,1,1,4,1
5113,0,2,1,2,1,1,0,1,0,2,1,2,1,1,5,1
5114,0,2,1,2,1,1,0,1,0,2,1,3,1,1,5,1
5115,0,2,1,2,1,1,0,1,0,2,2,1,1,1,4,1
5116,0,2,1,2,1,1,0,1,0,2,2,2,1,1,5,1
5117,0,2,1,2,1,1,0,1,0,2,2,3,1,1,5,1
5118,0,2,1,2,1,1,0,1,0,3,1,1,1,1,4,1
5119,0,2,1,2,1,1,0,1,0,3,1,2,1,1,5,1
5120,0,2,1,2,1,1,0,1,0,3,1,3,1,1,5,1
5121,0,2,1,2,1,1,0,1,0,3,2,1,1,1,4,1
5122,0,2,1,2,1,1,0,1,0,3,2,2,1,1,5,1
5123,0,2,1,2,1,1,0,1,0,3,2,3,1,1,5,1
5124,0,2,1,2,1,1,0,1,0,4,1,1,1,1,4,1
5125,0,2,1,2,1,1,0,1,0,4,1,2,1,1,5,1
5126,0,2,1,2,1,1,0,1,0,4,1,3,1,1,5,1
5127,0,2,1,2,1,1,0,1,0,4,2,1,1,1,4,1
5128,0,2,1,2,1,1,0,1,0,4,2,2,1,1,5,1
5129,0,2,1,2,1,1,0,1,0,4,2,3,1,1,5,1
5130,0,2,1,2,1,1,0,1,1,0,1,1,0,1,4,1
5131,0,2,1,2,1,1,0,1,1,0,1,2,0,1,4,1
5132,0,2,1,2,1,1,0,1,1,0,1,3,0,1,4,1
5133,0,2,1,2,1,1,0,1,1,0,2,1,0,1,4,1
5134,0,2,1,2,1,1,0,1,1,0,2,2,0,1,4,1
5135,0,2,1,2,1,1,0,1,1,0,2,3,0,1,4,1
5136,0,2,1,2,1,1,0,1,1,1,1,1,0,1,4,1
5137,0,2,1,2,1,1,0,1,1,1,1,2,0,1,4,1
5138,0,2,1,2,1,1,0,1,1,1,1,3,0,1,4,1
5139,0,2,1,2,1,1,0,1,1,1,2,1,0,1,4,1
5140,0,2,1,2,1,1,0,1,1,1,2,2,0,1,4,1
5141,0,2,1,2,1,1,0,1,1,1,2,3,0,1,4,1
5142,0,2,1,2,1,1,0,1,1,2,1,1,0,1,5,1
5143,0,2,1,2,1,1,0,1,1,2,1,2,0,1,5,1
5144,0,2,1,2,1,1,0,1,1,2,1,3,0,1,5,1
5145,0,2,1,2,1,1,0,1,1,2,2,1,0,1,5,1
5146,0,2,1,2,1,1,0,1,1,2,2,2,0,1,5,1
5147,0,2,1,2,1,1,0,1,1,2,2,3,0,1,5,1
5148,0,2,1,2,1,1,0,1,1,3,1,1,0,1,5,1
5149,0,2,1,2,1,1,0,1,1,3,1,2,0,1,5,1
5150,0,2,1,2,1,1,0,1,1,3,1,3,0,1,5,1
5151,0,2,1,2,1,1,0,1,1,3,2,1,0,1,5,1
5152,0,2,1,2,1,1,0,1,1,3,2,2,0,1,5,1
5153,0,2,1,2,1,1,0,1,1,3,2,3,0,1,5,1
5154,0,2,1,2,1,1,0,1,1,4,1,1,0,1,5,1
5155,0,2,1,2,1,1,0,1,1,4,1,2,0,1,5,1
5156,0,2,1,2,1,1,0,1,1,4,1,3,0,1,5,1
5157,0,2,1,2,1,1,0,1,1,4,2,1,0,1,5,1
5158,0,2,1,2,1,1,0,1,1,4,2,2,0,1,5,1
5159,0,2,1,2,1,1,0,1,1,4,2,3,0,1,5,1
5160,0,2,1,2,1,1,1,0,0,0,1,1,,0,4,0
5161,0,2,1,2,1,1,1,0,0,0,1,2,,0,4,0
5162,0,2,1,2,1,1,1,0,0,0,1,3,,0,4,0
5163,0,2,1,2,1,1,1,0,0,0,2,1,,0,4,0
5164,0,2,1,2,1,1,1,0,0,0,2,2,,0,4,0
5165,0,2,1,2,1,1,1,0,0,0,2,3,,0,4,0
5166,0,2,1,2,1,1,1,0,0,1,1,1,,0,5,0
5167,0,2,1,2,1,1,1,0,0,1,1,2,1,1,5,1
5168,0,2,1,2,1,1,1,0,0,1,1,3,1,1,5,1
5169,0,2,1,2,1,1,1,0,0,1,2,1,,0,5,0
5170,0,2,1,2,1,1,1,0,0,1,2,2,,0,5,0
5171,0,2,1,2,1,1,1,0,0,1,2,3,1,1,5,1
5172,0,2,1,2,1,1,1,0,0,2,1,1,,0,5,0
5173,0,2,1,2,1,1,1,0,0,2,1,2,1,1,5,1
5174,0,2,1,2,1,1,1,0,0,2,1,3,1,1,5,1
5175,0,2,1,2,1,1,1,0,0,2,2,1,,0,5,0
5176,0,2,1,2,1,1,1,0,0,2,2,2,,0,5,0
5177,0,2,1,2,1,1,1,0,0,2,2,3,1,1,5,1
5178,0,2,1,2,1,1,1,0,0,3,1,1,,0,5,0
5179,0,2,1,2,1,1,1,0,0,3,1,2,1,1,5,1
5180,0,2,1,2,1,1,1,0,0,3,1,3,1,1,5,1
5181,0,2,1,2,1,1,1,0,0,3,2,1,,0,5,0
5182,0,2,1,2,1,1,1,0,0,3,2,2,,0,5,0
5183,0,2,1,2,1,1,1,0,0,3,2,3,1,1,5,1
5184,0,2,1,2,1,1,1,0,0,4,1,1,,0,5,0
5185,0,2,1,2,1,1,1,0,0,4,1,2,1,1,5,1
5186,0,2,1,2,1,1,1,0,0,4,1,3,1,1,5,1
5187,0,2,1,2,1,1,1,0,0,4,2,1,,0,5,0
5188,0,2,1,2,1,1,1,0,0,4,2,2,,0,5,0
5189,0,2,1,2,1,1,1,0,0,4,2,3,1,1,5,1
5190,0,2,1,2,1,1,1,0,1,0,1,1,0,1,4,1
5191,0,2,1,2,1,1,1,0,1,0,1,2,0,1,4,1
5192,0,2,1,2,1,1,1,0,1,0,1,3,0,1,4,1
5193,0,2,1,2,1,1,1,0,1,0,2,1,0,1,4,1
5194,0,2,1,2,1,1,1,0,1,0,2,2,0,1,4,1
5195,0,2,1,2,1,1,1,0,1,0,2,3,0,1,4,1
5196,0,2,1,2,1,1,1,0,1,1,1,1,0,1,5,1
5197,0,2,1,2,1,1,1,0,1,1,1,2,0,1,5,1
5198,0,2,1,2,1,1,1,0,1,1,1,3,0,1,5,1
5199,0,2,1,2,1,1,1,0,1,1,2,1,0,1,5,1
5200,0,2,1,2,1,1,1,0,1,1,2,2,0,1,5,1
5201,0,2,1,2,1,1,1,0,1,1,2,3,0,1,5,1
5202,0,2,1,2,1,1,1,0,1,2,1,1,0,1,5,1
5203,0,2,1,2,1,1,1,0,1,2,1,2,0,1,5,1
5204,0,2,1,2,1,1,1,0,1,2,1,3,0,1,5,1
5205,0,2,1,2,1,1,1,0,1,2,2,1,0,1,5,1
5206,0,2,1,2,1,1,1,0,1,2,2,2,0,1,5,1
5207,0,2,1,2,1,1,1,0,1,2,2,3,0,1,5,1
5208,0,2,1,2,1,1,1,0,1,3,1,1,0,1,5,1
5209,0,2,1,2,1,1,1,0,1,3,1,2,0,1,5,1
5210,0,2,1,2,1,1,1,0,1,3,1,3,0,1,5,1
5211,0,2,1,2,1,1,1,0,1,3,2,1,0,1,5,1
5212,0,2,1,2,1,1,1,0,1,3,2,2,0,1,5,1
5213,0,2,1,2,1,1,1,0,1,3,2,3,0,1,5,1
5214,0,2,1,2,1,1,1,0,1,4,1,1,0,1,5,1
5215,0,2,1,2,1,1,1,0,1,4,1,2,0,1,5,1
5216,0,2,1,2,1,1,1,0,1,4,1,3,0,1,5,1
5217,0,2,1,2,1,1,1,0,1,4,2,1,0,1,5,1
5218,0,2,1,2,1,1,1,0,1,4,2,2,0,1,5,1
5219,0,2,1,2,1,1,1,0,1,4,2,3,0,1,5,1
5220,0,2,1,2,1,1,1,1,0,0,1,1,,0,4,0
5221,0,2,1,2,1,1,1,1,0,0,1,2,,0,4,0
5222,0,2,1,2,1,1,1,1,0,0,1,3,,0,4,0
5223,0,2,1,2,1,1,1,1,0,0,2,1,,0,4,0
5224,0,2,1,2,1,1,1,1,0,0,2,2,,0,4,0
5225,0,2,1,2,1,1,1,1,0,0,2,3,,0,4,0
5226,0,2,1,2,1,1,1,1,0,1,1,1,,0,5,0
5227,0,2,1,2,1,1,1,1,0,1,1,2,1,1,5,1
5228,0,2,1,2,1,1,1,1,0,1,1,3,1,1,5,1
5229,0,2,1,2,1,1,1,1,0,1,2,1,,0,5,0
5230,0,2,1,2,1,1,1,1,0,1,2,2,,0,5,0
5231,0,2,1,2,1,1,1,1,0,1,2,3,1,1,5,1
5232,0,2,1,2,1,1,1,1,0,2,1,1,,0,5,0
5233,0,2,1,2,1,1,1,1,0,2,1,2,1,1,6,1
5234,0,2,1,2,1,1,1,1,0,2,1,3,1,1,8,1
5235,0,2,1,2,1,1,1,1,0,2,2,1,,0,5,0
5236,0,2,1,2,1,1,1,1,0,2,2,2,,0,6,0
5237,0,2,1,2,1,1,1,1,0,2,2,3,1,1,6,1
5238,0,2,1,2,1,1,1,1,0,3,1,1,,0,5,0
5239,0,2,1,2,1,1,1,1,0,3,1,2,1,1,6,1
5240,0,2,1,2,1,1,1,1,0,3,1,3,1,1,8,1
5241,0,2,1,2,1,1,1,1,0,3,2,1,,0,5,0
5242,0,2,1,2,1,1,1,1,0,3,2,2,,0,6,0
5243,0,2,1,2,1,1,1,1,0,3,2,3,1,1,6,1
5244,0,2,1,2,1,1,1,1,0,4,1,1,,0,5,0
5245,0,2,1,2,1,1,1,1,0,4,1,2,1,1,6,1
5246,0,2,1,2,1,1,1,1,0,4,1,3,1,1,8,1
5247,0,2,1,2,1,1,1,1,0,4,2,1,,0,5,0
5248,0,2,1,2,1,1,1,1,0,4,2,2,,0,6,0
5249,0,2,1,2,1,1,1,1,0,4,2,3,1,1,6,1
5250,0,2,1,2,1,1,1,1,1,0,1,1,0,1,4,1
5251,0,2,1,2,1,1,1,1,1,0,1,2,0,1,4,1
5252,0,2,1,2,1,1,1,1,1,0,1,3,0,1,4,1
5253,0,2,1,2,1,1,1,1,1,0,2,1,0,1,4,1
5254,0,2,1,2,1,1,1,1,1,0,2,2,0,1,4,1
5255,0,2,1,2,1,1,1,1,1,0,2,3,0,1,4,1
5256,0,2,1,2,1,1,1,1,1,1,1,1,0,1,5,1
5257,0,2,1,2,1,1,1,1,1,1,1,2,0,1,5,1
5258,0,2,1,2,1,1,1,1,1,1,1,3,0,1,5,1
5259,0,2,1,2,1,1,1,1,1,1,2,1,0,1,5,1
5260,0,2,1,2,1,1,1,1,1,1,2,2,0,1,5,1
5261,0,2,1,2,1,1,1,1,1,1,2,3,0,1,5,1
5262,0,2,1,2,1,1,1,1,1,2,1,1,0,1,8,1
5263,0,2,1,2,1,1,1,1,1,2,1,2,0,1,8,1
5264,0,2,1,2,1,1,1,1,1,2,1,3,0,1,8,1
5265,0,2,1,2,1,1,1,1,1,2,2,1,0,1,8,1
5266,0,2,1,2,1,1,1,1,1,2,2,2,0,1,8,1
5267,0,2,1,2,1,1,1,1,1,2,2,3,0,1,8,1
5268,0,2,1,2,1,1,1,1,1,3,1,1,0,1,8,1
5269,0,2,1,2,1,1,1,1,1,3,1,2,0,1,8,1
5270,0,2,1,2,1,1,1,1,1,3,1,3,0,1,8,1
5271,0,2,1,2,1,1,1,1,1,3,2,1,0,1,8,1
5272,0,2,1,2,1,1,1,1,1,3,2,2,0,1,8,1
5273,0,2,1,2,1,1,1,1,1,3,2,3,0,1,8,1
5274,0,2,1,2,1,1,1,1,1,4,1,1,0,1,8,1
5275,0,2,1,2,1,1,1,1,1,4,1,2,0,1,8,1
5276,0,2,1,2,1,1,1,1,1,4,1,3,0,1,8,1
5277,0,2,1,2,1,1,1,1,1,4,2,1,0,1,8,1
5278,0,2,1,2,1,1,1,1,1,4,2,2,0,1,8,1
5279,0,2,1,2,1,1,1,1,1,4,2,3,0,1,8,1
5280,0,2,1,2,2,0,0,0,0,0,1,1,,0,4,0
5281,0,2,1,2,2,0,0,0,0,0,1,2,,0,4,0
5282,0,2,1,2,2,0,0,0,0,0,1,3,,0,4,0
5283,0,2,1,2,2,0,0,0,0,0,2,1,,0,4,0
5284,0,2,1,2,2,0,0,0,0,0,2,2,,0,4,0
5285,0,2,1,2,2,0,0,0,0,0,2,3,,0,4,0
5286,0,2,1,2,2,0,0,0,0,1,1,1,,0,4,0
5287,0,2,1,2,2,0,0,0,0,1,1,2,1,1,4,1
5288,0,2,1,2,2,0,0,0,0,1,1,3,1,1,4,1
5289,0,2,1,2,2,0,0,0,0,1,2,1,,0,4,0
5290,0,2,1,2,2,0,0,0,0,1,2,2,1,1,4,1
5291,0,2,1,2,2,0,0,0,0,1,2,3,1,1,4,1
5292,0,2,1,2,2,0,0,0,0,2,1,1,,0,4,0
5293,0,2,1,2,2,0,0,0,0,2,1,2,1,1,4,1
5294,0,2,1,2,2,0,0,0,0,2,1,3,1,1,4,1
5295,0,2,1,2,2,0,0,0,0,2,2,1,,0,4,0
5296,0,2,1,2,2,0,0,0,0,2,2,2,1,1,4,1
5297,0,2,1,2,2,0,0,0,0,2,2,3,1,1,4,1
5298,0,2,1,2,2,0,0,0,0,3,1,1,,0,4,0
5299,0,2,1,2,2,0,0,0,0,3,1,2,1,1,4,1
5300,0,2,1,2,2,0,0,0,0,3,1,3,1,1,4,1
5301,0,2,1,2,2,0,0,0,0,3,2,1,,0,4,0
5302,0,2,1,2,2,0,0,0,0,3,2,2,1,1,4,1
5303,0,2,1,2,2,0,0,0,0,3,2,3,1,1,4,1
5304,0,2,1,2,2,0,0,0,0,4,1,1,,0,4,0
5305,0,2,1,2,2,0,0,0,0,4,1,2,1,1,4,1
5306,0,2,1,2,2,0,0,0,0,4,1,3,1,1,4,1
5307,0,2,1,2,2,0,0,0,0,4,2,1,,0,4,0
5308,0,2,1,2,2,0,0,0,0,4,2,2,1,1,4,1
5309,0,2,1,2,2,0,0,0,0,4,2,3,1,1,4,1
5310,0,2,1,2,2,0,0,0,1,0,1,1,0,1,4,1
5311,0,2,1,2,2,0,0,0,1,0,1,2,0,1,4,1
5312,0,2,1,2,2,0,0,0,1,0,1,3,0,1,4,1
5313,0,2,1,2,2,0,0,0,1,0,2,1,0,1,4,1
5314,0,2,1,2,2,0,0,0,1,0,2,2,0,1,4,1
5315,0,2,1,2,2,0,0,0,1,0,2,3,0,1,4,1
5316,0,2,1,2,2,0,0,0,1,1,1,1,0,1,4,1
5317,0,2,1,2,2,0,0,0,1,1,1,2,0,1,4,1
5318,0,2,1,2,2,0,0,0,1,1,1,3,0,1,4,1
5319,0,2,1,2,2,0,0,0,1,1,2,1,0,1,4,1
5320,0,2,1,2,2,0,0,0,1,1,2,2,0,1,4,1
5321,0,2,1,2,2,0,0,0,1,1,2,3,0,1,4,1
5322,0,2,1,2,2,0,0,0,1,2,1,1,0,1,4,1
5323,0,2,1,2,2,0,0,0,1,2,1,2,0,1,4,1
5324,0,2,1,2,2,0,0,0,1,2,1,3,0,1,4,1
5325,0,2,1,2,2,0,0,0,1,2,2,1,0,1,4,1
5326,0,2,1,2,2,0,0,0,1,2,2,2,0,1,4,1
5327,0,2,1,2,2,0,0,0,1,2,2,3,0,1,4,1
5328,0,2,1,2,2,0,0,0,1,3,1,1,0,1,4,1
5329,0,2,1,2,2,0,0,0,1,3,1,2,0,1,4,1
5330,0,2,1,2,2,0,0,0,1,3,1,3,0,1,4,1
5331,0,2,1,2,2,0,0,0,1,3,2,1,0,1,4,1
5332,0,2,1,2,2,0,0,0,1,3,2,2,0,1,4,1
5333,0,2,1,2,2,0,0,0,1,3,2,3,0,1,4,1
5334,0,2,1,2,2,0,0,0,1,4,1,1,0,1,4,1
5335,0,2,1,2,2,0,0,0,1,4,1,2,0,1,4,1
5336,0,2,1,2,2,0,0,0,1,4,1,3,0,1,4,1
5337,0,2,1,2,2,0,0,0,1,4,2,1,0,1,4,1
5338,0,2,1,2,2,0,0,0,1,4,2,2,0,1,4,1
5339,0,2,1,2,2,0,0,0,1,4,2,3,0,1,4,1
5340,0,2,1,2,2,0,0,1,0,0,1,1,,0,4,0
5341,0,2,1,2,2,0,0,1,0,0,1,2,,0,4,0
5342,0,2,1,2,2,0,0,1,0,0,1,3,,0,4,0
5343,0,2,1,2,2,0,0,1,0,0,2,1,,0,4,0
5344,0,2,1,2,2,0,0,1,0,0,2,2,,0,4,0
5345,0,2,1,2,2,0,0,1,0,0,2,3,,0,4,0
5346,0,2,1,2,2,0,0,1,0,1,1,1,,0,4,0
5347,0,2,1,2,2,0,0,1,0,1,1,2,1,1,4,1
5348,0,2,1,2,2,0,0,1,0,1,1,3,1,1,4,1
5349,0,2,1,2,2,0,0,1,0,1,2,1,,0,4,0
5350,0,2,1,2,2,0,0,1,0,1,2,2,1,1,4,1
5351,0,2,1,2,2,0,0,1,0,1,2,3,1,1,4,1
5352,0,2,1,2,2,0,0,1,0,2,1,1,,0,4,0
5353,0,2,1,2,2,0,0,1,0,2,1,2,1,1,4,1
5354,0,2,1,2,2,0,0,1,0,2,1,3,1,1,4,1
5355,0,2,1,2,2,0,0,1,0,2,2,1,,0,4,0
5356,0,2,1,2,2,0,0,1,0,2,2,2,1,1,4,1
5357,0,2,1,2,2,0,0,1,0,2,2,3,1,1,4,1
5358,0,2,1,2,2,0,0,1,0,3,1,1,,0,4,0
5359,0,2,1,2,2,0,0,1,0,3,1,2,1,1,4,1
5360,0,2,1,2,2,0,0,1,0,3,1,3,1,1,4,1
5361,0,2,1,2,2,0,0,1,0,3,2,1,,0,4,0
5362,0,2,1,2,2,0,0,1,0,3,2,2,1,1,4,1
5363,0,2,1,2,2,0,0,1,0,3,2,3,1,1,4,1
5364,0,2,1,2,2,0,0,1,0,4,1,1,,0,4,0
5365,0,2,1,2,2,0,0,1,0,4,1,2,1,1,4,1
5366,0,2,1,2,2,0,0,1,0,4,1,3,1,1,4,1
5367,0,2,1,2,2,0,0,1,0,4,2,1,,0,4,0
5368,0,2,1,2,2,0,0,1,0,4,2,2,1,1,4,1
5369,0,2,1,2,2,0,0,1,0,4,2,3,1,1,4,1
5370,0,2,1,2,2,0,0,1,1,0,1,1,0,1,4,1
5371,0,2,1,2,2,0,0,1,1,0,1,2,0,1,4,1
5372,0,2,1,2,2,0,0,1,1,0,1,3,0,1,4,1
5373,0,2,1,2,2,0,0,1,1,0,2,1,0,1,4,1
5374,0,2,1,2,2,0,0,1,1,0,2,2,0,1,4,1
5375,0,2,1,2,2,0,0,1,1,0,2,3,0,1,4,1
5376,0,2,1,2,2,0,0,1,1,1,1,1,0,1,4,1
5377,0,2,1,2,2,0,0,1,1,1,1,2,0,1,4,1
5378,0,2,1,2,2,0,0,1,1,1,1,3,0,1,4,1
5379,0,2,1,2,2,0,0,1,1,1,2,1,0,1,4,1
5380,0,2,1,2,2,0,0,1,1,1,2,2,0,1,4,1
5381,0,2,1,2,2,0,0,1,1,1,2,3,0,1,4,1
5382,0,2,1,2,2,0,0,1,1,2,1,1,0,1,4,1
5383,0,2,1,2,2,0,0,1,1,2,1,2,0,1,4,1
5384,0,2,1,2,2,0,0,1,1,2,1,3,0,1,4,1
5385,0,2,1,2,2,0,0,1,1,2,2,1,0,1,4,1
5386,0,2,1,2,2,0,0,1,1,2,2,2,0,1,4,1
5387,0,2,1,2,2,0,0,1,1,2,2,3,0,1,4,1
5388,0,2,1,2,2,0,0,1,1,3,1,1,0,1,4,1
5389,0,2,1,2,2,0,0,1,1,3,1,2,0,1,4,1
5390,0,2,1,2,2,0,0,1,1,3,1,3,0,1,4,1
5391,0,2,1,2,2,0,0,1,1,3,2,1,0,1,4,1
5392,0,2,1,2,2,0,0,1,1,3,2,2,0,1,4,1
5393,0,2,1,2,2,0,0,1,1,3,2,3,0,1,4,1
5394,0,2,1,2,2,0,0,1,1,4,1,1,0,1,4,1
5395,0,2,1,2,2,0,0,1,1,4,1,2,0,1,4,1
5396,0,2,1,2,2,0,0,1,1,4,1,3,0,1,4,1
5397,0,2,1,2,2,0,0,1,1,4,2,1,0,1,4,1
5398,0,2,1,2,2,0,0,1,1,4,2,2,0,1,4,1
5399,0,2,1,2,2,0,0,1,1,4,2,3,0,1,4,1
5400,0,2,1,2,2,0,1,0,0,0,1,1,,0,4,0
5401,0,2,1,2,2,0,1,0,0,0,1,2,,0,4,0
5402,0,2,1,2,2,0,1,0,0,0,1,3,,0,4,0
5403,0,2,1,2,2,0,1,0,0,0,2,1,,0,4,0
5404,0,2,1,2,2,0,1,0,0,0,2,2,,0,4,0
5405,0,2,1,2,2,0,1,0,0,0,2,3,,0,4,0
5406,0,2,1,2,2,0,1,0,0,1,1,1,,0,4,0
5407,0,2,1,2,2,0,1,0,0,1,1,2,,0,5,0
5408,0,2,1,2,2,0,1,0,0,1,1,3,1,1,5,1
5409,0,2,1,2,2,0,1,0,0,1,2,1,,0,4,0
5410,0,2,1,2,2,0,1,0,0,1,2,2,,0,5,0
5411,0,2,1,2,2,0,1,0,0,1,2,3,,0,5,0
5412,0,2,1,2,2,0,1,0,0,2,1,1,,0,4,0
5413,0,2,1,2,2,0,1,0,0,2,1,2,,0,5,0
5414,0,2,1,2,2,0,1,0,0,2,1,3,1,1,5,1
5415,0,2,1,2,2,0,1,0,0,2,2,1,,0,4,0
5416,0,2,1,2,2,0,1,0,0,2,2,2,,0,5,0
5417,0,2,1,2,2,0,1,0,0,2,2,3,,0,5,0
5418,0,2,1,2,2,0,1,0,0,3,1,1,,0,4,0
5419,0,2,1,2,2,0,1,0,0,3,1,2,,0,5,0
5420,0,2,1,2,2,0,1,0,0,3,1,3,1,1,5,1
5421,0,2,1,2,2,0,1,0,0,3,2,1,,0,4,0
5422,0,2,1,2,2,0,1,0,0,3,2,2,,0,5,0
5423,0,2,1,2,2,0,1,0,0,3,2,3,,0,5,0
5424,0,2,1,2,2,0,1,0,0,4,1,1,,0,4,0
5425,0,2,1,2,2,0,1,0,0,4,1,2,,0,5,0
5426,0,2,1,2,2,0,1,0,0,4,1,3,1,1,5,1
5427,0,2,1,2,2,0,1,0,0,4,2,1,,0,4,0
5428,0,2,1,2,2,0,1,0,0,4,2,2,,0,5,0
5429,0,2,1,2,2,0,1,0,0,4,2,3,,0,5,0
5430,0,2,1,2,2,0,1,0,1,0,1,1,0,1,4,1
5431,0,2,1,2,2,0,1,0,1,0,1,2,0,1,4,1
5432,0,2,1,2,2,0,1,0,1,0,1,3,0,1,4,1
5433,0,2,1,2,2,0,1,0,1,0,2,1,0,1,4,1
5434,0,2,1,2,2,0,1,0,1,0,2,2,0,1,4,1
5435,0,2,1,2,2,0,1,0,1,0,2,3,0,1,4,1
5436,0,2,1,2,2,0,1,0,1,1,1,1,0,1,5,1
5437,0,2,1,2,2,0,1,0,1,1,1,2,0,1,5,1
5438,0,2,1,2,2,0,1,0,1,1,1,3,0,1,5,1
5439,0,2,1,2,2,0,1,0,1,1,2,1,0,1,5,1
5440,0,2,1,2,2,0,1,0,1,1,2,2,0,1,5,1
5441,0,2,1,2,2,0,1,0,1,1,2,3,0,1,5,1
5442,0,2,1,2,2,0,1,0,1,2,1,1,0,1,5,1
5443,0,2,1,2,2,0,1,0,1,2,1,2,0,1,5,1
5444,0,2,1,2,2,0,1,0,1,2,1,3,0,1,5,1
5445,0,2,1,2,2,0,1,0,1,2,2,1,0,1,5,1
5446,0,2,1,2,2,0,1,0,1,2,2,2,0,1,5,1
5447,0,2,1,2,2,0,1,0,1,2,2,3,0,1,5,1
5448,0,2,1,2,2,0,1,0,1,3,1,1,0,1,5,1
5449,0,2,1,2,2,0,1,0,1,3,1,2,0,1,5,1
5450,0,2,1,2,2,0,1,0,1,3,1,3,0,1,5,1
5451,0,2,1,2,2,0,1,0,1,3,2,1,0,1,5,1
5452,0,2,1,2,2,0,1,0,1,3,2,2,0,1,5,1
5453,0,2,1,2,2,0,1,0,1,3,2,3,0,1,5,1
5454,0,2,1,2,2,0,1,0,1,4,1,1,0,1,5,1
5455,0,2,1,2,2,0,1,0,1,4,1,2,0,1,5,1
5456,0,2,1,2,2,0,1,0,1,4,1,3,0,1,5,1
5457,0,2,1,2,2,0,1,0,1,4,2,1,0,1,5,1
5458,0,2,1,2,2,0,1,0,1,4,2,2,0,1,5,1
5459,0,2,1,2,2,0,1,0,1,4,2,3,0,1,5,1
5460,0,2,1,2,2,0,1,1,0,0,1,1,,0,4,0
5461,0,2,1,2,2,0,1,1,0,0,1,2,,0,4,0
5462,0,2,1,2,2,0,1,1,0,0,1,3,,0,4,0
5463,0,2,1,2,2,0,1,1,0,0,2,1,,0,4,0
5464,0,2,1,2,2,0,1,1,0,0,2,2,,0,4,0
5465,0,2,1,2,2,0,1,1,0,0,2,3,,0,4,0
5466,0,2,1,2,2,0,1,1,0,1,1,1,,0,4,0
5467,0,2,1,2,2,0,1,1,0,1,1,2,,0,5,0
5468,0,2,1,2,2,0,1,1,0,1,1,3,1,1,5,1
5469,0,2,1,2,2,0,1,1,0,1,2,1,,0,4,0
5470,0,2,1,2,2,0,1,1,0,1,2,2,,0,5,0
5471,0,2,1,2,2,0,1,1,0,1,2,3,,0,5,0
5472,0,2,1,2,2,0,1,1,0,2,1,1,,0,4,0
5473,0,2,1,2,2,0,1,1,0,2,1,2,,0,6,0
5474,0,2,1,2,2,0,1,1,0,2,1,3,1,1,6,1
5475,0,2,1,2,2,0,1,1,0,2,2,1,,0,4,0
5476,0,2,1,2,2,0,1,1,0,2,2,2,,0,6,0
5477,0,2,1,2,2,0,1,1,0,2,2,3,,0,6,0
5478,0,2,1,2,2,0,1,1,0,3,1,1,,0,4,0
5479,0,2,1,2,2,0,1,1,0,3,1,2,,0,6,0
5480,0,2,1,2,2,0,1,1,0,3,1,3,1,1,6,1
5481,0,2,1,2,2,0,1,1,0,3,2,1,,0,4,0
5482,0,2,1,2,2,0,1,1,0,3,2,2,,0,6,0
5483,0,2,1,2,2,0,1,1,0,3,2,3,,0,6,0
5484,0,2,1,2,2,0,1,1,0,4,1,1,,0,4,0
5485,0,2,1,2,2,0,1,1,0,4,1,2,,0,6,0
5486,0,2,1,2,2,0,1,1,0,4,1,3,1,1,6,1
5487,0,2,1,2,2,0,1,1,0,4,2,1,,0,4,0
5488,0,2,1,2,2,0,1,1,0,4,2,2,,0,6,0
5489,0,2,1,2,2,0,1,1,0,4,2,3,,0,6,0
5490,0,2,1,2,2,0,1,1,1,0,1,1,0,1,4,1
5491,0,2,1,2,2,0,1,1,1,0,1,2,0,1,4,1
5492,0,2,1,2,2,0,1,1,1,0,1,3,0,1,4,1
5493,0,2,1,2,2,0,1,1,1,0,2,1,0,1,4,1
5494,0,2,1,2,2,0,1,1,1,0,2,2,0,1,4,1
5495,0,2,1,2,2,0,1,1,1,0,2,3,0,1,4,1
5496,0,2,1,2,2,0,1,1,1,1,1,1,0,1,5,1
5497,0,2,1,2,2,0,1,1,1,1,1,2,0,1,5,1
5498,0,2,1,2,2,0,1,1,1,1,1,3,0,1,5,1
5499,0,2,1,2,2,0,1,1,1,1,2,1,0,1,5,1
5500,0,2,1,2,2,0,1,1,1,1,2,2,0,1,5,1
5501,0,2,1,2,2,0,1,1,1,1,2,3,0,1,5,1
5502,0,2,1,2,2,0,1,1,1,2,1,1,0,1,6,1
5503,0,2,1,2,2,0,1,1,1,2,1,2,0,1,6,1
5504,0,2,1,2,2,0,1,1,1,2,1,3,0,1,6,1
5505,0,2,1,2,2,0,1,1,1,2,2,1,0,1,6,1
5506,0,2,1,2,2,0,1,1,1,2,2,2,0,1,6,1
5507,0,2,1,2,2,0,1,1,1,2,2,3,0,1,6,1
5508,0,2,1,2,2,0,1,1,1,3,1,1,0,1,6,1
5509,0,2,1,2,2,0,1,1,1,3,1,2,0,1,6,1
5510,0,2,1,2,2,0,1,1,1,3,1,3,0,1,6,1
5511,0,2,1,2,2,0,1,1,1,3,2,1,0,1,6,1
5512,0,2,1,2,2,0,1,1,1,3,2,2,0,1,6,1
5513,0,2,1,2,2,0,1,1,1,3,2,3,0,1,6,1
5514,0,2,1,2,2,0,1,1,1,4,1,1,0,1,6,1
5515,0,2,1,2,2,0,1,1,1,4,1,2,0,1,6,1
5516,0,2,1,2,2,0,1,1,1,4,1,3,0,1,6,1
5517,0,2,1,2,2,0,1,1,1,4,2,1,0,1,6,1
5518,0,2,1,2,2,0,1,1,1,4,2,2,0,1,6,1
5519,0,2,1,2,2,0,1,1,1,4,2,3,0,1,6,1
5520,0,2,1,2,2,1,0,0,0,0,1,1,,0,4,0
5521,0,2,1,2,2,1,0,0,0,0,1,2,,0,4,0
5522,0,2,1,2,2,1,0,0,0,0,1,3,,0,4,0
5523,0,2,1,2,2,1,0,0,0,0,2,1,,0,4,0
5524,0,2,1,2,2,1,0,0,0,0,2,2,,0,4,0
5525,0,2,1,2,2,1,0,0,0,0,2,3,,0,4,0
5526,0,2,1,2,2,1,0,0,0,1,1,1,,0,4,0
5527,0,2,1,2,2,1,0,0,0,1,1,2,1,1,4,1
5528,0,2,1,2,2,1,0,0,0,1,1,3,1,1,4,1
5529,0,2,1,2,2,1,0,0,0,1,2,1,,0,4,0
5530,0,2,1,2,2,1,0,0,0,1,2,2,1,1,4,1
5531,0,2,1,2,2,1,0,0,0,1,2,3,1,1,4,1
5532,0,2,1,2,2,1,0,0,0,2,1,1,,0,4,0
5533,0,2,1,2,2,1,0,0,0,2,1,2,1,1,4,1
5534,0,2,1,2,2,1,0,0,0,2,1,3,1,1,4,1
5535,0,2,1,2,2,1,0,0,0,2,2,1,,0,4,0
5536,0,2,1,2,2,1,0,0,0,2,2,2,1,1,4,1
5537,0,2,1,2,2,1,0,0,0,2,2,3,1,1,4,1
5538,0,2,1,2,2,1,0,0,0,3,1,1,,0,4,0
5539,0,2,1,2,2,1,0,0,0,3,1,2,1,1,4,1
5540,0,2,1,2,2,1,0,0,0,3,1,3,1,1,4,1
5541,0,2,1,2,2,1,0,0,0,3,2,1,,0,4,0
5542,0,2,1,2,2,1,0,0,0,3,2,2,1,1,4,1
5543,0,2,1,2,2,1,0,0,0,3,2,3,1,1,4,1
5544,0,2,1,2,2,1,0,0,0,4,1,1,,0,4,0
5545,0,2,1,2,2,1,0,0,0,4,1,2,1,1,4,1
5546,0,2,1,2,2,1,0,0,0,4,1,3,1,1,4,1
5547,0,2,1,2,2,1,0,0,0,4,2,1,,0,4,0
5548,0,2,1,2,2,1,0,0,0,4,2,2,1,1,4,1
5549,0,2,1,2,2,1,0,0,0,4,2,3,1,1,4,1
5550,0,2,1,2,2,1,0,0,1,0,1,1,0,1,4,1
5551,0,2,1,2,2,1,0,0,1,0,1,2,0,1,4,1
5552,0,2,1,2,2,1,0,0,1,0,1,3,0,1,4,1
5553,0,2,1,2,2,1,0,0,1,0,2,1,0,1,4,1
5554,0,2,1,2,2,1,0,0,1,0,2,2,0,1,4,1
5555,0,2,1,2,2,1,0,0,1,0,2,3,0,1,4,1
5556,0,2,1,2,2,1,0,0,1,1,1,1,0,1,4,1
5557,0,2,1,2,2,1,0,0,1,1,1,2,0,1,4,1
5558,0,2,1,2,2,1,0,0,1,1,1,3,0,1,4,1
5559,0,2,1,2,2,1,0,0,1,1,2,1,0,1,4,1
5560,0,2,1,2,2,1,0,0,1,1,2,2,0,1,4,1
5561,0,2,1,2,2,1,0,0,1,1,2,3,0,1,4,1
5562,0,2,1,2,2,1,0,0,1,2,1,1,0,1,4,1
5563,0,2,1,2,2,1,0,0,1,2,1,2,0,1,4,1
5564,0,2,1,2,2,1,0,0,1,2,1,3,0,1,4,1
5565,0,2,1,2,2,1,0,0,1,2,2,1,0,1,4,1
5566,0,2,1,2,2,1,0,0,1,2,2,2,0,1,4,1
5567,0,2,1,2,2,1,0,0,1,2,2,3,0,1,4,1
5568,0,2,1,2,2,1,0,0,1,3,1,1,0,1,4,1
5569,0,2,1,2,2,1,0,0,1,3,1,2,0,1,4,1
5570,0,2,1,2,2,1,0,0,1,3,1,3,0,1,4,1
5571,0,2,1,2,2,1,0,0,1,3,2,1,0,1,4,1
5572,0,2,1,2,2,1,0,0,1,3,2,2,0,1,4,1
5573,0,2,1,2,2,1,0,0,1,3,2,3,0,1,4,1
5574,0,2,1,2,2,1,0,0,1,4,1,1,0,1,4,1
5575,0,2,1,2,2,1,0,0,1,4,1,2,0,1,4,1
5576,0,2,1,2,2,1,0,0,1,4,1,3,0,1,4,1
5577,0,2,1,2,2,1,0,0,1,4,2,1,0,1,4,1
5578,0,2,1,2,2,1,0,0,1,4,2,2,0,1,4,1
5579,0,2,1,2,2,1,0,0,1,4,2,3,0,1,4,1
5580,0,2,1,2,2,1,0,1,0,0,1,1,,0,4,0
5581,0,2,1,2,2,1,0,1,0,0,1,2,,0,4,0
5582,0,2,1,2,2,1,0,1,0,0,1,3,,0,4,0
5583,0,2,1,2,2,1,0,1,0,0,2,1,,0,4,0
5584,0,2,1,2,2,1,0,1,0,0,2,2,,0,4,0
5585,0,2,1,2,2,1,0,1,0,0,2,3,,0,4,0
5586,0,2,1,2,2,1,0,1,0,1,1,1,,0,4,0
5587,0,2,1,2,2,1,0,1,0,1,1,2,1,1,4,1
5588,0,2,1,2,2,1,0,1,0,1,1,3,1,1,4,1
5589,0,2,1,2,2,1,0,1,0,1,2,1,,0,4,0
5590,0,2,1,2,2,1,0,1,0,1,2,2,1,1,4,1
5591,0,2,1,2,2,1,0,1,0,1,2,3,1,1,4,1
5592,0,2,1,2,2,1,0,1,0,2,1,1,,0,4,0
5593,0,2,1,2,2,1,0,1,0,2,1,2,1,1,5,1
5594,0,2,1,2,2,1,0,1,0,2,1,3,1,1,5,1
5595,0,2,1,2,2,1,0,1,0,2,2,1,,0,4,0
5596,0,2,1,2,2,1,0,1,0,2,2,2,1,1,5,1
5597,0,2,1,2,2,1,0,1,0,2,2,3,1,1,5,1
5598,0,2,1,2,2,1,0,1,0,3,1,1,,0,4,0
5599,0,2,1,2,2,1,0,1,0,3,1,2,1,1,5,1
5600,0,2,1,2,2,1,0,1,0,3,1,3,1,1,5,1
5601,0,2,1,2,2,1,0,1,0,3,2,1,,0,4,0
5602,0,2,1,2,2,1,0,1,0,3,2,2,1,1,5,1
5603,0,2,1,2,2,1,0,1,0,3,2,3,1,1,5,1
5604,0,2,1,2,2,1,0,1,0,4,1,1,,0,4,0
5605,0,2,1,2,2,1,0,1,0,4,1,2,1,1,5,1
5606,0,2,1,2,2,1,0,1,0,4,1,3,1,1,5,1
5607,0,2,1,2,2,1,0,1,0,4,2,1,,0,4,0
5608,0,2,1,2,2,1,0,1,0,4,2,2,1,1,5,1
5609,0,2,1,2,2,1,0,1,0,4,2,3,1,1,5,1
5610,0,2,1,2,2,1,0,1,1,0,1,1,0,1,4,1
5611,0,2,1,2,2,1,0,1,1,0,1,2,0,1,4,1
5612,0,2,1,2,2,1,0,1,1,0,1,3,0,1,4,1
5613,0,2,1,2,2,1,0,1,1,0,2,1,0,1,4,1
5614,0,2,1,2,2,1,0,1,1,0,2,2,0,1,4,1
5615,0,2,1,2,2,1,0,1,1,0,2,3,0,1,4,1
5616,0,2,1,2,2,1,0,1,1,1,1,1,0,1,4,1
5617,0,2,1,2,2,1,0,1,1,1,1,2,0,1,4,1
5618,0,2,1,2,2,1,0,1,1,1,1,3,0,1,4,1
5619,0,2,1,2,2,1,0,1,1,1,2,1,0,1,4,1
5620,0,2,1,2,2,1,0,1,1,1,2,2,0,1,4,1
5621,0,2,1,2,2,1,0,1,1,1,2,3,0,1,4,1
5622,0,2,1,2,2,1,0,1,1,2,1,1,0,1,5,1
5623,0,2,1,2,2,1,0,1,1,2,1,2,0,1,5,1
5624,0,2,1,2,2,1,0,1,1,2,1,3,0,1,5,1
5625,0,2,1,2,2,1,0,1,1,2,2,1,0,1,5,1
5626,0,2,1,2,2,1,0,1,1,2,2,2,0,1,5,1
5627,0,2,1,2,2,1,0,1,1,2,2,3,0,1,5,1
5628,0,2,1,2,2,1,0,1,1,3,1,1,0,1,5,1
5629,0,2,1,2,2,1,0,1,1,3,1,2,0,1,5,1
5630,0,2,1,2,2,1,0,1,1,3,1,3,0,1,5,1
5631,0,2,1,2,2,1,0,1,1,3,2,1,0,1,5,1
5632,0,2,1,2,2,1,0,1,1,3,2,2,0,1,5,1
5633,0,2,1,2,2,1,0,1,1,3,2,3,0,1,5,1
5634,0,2,1,2,2,1,0,1,1,4,1,1,0,1,5,1
5635,0,2,1,2,2,1,0,1,1,4,1,2,0,1,5,1
5636,0,2,1,2,2,1,0,1,1,4,1,3,0,1,5,1
5637,0,2,1,2,2,1,0,1,1,4,2,1,0,1,5,1
5638,0,2,1,2,2,1,0,1,1,4,2,2,0,1,5,1
5639,0,2,1,2,2,1,0,1,1,4,2,3,0,1,5,1
5640,0,2,1,2,2,1,1,0,0,0,1,1,,0,4,0
5641,0,2,1,2,2,1,1,0,0,0,1,2,,0,4,0
5642,0,2,1,2,2,1,1,0,0,0,1,3,,0,4,0
5643,0,2,1,2,2,1,1,0,0,0,2,1,,0,4,0
5644,0,2,1,2,2,1,1,0,0,0,2,2,,0,4,0
5645,0,2,1,2,2,1,1,0,0,0,2,3,,0,4,0
5646,0,2,1,2,2,1,1,0,0,1,1,1,,0,4,0
5647,0,2,1,2,2,1,1,0,0,1,1,2,,0,5,0
5648,0,2,1,2,2,1,1,0,0,1,1,3,1,1,5,1
5649,0,2,1,2,2,1,1,0,0,1,2,1,,0,4,0
5650,0,2,1,2,2,1,1,0,0,1,2,2,,0,5,0
5651,0,2,1,2,2,1,1,0,0,1,2,3,,0,5,0
5652,0,2,1,2,2,1,1,0,0,2,1,1,,0,4,0
5653,0,2,1,2,2,1,1,0,0,2,1,2,,0,5,0
5654,0,2,1,2,2,1,1,0,0,2,1,3,1,1,5,1
5655,0,2,1,2,2,1,1,0,0,2,2,1,,0,4,0
5656,0,2,1,2,2,1,1,0,0,2,2,2,,0,5,0
5657,0,2,1,2,2,1,1,0,0,2,2,3,,0,5,0
5658,0,2,1,2,2,1,1,0,0,3,1,1,,0,4,0
5659,0,2,1,2,2,1,1,0,0,3,1,2,,0,5,0
5660,0,2,1,2,2,1,1,0,0,3,1,3,1,1,5,1
5661,0,2,1,2,2,1,1,0,0,3,2,1,,0,4,0
5662,0,2,1,2,2,1,1,0,0,3,2,2,,0,5,0
5663,0,2,1,2,2,1,1,0,0,3,2,3,,0,5,0
5664,0,2,1,2,2,1,1,0,0,4,1,1,,0,4,0
5665,0,2,1,2,2,1,1,0,0,4,1,2,,0,5,0
5666,0,2,1,2,2,1,1,0,0,4,1,3,1,1,5,1
5667,0,2,1,2,2,1,1,0,0,4,2,1,,0,4,0
5668,0,2,1,2,2,1,1,0,0,4,2,2,,0,5,0
5669,0,2,1,2,2,1,1,0,0,4,2,3,,0,5,0
5670,0,2,1,2,2,1,1,0,1,0,1,1,0,1,4,1
5671,0,2,1,2,2,1,1,0,1,0,1,2,0,1,4,1
5672,0,2,1,2,2,1,1,0,1,0,1,3,0,1,4,1
5673,0,2,1,2,2,1,1,0,1,0,2,1,0,1,4,1
5674,0,2,1,2,2,1,1,0,1,0,2,2,0,1,4,1
5675,0,2,1,2,2,1,1,0,1,0,2,3,0,1,4,1
5676,0,2,1,2,2,1,1,0,1,1,1,1,0,1,5,1
5677,0,2,1,2,2,1,1,0,1,1,1,2,0,1,5,1
5678,0,2,1,2,2,1,1,0,1,1,1,3,0,1,5,1
5679,0,2,1,2,2,1,1,0,1,1,2,1,0,1,5,1
5680,0,2,1,2,2,1,1,0,1,1,2,2,0,1,5,1
5681,0,2,1,2,2,1,1,0,1,1,2,3,0,1,5,1
5682,0,2,1,2,2,1,1,0,1,2,1,1,0,1,5,1
5683,0,2,1,2,2,1,1,0,1,2,1,2,0,1,5,1
5684,0,2,1,2,2,1,1,0,1,2,1,3,0,1,5,1
5685,0,2,1,2,2,1,1,0,1,2,2,1,0,1,5,1
5686,0,2,1,2,2,1,1,0,1,2,2,2,0,1,5,1
5687,0,2,1,2,2,1,1,0,1,2,2,3,0,1,5,1
5688,0,2,1,2,2,1,1,0,1,3,1,1,0,1,5,1
5689,0,2,1,2,2,1,1,0,1,3,1,2,0,1,5,1
5690,0,2,1,2,2,1,1,0,1,3,1,3,0,1,5,1
5691,0,2,1,2,2,1,1,0,1,3,2,1,0,1,5,1
5692,0,2,1,2,2,1,1,0,1,3,2,2,0,1,5,1
5693,0,2,1,2,2,1,1,0,1,3,2,3,0,1,5,1
5694,0,2,1,2,2,1,1,0,1,4,1,1,0,1,5,1
5695,0,2,1,2,2,1,1,0,1,4,1,2,0,1,5,1
5696,0,2,1,2,2,1,1,0,1,4,1,3,0,1,5,1
5697,0,2,1,2,2,1,1,0,1,4,2,1,0,1,5,1
5698,0,2,1,2,2,1,1,0,1,4,2,2,0,1,5,1
5699,0,2,1,2,2,1,1,0,1,4,2,3,0,1,5,1
5700,0,2,1,2,2,1,1,1,0,0,1,1,,0,4,0
5701,0,2,1,2,2,1,1,1,0,0,1,2,,0,4,0
5702,0,2,1,2,2,1,1,1,0,0,1,3,,0,4,0
5703,0,2,1,2,2,1,1,1,0,0,2,1,,0,4,0
5704,0,2,1,2,2,1,1,1,0,0,2,2,,0,4,0
5705,0,2,1,2,2,1,1,1,0,0,2,3,,0,4,0
5706,0,2,1,2,2,1,1,1,0,1,1,1,,0,4,0
5707,0,2,1,2,2,1,1,1,0,1,1,2,,0,5,0
5708,0,2,1,2,2,1,1,1,0,1,1,3,1,1,5,1
5709,0,2,1,2,2,1,1,1,0,1,2,1,,0,4,0
5710,0,2,1,2,2,1,1,1,0,1,2,2,,0,5,0
5711,0,2,1,2,2,1,1,1,0,1,2,3,,0,5,0
5712,0,2,1,2,2,1,1,1,0,2,1,1,,0,4,0
5713,0,2,1,2,2,1,1,1,0,2,1,2,,0,6,0
5714,0,2,1,2,2,1,1,1,0,2,1,3,1,1,8,1
5715,0,2,1,2,2,1,1,1,0,2,2,1,,0,4,0
5716,0,2,1,2,2,1,1,1,0,2,2,2,,0,6,0
5717,0,2,1,2,2,1,1,1,0,2,2,3,,0,6,0
5718,0,2,1,2,2,1,1,1,0,3,1,1,,0,4,0
5719,0,2,1,2,2,1,1,1,0,3,1,2,,0,6,0
5720,0,2,1,2,2,1,1,1,0,3,1,3,1,1,8,1
5721,0,2,1,2,2,1,1,1,0,3,2,1,,0,4,0
5722,0,2,1,2,2,1,1,1,0,3,2,2,,0,6,0
5723,0,2,1,2,2,1,1,1,0,3,2,3,,0,6,0
5724,0,2,1,2,2,1,1,1,0,4,1,1,,0,4,0
5725,0,2,1,2,2,1,1,1,0,4,1,2,,0,6,0
5726,0,2,1,2,2,1,1,1,0,4,1,3,1,1,8,1
5727,0,2,1,2,2,1,1,1,0,4,2,1,,0,4,0
5728,0,2,1,2,2,1,1,1,0,4,2,2,,0,6,0
5729,0,2,1,2,2,1,1,1,0,4,2,3,,0,6,0
5730,0,2,1,2,2,1,1,1,1,0,1,1,0,1,4,1
5731,0,2,1,2,2,1,1,1,1,0,1,2,0,1,4,1
5732,0,2,1,2,2,1,1,1,1,0,1,3,0,1,4,1
5733,0,2,1,2,2,1,1,1,1,0,2,1,0,1,4,1
5734,0,2,1,2,2,1,1,1,1,0,2,2,0,1,4,1
5735,0,2,1,2,2,1,1,1,1,0,2,3,0,1,4,1
5736,0,2,1,2,2,1,1,1,1,1,1,1,0,1,5,1
5737,0,2,1,2,2,1,1,1,1,1,1,2,0,1,5,1
5738,0,2,1,2,2,1,1,1,1,1,1,3,0,1,5,1
5739,0,2,1,2,2,1,1,1,1,1,2,1,0,1,5,1
5740,0,2,1,2,2,1,1,1,1,1,2,2,0,1,5,1
5741,0,2,1,2,2,1,1,1,1,1,2,3,0,1,5,1
5742,0,2,1,2,2,1,1,1,1,2,1,1,0,1,8,1
5743,0,2,1,2,2,1,1,1,1,2,1,2,0,1,8,1
5744,0,2,1,2,2,1,1,1,1,2,1,3,0,1,8,1
5745,0,2,1,2,2,1,1,1,1,2,2,1,0,1,8,1
5746,0,2,1,2,2,1,1,1,1,2,2,2,0,1,8,1
5747,0,2,1,2,2,1,1,1,1,2,2,3,0,1,8,1
5748,0,2,1,2,2,1,1,1,1,3,1,1,0,1,8,1
5749,0,2,1,2,2,1,1,1,1,3,1,2,0,1,8,1
5750,0,2,1,2,2,1,1,1,1,3,1,3,0,1,8,1
5751,0,2,1,2,2,1,1,1,1,3,2,1,0,1,8,1
5752,0,2,1,2,2,1,1,1,1,3,2,2,0,1,8,1
5753,0,2,1,2,2,1,1,1,1,3,2,3,0,1,8,1
5754,0,2,1,2,2,1,1,1,1,4,1,1,0,1,8,1
5755,0,2,1,2,2,1,1,1,1,4,1,2,0,1,8,1
5756,0,2,1,2,2,1,1,1,1,4,1,3,0,1,8,1
5757,0,2,1,2,2,1,1,1,1,4,2,1,0,1,8,1
5758,0,2,1,2,2,1,1,1,1,4,2,2,0,1,8,1
5759,0,2,1,2,2,1,1,1,1,4,2,3,0,1,8,1
5760,0,2,2,1,1,0,0,0,0,0,1,1,,0,4,0
5761,0,2,2,1,1,0,0,0,0,0,1,2,,0,4,0
5762,0,2,2,1,1,0,0,0,0,0,1,3,,0,4,0
5763,0,2,2,1,1,0,0,0,0,0,2,1,,0,4,0
5764,0,2,2,1,1,0,0,0,0,0,2,2,,0,4,0
5765,0,2,2,1,1,0,0,0,0,0,2,3,,0,4,0
5766,0,2,2,1,1,0,0,0,0,1,1,1,,0,4,0
5767,0,2,2,1,1,0,0,0,0,1,1,2,,0,4,0
5768,0,2,2,1,1,0,0,0,0,1,1,3,,0,4,0
5769,0,2,2,1,1,0,0,0,0,1,2,1,,0,4,0
5770,0,2,2,1,1,0,0,0,0,1,2,2,,0,4,0
5771,0,2,2,1,1,0,0,0,0,1,2,3,,0,4,0
5772,0,2,2,1,1,0,0,0,0,2,1,1,2,1,4,1
5773,0,2,2,1,1,0,0,0,0,2,1,2,2,1,4,1
5774,0,2,2,1,1,0,0,0,0,2,1,3,2,1,4,1
5775,0,2,2,1,1,0,0,0,0,2,2,1,2,1,4,1
5776,0,2,2,1,1,0,0,0,0,2,2,2,2,1,4,1
5777,0,2,2,1,1,0,0,0,0,2,2,3,2,1,4,1
5778,0,2,2,1,1,0,0,0,0,3,1,1,2,1,4,1
5779,0,2,2,1,1,0,0,0,0,3,1,2,2,1,4,1
5780,0,2,2,1,1,0,0,0,0,3,1,3,2,1,4,1
5781,0,2,2,1,1,0,0,0,0,3,2,1,2,1,4,1
5782,0,2,2,1,1,0,0,0,0,3,2,2,2,1,4,1
5783,0,2,2,1,1,0,0,0,0,3,2,3,2,1,4,1
5784,0,2,2,1,1,0,0,0,0,4,1,1,2,1,4,1
5785,0,2,2,1,1,0,0,0,0,4,1,2,2,1,4,1
5786,0,2,2,1,1,0,0,0,0,4,1,3,2,1,4,1
5787,0,2,2,1,1,0,0,0,0,4,2,1,2,1,4,1
5788,0,2,2,1,1,0,0,0,0,4,2,2,2,1,4,1
5789,0,2,2,1,1,0,0,0,0,4,2,3,2,1,4,1
5790,0,2,2,1,1,0,0,0,1,0,1,1,0,1,4,1
5791,0,2,2,1,1,0,0,0,1,0,1,2,0,1,4,1
5792,0,2,2,1,1,0,0,0,1,0,1,3,0,1,4,1
5793,0,2,2,1,1,0,0,0,1,0,2,1,0,1,4,1
5794,0,2,2,1,1,0,0,0,1,0,2,2,0,1,4,1
5795,0,2,2,1,1,0,0,0,1,0,2,3,0,1,4,1
5796,0,2,2,1,1,0,0,0,1,1,1,1,0,1,4,1
5797,0,2,2,1,1,0,0,0,1,1,1,2,0,1,4,1
5798,0,2,2,1,1,0,0,0,1,1,1,3,0,1,4,1
5799,0,2,2,1,1,0,0,0,1,1,2,1,0,1,4,1
5800,0,2,2,1,1,0,0,0,1,1,2,2,0,1,4,1
5801,0,2,2,1,1,0,0,0,1,1,2,3,0,1,4,1
5802,0,2,2,1,1,0,0,0,1,2,1,1,0,1,4,1
5803,0,2,2,1,1,0,0,0,1,2,1,2,0,1,4,1
5804,0,2,2,1,1,0,0,0,1,2,1,3,0,1,4,1
5805,0,2,2,1,1,0,0,0,1,2,2,1,0,1,4,1
5806,0,2,2,1,1,0,0,0,1,2,2,2,0,1,4,1
5807,0,2,2,1,1,0,0,0,1,2,2,3,0,1,4,1
5808,0,2,2,1,1,0,0,0,1,3,1,1,0,1,4,1
5809,0,2,2,1,1,0,0,0,1,3,1,2,0,1,4,1
5810,0,2,2,1,1,0,0,0,1,3,1,3,0,1,4,1
5811,0,2,2,1,1,0,0,0,1,3,2,1,0,1,4,1
5812,0,2,2,1,1,0,0,0,1,3,2,2,0,1,4,1
5813,0,2,2,1,1,0,0,0,1,3,2,3,0,1,4,1
5814,0,2,2,1,1,0,0,0,1,4,1,1,0,1,4,1
5815,0,2,2,1,1,0,0,0,1,4,1,2,0,1,4,1
5816,0,2,2,1,1,0,0,0,1,4,1,3,0,1,4,1
5817,0,2,2,1,1,0,0,0,1,4,2,1,0,1,4,1
5818,0,2,2,1,1,0,0,0,1,4,2,2,0,1,4,1
5819,0,2,2,1,1,0,0,0,1,4,2,3,0,1,4,1
5820,0,2,2,1,1,0,0,1,0,0,1,1,,0,4,0
5821,0,2,2,1,1,0,0,1,0,0,1,2,,0,4,0
5822,0,2,2,1,1,0,0,1,0,0,1,3,,0,4,0
5823,0,2,2,1,1,0,0,1,0,0,2,1,,0,4,0
5824,0,2,2,1,1,0,0,1,0,0,2,2,,0,4,0
5825,0,2,2,1,1,0,0,1,0,0,2,3,,0,4,0
5826,0,2,2,1,1,0,0,1,0,1,1,1,,0,4,0
5827,0,2,2,1,1,0,0,1,0,1,1,2,,0,4,0
5828,0,2,2,1,1,0,0,1,0,1,1,3,,0,4,0
5829,0,2,2,1,1,0,0,1,0,1,2,1,,0,4,0
5830,0,2,2,1,1,0,0,1,0,1,2,2,,0,4,0
5831,0,2,2,1,1,0,0,1,0,1,2,3,,0,4,0
5832,0,2,2,1,1,0,0,1,0,2,1,1,2,1,4,1
5833,0,2,2,1,1,0,0,1,0,2,1,2,2,1,4,1
5834,0,2,2,1,1,0,0,1,0,2,1,3,2,1,4,1
5835,0,2,2,1,1,0,0,1,0,2,2,1,2,1,4,1
5836,0,2,2,1,1,0,0,1,0,2,2,2,2,1,4,1
5837,0,2,2,1,1,0,0,1,0,2,2,3,2,1,4,1
5838,0,2,2,1,1,0,0,1,0,3,1,1,2,1,4,1
5839,0,2,2,1,1,0,0,1,0,3,1,2,2,1,4,1
5840,0,2,2,1,1,0,0,1,0,3,1,3,2,1,4,1
5841,0,2,2,1,1,0,0,1,0,3,2,1,2,1,4,1
5842,0,2,2,1,1,0,0,1,0,3,2,2,2,1,4,1
5843,0,2,2,1,1,0,0,1,0,3,2,3,2,1,4,1
5844,0,2,2,1,1,0,0,1,0,4,1,1,2,1,4,1
5845,0,2,2,1,1,0,0,1,0,4,1,2,2,1,4,1
5846,0,2,2,1,1,0,0,1,0,4,1,3,2,1,4,1
5847,0,2,2,1,1,0,0,1,0,4,2,1,2,1,4,1
5848,0,2,2,1,1,0,0,1,0,4,2,2,2,1,4,1
5849,0,2,2,1,1,0,0,1,0,4,2,3,2,1,4,1
5850,0,2,2,1,1,0,0,1,1,0,1,1,0,1,4,1
5851,0,2,2,1,1,0,0,1,1,0,1,2,0,1,4,1
5852,0,2,2,1,1,0,0,1,1,0,1,3,0,1,4,1
5853,0,2,2,1,1,0,0,1,1,0,2,1,0,1,4,1
5854,0,2,2,1,1,0,0,1,1,0,2,2,0,1,4,1
5855,0,2,2,1,1,0,0,1,1,0,2,3,0,1,4,1
5856,0,2,2,1,1,0,0,1,1,1,1,1,0,1,4,1
5857,0,2,2,1,1,0,0,1,1,1,1,2,0,1,4,1
5858,0,2,2,1,1,0,0,1,1,1,1,3,0,1,4,1
5859,0,2,2,1,1,0,0,1,1,1,2,1,0,1,4,1
5860,0,2,2,1,1,0,0,1,1,1,2,2,0,1,4,1
5861,0,2,2,1,1,0,0,1,1,1,2,3,0,1,4,1
5862,0,2,2,1,1,0,0,1,1,2,1,1,0,1,4,1
5863,0,2,2,1,1,0,0,1,1,2,1,2,0,1,4,1
5864,0,2,2,1,1,0,0,1,1,2,1,3,0,1,4,1
5865,0,2,2,1,1,0,0,1,1,2,2,1,0,1,4,1
5866,0,2,2,1,1,0,0,1,1,2,2,2,0,1,4,1
5867,0,2,2,1,1,0,0,1,1,2,2,3,0,1,4,1
5868,0,2,2,1,1,0,0,1,1,3,1,1,0,1,4,1
5869,0,2,2,1,1,0,0,1,1,3,1,2,0,1,4,1
5870,0,2,2,1,1,0,0,1,1,3,1,3,0,1,4,1
5871,0,2,2,1,1,0,0,1,1,3,2,1,0,1,4,1
5872,0,2,2,1,1,0,0,1,1,3,2,2,0,1,4,1
5873,0,2,2,1,1,0,0,1,1,3,2,3,0,1,4,1
5874,0,2,2,1,1,0,0,1,1,4,1,1,0,1,4,1
5875,0,2,2,1,1,0,0,1,1,4,1,2,0,1,4,1
5876,0,2,2,1,1,0,0,1,1,4,1,3,0,1,4,1
5877,0,2,2,1,1,0,0,1,1,4,2,1,0,1,4,1
5878,0,2,2,1,1,0,0,1,1,4,2,2,0,1,4,1
5879,0,2,2,1,1,0,0,1,1,4,2,3,0,1,4,1
5880,0,2,2,1,1,0,1,0,0,0,1,1,,0,4,0
5881,0,2,2,1,1,0,1,0,0,0,1,2,,0,4,0
5882,0,2,2,1,1,0,1,0,0,0,1,3,,0,4,0
5883,0,2,2,1,1,0,1,0,0,0,2,1,,0,4,0
5884,0,2,2,1,1,0,1,0,0,0,2,2,,0,4,0
5885,0,2,2,1,1,0,1,0,0,0,2,3,,0,4,0
5886,0,2,2,1,1,0,1,0,0,1,1,1,,0,4,0
5887,0,2,2,1,1,0,1,0,0,1,1,2,,0,4,0
5888,0,2,2,1,1,0,1,0,0,1,1,3,,0,4,0
5889,0,2,2,1,1,0,1,0,0,1,2,1,,0,4,0
5890,0,2,2,1,1,0,1,0,0,1,2,2,,0,4,0
5891,0,2,2,1,1,0,1,0,0,1,2,3,,0,4,0
5892,0,2,2,1,1,0,1,0,0,2,1,1,,0,5,0
5893,0,2,2,1,1,0,1,0,0,2,1,2,2,1,5,1
5894,0,2,2,1,1,0,1,0,0,2,1,3,2,1,5,1
5895,0,2,2,1,1,0,1,0,0,2,2,1,,0,5,0
5896,0,2,2,1,1,0,1,0,0,2,2,2,,0,5,0
5897,0,2,2,1,1,0,1,0,0,2,2,3,2,1,5,1
5898,0,2,2,1,1,0,1,0,0,3,1,1,,0,5,0
5899,0,2,2,1,1,0,1,0,0,3,1,2,2,1,5,1
5900,0,2,2,1,1,0,1,0,0,3,1,3,2,1,5,1
5901,0,2,2,1,1,0,1,0,0,3,2,1,,0,5,0
5902,0,2,2,1,1,0,1,0,0,3,2,2,,0,5,0
5903,0,2,2,1,1,0,1,0,0,3,2,3,2,1,5,1
5904,0,2,2,1,1,0,1,0,0,4,1,1,,0,5,0
5905,0,2,2,1,1,0,1,0,0,4,1,2,2,1,5,1
5906,0,2,2,1,1,0,1,0,0,4,1,3,2,1,5,1
5907,0,2,2,1,1,0,1,0,0,4,2,1,,0,5,0
5908,0,2,2,1,1,0,1,0,0,4,2,2,,0,5,0
5909,0,2,2,1,1,0,1,0,0,4,2,3,2,1,5,1
5910,0,2,2,1,1,0,1,0,1,0,1,1,0,1,4,1
5911,0,2,2,1,1,0,1,0,1,0,1,2,0,1,4,1
5912,0,2,2,1,1,0,1,0,1,0,1,3,0,1,4,1
5913,0,2,2,1,1,0,1,0,1,0,2,1,0,1,4,1
5914,0,2,2,1,1,0,1,0,1,0,2,2,0,1,4,1
5915,0,2,2,1,1,0,1,0,1,0,2,3,0,1,4,1
5916,0,2,2,1,1,0,1,0,1,1,1,1,0,1,4,1
5917,0,2,2,1,1,0,1,0,1,1,1,2,0,1,4,1
5918,0,2,2,1,1,0,1,0,1,1,1,3,0,1,4,1
5919,0,2,2,1,1,0,1,0,1,1,2,1,0,1,4,1
5920,0,2,2,1,1,0,1,0,1,1,2,2,0,1,4,1
5921,0,2,2,1,1,0,1,0,1,1,2,3,0,1,4,1
5922,0,2,2,1,1,0,1,0,1,2,1,1,0,1,5,1
5923,0,2,2,1,1,0,1,0,1,2,1,2,0,1,5,1
5924,0,2,2,1,1,0,1,0,1,2,1,3,0,1,5,1
5925,0,2,2,1,1,0,1,0,1,2,2,1,0,1,5,1
5926,0,2,2,1,1,0,1,0,1,2,2,2,0,1,5,1
5927,0,2,2,1,1,0,1,0,1,2,2,3,0,1,5,1
5928,0,2,2,1,1,0,1,0,1,3,1,1,0,1,5,1
5929,0,2,2,1,1,0,1,0,1,3,1,2,0,1,5,1
5930,0,2,2,1,1,0,1,0,1,3,1,3,0,1,5,1
5931,0,2,2,1,1,0,1,0,1,3,2,1,0,1,5,1
5932,0,2,2,1,1,0,1,0,1,3,2,2,0,1,5,1
5933,0,2,2,1,1,0,1,0,1,3,2,3,0,1,5,1
5934,0,2,2,1,1,0,1,0,1,4,1,1,0,1,5,1
5935,0,2,2,1,1,0,1,0,1,4,1,2,0,1,5,1
5936,0,2,2,1,1,0,1,0,1,4,1,3,0,1,5,1
5937,0,2,2,1,1,0,1,0,1,4,2,1,0,1,5,1
5938,0,2,2,1,1,0,1,0,1,4,2,2,0,1,5,1
5939,0,2,2,1,1,0,1,0,1,4,2,3,0,1,5,1
5940,0,2,2,1,1,0,1,1,0,0,1,1,,0,4,0
5941,0,2,2,1,1,0,1,1,0,0,1,2,,0,4,0
5942,0,2,2,1,1,0,1,1,0,0,1,3,,0,4,0
5943,0,2,2,1,1,0,1,1,0,0,2,1,,0,4,0
5944,0,2,2,1,1,0,1,1,0,0,2,2,,0,4,0
5945,0,2,2,1,1,0,1,1,0,0,2,3,,0,4,0
5946,0,2,2,1,1,0,1,1,0,1,1,1,,0,4,0
5947,0,2,2,1,1,0,1,1,0,1,1,2,,0,4,0
5948,0,2,2,1,1,0,1,1,0,1,1,3,,0,4,0
5949,0,2,2,1,1,0,1,1,0,1,2,1,,0,4,0
5950,0,2,2,1,1,0,1,1,0,1,2,2,,0,4,0
5951,0,2,2,1,1,0,1,1,0,1,2,3,,0,4,0
5952,0,2,2,1,1,0,1,1,0,2,1,1,,0,6,0
5953,0,2,2,1,1,0,1,1,0,2,1,2,2,1,6,1
5954,0,2,2,1,1,0,1,1,0,2,1,3,2,1,6,1
5955,0,2,2,1,1,0,1,1,0,2,2,1,,0,6,0
5956,0,2,2,1,1,0,1,1,0,2,2,2,,0,6,0
5957,0,2,2,1,1,0,1,1,0,2,2,3,2,1,6,1
5958,0,2,2,1,1,0,1,1,0,3,1,1,,0,6,0
5959,0,2,2,1,1,0,1,1,0,3,1,2,2,1,6,1
5960,0,2,2,1,1,0,1,1,0,3,1,3,2,1,6,1
5961,0,2,2,1,1,0,1,1,0,3,2,1,,0,6,0
5962,0,2,2,1,1,0,1,1,0,3,2,2,,0,6,0
5963,0,2,2,1,1,0,1,1,0,3,2,3,2,1,6,1
5964,0,2,2,1,1,0,1,1,0,4,1,1,,0,6,0
5965,0,2,2,1,1,0,1,1,0,4,1,2,2,1,6,1
5966,0,2,2,1,1,0,1,1,0,4,1,3,2,1,6,1
5967,0,2,2,1,1,0,1,1,0,4,2,1,,0,6,0
5968,0,2,2,1,1,0,1,1,0,4,2,2,,0,6,0
5969,0,2,2,1,1,0,1,1,0,4,2,3,2,1,6,1
5970,0,2,2,1,1,0,1,1,1,0,1,1,0,1,4,1
5971,0,2,2,1,1,0,1,1,1,0,1,2,0,1,4,1
5972,0,2,2,1,1,0,1,1,1,0,1,3,0,1,4,1
5973,0,2,2,1,1,0,1,1,1,0,2,1,0,1,4,1
5974,0,2,2,1,1,0,1,1,1,0,2,2,0,1,4,1
5975,0,2,2,1,1,0,1,1,1,0,2,3,0,1,4,1
5976,0,2,2,1,1,0,1,1,1,1,1,1,0,1,4,1
5977,0,2,2,1,1,0,1,1,1,1,1,2,0,1,4,1
5978,0,2,2,1,1,0,1,1,1,1,1,3,0,1,4,1
5979,0,2,2,1,1,0,1,1,1,1,2,1,0,1,4,1
5980,0,2,2,1,1,0,1,1,1,1,2,2,0,1,4,1
5981,0,2,2,1,1,0,1,1,1,1,2,3,0,1,4,1
5982,0,2,2,1,1,0,1,1,1,2,1,1,0,1,6,1
5983,0,2,2,1,1,0,1,1,1,2,1,2,0,1,6,1
5984,0,2,2,1,1,0,1,1,1,2,1,3,0,1,6,1
5985,0,2,2,1,1,0,1,1,1,2,2,1,0,1,6,1
5986,0,2,2,1,1,0,1,1,1,2,2,2,0,1,6,1
5987,0,2,2,1,1,0,1,1,1,2,2,3,0,1,6,1
5988,0,2,2,1,1,0,1,1,1,3,1,1,0,1,6,1
5989,0,2,2,1,1,0,1,1,1,3,1,2,0,1,6,1
5990,0,2,2,1,1,0,1,1,1,3,1,3,0,1,6,1
5991,0,2,2,1,1,0,1,1,1,3,2,1,0,1,6,1
5992,0,2,2,1,1,0,1,1,1,3,2,2,0,1,6,1
5993,0,2,2,1,1,0,1,1,1,3,2,3,0,1,6,1
5994,0,2,2,1,1,0,1,1,1,4,1,1,0,1,6,1
5995,0,2,2,1,1,0,1,1,1,4,1,2,0,1,6,1
5996,0,2,2,1,1,0,1,1,1,4,1,3,0,1,6,1
5997,0,2,2,1,1,0,1,1,1,4,2,1,0,1,6,1
5998,0,2,2,1,1,0,1,1,1,4,2,2,0,1,6,1
5999,0,2,2,1,1,0,1,1,1,4,2,3,0,1,6,1
6000,0,2,2,1,1,1,0,0,0,0,1,1,,0,4,0
6001,0,2,2,1,1,1,0,0,0,0,1,2,,0,4,0
6002,0,2,2,1,1,1,0,0,0,0,1,3,,0,4,0
6003,0,2,2,1,1,1,0,0,0,0,2,1,,0,4,0
6004,0,2,2,1,1,1,0,0,0,0,2,2,,0,4,0
6005,0,2,2,1,1,1,0,0,0,0,2,3,,0,4,0
6006,0,2,2,1,1,1,0,0,0,1,1,1,,0,4,0
6007,0,2,2,1,1,1,0,0,0,1,1,2,,0,4,0
6008,0,2,2,1,1,1,0,0,0,1,1,3,,0,4,0
6009,0,2,2,1,1,1,0,0,0,1,2,1,,0,4,0
6010,0,2,2,1,1,1,0,0,0,1,2,2,,0,4,0
6011,0,2,2,1,1,1,0,0,0,1,2,3,,0,4,0
6012,0,2,2,1,1,1,0,0,0,2,1,1,2,1,4,1
6013,0,2,2,1,1,1,0,0,0,2,1,2,2,1,4,1
6014,0,2,2,1,1,1,0,0,0,2,1,3,2,1,4,1
6015,0,2,2,1,1,1,0,0,0,2,2,1,2,1,4,1
6016,0,2,2,1,1,1,0,0,0,2,2,2,2,1,4,1
6017,0,2,2,1,1,1,0,0,0,2,2,3,2,1,4,1
6018,0,2,2,1,1,1,0,0,0,3,1,1,2,1,4,1
6019,0,2,2,1,1,1,0,0,0,3,1,2,2,1,4,1
6020,0,2,2,1,1,1,0,0,0,3,1,3,2,1,4,1
6021,0,2,2,1,1,1,0,0,0,3,2,1,2,1,4,1
6022,0,2,2,1,1,1,0,0,0,3,2,2,2,1,4,1
6023,0,2,2,1,1,1,0,0,0,3,2,3,2,1,4,1
6024,0,2,2,1,1,1,0,0,0,4,1,1,2,1,4,1
6025,0,2,2,1,1,1,0,0,0,4,1,2,2,1,4,1
6026,0,2,2,1,1,1,0,0,0,4,1,3,2,1,4,1
6027,0,2,2,1,1,1,0,0,0,4,2,1,2,1,4,1
6028,0,2,2,1,1,1,0,0,0,4,2,2,2,1,4,1
6029,0,2,2,1,1,1,0,0,0,4,2,3,2,1,4,1
6030,0,2,2,1,1,1,0,0,1,0,1,1,0,1,4,1
6031,0,2,2,1,1,1,0,0,1,0,1,2,0,1,4,1
6032,0,2,2,1,1,1,0,0,1,0,1,3,0,1,4,1
6033,0,2,2,1,1,1,0,0,1,0,2,1,0,1,4,1
6034,0,2,2,1,1,1,0,0,1,0,2,2,0,1,4,1
6035,0,2,2,1,1,1,0,0,1,0,2,3,0,1,4,1
6036,0,2,2,1,1,1,0,0,1,1,1,1,0,1,4,1
6037,0,2,2,1,1,1,0,0,1,1,1,2,0,1,4,1
6038,0,2,2,1,1,1,0,0,1,1,1,3,0,1,4,1
6039,0,2,2,1,1,1,0,0,1,1,2,1,0,1,4,1
6040,0,2,2,1,1,1,0,0,1,1,2,2,0,1,4,1
6041,0,2,2,1,1,1,0,0,1,1,2,3,0,1,4,1
6042,0,2,2,1,1,1,0,0,1,2,1,1,0,1,4,1
6043,0,2,2,1,1,1,0,0,1,2,1,2,0,1,4,1
6044,0,2,2,1,1,1,0,0,1,2,1,3,0,1,4,1
6045,0,2,2,1,1,1,0,0,1,2,2,1,0,1,4,1
6046,0,2,2,1,1,1,0,0,1,2,2,2,0,1,4,1
6047,0,2,2,1,1,1,0,0,1,2,2,3,0,1,4,1
6048,0,2,2,1,1,1,0,0,1,3,1,1,0,1,4,1
6049,0,2,2,1,1,1,0,0,1,3,1,2,0,1,4,1
6050,0,2,2,1,1,1,0,0,1,3,1,3,0,1,4,1
6051,0,2,2,1,1,1,0,0,1,3,2,1,0,1,4,1
6052,0,2,2,1,1,1,0,0,1,3,2,2,0,1,4,1
6053,0,2,2,1,1,1,0,0,1,3,2,3,0,1,4,1
6054,0,2,2,1,1,1,0,0,1,4,1,1,0,1,4,1
6055,0,2,2,1,1,1,0,0,1,4,1,2,0,1,4,1
6056,0,2,2,1,1,1,0,0,1,4,1,3,0,1,4,1
6057,0,2,2,1,1,1,0,0,1,4,2,1,0,1,4,1
6058,0,2,2,1,1,1,0,0,1,4,2,2,0,1,4,1
6059,0,2,2,1,1,1,0,0,1,4,2,3,0,1,4,1
6060,0,2,2,1,1,1,0,1,0,0,1,1,,0,4,0
6061,0,2,2,1,1,1,0,1,0,0,1,2,,0,4,0
6062,0,2,2,1,1,1,0,1,0,0,1,3,,0,4,0
6063,0,2,2,1,1,1,0,1,0,0,2,1,,0,4,0
6064,0,2,2,1,1,1,0,1,0,0,2,2,,0,4,0
6065,0,2,2,1,1,1,0,1,0,0,2,3,,0,4,0
6066,0,2,2,1,1,1,0,1,0,1,1,1,,0,4,0
6067,0,2,2,1,1,1,0,1,0,1,1,2,,0,4,0
6068,0,2,2,1,1,1,0,1,0,1,1,3,,0,4,0
6069,0,2,2,1,1,1,0,1,0,1,2,1,,0,4,0
6070,0,2,2,1,1,1,0,1,0,1,2,2,,0,4,0
6071,0,2,2,1,1,1,0,1,0,1,2,3,,0,4,0
6072,0,2,2,1,1,1,0,1,0,2,1,1,2,1,5,1
6073,0,2,2,1,1,1,0,1,0,2,1,2,2,1,5,1
6074,0,2,2,1,1,1,0,1,0,2,1,3,2,1,5,1
6075,0,2,2,1,1,1,0,1,0,2,2,1,2,1,5,1
6076,0,2,2,1,1,1,0,1,0,2,2,2,2,1,5,1
6077,0,2,2,1,1,1,0,1,0,2,2,3,2,1,5,1
6078,0,2,2,1,1,1,0,1,0,3,1,1,2,1,5,1
6079,0,2,2,1,1,1,0,1,0,3,1,2,2,1,5,1
6080,0,2,2,1,1,1,0,1,0,3,1,3,2,1,5,1
6081,0,2,2,1,1,1,0,1,0,3,2,1,2,1,5,1
6082,0,2,2,1,1,1,0,1,0,3,2,2,2,1,5,1
6083,0,2,2,1,1,1,0,1,0,3,2,3,2,1,5,1
6084,0,2,2,1,1,1,0,1,0,4,1,1,2,1,5,1
6085,0,2,2,1,1,1,0,1,0,4,1,2,2,1,5,1
6086,0,2,2,1,1,1,0,1,0,4,1,3,2,1,5,1
6087,0,2,2,1,1,1,0,1,0,4,2,1,2,1,5,1
6088,0,2,2,1,1,1,0,1,0,4,2,2,2,1,5,1
6089,0,2,2,1,1,1,0,1,0,4,2,3,2,1,5,1
6090,0,2,2,1,1,1,0,1,1,0,1,1,0,1,4,1
6091,0,2,2,1,1,1,0,1,1,0,1,2,0,1,4,1
6092,0,2,2,1,1,1,0,1,1,0,1,3,0,1,4,1
6093,0,2,2,1,1,1,0,1,1,0,2,1,0,1,4,1
6094,0,2,2,1,1,1,0,1,1,0,2,2,0,1,4,1
6095,0,2,2,1,1,1,0,1,1,0,2,3,0,1,4,1
6096,0,2,2,1,1,1,0,1,1,1,1,1,0,1,4,1
6097,0,2,2,1,1,1,0,1,1,1,1,2,0,1,4,1
6098,0,2,2,1,1,1,0,1,1,1,1,3,0,1,4,1
6099,0,2,2,1,1,1,0,1,1,1,2,1,0,1,4,1
6100,0,2,2,1,1,1,0,1,1,1,2,2,0,1,4,1
6101,0,2,2,1,1,1,0,1,1,1,2,3,0,1,4,1
6102,0,2,2,1,1,1,0,1,1,2,1,1,0,1,5,1
6103,0,2,2,1,1,1,0,1,1,2,1,2,0,1,5,1
6104,0,2,2,1,1,1,0,1,1,2,1,3,0,1,5,1
6105,0,2,2,1,1,1,0,1,1,2,2,1,0,1,5,1
6106,0,2,2,1,1,1,0,1,1,2,2,2,0,1,5,1
6107,0,2,2,1,1,1,0,1,1,2,2,3,0,1,5,1
6108,0,2,2,1,1,1,0,1,1,3,1,1,0,1,5,1
6109,0,2,2,1,1,1,0,1,1,3,1,2,0,1,5,1
6110,0,2,2,1,1,1,0,1,1,3,1,3,0,1,5,1
6111,0,2,2,1,1,1,0,1,1,3,2,1,0,1,5,1
6112,0,2,2,1,1,1,0,1,1,3,2,2,0,1,5,1
6113,0,2,2,1,1,1,0,1,1,3,2,3,0,1,5,1
6114,0,2,2,1,1,1,0,1,1,4,1,1,0,1,5,1
6115,0,2,2,1,1,1,0,1,1,4,1,2,0,1,5,1
6116,0,2,2,1,1,1,0,1,1,4,1,3,0,1,5,1
6117,0,2,2,1,1,1,0,1,1,4,2,1,0,1,5,1
6118,0,2,2,1,1,1,0,1,1,4,2,2,0,1,5,1
6119,0,2,2,1,1,1,0,1,1,4,2,3,0,1,5,1
6120,0,2,2,1,1,1,1,0,0,0,1,1,,0,4,0
6121,0,2,2,1,1,1,1,0,0,0,1,2,,0,4,0
6122,0,2,2,1,1,1,1,0,0,0,1,3,,0,4,0
6123,0,2,2,1,1,1,1,0,0,0,2,1,,0,4,0
6124,0,2,2,1,1,1,1,0,0,0,2,2,,0,4,0
6125,0,2,2,1,1,1,1,0,0,0,2,3,,0,4,0
6126,0,2,2,1,1,1,1,0,0,1,1,1,,0,4,0
6127,0,2,2,1,1,1,1,0,0,1,1,2,,0,4,0
6128,0,2,2,1,1,1,1,0,0,1,1,3,,0,4,0
6129,0,2,2,1,1,1,1,0,0,1,2,1,,0,4,0
6130,0,2,2,1,1,1,1,0,0,1,2,2,,0,4,0
6131,0,2,2,1,1,1,1,0,0,1,2,3,,0,4,0
6132,0,2,2,1,1,1,1,0,0,2,1,1,,0,5,0
6133,0,2,2,1,1,1,1,0,0,2,1,2,2,1,5,1
6134,0,2,2,1,1,1,1,0,0,2,1,3,2,1,5,1
6135,0,2,2,1,1,1,1,0,0,2,2,1,,0,5,0
6136,0,2,2,1,1,1,1,0,0,2,2,2,,0,5,0
6137,0,2,2,1,1,1,1,0,0,2,2,3,2,1,5,1
6138,0,2,2,1,1,1,1,0,0,3,1,1,,0,5,0
6139,0,2,2,1,1,1,1,0,0,3,1,2,2,1,5,1
6140,0,2,2,1,1,1,1,0,0,3,1,3,2,1,5,1
6141,0,2,2,1,1,1,1,0,0,3,2,1,,0,5,0
6142,0,2,2,1,1,1,1,0,0,3,2,2,,0,5,0
6143,0,2,2,1,1,1,1,0,0,3,2,3,2,1,5,1
6144,0,2,2,1,1,1,1,0,0,4,1,1,,0,5,0
6145,0,2,2,1,1,1,1,0,0,4,1,2,2,1,5,1
6146,0,2,2,1,1,1,1,0,0,4,1,3,2,1,5,1
6147,0,2,2,1,1,1,1,0,0,4,2,1,,0,5,0
6148,0,2,2,1,1,1,1,0,0,4,2,2,,0,5,0
6149,0,2,2,1,1,1,1,0,0,4,2,3,2,1,5,1
6150,0,2,2,1,1,1,1,0,1,0,1,1,0,1,4,1
6151,0,2,2,1,1,1,1,0,1,0,1,2,0,1,4,1
6152,0,2,2,1,1,1,1,0,1,0,1,3,0,1,4,1
6153,0,2,2,1,1,1,1,0,1,0,2,1,0,1,4,1
6154,0,2,2,1,1,1,1,0,1,0,2,2,0,1,4,1
6155,0,2,2,1,1,1,1,0,1,0,2,3,0,1,4,1
6156,0,2,2,1,1,1,1,0,1,1,1,1,0,1,4,1
6157,0,2,2,1,1,1,1,0,1,1,1,2,0,1,4,1
6158,0,2,2,1,1,1,1,0,1,1,1,3,0,1,4,1
6159,0,2,2,1,1,1,1,0,1,1,2,1,0,1,4,1
6160,0,2,2,1,1,1,1,0,1,1,2,2,0,1,4,1
6161,0,2,2,1,1,1,1,0,1,1,2,3,0,1,4,1
6162,0,2,2,1,1,1,1,0,1,2,1,1,0,1,5,1
6163,0,2,2,1,1,1,1,0,1,2,1,2,0,1,5,1
6164,0,2,2,1,1,1,1,0,1,2,1,3,0,1,5,1
6165,0,2,2,1,1,1,1,0,1,2,2,1,0,1,5,1
6166,0,2,2,1,1,1,1,0,1,2,2,2,0,1,5,1
6167,0,2,2,1,1,1,1,0,1,2,2,3,0,1,5,1
6168,0,2,2,1,1,1,1,0,1,3,1,1,0,1,5,1
6169,0,2,2,1,1,1,1,0,1,3,1,2,0,1,5,1
6170,0,2,2,1,1,1,1,0,1,3,1,3,0,1,5,1
6171,0,2,2,1,1,1,1,0,1,3,2,1,0,1,5,1
6172,0,2,2,1,1,1,1,0,1,3,2,2,0,1,5,1
6173,0,2,2,1,1,1,1,0,1,3,2,3,0,1,5,1
6174,0,2,2,1,1,1,1,0,1,4,1,1,0,1,5,1
6175,0,2,2,1,1,1,1,0,1,4,1,2,0,1,5,1
6176,0,2,2,1,1,1,1,0,1,4,1,3,0,1,5,1
6177,0,2,2,1,1,1,1,0,1,4,2,1,0,1,5,1
6178,0,2,2,1,1,1,1,0,1,4,2,2,0,1,5,1
6179,0,2,2,1,1,1,1,0,1,4,2,3,0,1,5,1
6180,0,2,2,1,1,1,1,1,0,0,1,1,,0,4,0
6181,0,2,2,1,1,1,1,1,0,0,1,2,,0,4,0
6182,0,2,2,1,1,1,1,1,0,0,1,3,,0,4,0
6183,0,2,2,1,1,1,1,1,0,0,2,1,,0,4,0
6184,0,2,2,1,1,1,1,1,0,0,2,2,,0,4,0
6185,0,2,2,1,1,1,1,1,0,0,2,3,,0,4,0
6186,0,2,2,1,1,1,1,1,0,1,1,1,,0,4,0
6187,0,2,2,1,1,1,1,1,0,1,1,2,,0,4,0
6188,0,2,2,1,1,1,1,1,0,1,1,3,,0,4,0
6189,0,2,2,1,1,1,1,1,0,1,2,1,,0,4,0
6190,0,2,2,1,1,1,1,1,0,1,2,2,,0,4,0
6191,0,2,2,1,1,1,1,1,0,1,2,3,,0,4,0
6192,0,2,2,1,1,1,1,1,0,2,1,1,,0,6,0
6193,0,2,2,1,1,1,1,1,0,2,1,2,2,1,8,1
6194,0,2,2,1,1,1,1,1,0,2,1,3,2,1,8,1
6195,0,2,2,1,1,1,1,1,0,2,2,1,,0,6,0
6196,0,2,2,1,1,1,1,1,0,2,2,2,,0,6,0
6197,0,2,2,1,1,1,1,1,0,2,2,3,2,1,8,1
6198,0,2,2,1,1,1,1,1,0,3,1,1,,0,6,0
6199,0,2,2,1,1,1,1,1,0,3,1,2,2,1,8,1
6200,0,2,2,1,1,1,1,1,0,3,1,3,2,1,8,1
6201,0,2,2,1,1,1,1,1,0,3,2,1,,0,6,0
6202,0,2,2,1,1,1,1,1,0,3,2,2,,0,6,0
6203,0,2,2,1,1,1,1,1,0,3,2,3,2,1,8,1
6204,0,2,2,1,1,1,1,1,0,4,1,1,,0,6,0
6205,0,2,2,1,1,1,1,1,0,4,1,2,2,1,8,1
6206,0,2,2,1,1,1,1,1,0,4,1,3,2,1,8,1
6207,0,2,2,1,1,1,1,1,0,4,2,1,,0,6,0
6208,0,2,2,1,1,1,1,1,0,4,2,2,,0,6,0
6209,0,2,2,1,1,1,1,1,0,4,2,3,2,1,8,1
6210,0,2,2,1,1,1,1,1,1,0,1,1,0,1,4,1
6211,0,2,2,1,1,1,1,1,1,0,1,2,0,1,4,1
6212,0,2,2,1,1,1,1,1,1,0,1,3,0,1,4,1
6213,0,2,2,1,1,1,1,1,1,0,2,1,0,1,4,1
6214,0,2,2,1,1,1,1,1,1,0,2,2,0,1,4,1
6215,0,2,2,1,1,1,1,1,1,0,2,3,0,1,4,1
6216,0,2,2,1,1,1,1,1,1,1,1,1,0,1,4,1
6217,0,2,2,1,1,1,1,1,1,1,1,2,0,1,4,1
6218,0,2,2,1,1,1,1,1,1,1,1,3,0,1,4,1
6219,0,2,2,1,1,1,1,1,1,1,2,1,0,1,4,1
6220,0,2,2,1,1,1,1,1,1,1,2,2,0,1,4,1
6221,0,2,2,1,1,1,1,1,1,1,2,3,0,1,4,1
6222,0,2,2,1,1,1,1,1,1,2,1,1,0,1,8,1
6223,0,2,2,1,1,1,1,1,1,2,1,2,0,1,8,1
6224,0,2,2,1,1,1,1,1,1,2,1,3,0,1,8,1
6225,0,2,2,1,1,1,1,1,1,2,2,1,0,1,8,1
6226,0,2,2,1,1,1,1,1,1,2,2,2,0,1,8,1
6227,0,2,2,1,1,1,1,1,1,2,2,3,0,1,8,1
6228,0,2,2,1,1,1,1,1,1,3,1,1,0,1,8,1
6229,0,2,2,1,1,1,1,1,1,3,1,2,0,1,8,1
6230,0,2,2,1,1,1,1,1,1,3,1,3,0,1,8,1
6231,0,2,2,1,1,1,1,1,1,3,2,1,0,1,8,1
6232,0,2,2,1,1,1,1,1,1,3,2,2,0,1,8,1
6233,0,2,2,1,1,1,1,1,1,3,2,3,0,1,8,1
6234,0,2,2,1,1,1,1,1,1,4,1,1,0,1,8,1
6235,0,2,2,1,1,1,1,1,1,4,1,2,0,1,8,1
6236,0,2,2,1,1,1,1,1,1,4,1,3,0,1,8,1
6237,0,2,2,1,1,1,1,1,1,4,2,1,0,1,8,1
6238,0,2,2,1,1,1,1,1,1,4,2,2,0,1,8,1
6239,0,2,2,1,1,1,1,1,1,4,2,3,0,1,8,1
6240,0,2,2,1,2,0,0,0,0,0,1,1,,0,4,0
6241,0,2,2,1,2,0,0,0,0,0,1,2,,0,4,0
6242,0,2,2,1,2,0,0,0,0,0,1,3,,0,4,0
6243,0,2,2,1,2,0,0,0,0,0,2,1,,0,4,0
6244,0,2,2,1,2,0,0,0,0,0,2,2,,0,4,0
6245,0,2,2,1,2,0,0,0,0,0,2,3,,0,4,0
6246,0,2,2,1,2,0,0,0,0,1,1,1,,0,4,0
6247,0,2,2,1,2,0,0,0,0,1,1,2,,0,4,0
6248,0,2,2,1,2,0,0,0,0,1,1,3,,0,4,0
6249,0,2,2,1,2,0,0,0,0,1,2,1,,0,4,0
6250,0,2,2,1,2,0,0,0,0,1,2,2,,0,4,0
6251,0,2,2,1,2,0,0,0,0,1,2,3,,0,4,0
6252,0,2,2,1,2,0,0,0,0,2,1,1,,0,4,0
6253,0,2,2,1,2,0,0,0,0,2,1,2,2,1,4,1
6254,0,2,2,1,2,0,0,0,0,2,1,3,2,1,4,1
6255,0,2,2,1,2,0,0,0,0,2,2,1,,0,4,0
6256,0,2,2,1,2,0,0,0,0,2,2,2,2,1,4,1
6257,0,2,2,1,2,0,0,0,0,2,2,3,2,1,4,1
6258,0,2,2,1,2,0,0,0,0,3,1,1,,0,4,0
6259,0,2,2,1,2,0,0,0,0,3,1,2,2,1,4,1
6260,0,2,2,1,2,0,0,0,0,3,1,3,2,1,4,1
6261,0,2,2,1,2,0,0,0,0,3,2,1,,0,4,0
6262,0,2,2,1,2,0,0,0,0,3,2,2,2,1,4,1
6263,0,2,2,1,2,0,0,0,0,3,2,3,2,1,4,1
6264,0,2,2,1,2,0,0,0,0,4,1,1,,0,4,0
6265,0,2,2,1,2,0,0,0,0,4,1,2,2,1,4,1
6266,0,2,2,1,2,0,0,0,0,4,1,3,2,1,4,1
6267,0,2,2,1,2,0,0,0,0,4,2,1,,0,4,0
6268,0,2,2,1,2,0,0,0,0,4,2,2,2,1,4,1
6269,0,2,2,1,2,0,0,0,0,4,2,3,2,1,4,1
6270,0,2,2,1,2,0,0,0,1,0,1,1,0,1,4,1
6271,0,2,2,1,2,0,0,0,1,0,1,2,0,1,4,1
6272,0,2,2,1,2,0,0,0,1,0,1,3,0,1,4,1
6273,0,2,2,1,2,0,0,0,1,0,2,1,0,1,4,1
6274,0,2,2,1,2,0,0,0,1,0,2,2,0,1,4,1
6275,0,2,2,1,2,0,0,0,1,0,2,3,0,1,4,1
6276,0,2,2,1,2,0,0,0,1,1,1,1,0,1,4,1
6277,0,2,2,1,2,0,0,0,1,1,1,2,0,1,4,1
6278,0,2,2,1,2,0,0,0,1,1,1,3,0,1,4,1
6279,0,2,2,1,2,0,0,0,1,1,2,1,0,1,4,1
6280,0,2,2,1,2,0,0,0,1,1,2,2,0,1,4,1
6281,0,2,2,1,2,0,0,0,1,1,2,3,0,1,4,1
6282,0,2,2,1,2,0,0,0,1,2,1,1,0,1,4,1
6283,0,2,2,1,2,0,0,0,1,2,1,2,0,1,4,1
6284,0,2,2,1,2,0,0,0,1,2,1,3,0,1,4,1
6285,0,2,2,1,2,0,0,0,1,2,2,1,0,1,4,1
6286,0,2,2,1,2,0,0,0,1,2,2,2,0,1,4,1
6287,0,2,2,1,2,0,0,0,1,2,2,3,0,1,4,1
6288,0,2,2,1,2,0,0,0,1,3,1,1,0,1,4,1
6289,0,2,2,1,2,0,0,0,1,3,1,2,0,1,4,1
6290,0,2,2,1,2,0,0,0,1,3,1,3,0,1,4,1
6291,0,2,2,1,2,0,0,0,1,3,2,1,0,1,4,1
6292,0,2,2,1,2,0,0,0,1,3,2,2,0,1,4,1
6293,0,2,2,1,2,0,0,0,1,3,2,3,0,1,4,1
6294,0,2,2,1,2,0,0,0,1,4,1,1,0,1,4,1
6295,0,2,2,1,2,0,0,0,1,4,1,2,0,1,4,1
6296,0,2,2,1,2,0,0,0,1,4,1,3,0,1,4,1
6297,0,2,2,1,2,0,0,0,1,4,2,1,0,1,4,1
6298,0,2,2,1,2,0,0,0,1,4,2,2,0,1,4,1
6299,0,2,2,1,2,0,0,0,1,4,2,3,0,1,4,1
6300,0,2,2,1,2,0,0,1,0,0,1,1,,0,4,0
6301,0,2,2,1,2,0,0,1,0,0,1,2,,0,4,0
6302,0,2,2,1,2,0,0,1,0,0,1,3,,0,4,0
6303,0,2,2,1,2,0,0,1,0,0,2,1,,0,4,0
6304,0,2,2,1,2,0,0,1,0,0,2,2,,0,4,0
6305,0,2,2,1,2,0,0,1,0,0,2,3,,0,4,0
6306,0,2,2,1,2,0,0,1,0,1,1,1,,0,4,0
6307,0,2,2,1,2,0,0,1,0,1,1,2,,0,4,0
6308,0,2,2,1,2,0,0,1,0,1,1,3,,0,4,0
6309,0,2,2,1,2,0,0,1,0,1,2,1,,0,4,0
6310,0,2,2,1,2,0,0,1,0,1,2,2,,0,4,0
6311,0,2,2,1,2,0,0,1,0,1,2,3,,0,4,0
6312,0,2,2,1,2,0,0,1,0,2,1,1,2,1,4,1
6313,0,2,2,1,2,0,0,1,0,2,1,2,2,1,4,1
6314,0,2,2,1,2,0,0,1,0,2,1,3,2,1,4,1
6315,0,2,2,1,2,0,0,1,0,2,2,1,2,1,4,1
6316,0,2,2,1,2,0,0,1,0,2,2,2,2,1,4,1
6317,0,2,2,1,2,0,0,1,0,2,2,3,2,1,4,1
6318,0,2,2,1,2,0,0,1,0,3,1,1,2,1,4,1
6319,0,2,2,1,2,0,0,1,0,3,1,2,2,1,4,1
6320,0,2,2,1,2,0,0,1,0,3,1,3,2,1,4,1
6321,0,2,2,1,2,0,0,1,0,3,2,1,2,1,4,1
6322,0,2,2,1,2,0,0,1,0,3,2,2,2,1,4,1
6323,0,2,2,1,2,0,0,1,0,3,2,3,2,1,4,1
6324,0,2,2,1,2,0,0,1,0,4,1,1,2,1,4,1
6325,0,2,2,1,2,0,0,1,0,4,1,2,2,1,4,1
6326,0,2,2,1,2,0,0,1,0,4,1,3,2,1,4,1
6327,0,2,2,1,2,0,0,1,0,4,2,1,2,1,4,1
6328,0,2,2,1,2,0,0,1,0,4,2,2,2,1,4,1
6329,0,2,2,1,2,0,0,1,0,4,2,3,2,1,4,1
6330,0,2,2,1,2,0,0,1,1,0,1,1,0,1,4,1
6331,0,2,2,1,2,0,0,1,1,0,1,2,0,1,4,1
6332,0,2,2,1,2,0,0,1,1,0,1,3,0,1,4,1
6333,0,2,2,1,2,0,0,1,1,0,2,1,0,1,4,1
6334,0,2,2,1,2,0,0,1,1,0,2,2,0,1,4,1
6335,0,2,2,1,2,0,0,1,1,0,2,3,0,1,4,1
6336,0,2,2,1,2,0,0,1,1,1,1,1,0,1,4,1
6337,0,2,2,1,2,0,0,1,1,1,1,2,0,1,4,1
6338,0,2,2,1,2,0,0,1,1,1,1,3,0,1,4,1
6339,0,2,2,1,2,0,0,1,1,1,2,1,0,1,4,1
6340,0,2,2,1,2,0,0,1,1,1,2,2,0,1,4,1
6341,0,2,2,1,2,0,0,1,1,1,2,3,0,1,4,1
6342,0,2,2,1,2,0,0,1,1,2,1,1,0,1,4,1
6343,0,2,2,1,2,0,0,1,1,2,1,2,0,1,4,1
6344,0,2,2,1,2,0,0,1,1,2,1,3,0,1,4,1
6345,0,2,2,1,2,0,0,1,1,2,2,1,0,1,4,1
6346,0,2,2,1,2,0,0,1,1,2,2,2,0,1,4,1
6347,0,2,2,1,2,0,0,1,1,2,2,3,0,1,4,1
6348,0,2,2,1,2,0,0,1,1,3,1,1,0,1,4,1
6349,0,2,2,1,2,0,0,1,1,3,1,2,0,1,4,1
6350,0,2,2,1,2,0,0,1,1,3,1,3,0,1,4,1
6351,0,2,2,1,2,0,0,1,1,3,2,1,0,1,4,1
6352,0,2,2,1,2,0,0,1,1,3,2,2,0,1,4,1
6353,0,2,2,1,2,0,0,1,1,3,2,3,0,1,4,1
6354,0,2,2,1,2,0,0,1,1,4,1,1,0,1,4,1
6355,0,2,2,1,2,0,0,1,1,4,1,2,0,1,4,1
6356,0,2,2,1,2,0,0,1,1,4,1,3,0,1,4,1
6357,0,2,2,1,2,0,0,1,1,4,2,1,0,1,4,1
6358,0,2,2,1,2,0,0,1,1,4,2,2,0,1,4,1
6359,0,2,2,1,2,0,0,1,1,4,2,3,0,1,4,1
6360,0,2,2,1,2,0,1,0,0,0,1,1,,0,4,0
6361,0,2,2,1,2,0,1,0,0,0,1,2,,0,4,0
6362,0,2,2,1,2,0,1,0,0,0,1,3,,0,4,0
6363,0,2,2,1,2,0,1,0,0,0,2,1,,0,4,0
6364,0,2,2,1,2,0,1,0,0,0,2,2,,0,4,0
6365,0,2,2,1,2,0,1,0,0,0,2,3,,0,4,0
6366,0,2,2,1,2,0,1,0,0,1,1,1,,0,4,0
6367,0,2,2,1,2,0,1,0,0,1,1,2,,0,4,0
6368,0,2,2,1,2,0,1,0,0,1,1,3,,0,4,0
6369,0,2,2,1,2,0,1,0,0,1,2,1,,0,4,0
6370,0,2,2,1,2,0,1,0,0,1,2,2,,0,4,0
6371,0,2,2,1,2,0,1,0,0,1,2,3,,0,4,0
6372,0,2,2,1,2,0,1,0,0,2,1,1,,0,4,0
6373,0,2,2,1,2,0,1,0,0,2,1,2,,0,5,0
6374,0,2,2,1,2,0,1,0,0,2,1,3,2,1,5,1
6375,0,2,2,1,2,0,1,0,0,2,2,1,,0,4,0
6376,0,2,2,1,2,0,1,0,0,2,2,2,,0,5,0
6377,0,2,2,1,2,0,1,0,0,2,2,3,,0,5,0
6378,0,2,2,1,2,0,1,0,0,3,1,1,,0,4,0
6379,0,2,2,1,2,0,1,0,0,3,1,2,,0,5,0
6380,0,2,2,1,2,0,1,0,0,3,1,3,2,1,5,1
6381,0,2,2,1,2,0,1,0,0,3,2,1,,0,4,0
6382,0,2,2,1,2,0,1,0,0,3,2,2,,0,5,0
6383,0,2,2,1,2,0,1,0,0,3,2,3,,0,5,0
6384,0,2,2,1,2,0,1,0,0,4,1,1,,0,4,0
6385,0,2,2,1,2,0,1,0,0,4,1,2,,0,5,0
6386,0,2,2,1,2,0,1,0,0,4,1,3,2,1,5,1
6387,0,2,2,1,2,0,1,0,0,4,2,1,,0,4,0
6388,0,2,2,1,2,0,1,0,0,4,2,2,,0,5,0
6389,0,2,2,1,2,0,1,0,0,4,2,3,,0,5,0
6390,0,2,2,1,2,0,1,0,1,0,1,1,0,1,4,1
6391,0,2,2,1,2,0,1,0,1,0,1,2,0,1,4,1
6392,0,2,2,1,2,0,1,0,1,0,1,3,0,1,4,1
6393,0,2,2,1,2,0,1,0,1,0,2,1,0,1,4,1
6394,0,2,2,1,2,0,1,0,1,0,2,2,0,1,4,1
6395,0,2,2,1,2,0,1,0,1,0,2,3,0,1,4,1
6396,0,2,2,1,2,0,1,0,1,1,1,1,0,1,4,1
6397,0,2,2,1,2,0,1,0,1,1,1,2,0,1,4,1
6398,0,2,2,1,2,0,1,0,1,1,1,3,0,1,4,1
6399,0,2,2,1,2,0,1,0,1,1,2,1,0,1,4,1
6400,0,2,2,1,2,0,1,0,1,1,2,2,0,1,4,1
6401,0,2,2,1,2,0,1,0,1,1,2,3,0,1,4,1
6402,0,2,2,1,2,0,1,0,1,2,1,1,0,1,5,1
6403,0,2,2,1,2,0,1,0,1,2,1,2,0,1,5,1
6404,0,2,2,1,2,0,1,0,1,2,1,3,0,1,5,1
6405,0,2,2,1,2,0,1,0,1,2,2,1,0,1,5,1
6406,0,2,2,1,2,0,1,0,1,2,2,2,0,1,5,1
6407,0,2,2,1,2,0,1,0,1,2,2,3,0,1,5,1
6408,0,2,2,1,2,0,1,0,1,3,1,1,0,1,5,1
6409,0,2,2,1,2,0,1,0,1,3,1,2,0,1,5,1
6410,0,2,2,1,2,0,1,0,1,3,1,3,0,1,5,1
6411,0,2,2,1,2,0,1,0,1,3,2,1,0,1,5,1
6412,0,2,2,1,2,0,1,0,1,3,2,2,0,1,5,1
6413,0,2,2,1,2,0,1,0,1,3,2,3,0,1,5,1
6414,0,2,2,1,2,0,1,0,1,4,1,1,0,1,5,1
6415,0,2,2,1,2,0,1,0,1,4,1,2,0,1,5,1
6416,0,2,2,1,2,0,1,0,1,4,1,3,0,1,5,1
6417,0,2,2,1,2,0,1,0,1,4,2,1,0,1,5,1
6418,0,2,2,1,2,0,1,0,1,4,2,2,0,1,5,1
6419,0,2,2,1,2,0,1,0,1,4,2,3,0,1,5,1
6420,0,2,2,1,2,0,1,1,0,0,1,1,,0,4,0
6421,0,2,2,1,2,0,1,1,0,0,1,2,,0,4,0
6422,0,2,2,1,2,0,1,1,0,0,1,3,,0,4,0
6423,0,2,2,1,2,0,1,1,0,0,2,1,,0,4,0
6424,0,2,2,1,2,0,1,1,0,0,2,2,,0,4,0
6425,0,2,2,1,2,0,1,1,0,0,2,3,,0,4,0
6426,0,2,2,1,2,0,1,1,0,1,1,1,,0,4,0
6427,0,2,2,1,2,0,1,1,0,1,1,2,,0,4,0
6428,0,2,2,1,2,0,1,1,0,1,1,3,,0,4,0
6429,0,2,2,1,2,0,1,1,0,1,2,1,,0,4,0
6430,0,2,2,1,2,0,1,1,0,1,2,2,,0,4,0
6431,0,2,2,1,2,0,1,1,0,1,2,3,,0,4,0
6432,0,2,2,1,2,0,1,1,0,2,1,1,,0,5,0
6433,0,2,2,1,2,0,1,1,0,2,1,2,2,1,6,1
6434,0,2,2,1,2,0,1,1,0,2,1,3,2,1,6,1
6435,0,2,2,1,2,0,1,1,0,2,2,1,,0,5,0
6436,0,2,2,1,2,0,1,1,0,2,2,2,,0,6,0
6437,0,2,2,1,2,0,1,1,0,2,2,3,2,1,6,1
6438,0,2,2,1,2,0,1,1,0,3,1,1,,0,5,0
6439,0,2,2,1,2,0,1,1,0,3,1,2,2,1,6,1
6440,0,2,2,1,2,0,1,1,0,3,1,3,2,1,6,1
6441,0,2,2,1,2,0,1,1,0,3,2,1,,0,5,0
6442,0,2,2,1,2,0,1,1,0,3,2,2,,0,6,0
6443,0,2,2,1,2,0,1,1,0,3,2,3,2,1,6,1
6444,0,2,2,1,2,0,1,1,0,4,1,1,,0,5,0
6445,0,2,2,1,2,0,1,1,0,4,1,2,2,1,6,1
6446,0,2,2,1,2,0,1,1,0,4,1,3,2,1,6,1
6447,0,2,2,1,2,0,1,1,0,4,2,1,,0,5,0
6448,0,2,2,1,2,0,1,1,0,4,2,2,,0,6,0
6449,0,2,2,1,2,0,1,1,0,4,2,3,2,1,6,1
6450,0,2,2,1,2,0,1,1,1,0,1,1,0,1,4,1
6451,0,2,2,1,2,0,1,1,1,0,1,2,0,1,4,1
6452,0,2,2,1,2,0,1,1,1,0,1,3,0,1,4,1
6453,0,2,2,1,2,0,1,1,1,0,2,1,0,1,4,1
6454,0,2,2,1,2,0,1,1,1,0,2,2,0,1,4,1
6455,0,2,2,1,2,0,1,1,1,0,2,3,0,1,4,1
6456,0,2,2,1,2,0,1,1,1,1,1,1,0,1,4,1
6457,0,2,2,1,2,0,1,1,1,1,1,2,0,1,4,1
6458,0,2,2,1,2,0,1,1,1,1,1,3,0,1,4,1
6459,0,2,2,1,2,0,1,1,1,1,2,1,0,1,4,1
6460,0,2,2,1,2,0,1,1,1,1,2,2,0,1,4,1
6461,0,2,2,1,2,0,1,1,1,1,2,3,0,1,4,1
6462,0,2,2,1,2,0,1,1,1,2,1,1,0,1,6,1
6463,0,2,2,1,2,0,1,1,1,2,1,2,0,1,6,1
6464,0,2,2,1,2,0,1,1,1,2,1,3,0,1,6,1
6465,0,2,2,1,2,0,1,1,1,2,2,1,0,1,6,1
6466,0,2,2,1,2,0,1,1,1,2,2,2,0,1,6,1
6467,0,2,2,1,2,0,1,1,1,2,2,3,0,1,6,1
6468,0,2,2,1,2,0,1,1,1,3,1,1,0,1,6,1
6469,0,2,2,1,2,0,1,1,1,3,1,2,0,1,6,1
6470,0,2,2,1,2,0,1,1,1,3,1,3,0,1,6,1
6471,0,2,2,1,2,0,1,1,1,3,2,1,0,1,6,1
6472,0,2,2,1,2,0,1,1,1,3,2,2,0,1,6,1
6473,0,2,2,1,2,0,1,1,1,3,2,3,0,1,6,1
6474,0,2,2,1,2,0,1,1,1,4,1,1,0,1,6,1
6475,0,2,2,1,2,0,1,1,1,4,1,2,0,1,6,1
6476,0,2,2,1,2,0,1,1,1,4,1,3,0,1,6,1
6477,0,2,2,1,2,0,1,1,1,4,2,1,0,1,6,1
6478,0,2,2,1,2,0,1,1,1,4,2,2,0,1,6,1
6479,0,2,2,1,2,0,1,1,1,4,2,3,0,1,6,1
6480,0,2,2,1,2,1,0,0,0,0,1,1,,0,4,0
6481,0,2,2,1,2,1,0,0,0,0,1,2,,0,4,0
6482,0,2,2,1,2,1,0,0,0,0,1,3,,0,4,0
6483,0,2,2,1,2,1,0,0,0,0,2,1,,0,4,0
6484,0,2,2,1,2,1,0,0,0,0,2,2,,0,4,0
6485,0,2,2,1,2,1,0,0,0,0,2,3,,0,4,0
6486,0,2,2,1,2,1,0,0,0,1,1,1,,0,4,0
6487,0,2,2,1,2,1,0,0,0,1,1,2,,0,4,0
6488,0,2,2,1,2,1,0,0,0,1,1,3,,0,4,0
6489,0,2,2,1,2,1,0,0,0,1,2,1,,0,4,0
6490,0,2,2,1,2,1,0,0,0,1,2,2,,0,4,0
6491,0,2,2,1,2,1,0,0,0,1,2,3,,0,4,0
6492,0,2,2,1,2,1,0,0,0,2,1,1,,0,4,0
6493,0,2,2,1,2,1,0,0,0,2,1,2,2,1,4,1
6494,0,2,2,1,2,1,0,0,0,2,1,3,2,1,4,1
6495,0,2,2,1,2,1,0,0,0,2,2,1,,0,4,0
6496,0,2,2,1,2,1,0,0,0,2,2,2,2,1,4,1
6497,0,2,2,1,2,1,0,0,0,2,2,3,2,1,4,1
6498,0,2,2,1,2,1,0,0,0,3,1,1,,0,4,0
6499,0,2,2,1,2,1,0,0,0,3,1,2,2,1,4,1
6500,0,2,2,1,2,1,0,0,0,3,1,3,2,1,4,1
6501,0,2,2,1,2,1,0,0,0,3,2,1,,0,4,0
6502,0,2,2,1,2,1,0,0,0,3,2,2,2,1,4,1
6503,0,2,2,1,2,1,0,0,0,3,2,3,2,1,4,1
6504,0,2,2,1,2,1,0,0,0,4,1,1,,0,4,0
6505,0,2,2,1,2,1,0,0,0,4,1,2,2,1,4,1
6506,0,2,2,1,2,1,0,0,0,4,1,3,2,1,4,1
6507,0,2,2,1,2,1,0,0,0,4,2,1,,0,4,0
6508,0,2,2,1,2,1,0,0,0,4,2,2,2,1,4,1
6509,0,2,2,1,2,1,0,0,0,4,2,3,2,1,4,1
6510,0,2,2,1,2,1,0,0,1,0,1,1,0,1,4,1
6511,0,2,2,1,2,1,0,0,1,0,1,2,0,1,4,1
6512,0,2,2,1,2,1,0,0,1,0,1,3,0,1,4,1
6513,0,2,2,1,2,1,0,0,1,0,2,1,0,1,4,1
6514,0,2,2,1,2,1,0,0,1,0,2,2,0,1,4,1
6515,0,2,2,1,2,1,0,0,1,0,2,3,0,1,4,1
6516,0,2,2,1,2,1,0,0,1,1,1,1,0,1,4,1
6517,0,2,2,1,2,1,0,0,1,1,1,2,0,1,4,1
6518,0,2,2,1,2,1,0,0,1,1,1,3,0,1,4,1
6519,0,2,2,1,2,1,0,0,1,1,2,1,0,1,4,1
6520,0,2,2,1,2,1,0,0,1,1,2,2,0,1,4,1
6521,0,2,2,1,2,1,0,0,1,1,2,3,0,1,4,1
6522,0,2,2,1,2,1,0,0,1,2,1,1,0,1,4,1
6523,0,2,2,1,2,1,0,0,1,2,1,2,0,1,4,1
6524,0,2,2,1,2,1,0,0,1,2,1,3,0,1,4,1
6525,0,2,2,1,2,1,0,0,1,2,2,1,0,1,4,1
6526,0,2,2,1,2,1,0,0,1,2,2,2,0,1,4,1
6527,0,2,2,1,2,1,0,0,1,2,2,3,0,1,4,1
6528,0,2,2,1,2,1,0,0,1,3,1,1,0,1,4,1
6529,0,2,2,1,2,1,0,0,1,3,1,2,0,1,4,1
6530,0,2,2,1,2,1,0,0,1,3,1,3,0,1,4,1
6531,0,2,2,1,2,1,0,0,1,3,2,1,0,1,4,1
6532,0,2,2,1,2,1,0,0,1,3,2,2,0,1,4,1
6533,0,2,2,1,2,1,0,0,1,3,2,3,0,1,4,1
6534,0,2,2,1,2,1,0,0,1,4,1,1,0,1,4,1
6535,0,2,2,1,2,1,0,0,1,4,1,2,0,1,4,1
6536,0,2,2,1,2,1,0,0,1,4,1,3,0,1,4,1
6537,0,2,2,1,2,1,0,0,1,4,2,1,0,1,4,1
6538,0,2,2,1,2,1,0,0,1,4,2,2,0,1,4,1
6539,0,2,2,1,2,1,0,0,1,4,2,3,0,1,4,1
6540,0,2,2,1,2,1,0,1,0,0,1,1,,0,4,0
6541,0,2,2,1,2,1,0,1,0,0,1,2,,0,4,0
6542,0,2,2,1,2,1,0,1,0,0,1,3,,0,4,0
6543,0,2,2,1,2,1,0,1,0,0,2,1,,0,4,0
6544,0,2,2,1,2,1,0,1,0,0,2,2,,0,4,0
6545,0,2,2,1,2,1,0,1,0,0,2,3,,0,4,0
6546,0,2,2,1,2,1,0,1,0,1,1,1,,0,4,0
6547,0,2,2,1,2,1,0,1,0,1,1,2,,0,4,0
6548,0,2,2,1,2,1,0,1,0,1,1,3,,0,4,0
6549,0,2,2,1,2,1,0,1,0,1,2,1,,0,4,0
6550,0,2,2,1,2,1,0,1,0,1,2,2,,0,4,0
6551,0,2,2,1,2,1,0,1,0,1,2,3,,0,4,0
6552,0,2,2,1,2,1,0,1,0,2,1,1,2,1,5,1
6553,0,2,2,1,2,1,0,1,0,2,1,2,2,1,5,1
6554,0,2,2,1,2,1,0,1,0,2,1,3,2,1,5,1
6555,0,2,2,1,2,1,0,1,0,2,2,1,2,1,5,1
6556,0,2,2,1,2,1,0,1,0,2,2,2,2,1,5,1
6557,0,2,2,1,2,1,0,1,0,2,2,3,2,1,5,1
6558,0,2,2,1,2,1,0,1,0,3,1,1,2,1,5,1
6559,0,2,2,1,2,1,0,1,0,3,1,2,2,1,5,1
6560,0,2,2,1,2,1,0,1,0,3,1,3,2,1,5,1
6561,0,2,2,1,2,1,0,1,0,3,2,1,2,1,5,1
6562,0,2,2,1,2,1,0,1,0,3,2,2,2,1,5,1
6563,0,2,2,1,2,1,0,1,0,3,2,3,2,1,5,1
6564,0,2,2,1,2,1,0,1,0,4,1,1,2,1,5,1
6565,0,2,2,1,2,1,0,1,0,4,1,2,2,1,5,1
6566,0,2,2,1,2,1,0,1,0,4,1,3,2,1,5,1
6567,0,2,2,1,2,1,0,1,0,4,2,1,2,1,5,1
6568,0,2,2,1,2,1,0,1,0,4,2,2,2,1,5,1
6569,0,2,2,1,2,1,0,1,0,4,2,3,2,1,5,1
6570,0,2,2,1,2,1,0,1,1,0,1,1,0,1,4,1
6571,0,2,2,1,2,1,0,1,1,0,1,2,0,1,4,1
6572,0,2,2,1,2,1,0,1,1,0,1,3,0,1,4,1
6573,0,2,2,1,2,1,0,1,1,0,2,1,0,1,4,1
6574,0,2,2,1,2,1,0,1,1,0,2,2,0,1,4,1
6575,0,2,2,1,2,1,0,1,1,0,2,3,0,1,4,1
6576,0,2,2,1,2,1,0,1,1,1,1,1,0,1,4,1
6577,0,2,2,1,2,1,0,1,1,1,1,2,0,1,4,1
6578,0,2,2,1,2,1,0,1,1,1,1,3,0,1,4,1
6579,0,2,2,1,2,1,0,1,1,1,2,1,0,1,4,1
6580,0,2,2,1,2,1,0,1,1,1,2,2,0,1,4,1
6581,0,2,2,1,2,1,0,1,1,1,2,3,0,1,4,1
6582,0,2,2,1,2,1,0,1,1,2,1,1,0,1,5,1
6583,0,2,2,1,2,1,0,1,1,2,1,2,0,1,5,1
6584,0,2,2,1,2,1,0,1,1,2,1,3,0,1,5,1
6585,0,2,2,1,2,1,0,1,1,2,2,1,0,1,5,1
6586,0,2,2,1,2,1,0,1,1,2,2,2,0,1,5,1
6587,0,2,2,1,2,1,0,1,1,2,2,3,0,1,5,1
6588,0,2,2,1,2,1,0,1,1,3,1,1,0,1,5,1
6589,0,2,2,1,2,1,0,1,1,3,1,2,0,1,5,1
6590,0,2,2,1,2,1,0,1,1,3,1,3,0,1,5,1
6591,0,2,2,1,2,1,0,1,1,3,2,1,0,1,5,1
6592,0,2,2,1,2,1,0,1,1,3,2,2,0,1,5,1
6593,0,2,2,1,2,1,0,1,1,3,2,3,0,1,5,1
6594,0,2,2,1,2,1,0,1,1,4,1,1,0,1,5,1
6595,0,2,2,1,2,1,0,1,1,4,1,2,0,1,5,1
6596,0,2,2,1,2,1,0,1,1,4,1,3,0,1,5,1
6597,0,2,2,1,2,1,0,1,1,4,2,1,0,1,5,1
6598,0,2,2,1,2,1,0,1,1,4,2,2,0,1,5,1
6599,0,2,2,1,2,1,0,1,1,4,2,3,0,1,5,1
6600,0,2,2,1,2,1,1,0,0,0,1,1,,0,4,0
6601,0,2,2,1,2,1,1,0,0,0,1,2,,0,4,0
6602,0,2,2,1,2,1,1,0,0,0,1,3,,0,4,0
6603,0,2,2,1,2,1,1,0,0,0,2,1,,0,4,0
6604,0,2,2,1,2,1,1,0,0,0,2,2,,0,4,0
6605,0,2,2,1,2,1,1,0,0,0,2,3,,0,4,0
6606,0,2,2,1,2,1,1,0,0,1,1,1,,0,4,0
6607,0,2,2,1,2,1,1,0,0,1,1,2,,0,4,0
6608,0,2,2,1,2,1,1,0,0,1,1,3,,0,4,0
6609,0,2,2,1,2,1,1,0,0,1,2,1,,0,4,0
6610,0,2,2,1,2,1,1,0,0,1,2,2,,0,4,0
6611,0,2,2,1,2,1,1,0,0,1,2,3,,0,4,0
6612,0,2,2,1,2,1,1,0,0,2,1,1,,0,4,0
6613,0,2,2,1,2,1,1,0,0,2,1,2,,0,5,0
6614,0,2,2,1,2,1,1,0,0,2,1,3,2,1,5,1
6615,0,2,2,1,2,1,1,0,0,2,2,1,,0,4,0
6616,0,2,2,1,2,1,1,0,0,2,2,2,,0,5,0
6617,0,2,2,1,2,1,1,0,0,2,2,3,,0,5,0
6618,0,2,2,1,2,1,1,0,0,3,1,1,,0,4,0
6619,0,2,2,1,2,1,1,0,0,3,1,2,,0,5,0
6620,0,2,2,1,2,1,1,0,0,3,1,3,2,1,5,1
6621,0,2,2,1,2,1,1,0,0,3,2,1,,0,4,0
6622,0,2,2,1,2,1,1,0,0,3,2,2,,0,5,0
6623,0,2,2,1,2,1,1,0,0,3,2,3,,0,5,0
6624,0,2,2,1,2,1,1,0,0,4,1,1,,0,4,0
6625,0,2,2,1,2,1,1,0,0,4,1,2,,0,5,0
6626,0,2,2,1,2,1,1,0,0,4,1,3,2,1,5,1
6627,0,2,2,1,2,1,1,0,0,4,2,1,,0,4,0
6628,0,2,2,1,2,1,1,0,0,4,2,2,,0,5,0
6629,0,2,2,1,2,1,1,0,0,4,2,3,,0,5,0
6630,0,2,2,1,2,1,1,0,1,0,1,1,0,1,4,1
6631,0,2,2,1,2,1,1,0,1,0,1,2,0,1,4,1
6632,0,2,2,1,2,1,1,0,1,0,1,3,0,1,4,1
6633,0,2,2,1,2,1,1,0,1,0,2,1,0,1,4,1
6634,0,2,2,1,2,1,1,0,1,0,2,2,0,1,4,1
6635,0,2,2,1,2,1,1,0,1,0,2,3,0,1,4,1
6636,0,2,2,1,2,1,1,0,1,1,1,1,0,1,4,1
6637,0,2,2,1,2,1,1,0,1,1,1,2,0,1,4,1
6638,0,2,2,1,2,1,1,0,1,1,1,3,0,1,4,1
6639,0,2,2,1,2,1,1,0,1,1,2,1,0,1,4,1
6640,0,2,2,1,2,1,1,0,1,1,2,2,0,1,4,1
6641,0,2,2,1,2,1,1,0,1,1,2,3,0,1,4,1
6642,0,2,2,1,2,1,1,0,1,2,1,1,0,1,5,1
6643,0,2,2,1,2,1,1,0,1,2,1,2,0,1,5,1
6644,0,2,2,1,2,1,1,0,1,2,1,3,0,1,5,1
6645,0,2,2,1,2,1,1,0,1,2,2,1,0,1,5,1
6646,0,2,2,1,2,1,1,0,1,2,2,2,0,1,5,1
6647,0,2,2,1,2,1,1,0,1,2,2,3,0,1,5,1
6648,0,2,2,1,2,1,1,0,1,3,1,1,0,1,5,1
6649,0,2,2,1,2,1,1,0,1,3,1,2,0,1,5,1
6650,0,2,2,1,2,1,1,0,1,3,1,3,0,1,5,1
6651,0,2,2,1,2,1,1,0,1,3,2,1,0,1,5,1
6652,0,2,2,1,2,1,1,0,1,3,2,2,0,1,5,1
6653,0,2,2,1,2,1,1,0,1,3,2,3,0,1,5,1
6654,0,2,2,1,2,1,1,0,1,4,1,1,0,1,5,1
6655,0,2,2,1,2,1,1,0,1,4,1,2,0,1,5,1
6656,0,2,2,1,2,1,1,0,1,4,1,3,0,1,5,1
6657,0,2,2,1,2,1,1,0,1,4,2,1,0,1,5,1
6658,0,2,2,1,2,1,1,0,1,4,2,2,0,1,5,1
6659,0,2,2,1,2,1,1,0,1,4,2,3,0,1,5,1
6660,0,2,2,1,2,1,1,1,0,0,1,1,,0,4,0
6661,0,2,2,1,2,1,1,1,0,0,1,2,,0,4,0
6662,0,2,2,1,2,1,1,1,0,0,1,3,,0,4,0
6663,0,2,2,1,2,1,1,1,0,0,2,1,,0,4,0
6664,0,2,2,1,2,1,1,1,0,0,2,2,,0,4,0
6665,0,2,2,1,2,1,1,1,0,0,2,3,,0,4,0
6666,0,2,2,1,2,1,1,1,0,1,1,1,,0,4,0
6667,0,2,2,1,2,1,1,1,0,1,1,2,,0,4,0
6668,0,2,2,1,2,1,1,1,0,1,1,3,,0,4,0
6669,0,2,2,1,2,1,1,1,0,1,2,1,,0,4,0
6670,0,2,2,1,2,1,1,1,0,1,2,2,,0,4,0
6671,0,2,2,1,2,1,1,1,0,1,2,3,,0,4,0
6672,0,2,2,1,2,1,1,1,0,2,1,1,,0,5,0
6673,0,2,2,1,2,1,1,1,0,2,1,2,2,1,8,1
6674,0,2,2,1,2,1,1,1,0,2,1,3,2,1,8,1
6675,0,2,2,1,2,1,1,1,0,2,2,1,,0,5,0
6676,0,2,2,1,2,1,1,1,0,2,2,2,,0,6,0
6677,0,2,2,1,2,1,1,1,0,2,2,3,2,1,8,1
6678,0,2,2,1,2,1,1,1,0,3,1,1,,0,5,0
6679,0,2,2,1,2,1,1,1,0,3,1,2,2,1,8,1
6680,0,2,2,1,2,1,1,1,0,3,1,3,2,1,8,1
6681,0,2,2,1,2,1,1,1,0,3,2,1,,0,5,0
6682,0,2,2,1,2,1,1,1,0,3,2,2,,0,6,0
6683,0,2,2,1,2,1,1,1,0,3,2,3,2,1,8,1
6684,0,2,2,1,2,1,1,1,0,4,1,1,,0,5,0
6685,0,2,2,1,2,1,1,1,0,4,1,2,2,1,8,1
6686,0,2,2,1,2,1,1,1,0,4,1,3,2,1,8,1
6687,0,2,2,1,2,1,1,1,0,4,2,1,,0,5,0
6688,0,2,2,1,2,1,1,1,0,4,2,2,,0,6,0
6689,0,2,2,1,2,1,1,1,0,4,2,3,2,1,8,1
6690,0,2,2,1,2,1,1,1,1,0,1,1,0,1,4,1
6691,0,2,2,1,2,1,1,1,1,0,1,2,0,1,4,1
6692,0,2,2,1,2,1,1,1,1,0,1,3,0,1,4,1
6693,0,2,2,1,2,1,1,1,1,0,2,1,0,1,4,1
6694,0,2,2,1,2,1,1,1,1,0,2,2,0,1,4,1
6695,0,2,2,1,2,1,1,1,1,0,2,3,0,1,4,1
6696,0,2,2,1,2,1,1,1,1,1,1,1,0,1,4,1
6697,0,2,2,1,2,1,1,1,1,1,1,2,0,1,4,1
6698,0,2,2,1,2,1,1,1,1,1,1,3,0,1,4,1
6699,0,2,2,1,2,1,1,1,1,1,2,1,0,1,4,1
6700,0,2,2,1,2,1,1,1,1,1,2,2,0,1,4,1
6701,0,2,2,1,2,1,1,1,1,1,2,3,0,1,4,1
6702,0,2,2,1,2,1,1,1,1,2,1,1,0,1,8,1
6703,0,2,2,1,2,1,1,1,1,2,1,2,0,1,8,1
6704,0,2,2,1,2,1,1,1,1,2,1,3,0,1,8,1
6705,0,2,2,1,2,1,1,1,1,2,2,1,0,1,8,1
6706,0,2,2,1,2,1,1,1,1,2,2,2,0,1,8,1
6707,0,2,2,1,2,1,1,1,1,2,2,3,0,1,8,1
6708,0,2,2,1,2,1,1,1,1,3,1,1,0,1,8,1
6709,0,2,2,1,2,1,1,1,1,3,1,2,0,1,8,1
6710,0,2,2,1,2,1,1,1,1,3,1,3,0,1,8,1
6711,0,2,2,1,2,1,1,1,1,3,2,1,0,1,8,1
6712,0,2,2,1,2,1,1,1,1,3,2,2,0,1,8,1
6713,0,2,2,1,2,1,1,1,1,3,2,3,0,1,8,1
6714,0,2,2,1,2,1,1,1,1,4,1,1,0,1,8,1
6715,0,2,2,1,2,1,1,1,1,4,1,2,0,1,8,1
6716,0,2,2,1,2,1,1,1,1,4,1,3,0,1,8,1
6717,0,2,2,1,2,1,1,1,1,4,2,1,0,1,8,1
6718,0,2,2,1,2,1,1,1,1,4,2,2,0,1,8,1
6719,0,2,2,1,2,1,1,1,1,4,2,3,0,1,8,1
6720,0,2,2,2,1,0,0,0,0,0,1,1,,0,4,0
6721,0,2,2,2,1,0,0,0,0,0,1,2,,0,4,0
6722,0,2,2,2,1,0,0,0,0,0,1,3,,0,4,0
6723,0,2,2,2,1,0,0,0,0,0,2,1,,0,4,0
6724,0,2,2,2,1,0,0,0,0,0,2,2,,0,4,0
6725,0,2,2,2,1,0,0,0,0,0,2,3,,0,4,0
6726,0,2,2,2,1,0,0,0,0,1,1,1,,0,4,0
6727,0,2,2,2,1,0,0,0,0,1,1,2,,0,4,0
6728,0,2,2,2,1,0,0,0,0,1,1,3,,0,4,0
6729,0,2,2,2,1,0,0,0,0,1,2,1,,0,4,0
6730,0,2,2,2,1,0,0,0,0,1,2,2,,0,4,0
6731,0,2,2,2,1,0,0,0,0,1,2,3,,0,4,0
6732,0,2,2,2,1,0,0,0,0,2,1,1,2,1,4,1
6733,0,2,2,2,1,0,0,0,0,2,1,2,2,1,4,1
6734,0,2,2,2,1,0,0,0,0,2,1,3,2,1,4,1
6735,0,2,2,2,1,0,0,0,0,2,2,1,2,1,4,1
6736,0,2,2,2,1,0,0,0,0,2,2,2,2,1,4,1
6737,0,2,2,2,1,0,0,0,0,2,2,3,2,1,4,1
6738,0,2,2,2,1,0,0,0,0,3,1,1,2,1,4,1
6739,0,2,2,2,1,0,0,0,0,3,1,2,2,1,4,1
6740,0,2,2,2,1,0,0,0,0,3,1,3,2,1,4,1
6741,0,2,2,2,1,0,0,0,0,3,2,1,2,1,4,1
6742,0,2,2,2,1,0,0,0,0,3,2,2,2,1,4,1
6743,0,2,2,2,1,0,0,0,0,3,2,3,2,1,4,1
6744,0,2,2,2,1,0,0,0,0,4,1,1,2,1,4,1
6745,0,2,2,2,1,0,0,0,0,4,1,2,2,1,4,1
6746,0,2,2,2,1,0,0,0,0,4,1,3,2,1,4,1
6747,0,2,2,2,1,0,0,0,0,4,2,1,2,1,4,1
6748,0,2,2,2,1,0,0,0,0,4,2,2,2,1,4,1
6749,0,2,2,2,1,0,0,0,0,4,2,3,2,1,4,1
6750,0,2,2,2,1,0,0,0,1,0,1,1,0,1,4,1
6751,0,2,2,2,1,0,0,0,1,0,1,2,0,1,4,1
6752,0,2,2,2,1,0,0,0,1,0,1,3,0,1,4,1
6753,0,2,2,2,1,0,0,0,1,0,2,1,0,1,4,1
6754,0,2,2,2,1,0,0,0,1,0,2,2,0,1,4,1
6755,0,2,2,2,1,0,0,0,1,0,2,3,0,1,4,1
6756,0,2,2,2,1,0,0,0,1,1,1,1,0,1,4,1
6757,0,2,2,2,1,0,0,0,1,1,1,2,0,1,4,1
6758,0,2,2,2,1,0,0,0,1,1,1,3,0,1,4,1
6759,0,2,2,2,1,0,0,0,1,1,2,1,0,1,4,1
6760,0,2,2,2,1,0,0,0,1,1,2,2,0,1,4,1
6761,0,2,2,2,1,0,0,0,1,1,2,3,0,1,4,1
6762,0,2,2,2,1,0,0,0,1,2,1,1,0,1,4,1
6763,0,2,2,2,1,0,0,0,1,2,1,2,0,1,4,1
6764,0,2,2,2,1,0,0,0,1,2,1,3,0,1,4,1
6765,0,2,2,2,1,0,0,0,1,2,2,1,0,1,4,1
6766,0,2,2,2,1,0,0,0,1,2,2,2,0,1,4,1
6767,0,2,2,2,1,0,0,0,1,2,2,3,0,1,4,1
6768,0,2,2,2,1,0,0,0,1,3,1,1,0,1,4,1
6769,0,2,2,2,1,0,0,0,1,3,1,2,0,1,4,1
6770,0,2,2,2,1,0,0,0,1,3,1,3,0,1,4,1
6771,0,2,2,2,1,0,0,0,1,3,2,1,0,1,4,1
6772,0,2,2,2,1,0,0,0,1,3,2,2,0,1,4,1
6773,0,2,2,2,1,0,0,0,1,3,2,3,0,1,4,1
6774,0,2,2,2,1,0,0,0,1,4,1,1,0,1,4,1
6775,0,2,2,2,1,0,0,0,1,4,1,2,0,1,4,1
6776,0,2,2,2,1,0,0,0,1,4,1,3,0,1,4,1
6777,0,2,2,2,1,0,0,0,1,4,2,1,0,1,4,1
6778,0,2,2,2,1,0,0,0,1,4,2,2,0,1,4,1
6779,0,2,2,2,1,0,0,0,1,4,2,3,0,1,4,1
6780,0,2,2,2,1,0,0,1,0,0,1,1,,0,4,0
6781,0,2,2,2,1,0,0,1,0,0,1,2,,0,4,0
6782,0,2,2,2,1,0,0,1,0,0,1,3,,0,4,0
6783,0,2,2,2,1,0,0,1,0,0,2,1,,0,4,0
6784,0,2,2,2,1,0,0,1,0,0,2,2,,0,4,0
6785,0,2,2,2,1,0,0,1,0,0,2,3,,0,4,0
6786,0,2,2,2,1,0,0,1,0,1,1,1,,0,4,0
6787,0,2,2,2,1,0,0,1,0,1,1,2,,0,4,0
6788,0,2,2,2,1,0,0,1,0,1,1,3,,0,4,0
6789,0,2,2,2,1,0,0,1,0,1,2,1,,0,4,0
6790,0,2,2,2,1,0,0,1,0,1,2,2,,0,4,0
6791,0,2,2,2,1,0,0,1,0,1,2,3,,0,4,0
6792,0,2,2,2,1,0,0,1,0,2,1,1,2,1,4,1
6793,0,2,2,2,1,0,0,1,0,2,1,2,2,1,4,1
6794,0,2,2,2,1,0,0,1,0,2,1,3,2,1,4,1
6795,0,2,2,2,1,0,0,1,0,2,2,1,2,1,4,1
6796,0,2,2,2,1,0,0,1,0,2,2,2,2,1,4,1
6797,0,2,2,2,1,0,0,1,0,2,2,3,2,1,4,1
6798,0,2,2,2,1,0,0,1,0,3,1,1,2,1,4,1
6799,0,2,2,2,1,0,0,1,0,3,1,2,2,1,4,1
6800,0,2,2,2,1,0,0,1,0,3,1,3,2,1,4,1
6801,0,2,2,2,1,0,0,1,0,3,2,1,2,1,4,1
6802,0,2,2,2,1,0,0,1,0,3,2,2,2,1,4,1
6803,0,2,2,2,1,0,0,1,0,3,2,3,2,1,4,1
6804,0,2,2,2,1,0,0,1,0,4,1,1,2,1,4,1
6805,0,2,2,2,1,0,0,1,0,4,1,2,2,1,4,1
6806,0,2,2,2,1,0,0,1,0,4,1,3,2,1,4,1
6807,0,2,2,2,1,0,0,1,0,4,2,1,2,1,4,1
6808,0,2,2,2,1,0,0,1,0,4,2,2,2,1,4,1
6809,0,2,2,2,1,0,0,1,0,4,2,3,2,1,4,1
6810,0,2,2,2,1,0,0,1,1,0,1,1,0,1,4,1
6811,0,2,2,2,1,0,0,1,1,0,1,2,0,1,4,1
6812,0,2,2,2,1,0,0,1,1,0,1,3,0,1,4,1
6813,0,2,2,2,1,0,0,1,1,0,2,1,0,1,4,1
6814,0,2,2,2,1,0,0,1,1,0,2,2,0,1,4,1
6815,0,2,2,2,1,0,0,1,1,0,2,3,0,1,4,1
6816,0,2,2,2,1,0,0,1,1,1,1,1,0,1,4,1
6817,0,2,2,2,1,0,0,1,1,1,1,2,0,1,4,1
6818,0,2,2,2,1,0,0,1,1,1,1,3,0,1,4,1
6819,0,2,2,2,1,0,0,1,1,1,2,1,0,1,4,1
6820,0,2,2,2,1,0,0,1,1,1,2,2,0,1,4,1
6821,0,2,2,2,1,0,0,1,1,1,2,3,0,1,4,1
6822,0,2,2,2,1,0,0,1,1,2,1,1,0,1,4,1
6823,0,2,2,2,1,0,0,1,1,2,1,2,0,1,4,1
6824,0,2,2,2,1,0,0,1,1,2,1,3,0,1,4,1
6825,0,2,2,2,1,0,0,1,1,2,2,1,0,1,4,1
6826,0,2,2,2,1,0,0,1,1,2,2,2,0,1,4,1
6827,0,2,2,2,1,0,0,1,1,2,2,3,0,1,4,1
6828,0,2,2,2,1,0,0,1,1,3,1,1,0,1,4,1
6829,0,2,2,2,1,0,0,1,1,3,1,2,0,1,4,1
6830,0,2,2,2,1,0,0,1,1,3,1,3,0,1,4,1
6831,0,2,2,2,1,0,0,1,1,3,2,1,0,1,4,1
6832,0,2,2,2,1,0,0,1,1,3,2,2,0,1,4,1
6833,0,2,2,2,1,0,0,1,1,3,2,3,0,1,4,1
6834,0,2,2,2,1,0,0,1,1,4,1,1,0,1,4,1
6835,0,2,2,2,1,0,0,1,1,4,1,2,0,1,4,1
6836,0,2,2,2,1,0,0,1,1,4,1,3,0,1,4,1
6837,0,2,2,2,1,0,0,1,1,4,2,1,0,1,4,1
6838,0,2,2,2,1,0,0,1,1,4,2,2,0,1,4,1
6839,0,2,2,2,1,0,0,1,1,4,2,3,0,1,4,1
6840,0,2,2,2,1,0,1,0,0,0,1,1,,0,4,0
6841,0,2,2,2,1,0,1,0,0,0,1,2,,0,4,0
6842,0,2,2,2,1,0,1,0,0,0,1,3,,0,4,0
6843,0,2,2,2,1,0,1,0,0,0,2,1,,0,4,0
6844,0,2,2,2,1,0,1,0,0,0,2,2,,0,4,0
6845,0,2,2,2,1,0,1,0,0,0,2,3,,0,4,0
6846,0,2,2,2,1,0,1,0,0,1,1,1,,0,4,0
6847,0,2,2,2,1,0,1,0,0,1,1,2,,0,4,0
6848,0,2,2,2,1,0,1,0,0,1,1,3,,0,4,0
6849,0,2,2,2,1,0,1,0,0,1,2,1,,0,4,0
6850,0,2,2,2,1,0,1,0,0,1,2,2,,0,4,0
6851,0,2,2,2,1,0,1,0,0,1,2,3,,0,4,0
6852,0,2,2,2,1,0,1,0,0,2,1,1,,0,5,0
6853,0,2,2,2,1,0,1,0,0,2,1,2,2,1,5,1
6854,0,2,2,2,1,0,1,0,0,2,1,3,2,1,5,1
6855,0,2,2,2,1,0,1,0,0,2,2,1,,0,5,0
6856,0,2,2,2,1,0,1,0,0,2,2,2,,0,5,0
6857,0,2,2,2,1,0,1,0,0,2,2,3,2,1,5,1
6858,0,2,2,2,1,0,1,0,0,3,1,1,,0,5,0
6859,0,2,2,2,1,0,1,0,0,3,1,2,2,1,5,1
6860,0,2,2,2,1,0,1,0,0,3,1,3,2,1,5,1
6861,0,2,2,2,1,0,1,0,0,3,2,1,,0,5,0
6862,0,2,2,2,1,0,1,0,0,3,2,2,,0,5,0
6863,0,2,2,2,1,0,1,0,0,3,2,3,2,1,5,1
6864,0,2,2,2,1,0,1,0,0,4,1,1,,0,5,0
6865,0,2,2,2,1,0,1,0,0,4,1,2,2,1,5,1
6866,0,2,2,2,1,0,1,0,0,4,1,3,2,1,5,1
6867,0,2,2,2,1,0,1,0,0,4,2,1,,0,5,0
6868,0,2,2,2,1,0,1,0,0,4,2,2,,0,5,0
6869,0,2,2,2,1,0,1,0,0,4,2,3,2,1,5,1
6870,0,2,2,2,1,0,1,0,1,0,1,1,0,1,4,1
6871,0,2,2,2,1,0,1,0,1,0,1,2,0,1,4,1
6872,0,2,2,2,1,0,1,0,1,0,1,3,0,1,4,1
6873,0,2,2,2,1,0,1,0,1,0,2,1,0,1,4,1
6874,0,2,2,2,1,0,1,0,1,0,2,2,0,1,4,1
6875,0,2,2,2,1,0,1,0,1,0,2,3,0,1,4,1
6876,0,2,2,2,1,0,1,0,1,1,1,1,0,1,4,1
6877,0,2,2,2,1,0,1,0,1,1,1,2,0,1,4,1
6878,0,2,2,2,1,0,1,0,1,1,1,3,0,1,4,1
6879,0,2,2,2,1,0,1,0,1,1,2,1,0,1,4,1
6880,0,2,2,2,1,0,1,0,1,1,2,2,0,1,4,1
6881,0,2,2,2,1,0,1,0,1,1,2,3,0,1,4,1
6882,0,2,2,2,1,0,1,0,1,2,1,1,0,1,5,1
6883,0,2,2,2,1,0,1,0,1,2,1,2,0,1,5,1
6884,0,2,2,2,1,0,1,0,1,2,1,3,0,1,5,1
6885,0,2,2,2,1,0,1,0,1,2,2,1,0,1,5,1
6886,0,2,2,2,1,0,1,0,1,2,2,2,0,1,5,1
6887,0,2,2,2,1,0,1,0,1,2,2,3,0,1,5,1
6888,0,2,2,2,1,0,1,0,1,3,1,1,0,1,5,1
6889,0,2,2,2,1,0,1,0,1,3,1,2,0,1,5,1
6890,0,2,2,2,1,0,1,0,1,3,1,3,0,1,5,1
6891,0,2,2,2,1,0,1,0,1,3,2,1,0,1,5,1
6892,0,2,2,2,1,0,1,0,1,3,2,2,0,1,5,1
6893,0,2,2,2,1,0,1,0,1,3,2,3,0,1,5,1
6894,0,2,2,2,1,0,1,0,1,4,1,1,0,1,5,1
6895,0,2,2,2,1,0,1,0,1,4,1,2,0,1,5,1
6896,0,2,2,2,1,0,1,0,1,4,1,3,0,1,5,1
6897,0,2,2,2,1,0,1,0,1,4,2,1,0,1,5,1
6898,0,2,2,2,1,0,1,0,1,4,2,2,0,1,5,1
6899,0,2,2,2,1,0,1,0,1,4,2,3,0,1,5,1
6900,0,2,2,2,1,0,1,1,0,0,1,1,,0,4,0
6901,0,2,2,2,1,0,1,1,0,0,1,2,,0,4,0
6902,0,2,2,2,1,0,1,1,0,0,1,3,,0,4,0
6903,0,2,2,2,1,0,1,1,0,0,2,1,,0,4,0
6904,0,2,2,2,1,0,1,1,0,0,2,2,,0,4,0
6905,0,2,2,2,1,0,1,1,0,0,2,3,,0,4,0
6906,0,2,2,2,1,0,1,1,0,1,1,1,,0,4,0
6907,0,2,2,2,1,0,1,1,0,1,1,2,,0,4,0
6908,0,2,2,2,1,0,1,1,0,1,1,3,,0,4,0
6909,0,2,2,2,1,0,1,1,0,1,2,1,,0,4,0
6910,0,2,2,2,1,0,1,1,0,1,2,2,,0,4,0
6911,0,2,2,2,1,0,1,1,0,1,2,3,,0,4,0
6912,0,2,2,2,1,0,1,1,0,2,1,1,,0,5,0
6913,0,2,2,2,1,0,1,1,0,2,1,2,2,1,6,1
6914,0,2,2,2,1,0,1,1,0,2,1,3,2,1,6,1
6915,0,2,2,2,1,0,1,1,0,2,2,1,,0,5,0
6916,0,2,2,2,1,0,1,1,0,2,2,2,,0,6,0
6917,0,2,2,2,1,0,1,1,0,2,2,3,2,1,6,1
6918,0,2,2,2,1,0,1,1,0,3,1,1,,0,5,0
6919,0,2,2,2,1,0,1,1,0,3,1,2,2,1,6,1
6920,0,2,2,2,1,0,1,1,0,3,1,3,2,1,6,1
6921,0,2,2,2,1,0,1,1,0,3,2,1,,0,5,0
6922,0,2,2,2,1,0,1,1,0,3,2,2,,0,6,0
6923,0,2,2,2,1,0,1,1,0,3,2,3,2,1,6,1
6924,0,2,2,2,1,0,1,1,0,4,1,1,,0,5,0
6925,0,2,2,2,1,0,1,1,0,4,1,2,2,1,6,1
6926,0,2,2,2,1,0,1,1,0,4,1,3,2,1,6,1
6927,0,2,2,2,1,0,1,1,0,4,2,1,,0,5,0
6928,0,2,2,2,1,0,1,1,0,4,2,2,,0,6,0
6929,0,2,2,2,1,0,1,1,0,4,2,3,2,1,6,1
6930,0,2,2,2,1,0,1,1,1,0,1,1,0,1,4,1
6931,0,2,2,2,1,0,1,1,1,0,1,2,0,1,4,1
6932,0,2,2,2,1,0,1,1,1,0,1,3,0,1,4,1
6933,0,2,2,2,1,0,1,1,1,0,2,1,0,1,4,1
6934,0,2,2,2,1,0,1,1,1,0,2,2,0,1,4,1
6935,0,2,2,2,1,0,1,1,1,0,2,3,0,1,4,1
6936,0,2,2,2,1,0,1,1,1,1,1,1,0,1,4,1
6937,0,2,2,2,1,0,1,1,1,1,1,2,0,1,4,1
6938,0,2,2,2,1,0,1,1,1,1,1,3,0,1,4,1
6939,0,2,2,2,1,0,1,1,1,1,2,1,0,1,4,1
6940,0,2,2,2,1,0,1,1,1,1,2,2,0,1,4,1
6941,0,2,2,2,1,0,1,1,1,1,2,3,0,1,4,1
6942,0,2,2,2,1,0,1,1,1,2,1,1,0,1,6,1
6943,0,2,2,2,1,0,1,1,1,2,1,2,0,1,6,1
6944,0,2,2,2,1,0,1,1,1,2,1,3,0,1,6,1
6945,0,2,2,2,1,0,1,1,1,2,2,1,0,1,6,1
6946,0,2,2,2,1,0,1,1,1,2,2,2,0,1,6,1
6947,0,2,2,2,1,0,1,1,1,2,2,3,0,1,6,1
6948,0,2,2,2,1,0,1,1,1,3,1,1,0,1,6,1
6949,0,2,2,2,1,0,1,1,1,3,1,2,0,1,6,1
6950,0,2,2,2,1,0,1,1,1,3,1,3,0,1,6,1
6951,0,2,2,2,1,0,1,1,1,3,2,1,0,1,6,1
6952,0,2,2,2,1,0,1,1,1,3,2,2,0,1,6,1
6953,0,2,2,2,1,0,1,1,1,3,2,3,0,1,6,1
6954,0,2,2,2,1,0,1,1,1,4,1,1,0,1,6,1
6955,0,2,2,2,1,0,1,1,1,4,1,2,0,1,6,1
6956,0,2,2,2,1,0,1,1,1,4,1,3,0,1,6,1
6957,0,2,2,2,1,0,1,1,1,4,2,1,0,1,6,1
6958,0,2,2,2,1,0,1,1,1,4,2,2,0,1,6,1
6959,0,2,2,2,1,0,1,1,1,4,2,3,0,1,6,1
6960,0,2,2,2,1,1,0,0,0,0,1,1,,0,4,0
6961,0,2,2,2,1,1,0,0,0,0,1,2,,0,4,0
6962,0,2,2,2,1,1,0,0,0,0,1,3,,0,4,0
6963,0,2,2,2,1,1,0,0,0,0,2,1,,0,4,0
6964,0,2,2,2,1,1,0,0,0,0,2,2,,0,4,0
6965,0,2,2,2,1,1,0,0,0,0,2,3,,0,4,0
6966,0,2,2,2,1,1,0,0,0,1,1,1,,0,4,0
6967,0,2,2,2,1,1,0,0,0,1,1,2,,0,4,0
6968,0,2,2,2,1,1,0,0,0,1,1,3,,0,4,0
6969,0,2,2,2,1,1,0,0,0,1,2,1,,0,4,0
6970,0,2,2,2,1,1,0,0,0,1,2,2,,0,4,0
6971,0,2,2,2,1,1,0,0,0,1,2,3,,0,4,0
6972,0,2,2,2,1,1,0,0,0,2,1,1,2,1,4,1
6973,0,2,2,2,1,1,0,0,0,2,1,2,2,1,4,1
6974,0,2,2,2,1,1,0,0,0,2,1,3,2,1,4,1
6975,0,2,2,2,1,1,0,0,0,2,2,1,2,1,4,1
6976,0,2,2,2,1,1,0,0,0,2,2,2,2,1,4,1
6977,0,2,2,2,1,1,0,0,0,2,2,3,2,1,4,1
6978,0,2,2,2,1,1,0,0,0,3,1,1,2,1,4,1
6979,0,2,2,2,1,1,0,0,0,3,1,2,2,1,4,1
6980,0,2,2,2,1,1,0,0,0,3,1,3,2,1,4,1
6981,0,2,2,2,1,1,0,0,0,3,2,1,2,1,4,1
6982,0,2,2,2,1,1,0,0,0,3,2,2,2,1,4,1
6983,0,2,2,2,1,1,0,0,0,3,2,3,2,1,4,1
6984,0,2,2,2,1,1,0,0,0,4,1,1,2,1,4,1
6985,0,2,2,2,1,1,0,0,0,4,1,2,2,1,4,1
6986,0,2,2,2,1,1,0,0,0,4,1,3,2,1,4,1
6987,0,2,2,2,1,1,0,0,0,4,2,1,2,1,4,1
6988,0,2,2,2,1,1,0,0,0,4,2,2,2,1,4,1
6989,0,2,2,2,1,1,0,0,0,4,2,3,2,1,4,1
6990,0,2,2,2,1,1,0,0,1,0,1,1,0,1,4,1
6991,0,2,2,2,1,1,0,0,1,0,1,2,0,1,4,1
6992,0,2,2,2,1,1,0,0,1,0,1,3,0,1,4,1
6993,0,2,2,2,1,1,0,0,1,0,2,1,0,1,4,1
6994,0,2,2,2,1,1,0,0,1,0,2,2,0,1,4,1
6995,0,2,2,2,1,1,0,0,1,0,2,3,0,1,4,1
6996,0,2,2,2,1,1,0,0,1,1,1,1,0,1,4,1
6997,0,2,2,2,1,1,0,0,1,1,1,2,0,1,4,1
6998,0,2,2,2,1,1,0,0,1,1,1,3,0,1,4,1
6999,0,2,2,2,1,1,0,0,1,1,2,1,0,1,4,1
7000,0,2,2,2,1,1,0,0,1,1,2,2,0,1,4,1
7001,0,2,2,2,1,1,0,0,1,1,2,3,0,1,4,1
7002,0,2,2,2,1,1,0,0,1,2,1,1,0,1,4,1
7003,0,2,2,2,1,1,0,0,1,2,1,2,0,1,4,1
7004,0,2,2,2,1,1,0,0,1,2,1,3,0,1,4,1
7005,0,2,2,2,1,1,0,0,1,2,2,1,0,1,4,1
7006,0,2,2,2,1,1,0,0,1,2,2,2,0,1,4,1
7007,0,2,2,2,1,1,0,0,1,2,2,3,0,1,4,1
7008,0,2,2,2,1,1,0,0,1,3,1,1,0,1,4,1
7009,0,2,2,2,1,1,0,0,1,3,1,2,0,1,4,1
7010,0,2,2,2,1,1,0,0,1,3,1,3,0,1,4,1
7011,0,2,2,2,1,1,0,0,1,3,2,1,0,1,4,1
7012,0,2,2,2,1,1,0,0,1,3,2,2,0,1,4,1
7013,0,2,2,2,1,1,0,0,1,3,2,3,0,1,4,1
7014,0,2,2,2,1,1,0,0,1,4,1,1,0,1,4,1
7015,0,2,2,2,1,1,0,0,1,4,1,2,0,1,4,1
7016,0,2,2,2,1,1,0,0,1,4,1,3,0,1,4,1
7017,0,2,2,2,1,1,0,0,1,4,2,1,0,1,4,1
7018,0,2,2,2,1,1,0,0,1,4,2,2,0,1,4,1
7019,0,2,2,2,1,1,0,0,1,4,2,3,0,1,4,1
7020,0,2,2,2,1,1,0,1,0,0,1,1,,0,4,0
7021,0,2,2,2,1,1,0,1,0,0,1,2,,0,4,0
7022,0,2,2,2,1,1,0,1,0,0,1,3,,0,4,0
7023,0,2,2,2,1,1,0,1,0,0,2,1,,0,4,0
7024,0,2,2,2,1,1,0,1,0,0,2,2,,0,4,0
7025,0,2,2,2,1,1,0,1,0,0,2,3,,0,4,0
7026,0,2,2,2,1,1,0,1,0,1,1,1,,0,4,0
7027,0,2,2,2,1,1,0,1,0,1,1,2,,0,4,0
7028,0,2,2,2,1,1,0,1,0,1,1,3,,0,4,0
7029,0,2,2,2,1,1,0,1,0,1,2,1,,0,4,0
7030,0,2,2,2,1,1,0,1,0,1,2,2,,0,4,0
7031,0,2,2,2,1,1,0,1,0,1,2,3,,0,4,0
7032,0,2,2,2,1,1,0,1,0,2,1,1,2,1,4,1
7033,0,2,2,2,1,1,0,1,0,2,1,2,2,1,5,1
7034,0,2,2,2,1,1,0,1,0,2,1,3,2,1,5,1
7035,0,2,2,2,1,1,0,1,0,2,2,1,2,1,4,1
7036,0,2,2,2,1,1,0,1,0,2,2,2,2,1,5,1
7037,0,2,2,2,1,1,0,1,0,2,2,3,2,1,5,1
7038,0,2,2,2,1,1,0,1,0,3,1,1,2,1,4,1
7039,0,2,2,2,1,1,0,1,0,3,1,2,2,1,5,1
7040,0,2,2,2,1,1,0,1,0,3,1,3,2,1,5,1
7041,0,2,2,2,1,1,0,1,0,3,2,1,2,1,4,1
7042,0,2,2,2,1,1,0,1,0,3,2,2,2,1,5,1
7043,0,2,2,2,1,1,0,1,0,3,2,3,2,1,5,1
7044,0,2,2,2,1,1,0,1,0,4,1,1,2,1,4,1
7045,0,2,2,2,1,1,0,1,0,4,1,2,2,1,5,1
7046,0,2,2,2,1,1,0,1,0,4,1,3,2,1,5,1
7047,0,2,2,2,1,1,0,1,0,4,2,1,2,1,4,1
7048,0,2,2,2,1,1,0,1,0,4,2,2,2,1,5,1
7049,0,2,2,2,1,1,0,1,0,4,2,3,2,1,5,1
7050,0,2,2,2,1,1,0,1,1,0,1,1,0,1,4,1
7051,0,2,2,2,1,1,0,1,1,0,1,2,0,1,4,1
7052,0,2,2,2,1,1,0,1,1,0,1,3,0,1,4,1
7053,0,2,2,2,1,1,0,1,1,0,2,1,0,1,4,1
7054,0,2,2,2,1,1,0,1,1,0,2,2,0,1,4,1
7055,0,2,2,2,1,1,0,1,1,0,2,3,0,1,4,1
7056,0,2,2,2,1,1,0,1,1,1,1,1,0,1,4,1
7057,0,2,2,2,1,1,0,1,1,1,1,2,0,1,4,1
7058,0,2,2,2,1,1,0,1,1,1,1,3,0,1,4,1
7059,0,2,2,2,1,1,0,1,1,1,2,1,0,1,4,1
7060,0,2,2,2,1,1,0,1,1,1,2,2,0,1,4,1
7061,0,2,2,2,1,1,0,1,1,1,2,3,0,1,4,1
7062,0,2,2,2,1,1,0,1,1,2,1,1,0,1,5,1
7063,0,2,2,2,1,1,0,1,1,2,1,2,0,1,5,1
7064,0,2,2,2,1,1,0,1,1,2,1,3,0,1,5,1
7065,0,2,2,2,1,1,0,1,1,2,2,1,0,1,5,1
7066,0,2,2,2,1,1,0,1,1,2,2,2,0,1,5,1
7067,0,2,2,2,1,1,0,1,1,2,2,3,0,1,5,1
7068,0,2,2,2,1,1,0,1,1,3,1,1,0,1,5,1
7069,0,2,2,2,1,1,0,1,1,3,1,2,0,1,5,1
7070,0,2,2,2,1,1,0,1,1,3,1,3,0,1,5,1
7071,0,2,2,2,1,1,0,1,1,3,2,1,0,1,5,1
7072,0,2,2,2,1,1,0,1,1,3,2,2,0,1,5,1
7073,0,2,2,2,1,1,0,1,1,3,2,3,0,1,5,1
7074,0,2,2,2,1,1,0,1,1,4,1,1,0,1,5,1
7075,0,2,2,2,1,1,0,1,1,4,1,2,0,1,5,1
7076,0,2,2,2,1,1,0,1,1,4,1,3,0,1,5,1
7077,0,2,2,2,1,1,0,1,1,4,2,1,0,1,5,1
7078,0,2,2,2,1,1,0,1,1,4,2,2,0,1,5,1
7079,0,2,2,2,1,1,0,1,1,4,2,3,0,1,5,1
7080,0,2,2,2,1,1,1,0,0,0,1,1,,0,4,0
7081,0,2,2,2,1,1,1,0,0,0,1,2,,0,4,0
7082,0,2,2,2,1,1,1,0,0,0,1,3,,0,4,0
7083,0,2,2,2,1,1,1,0,0,0,2,1,,0,4,0
7084,0,2,2,2,1,1,1,0,0,0,2,2,,0,4,0
7085,0,2,2,2,1,1,1,0,0,0,2,3,,0,4,0
7086,0,2,2,2,1,1,1,0,0,1,1,1,,0,4,0
7087,0,2,2,2,1,1,1,0,0,1,1,2,,0,4,0
7088,0,2,2,2,1,1,1,0,0,1,1,3,,0,4,0
7089,0,2,2,2,1,1,1,0,0,1,2,1,,0,4,0
7090,0,2,2,2,1,1,1,0,0,1,2,2,,0,4,0
7091,0,2,2,2,1,1,1,0,0,1,2,3,,0,4,0
7092,0,2,2,2,1,1,1,0,0,2,1,1,,0,5,0
7093,0,2,2,2,1,1,1,0,0,2,1,2,2,1,5,1
7094,0,2,2,2,1,1,1,0,0,2,1,3,2,1,5,1
7095,0,2,2,2,1,1,1,0,0,2,2,1,,0,5,0
7096,0,2,2,2,1,1,1,0,0,2,2,2,,0,5,0
7097,0,2,2,2,1,1,1,0,0,2,2,3,2,1,5,1
7098,0,2,2,2,1,1,1,0,0,3,1,1,,0,5,0
7099,0,2,2,2,1,1,1,0,0,3,1,2,2,1,5,1
7100,0,2,2,2,1,1,1,0,0,3,1,3,2,1,5,1
7101,0,2,2,2,1,1,1,0,0,3,2,1,,0,5,0
7102,0,2,2,2,1,1,1,0,0,3,2,2,,0,5,0
7103,0,2,2,2,1,1,1,0,0,3,2,3,2,1,5,1
7104,0,2,2,2,1,1,1,0,0,4,1,1,,0,5,0
7105,0,2,2,2,1,1,1,0,0,4,1,2,2,1,5,1
7106,0,2,2,2,1,1,1,0,0,4,1,3,2,1,5,1
7107,0,2,2,2,1,1,1,0,0,4,2,1,,0,5,0
7108,0,2,2,2,1,1,1,0,0,4,2,2,,0,5,0
7109,0,2,2,2,1,1,1,0,0,4,2,3,2,1,5,1
7110,0,2,2,2,1,1,1,0,1,0,1,1,0,1,4,1
7111,0,2,2,2,1,1,1,0,1,0,1,2,0,1,4,1
7112,0,2,2,2,1,1,1,0,1,0,1,3,0,1,4,1
7113,0,2,2,2,1,1,1,0,1,0,2,1,0,1,4,1
7114,0,2,2,2,1,1,1,0,1,0,2,2,0,1,4,1
7115,0,2,2,2,1,1,1,0,1,0,2,3,0,1,4,1
7116,0,2,2,2,1,1,1,0,1,1,1,1,0,1,4,1
7117,0,2,2,2,1,1,1,0,1,1,1,2,0,1,4,1
7118,0,2,2,2,1,1,1,0,1,1,1,3,0,1,4,1
7119,0,2,2,2,1,1,1,0,1,1,2,1,0,1,4,1
7120,0,2,2,2,1,1,1,0,1,1,2,2,0,1,4,1
7121,0,2,2,2,1,1,1,0,1,1,2,3,0,1,4,1
7122,0,2,2,2,1,1,1,0,1,2,1,1,0,1,5,1
7123,0,2,2,2,1,1,1,0,1,2,1,2,0,1,5,1
7124,0,2,2,2,1,1,1,0,1,2,1,3,0,1,5,1
7125,0,2,2,2,1,1,1,0,1,2,2,1,0,1,5,1
7126,0,2,2,2,1,1,1,0,1,2,2,2,0,1,5,1
7127,0,2,2,2,1,1,1,0,1,2,2,3,0,1,5,1
7128,0,2,2,2,1,1,1,0,1,3,1,1,0,1,5,1
7129,0,2,2,2,1,1,1,0,1,3,1,2,0,1,5,1
7130,0,2,2,2,1,1,1,0,1,3,1,3,0,1,5,1
7131,0,2,2,2,1,1,1,0,1,3,2,1,0,1,5,1
7132,0,2,2,2,1,1,1,0,1,3,2,2,0,1,5,1
7133,0,2,2,2,1,1,1,0,1,3,2,3,0,1,5,1
7134,0,2,2,2,1,1,1,0,1,4,1,1,0,1,5,1
7135,0,2,2,2,1,1,1,0,1,4,1,2,0,1,5,1
7136,0,2,2,2,1,1,1,0,1,4,1,3,0,1,5,1
7137,0,2,2,2,1,1,1,0,1,4,2,1,0,1,5,1
7138,0,2,2,2,1,1,1,0,1,4,2,2,0,1,5,1
7139,0,2,2,2,1,1,1,0,1,4,2,3,0,1,5,1
7140,0,2,2,2,1,1,1,1,0,0,1,1,,0,4,0
7141,0,2,2,2,1,1,1,1,0,0,1,2,,0,4,0
7142,0,2,2,2,1,1,1,1,0,0,1,3,,0,4,0
7143,0,2,2,2,1,1,1,1,0,0,2,1,,0,4,0
7144,0,2,2,2,1,1,1,1,0,0,2,2,,0,4,0
7145,0,2,2,2,1,1,1,1,0,0,2,3,,0,4,0
7146,0,2,2,2,1,1,1,1,0,1,1,1,,0,4,0
7147,0,2,2,2,1,1,1,1,0,1,1,2,,0,4,0
7148,0,2,2,2,1,1,1,1,0,1,1,3,,0,4,0
7149,0,2,2,2,1,1,1,1,0,1,2,1,,0,4,0
7150,0,2,2,2,1,1,1,1,0,1,2,2,,0,4,0
7151,0,2,2,2,1,1,1,1,0,1,2,3,,0,4,0
7152,0,2,2,2,1,1,1,1,0,2,1,1,,0,5,0
7153,0,2,2,2,1,1,1,1,0,2,1,2,2,1,6,1
7154,0,2,2,2,1,1,1,1,0,2,1,3,2,1,8,1
7155,0,2,2,2,1,1,1,1,0,2,2,1,,0,5,0
7156,0,2,2,2,1,1,1,1,0,2,2,2,,0,6,0
7157,0,2,2,2,1,1,1,1,0,2,2,3,2,1,6,1
7158,0,2,2,2,1,1,1,1,0,3,1,1,,0,5,0
7159,0,2,2,2,1,1,1,1,0,3,1,2,2,1,6,1
7160,0,2,2,2,1,1,1,1,0,3,1,3,2,1,8,1
7161,0,2,2,2,1,1,1,1,0,3,2,1,,0,5,0
7162,0,2,2,2,1,1,1,1,0,3,2,2,,0,6,0
7163,0,2,2,2,1,1,1,1,0,3,2,3,2,1,6,1
7164,0,2,2,2,1,1,1,1,0,4,1,1,,0,5,0
7165,0,2,2,2,1,1,1,1,0,4,1,2,2,1,6,1
7166,0,2,2,2,1,1,1,1,0,4,1,3,2,1,8,1
7167,0,2,2,2,1,1,1,1,0,4,2,1,,0,5,0
7168,0,2,2,2,1,1,1,1,0,4,2,2,,0,6,0
7169,0,2,2,2,1,1,1,1,0,4,2,3,2,1,6,1
7170,0,2,2,2,1,1,1,1,1,0,1,1,0,1,4,1
7171,0,2,2,2,1,1,1,1,1,0,1,2,0,1,4,1
7172,0,2,2,2,1,1,1,1,1,0,1,3,0,1,4,1
7173,0,2,2,2,1,1,1,1,1,0,2,1,0,1,4,1
7174,0,2,2,2,1,1,1,1,1,0,2,2,0,1,4,1
7175,0,2,2,2,1,1,1,1,1,0,2,3,0,1,4,1
7176,0,2,2,2,1,1,1,1,1,1,1,1,0,1,4,1
7177,0,2,2,2,1,1,1,1,1,1,1,2,0,1,4,1
7178,0,2,2,2,1,1,1,1,1,1,1,3,0,1,4,1
7179,0,2,2,2,1,1,1,1,1,1,2,1,0,1,4,1
7180,0,2,2,2,1,1,1,1,1,1,2,2,0,1,4,1
7181,0,2,2,2,1,1,1,1,1,1,2,3,0,1,4,1
7182,0,2,2,2,1,1,1,1,1,2,1,1,0,1,8,1
7183,0,2,2,2,1,1,1,1,1,2,1,2,0,1,8,1
7184,0,2,2,2,1,1,1,1,1,2,1,3,0,1,8,1
7185,0,2,2,2,1,1,1,1,1,2,2,1,0,1,8,1
7186,0,2,2,2,1,1,1,1,1,2,2,2,0,1,8,1
7187,0,2,2,2,1,1,1,1,1,2,2,3,0,1,8,1
7188,0,2,2,2,1,1,1,1,1,3,1,1,0,1,8,1
7189,0,2,2,2,1,1,1,1,1,3,1,2,0,1,8,1
7190,0,2,2,2,1,1,1,1,1,3,1,3,0,1,8,1
7191,0,2,2,2,1,1,1,1,1,3,2,1,0,1,8,1
7192,0,2,2,2,1,1,1,1,1,3,2,2,0,1,8,1
7193,0,2,2,2,1,1,1,1,1,3,2,3,0,1,8,1
7194,0,2,2,2,1,1,1,1,1,4,1,1,0,1,8,1
7195,0,2,2,2,1,1,1,1,1,4,1,2,0,1,8,1
7196,0,2,2,2,1,1,1,1,1,4,1,3,0,1,8,1
7197,0,2,2,2,1,1,1,1,1,4,2,1,0,1,8,1
7198,0,2,2,2,1,1,1,1,1,4,2,2,0,1,8,1
7199,0,2,2,2,1,1,1,1,1,4,2,3,0,1,8,1
7200,0,2,2,2,2,0,0,0,0,0,1,1,,0,4,0
7201,0,2,2,2,2,0,0,0,0,0,1,2,,0,4,0
7202,0,2,2,2,2,0,0,0,0,0,1,3,,0,4,0
7203,0,2,2,2,2,0,0,0,0,0,2,1,,0,4,0
7204,0,2,2,2,2,0,0,0,0,0,2,2,,0,4,0
7205,0,2,2,2,2,0,0,0,0,0,2,3,,0,4,0
7206,0,2,2,2,2,0,0,0,0,1,1,1,,0,4,0
7207,0,2,2,2,2,0,0,0,0,1,1,2,,0,4,0
7208,0,2,2,2,2,0,0,0,0,1,1,3,,0,4,0
7209,0,2,2,2,2,0,0,0,0,1,2,1,,0,4,0
7210,0,2,2,2,2,0,0,0,0,1,2,2,,0,4,0
7211,0,2,2,2,2,0,0,0,0,1,2,3,,0,4,0
7212,0,2,2,2,2,0,0,0,0,2,1,1,,0,4,0
7213,0,2,2,2,2,0,0,0,0,2,1,2,2,1,4,1
7214,0,2,2,2,2,0,0,0,0,2,1,3,2,1,4,1
7215,0,2,2,2,2,0,0,0,0,2,2,1,,0,4,0
7216,0,2,2,2,2,0,0,0,0,2,2,2,2,1,4,1
7217,0,2,2,2,2,0,0,0,0,2,2,3,2,1,4,1
7218,0,2,2,2,2,0,0,0,0,3,1,1,,0,4,0
7219,0,2,2,2,2,0,0,0,0,3,1,2,2,1,4,1
7220,0,2,2,2,2,0,0,0,0,3,1,3,2,1,4,1
7221,0,2,2,2,2,0,0,0,0,3,2,1,,0,4,0
7222,0,2,2,2,2,0,0,0,0,3,2,2,2,1,4,1
7223,0,2,2,2,2,0,0,0,0,3,2,3,2,1,4,1
7224,0,2,2,2,2,0,0,0,0,4,1,1,,0,4,0
7225,0,2,2,2,2,0,0,0,0,4,1,2,2,1,4,1
7226,0,2,2,2,2,0,0,0,0,4,1,3,2,1,4,1
7227,0,2,2,2,2,0,0,0,0,4,2,1,,0,4,0
7228,0,2,2,2,2,0,0,0,0,4,2,2,2,1,4,1
7229,0,2,2,2,2,0,0,0,0,4,2,3,2,1,4,1
7230,0,2,2,2,2,0,0,0,1,0,1,1,0,1,4,1
7231,0,2,2,2,2,0,0,0,1,0,1,2,0,1,4,1
7232,0,2,2,2,2,0,0,0,1,0,1,3,0,1,4,1
7233,0,2,2,2,2,0,0,0,1,0,2,1,0,1,4,1
7234,0,2,2,2,2,0,0,0,1,0,2,2,0,1,4,1
7235,0,2,2,2,2,0,0,0,1,0,2,3,0,1,4,1
7236,0,2,2,2,2,0,0,0,1,1,1,1,0,1,4,1
7237,0,2,2,2,2,0,0,0,1,1,1,2,0,1,4,1
7238,0,2,2,2,2,0,0,0,1,1,1,3,0,1,4,1
7239,0,2,2,2,2,0,0,0,1,1,2,1,0,1,4,1
7240,0,2,2,2,2,0,0,0,1,1,2,2,0,1,4,1
7241,0,2,2,2,2,0,0,0,1,1,2,3,0,1,4,1
7242,0,2,2,2,2,0,0,0,1,2,1,1,0,1,4,1
7243,0,2,2,2,2,0,0,0,1,2,1,2,0,1,4,1
7244,0,2,2,2,2,0,0,0,1,2,1,3,0,1,4,1
7245,0,2,2,2,2,0,0,0,1,2,2,1,0,1,4,1
7246,0,2,2,2,2,0,0,0,1,2,2,2,0,1,4,1
7247,0,2,2,2,2,0,0,0,1,2,2,3,0,1,4,1
7248,0,2,2,2,2,0,0,0,1,3,1,1,0,1,4,1
7249,0,2,2,2,2,0,0,0,1,3,1,2,0,1,4,1
7250,0,2,2,2,2,0,0,0,1,3,1,3,0,1,4,1
7251,0,2,2,2,2,0,0,0,1,3,2,1,0,1,4,1
7252,0,2,2,2,2,0,0,0,1,3,2,2,0,1,4,1
7253,0,2,2,2,2,0,0,0,1,3,2,3,0,1,4,1
7254,0,2,2,2,2,0,0,0,1,4,1,1,0,1,4,1
7255,0,2,2,2,2,0,0,0,1,4,1,2,0,1,4,1
7256,0,2,2,2,2,0,0,0,1,4,1,3,0,1,4,1
7257,0,2,2,2,2,0,0,0,1,4,2,1,0,1,4,1
7258,0,2,2,2,2,0,0,0,1,4,2,2,0,1,4,1
7259,0,2,2,2,2,0,0,0,1,4,2,3,0,1,4,1
7260,0,2,2,2,2,0,0,1,0,0,1,1,,0,4,0
7261,0,2,2,2,2,0,0,1,0,0,1,2,,0,4,0
7262,0,2,2,2,2,0,0,1,0,0,1,3,,0,4,0
7263,0,2,2,2,2,0,0,1,0,0,2,1,,0,4,0
7264,0,2,2,2,2,0,0,1,0,0,2,2,,0,4,0
7265,0,2,2,2,2,0,0,1,0,0,2,3,,0,4,0
7266,0,2,2,2,2,0,0,1,0,1,1,1,,0,4,0
7267,0,2,2,2,2,0,0,1,0,1,1,2,,0,4,0
7268,0,2,2,2,2,0,0,1,0,1,1,3,,0,4,0
7269,0,2,2,2,2,0,0,1,0,1,2,1,,0,4,0
7270,0,2,2,2,2,0,0,1,0,1,2,2,,0,4,0
7271,0,2,2,2,2,0,0,1,0,1,2,3,,0,4,0
7272,0,2,2,2,2,0,0,1,0,2,1,1,,0,4,0
7273,0,2,2,2,2,0,0,1,0,2,1,2,2,1,4,1
7274,0,2,2,2,2,0,0,1,0,2,1,3,2,1,4,1
7275,0,2,2,2,2,0,0,1,0,2,2,1,,0,4,0
7276,0,2,2,2,2,0,0,1,0,2,2,2,2,1,4,1
7277,0,2,2,2,2,0,0,1,0,2,2,3,2,1,4,1
7278,0,2,2,2,2,0,0,1,0,3,1,1,,0,4,0
7279,0,2,2,2,2,0,0,1,0,3,1,2,2,1,4,1
7280,0,2,2,2,2,0,0,1,0,3,1,3,2,1,4,1
7281,0,2,2,2,2,0,0,1,0,3,2,1,,0,4,0
7282,0,2,2,2,2,0,0,1,0,3,2,2,2,1,4,1
7283,0,2,2,2,2,0,0,1,0,3,2,3,2,1,4,1
7284,0,2,2,2,2,0,0,1,0,4,1,1,,0,4,0
7285,0,2,2,2,2,0,0,1,0,4,1,2,2,1,4,1
7286,0,2,2,2,2,0,0,1,0,4,1,3,2,1,4,1
7287,0,2,2,2,2,0,0,1,0,4,2,1,,0,4,0
7288,0,2,2,2,2,0,0,1,0,4,2,2,2,1,4,1
7289,0,2,2,2,2,0,0,1,0,4,2,3,2,1,4,1
7290,0,2,2,2,2,0,0,1,1,0,1,1,0,1,4,1
7291,0,2,2,2,2,0,0,1,1,0,1,2,0,1,4,1
7292,0,2,2,2,2,0,0,1,1,0,1,3,0,1,4,1
7293,0,2,2,2,2,0,0,1,1,0,2,1,0,1,4,1
7294,0,2,2,2,2,0,0,1,1,0,2,2,0,1,4,1
7295,0,2,2,2,2,0,0,1,1,0,2,3,0,1,4,1
7296,0,2,2,2,2,0,0,1,1,1,1,1,0,1,4,1
7297,0,2,2,2,2,0,0,1,1,1,1,2,0,1,4,1
7298,0,2,2,2,2,0,0,1,1,1,1,3,0,1,4,1
7299,0,2,2,2,2,0,0,1,1,1,2,1,0,1,4,1
7300,0,2,2,2,2,0,0,1,1,1,2,2,0,1,4,1
7301,0,2,2,2,2,0,0,1,1,1,2,3,0,1,4,1
7302,0,2,2,2,2,0,0,1,1,2,1,1,0,1,4,1
7303,0,2,2,2,2,0,0,1,1,2,1,2,0,1,4,1
7304,0,2,2,2,2,0,0,1,1,2,1,3,0,1,4,1
7305,0,2,2,2,2,0,0,1,1,2,2,1,0,1,4,1
7306,0,2,2,2,2,0,0,1,1,2,2,2,0,1,4,1
7307,0,2,2,2,2,0,0,1,1,2,2,3,0,1,4,1
7308,0,2,2,2,2,0,0,1,1,3,1,1,0,1,4,1
7309,0,2,2,2,2,0,0,1,1,3,1,2,0,1,4,1
7310,0,2,2,2,2,0,0,1,1,3,1,3,0,1,4,1
7311,0,2,2,2,2,0,0,1,1,3,2,1,0,1,4,1
7312,0,2,2,2,2,0,0,1,1,3,2,2,0,1,4,1
7313,0,2,2,2,2,0,0,1,1,3,2,3,0,1,4,1
7314,0,2,2,2,2,0,0,1,1,4,1,1,0,1,4,1
7315,0,2,2,2,2,0,0,1,1,4,1,2,0,1,4,1
7316,0,2,2,2,2,0,0,1,1,4,1,3,0,1,4,1
7317,0,2,2,2,2,0,0,1,1,4,2,1,0,1,4,1
7318,0,2,2,2,2,0,0,1,1,4,2,2,0,1,4,1
7319,0,2,2,2,2,0,0,1,1,4,2,3,0,1,4,1
7320,0,2,2,2,2,0,1,0,0,0,1,1,,0,4,0
7321,0,2,2,2,2,0,1,0,0,0,1,2,,0,4,0
7322,0,2,2,2,2,0,1,0,0,0,1,3,,0,4,0
7323,0,2,2,2,2,0,1,0,0,0,2,1,,0,4,0
7324,0,2,2,2,2,0,1,0,0,0,2,2,,0,4,0
7325,0,2,2,2,2,0,1,0,0,0,2,3,,0,4,0
7326,0,2,2,2,2,0,1,0,0,1,1,1,,0,4,0
7327,0,2,2,2,2,0,1,0,0,1,1,2,,0,4,0
7328,0,2,2,2,2,0,1,0,0,1,1,3,,0,4,0
7329,0,2,2,2,2,0,1,0,0,1,2,1,,0,4,0
7330,0,2,2,2,2,0,1,0,0,1,2,2,,0,4,0
7331,0,2,2,2,2,0,1,0,0,1,2,3,,0,4,0
7332,0,2,2,2,2,0,1,0,0,2,1,1,,0,4,0
7333,0,2,2,2,2,0,1,0,0,2,1,2,,0,5,0
7334,0,2,2,2,2,0,1,0,0,2,1,3,2,1,5,1
7335,0,2,2,2,2,0,1,0,0,2,2,1,,0,4,0
7336,0,2,2,2,2,0,1,0,0,2,2,2,,0,5,0
7337,0,2,2,2,2,0,1,0,0,2,2,3,,0,5,0
7338,0,2,2,2,2,0,1,0,0,3,1,1,,0,4,0
7339,0,2,2,2,2,0,1,0,0,3,1,2,,0,5,0
7340,0,2,2,2,2,0,1,0,0,3,1,3,2,1,5,1
7341,0,2,2,2,2,0,1,0,0,3,2,1,,0,4,0
7342,0,2,2,2,2,0,1,0,0,3,2,2,,0,5,0
7343,0,2,2,2,2,0,1,0,0,3,2,3,,0,5,0
7344,0,2,2,2,2,0,1,0,0,4,1,1,,0,4,0
7345,0,2,2,2,2,0,1,0,0,4,1,2,,0,5,0
7346,0,2,2,2,2,0,1,0,0,4,1,3,2,1,5,1
7347,0,2,2,2,2,0,1,0,0,4,2,1,,0,4,0
7348,0,2,2,2,2,0,1,0,0,4,2,2,,0,5,0
7349,0,2,2,2,2,0,1,0,0,4,2,3,,0,5,0
7350,0,2,2,2,2,0,1,0,1,0,1,1,0,1,4,1
7351,0,2,2,2,2,0,1,0,1,0,1,2,0,1,4,1
7352,0,2,2,2,2,0,1,0,1,0,1,3,0,1,4,1
7353,0,2,2,2,2,0,1,0,1,0,2,1,0,1,4,1
7354,0,2,2,2,2,0,1,0,1,0,2,2,0,1,4,1
7355,0,2,2,2,2,0,1,0,1,0,2,3,0,1,4,1
7356,0,2,2,2,2,0,1,0,1,1,1,1,0,1,4,1
7357,0,2,2,2,2,0,1,0,1,1,1,2,0,1,4,1
7358,0,2,2,2,2,0,1,0,1,1,1,3,0,1,4,1
7359,0,2,2,2,2,0,1,0,1,1,2,1,0,1,4,1
7360,0,2,2,2,2,0,1,0,1,1,2,2,0,1,4,1
7361,0,2,2,2,2,0,1,0,1,1,2,3,0,1,4,1
7362,0,2,2,2,2,0,1,0,1,2,1,1,0,1,5,1
7363,0,2,2,2,2,0,1,0,1,2,1,2,0,1,5,1
7364,0,2,2,2,2,0,1,0,1,2,1,3,0,1,5,1
7365,0,2,2,2,2,0,1,0,1,2,2,1,0,1,5,1
7366,0,2,2,2,2,0,1,0,1,2,2,2,0,1,5,1
7367,0,2,2,2,2,0,1,0,1,2,2,3,0,1,5,1
7368,0,2,2,2,2,0,1,0,1,3,1,1,0,1,5,1
7369,0,2,2,2,2,0,1,0,1,3,1,2,0,1,5,1
7370,0,2,2,2,2,0,1,0,1,3,1,3,0,1,5,1
7371,0,2,2,2,2,0,1,0,1,3,2,1,0,1,5,1
7372,0,2,2,2,2,0,1,0,1,3,2,2,0,1,5,1
7373,0,2,2,2,2,0,1,0,1,3,2,3,0,1,5,1
7374,0,2,2,2,2,0,1,0,1,4,1,1,0,1,5,1
7375,0,2,2,2,2,0,1,0,1,4,1,2,0,1,5,1
7376,0,2,2,2,2,0,1,0,1,4,1,3,0,1,5,1
7377,0,2,2,2,2,0,1,0,1,4,2,1,0,1,5,1
7378,0,2,2,2,2,0,1,0,1,4,2,2,0,1,5,1
7379,0,2,2,2,2,0,1,0,1,4,2,3,0,1,5,1
7380,0,2,2,2,2,0,1,1,0,0,1,1,,0,4,0
7381,0,2,2,2,2,0,1,1,0,0,1,2,,0,4,0
7382,0,2,2,2,2,0,1,1,0,0,1,3,,0,4,0
7383,0,2,2,2,2,0,1,1,0,0,2,1,,0,4,0
7384,0,2,2,2,2,0,1,1,0,0,2,2,,0,4,0
7385,0,2,2,2,2,0,1,1,0,0,2,3,,0,4,0
7386,0,2,2,2,2,0,1,1,0,1,1,1,,0,4,0
7387,0,2,2,2,2,0,1,1,0,1,1,2,,0,4,0
7388,0,2,2,2,2,0,1,1,0,1,1,3,,0,4,0
7389,0,2,2,2,2,0,1,1,0,1,2,1,,0,4,0
7390,0,2,2,2,2,0,1,1,0,1,2,2,,0,4,0
7391,0,2,2,2,2,0,1,1,0,1,2,3,,0,4,0
7392,0,2,2,2,2,0,1,1,0,2,1,1,,0,4,0
7393,0,2,2,2,2,0,1,1,0,2,1,2,,0,6,0
7394,0,2,2,2,2,0,1,1,0,2,1,3,2,1,6,1
7395,0,2,2,2,2,0,1,1,0,2,2,1,,0,4,0
7396,0,2,2,2,2,0,1,1,0,2,2,2,,0,6,0
7397,0,2,2,2,2,0,1,1,0,2,2,3,,0,6,0
7398,0,2,2,2,2,0,1,1,0,3,1,1,,0,4,0
7399,0,2,2,2,2,0,1,1,0,3,1,2,,0,6,0
7400,0,2,2,2,2,0,1,1,0,3,1,3,2,1,6,1
7401,0,2,2,2,2,0,1,1,0,3,2,1,,0,4,0
7402,0,2,2,2,2,0,1,1,0,3,2,2,,0,6,0
7403,0,2,2,2,2,0,1,1,0,3,2,3,,0,6,0
7404,0,2,2,2,2,0,1,1,0,4,1,1,,0,4,0
7405,0,2,2,2,2,0,1,1,0,4,1,2,,0,6,0
7406,0,2,2,2,2,0,1,1,0,4,1,3,2,1,6,1
7407,0,2,2,2,2,0,1,1,0,4,2,1,,0,4,0
7408,0,2,2,2,2,0,1,1,0,4,2,2,,0,6,0
7409,0,2,2,2,2,0,1,1,0,4,2,3,,0,6,0
7410,0,2,2,2,2,0,1,1,1,0,1,1,0,1,4,1
7411,0,2,2,2,2,0,1,1,1,0,1,2,0,1,4,1
7412,0,2,2,2,2,0,1,1,1,0,1,3,0,1,4,1
7413,0,2,2,2,2,0,1,1,1,0,2,1,0,1,4,1
7414,0,2,2,2,2,0,1,1,1,0,2,2,0,1,4,1
7415,0,2,2,2,2,0,1,1,1,0,2,3,0,1,4,1
7416,0,2,2,2,2,0,1,1,1,1,1,1,0,1,4,1
7417,0,2,2,2,2,0,1,1,1,1,1,2,0,1,4,1
7418,0,2,2,2,2,0,1,1,1,1,1,3,0,1,4,1
7419,0,2,2,2,2,0,1,1,1,1,2,1,0,1,4,1
7420,0,2,2,2,2,0,1,1,1,1,2,2,0,1,4,1
7421,0,2,2,2,2,0,1,1,1,1,2,3,0,1,4,1
7422,0,2,2,2,2,0,1,1,1,2,1,1,0,1,6,1
7423,0,2,2,2,2,0,1,1,1,2,1,2,0,1,6,1
7424,0,2,2,2,2,0,1,1,1,2,1,3,0,1,6,1
7425,0,2,2,2,2,0,1,1,1,2,2,1,0,1,6,1
7426,0,2,2,2,2,0,1,1,1,2,2,2,0,1,6,1
7427,0,2,2,2,2,0,1,1,1,2,2,3,0,1,6,1
7428,0,2,2,2,2,0,1,1,1,3,1,1,0,1,6,1
7429,0,2,2,2,2,0,1,1,1,3,1,2,0,1,6,1
7430,0,2,2,2,2,0,1,1,1,3,1,3,0,1,6,1
7431,0,2,2,2,2,0,1,1,1,3,2,1,0,1,6,1
7432,0,2,2,2,2,0,1,1,1,3,2,2,0,1,6,1
7433,0,2,2,2,2,0,1,1,1,3,2,3,0,1,6,1
7434,0,2,2,2,2,0,1,1,1,4,1,1,0,1,6,1
7435,0,2,2,2,2,0,1,1,1,4,1,2,0,1,6,1
7436,0,2,2,2,2,0,1,1,1,4,1,3,0,1,6,1
7437,0,2,2,2,2,0,1,1,1,4,2,1,0,1,6,1
7438,0,2,2,2,2,0,1,1,1,4,2,2,0,1,6,1
7439,0,2,2,2,2,0,1,1,1,4,2,3,0,1,6,1
7440,0,2,2,2,2,1,0,0,0,0,1,1,,0,4,0
7441,0,2,2,2,2,1,0,0,0,0,1,2,,0,4,0
7442,0,2,2,2,2,1,0,0,0,0,1,3,,0,4,0
7443,0,2,2,2,2,1,0,0,0,0,2,1,,0,4,0
7444,0,2,2,2,2,1,0,0,0,0,2,2,,0,4,0
7445,0,2,2,2,2,1,0,0,0,0,2,3,,0,4,0
7446,0,2,2,2,2,1,0,0,0,1,1,1,,0,4,0
7447,0,2,2,2,2,1,0,0,0,1,1,2,,0,4,0
7448,0,2,2,2,2,1,0,0,0,1,1,3,,0,4,0
7449,0,2,2,2,2,1,0,0,0,1,2,1,,0,4,0
7450,0,2,2,2,2,1,0,0,0,1,2,2,,0,4,0
7451,0,2,2,2,2,1,0,0,0,1,2,3,,0,4,0
7452,0,2,2,2,2,1,0,0,0,2,1,1,,0,4,0
7453,0,2,2,2,2,1,0,0,0,2,1,2,2,1,4,1
7454,0,2,2,2,2,1,0,0,0,2,1,3,2,1,4,1
7455,0,2,2,2,2,1,0,0,0,2,2,1,,0,4,0
7456,0,2,2,2,2,1,0,0,0,2,2,2,2,1,4,1
7457,0,2,2,2,2,1,0,0,0,2,2,3,2,1,4,1
7458,0,2,2,2,2,1,0,0,0,3,1,1,,0,4,0
7459,0,2,2,2,2,1,0,0,0,3,1,2,2,1,4,1
7460,0,2,2,2,2,1,0,0,0,3,1,3,2,1,4,1
7461,0,2,2,2,2,1,0,0,0,3,2,1,,0,4,0
7462,0,2,2,2,2,1,0,0,0,3,2,2,2,1,4,1
7463,0,2,2,2,2,1,0,0,0,3,2,3,2,1,4,1
7464,0,2,2,2,2,1,0,0,0,4,1,1,,0,4,0
7465,0,2,2,2,2,1,0,0,0,4,1,2,2,1,4,1
7466,0,2,2,2,2,1,0,0,0,4,1,3,2,1,4,1
7467,0,2,2,2,2,1,0,0,0,4,2,1,,0,4,0
7468,0,2,2,2,2,1,0,0,0,4,2,2,2,1,4,1
7469,0,2,2,2,2,1,0,0,0,4,2,3,2,1,4,1
7470,0,2,2,2,2,1,0,0,1,0,1,1,0,1,4,1
7471,0,2,2,2,2,1,0,0,1,0,1,2,0,1,4,1
7472,0,2,2,2,2,1,0,0,1,0,1,3,0,1,4,1
7473,0,2,2,2,2,1,0,0,1,0,2,1,0,1,4,1
7474,0,2,2,2,2,1,0,0,1,0,2,2,0,1,4,1
7475,0,2,2,2,2,1,0,0,1,0,2,3,0,1,4,1
7476,0,2,2,2,2,1,0,0,1,1,1,1,0,1,4,1
7477,0,2,2,2,2,1,0,0,1,1,1,2,0,1,4,1
7478,0,2,2,2,2,1,0,0,1,1,1,3,0,1,4,1
7479,0,2,2,2,2,1,0,0,1,1,2,1,0,1,4,1
7480,0,2,2,2,2,1,0,0,1,1,2,2,0,1,4,1
7481,0,2,2,2,2,1,0,0,1,1,2,3,0,1,4,1
7482,0,2,2,2,2,1,0,0,1,2,1,1,0,1,4,1
7483,0,2,2,2,2,1,0,0,1,2,1,2,0,1,4,1
7484,0,2,2,2,2,1,0,0,1,2,1,3,0,1,4,1
7485,0,2,2,2,2,1,0,0,1,2,2,1,0,1,4,1
7486,0,2,2,2,2,1,0,0,1,2,2,2,0,1,4,1
7487,0,2,2,2,2,1,0,0,1,2,2,3,0,1,4,1
7488,0,2,2,2,2,1,0,0,1,3,1,1,0,1,4,1
7489,0,2,2,2,2,1,0,0,1,3,1,2,0,1,4,1
7490,0,2,2,2,2,1,0,0,1,3,1,3,0,1,4,1
7491,0,2,2,2,2,1,0,0,1,3,2,1,0,1,4,1
7492,0,2,2,2,2,1,0,0,1,3,2,2,0,1,4,1
7493,0,2,2,2,2,1,0,0,1,3,2,3,0,1,4,1
7494,0,2,2,2,2,1,0,0,1,4,1,1,0,1,4,1
7495,0,2,2,2,2,1,0,0,1,4,1,2,0,1,4,1
7496,0,2,2,2,2,1,0,0,1,4,1,3,0,1,4,1
7497,0,2,2,2,2,1,0,0,1,4,2,1,0,1,4,1
7498,0,2,2,2,2,1,0,0,1,4,2,2,0,1,4,1
7499,0,2,2,2,2,1,0,0,1,4,2,3,0,1,4,1
7500,0,2,2,2,2,1,0,1,0,0,1,1,,0,4,0
7501,0,2,2,2,2,1,0,1,0,0,1,2,,0,4,0
7502,0,2,2,2,2,1,0,1,0,0,1,3,,0,4,0
7503,0,2,2,2,2,1,0,1,0,0,2,1,,0,4,0
7504,0,2,2,2,2,1,0,1,0,0,2,2,,0,4,0
7505,0,2,2,2,2,1,0,1,0,0,2,3,,0,4,0
7506,0,2,2,2,2,1,0,1,0,1,1,1,,0,4,0
7507,0,2,2,2,2,1,0,1,0,1,1,2,,0,4,0
7508,0,2,2,2,2,1,0,1,0,1,1,3,,0,4,0
7509,0,2,2,2,2,1,0,1,0,1,2,1,,0,4,0
7510,0,2,2,2,2,1,0,1,0,1,2,2,,0,4,0
7511,0,2,2,2,2,1,0,1,0,1,2,3,,0,4,0
7512,0,2,2,2,2,1,0,1,0,2,1,1,,0,4,0
7513,0,2,2,2,2,1,0,1,0,2,1,2,2,1,5,1
7514,0,2,2,2,2,1,0,1,0,2,1,3,2,1,5,1
7515,0,2,2,2,2,1,0,1,0,2,2,1,,0,4,0
7516,0,2,2,2,2,1,0,1,0,2,2,2,2,1,5,1
7517,0,2,2,2,2,1,0,1,0,2,2,3,2,1,5,1
7518,0,2,2,2,2,1,0,1,0,3,1,1,,0,4,0
7519,0,2,2,2,2,1,0,1,0,3,1,2,2,1,5,1
7520,0,2,2,2,2,1,0,1,0,3,1,3,2,1,5,1
7521,0,2,2,2,2,1,0,1,0,3,2,1,,0,4,0
7522,0,2,2,2,2,1,0,1,0,3,2,2,2,1,5,1
7523,0,2,2,2,2,1,0,1,0,3,2,3,2,1,5,1
7524,0,2,2,2,2,1,0,1,0,4,1,1,,0,4,0
7525,0,2,2,2,2,1,0,1,0,4,1,2,2,1,5,1
7526,0,2,2,2,2,1,0,1,0,4,1,3,2,1,5,1
7527,0,2,2,2,2,1,0,1,0,4,2,1,,0,4,0
7528,0,2,2,2,2,1,0,1,0,4,2,2,2,1,5,1
7529,0,2,2,2,2,1,0,1,0,4,2,3,2,1,5,1
7530,0,2,2,2,2,1,0,1,1,0,1,1,0,1,4,1
7531,0,2,2,2,2,1,0,1,1,0,1,2,0,1,4,1
7532,0,2,2,2,2,1,0,1,1,0,1,3,0,1,4,1
7533,0,2,2,2,2,1,0,1,1,0,2,1,0,1,4,1
7534,0,2,2,2,2,1,0,1,1,0,2,2,0,1,4,1
7535,0,2,2,2,2,1,0,1,1,0,2,3,0,1,4,1
7536,0,2,2,2,2,1,0,1,1,1,1,1,0,1,4,1
7537,0,2,2,2,2,1,0,1,1,1,1,2,0,1,4,1
7538,0,2,2,2,2,1,0,1,1,1,1,3,0,1,4,1
7539,0,2,2,2,2,1,0,1,1,1,2,1,0,1,4,1
7540,0,2,2,2,2,1,0,1,1,1,2,2,0,1,4,1
7541,0,2,2,2,2,1,0,1,1,1,2,3,0,1,4,1
7542,0,2,2,2,2,1,0,1,1,2,1,1,0,1,5,1
7543,0,2,2,2,2,1,0,1,1,2,1,2,0,1,5,1
7544,0,2,2,2,2,1,0,1,1,2,1,3,0,1,5,1
7545,0,2,2,2,2,1,0,1,1,2,2,1,0,1,5,1
7546,0,2,2,2,2,1,0,1,1,2,2,2,0,1,5,1
7547,0,2,2,2,2,1,0,1,1,2,2,3,0,1,5,1
7548,0,2,2,2,2,1,0,1,1,3,1,1,0,1,5,1
7549,0,2,2,2,2,1,0,1,1,3,1,2,0,1,5,1
7550,0,2,2,2,2,1,0,1,1,3,1,3,0,1,5,1
7551,0,2,2,2,2,1,0,1,1,3,2,1,0,1,5,1
7552,0,2,2,2,2,1,0,1,1,3,2,2,0,1,5,1
7553,0,2,2,2,2,1,0,1,1,3,2,3,0,1,5,1
7554,0,2,2,2,2,1,0,1,1,4,1,1,0,1,5,1
7555,0,2,2,2,2,1,0,1,1,4,1,2,0,1,5,1
7556,0,2,2,2,2,1,0,1,1,4,1,3,0,1,5,1
7557,0,2,2,2,2,1,0,1,1,4,2,1,0,1,5,1
7558,0,2,2,2,2,1,0,1,1,4,2,2,0,1,5,1
7559,0,2,2,2,2,1,0,1,1,4,2,3,0,1,5,1
7560,0,2,2,2,2,1,1,0,0,0,1,1,,0,4,0
7561,0,2,2,2,2,1,1,0,0,0,1,2,,0,4,0
7562,0,2,2,2,2,1,1,0,0,0,1,3,,0,4,0
7563,0,2,2,2,2,1,1,0,0,0,2,1,,0,4,0
7564,0,2,2,2,2,1,1,0,0,0,2,2,,0,4,0
7565,0,2,2,2,2,1,1,0,0,0,2,3,,0,4,0
7566,0,2,2,2,2,1,1,0,0,1,1,1,,0,4,0
7567,0,2,2,2,2,1,1,0,0,1,1,2,,0,4,0
7568,0,2,2,2,2,1,1,0,0,1,1,3,,0,4,0
7569,0,2,2,2,2,1,1,0,0,1,2,1,,0,4,0
7570,0,2,2,2,2,1,1,0,0,1,2,2,,0,4,0
7571,0,2,2,2,2,1,1,0,0,1,2,3,,0,4,0
7572,0,2,2,2,2,1,1,0,0,2,1,1,,0,4,0
7573,0,2,2,2,2,1,1,0,0,2,1,2,,0,5,0
7574,0,2,2,2,2,1,1,0,0,2,1,3,2,1,5,1
7575,0,2,2,2,2,1,1,0,0,2,2,1,,0,4,0
7576,0,2,2,2,2,1,1,0,0,2,2,2,,0,5,0
7577,0,2,2,2,2,1,1,0,0,2,2,3,,0,5,0
7578,0,2,2,2,2,1,1,0,0,3,1,1,,0,4,0
7579,0,2,2,2,2,1,1,0,0,3,1,2,,0,5,0
7580,0,2,2,2,2,1,1,0,0,3,1,3,2,1,5,1
7581,0,2,2,2,2,1,1,0,0,3,2,1,,0,4,0
7582,0,2,2,2,2,1,1,0,0,3,2,2,,0,5,0
7583,0,2,2,2,2,1,1,0,0,3,2,3,,0,5,0
7584,0,2,2,2,2,1,1,0,0,4,1,1,,0,4,0
7585,0,2,2,2,2,1,1,0,0,4,1,2,,0,5,0
7586,0,2,2,2,2,1,1,0,0,4,1,3,2,1,5,1
7587,0,2,2,2,2,1,1,0,0,4,2,1,,0,4,0
7588,0,2,2,2,2,1,1,0,0,4,2,2,,0,5,0
7589,0,2,2,2,2,1,1,0,0,4,2,3,,0,5,0
7590,0,2,2,2,2,1,1,0,1,0,1,1,0,1,4,1
7591,0,2,2,2,2,1,1,0,1,0,1,2,0,1,4,1
7592,0,2,2,2,2,1,1,0,1,0,1,3,0,1,4,1
7593,0,2,2,2,2,1,1,0,1,0,2,1,0,1,4,1
7594,0,2,2,2,2,1,1,0,1,0,2,2,0,1,4,1
7595,0,2,2,2,2,1,1,0,1,0,2,3,0,1,4,1
7596,0,2,2,2,2,1,1,0,1,1,1,1,0,1,4,1
7597,0,2,2,2,2,1,1,0,1,1,1,2,0,1,4,1
7598,0,2,2,2,2,1,1,0,1,1,1,3,0,1,4,1
7599,0,2,2,2,2,1,1,0,1,1,2,1,0,1,4,1
7600,0,2,2,2,2,1,1,0,1,1,2,2,0,1,4,1
7601,0,2,2,2,2,1,1,0,1,1,2,3,0,1,4,1
7602,0,2,2,2,2,1,1,0,1,2,1,1,0,1,5,1
7603,0,2,2,2,2,1,1,0,1,2,1,2,0,1,5,1
7604,0,2,2,2,2,1,1,0,1,2,1,3,0,1,5,1
7605,0,2,2,2,2,1,1,0,1,2,2,1,0,1,5,1
7606,0,2,2,2,2,1,1,0,1,2,2,2,0,1,5,1
7607,0,2,2,2,2,1,1,0,1,2,2,3,0,1,5,1
7608,0,2,2,2,2,1,1,0,1,3,1,1,0,1,5,1
7609,0,2,2,2,2,1,1,0,1,3,1,2,0,1,5,1
7610,0,2,2,2,2,1,1,0,1,3,1,3,0,1,5,1
7611,0,2,2,2,2,1,1,0,1,3,2,1,0,1,5,1
7612,0,2,2,2,2,1,1,0,1,3,2,2,0,1,5,1
7613,0,2,2,2,2,1,1,0,1,3,2,3,0,1,5,1
7614,0,2,2,2,2,1,1,0,1,4,1,1,0,1,5,1
7615,0,2,2,2,2,1,1,0,1,4,1,2,0,1,5,1
7616,0,2,2,2,2,1,1,0,1,4,1,3,0,1,5,1
7617,0,2,2,2,2,1,1,0,1,4,2,1,0,1,5,1
7618,0,2,2,2,2,1,1,0,1,4,2,2,0,1,5,1
7619,0,2,2,2,2,1,1,0,1,4,2,3,0,1,5,1
7620,0,2,2,2,2,1,1,1,0,0,1,1,,0,4,0
7621,0,2,2,2,2,1,1,1,0,0,1,2,,0,4,0
7622,0,2,2,2,2,1,1,1,0,0,1,3,,0,4,0
7623,0,2,2,2,2,1,1,1,0,0,2,1,,0,4,0
7624,0,2,2,2,2,1,1,1,0,0,2,2,,0,4,0
7625,0,2,2,2,2,1,1,1,0,0,2,3,,0,4,0
7626,0,2,2,2,2,1,1,1,0,1,1,1,,0,4,0
7627,0,2,2,2,2,1,1,1,0,1,1,2,,0,4,0
7628,0,2,2,2,2,1,1,1,0,1,1,3,,0,4,0
7629,0,2,2,2,2,1,1,1,0,1,2,1,,0,4,0
7630,0,2,2,2,2,1,1,1,0,1,2,2,,0,4,0
7631,0,2,2,2,2,1,1,1,0,1,2,3,,0,4,0
7632,0,2,2,2,2,1,1,1,0,2,1,1,,0,4,0
7633,0,2,2,2,2,1,1,1,0,2,1,2,,0,6,0
7634,0,2,2,2,2,1,1,1,0,2,1,3,2,1,8,1
7635,0,2,2,2,2,1,1,1,0,2,2,1,,0,4,0
7636,0,2,2,2,2,1,1,1,0,2,2,2,,0,6,0
7637,0,2,2,2,2,1,1,1,0,2,2,3,,0,6,0
7638,0,2,2,2,2,1,1,1,0,3,1,1,,0,4,0
7639,0,2,2,2,2,1,1,1,0,3,1,2,,0,6,0
7640,0,2,2,2,2,1,1,1,0,3,1,3,2,1,8,1
7641,0,2,2,2,2,1,1,1,0,3,2,1,,0,4,0
7642,0,2,2,2,2,1,1,1,0,3,2,2,,0,6,0
7643,0,2,2,2,2,1,1,1,0,3,2,3,,0,6,0
7644,0,2,2,2,2,1,1,1,0,4,1,1,,0,4,0
7645,0,2,2,2,2,1,1,1,0,4,1,2,,0,6,0
7646,0,2,2,2,2,1,1,1,0,4,1,3,2,1,8,1
7647,0,2,2,2,2,1,1,1,0,4,2,1,,0,4,0
7648,0,2,2,2,2,1,1,1,0,4,2,2,,0,6,0
7649,0,2,2,2,2,1,1,1,0,4,2,3,,0,6,0
7650,0,2,2,2,2,1,1,1,1,0,1,1,0,1,4,1
7651,0,2,2,2,2,1,1,1,1,0,1,2,0,1,4,1
7652,0,2,2,2,2,1,1,1,1,0,1,3,0,1,4,1
7653,0,2,2,2,2,1,1,1,1,0,2,1,0,1,4,1
7654,0,2,2,2,2,1,1,1,1,0,2,2,0,1,4,1
7655,0,2,2,2,2,1,1,1,1,0,2,3,0,1,4,1
7656,0,2,2,2,2,1,1,1,1,1,1,1,0,1,4,1
7657,0,2,2,2,2,1,1,1,1,1,1,2,0,1,4,1
7658,0,2,2,2,2,1,1,1,1,1,1,3,0,1,4,1
7659,0,2,2,2,2,1,1,1,1,1,2,1,0,1,4,1
7660,0,2,2,2,2,1,1,1,1,1,2,2,0,1,4,1
7661,0,2,2,2,2,1,1,1,1,1,2,3,0,1,4,1
7662,0,2,2,2,2,1,1,1,1,2,1,1,0,1,8,1
7663,0,2,2,2,2,1,1,1,1,2,1,2,0,1,8,1
7664,0,2,2,2,2,1,1,1,1,2,1,3,0,1,8,1
7665,0,2,2,2,2,1,1,1,1,2,2,1,0,1,8,1
7666,0,2,2,2,2,1,1,1,1,2,2,2,0,1,8,1
7667,0,2,2,2,2,1,1,1,1,2,2,3,0,1,8,1
7668,0,2,2,2,2,1,1,1,1,3,1,1,0,1,8,1
7669,0,2,2,2,2,1,1,1,1,3,1,2,0,1,8,1
7670,0,2,2,2,2,1,1,1,1,3,1,3,0,1,8,1
7671,0,2,2,2,2,1,1,1,1,3,2,1,0,1,8,1
7672,0,2,2,2,2,1,1,1,1,3,2,2,0,1,8,1
7673,0,2,2,2,2,1,1,1,1,3,2,3,0,1,8,1
7674,0,2,2,2,2,1,1,1,1,4,1,1,0,1,8,1
7675,0,2,2,2,2,1,1,1,1,4,1,2,0,1,8,1
7676,0,2,2,2,2,1,1,1,1,4,1,3,0,1,8,1
7677,0,2,2,2,2,1,1,1,1,4,2,1,0,1,8,1
7678,0,2,2,2,2,1,1,1,1,4,2,2,0,1,8,1
7679,0,2,2,2,2,1,1,1,1,4,2,3,0,1,8,1
7680,1,1,1,1,1,0,0,0,0,0,1,1,,0,3,0
7681,1,1,1,1,1,0,0,0,0,0,1,2,,0,3,0
7682,1,1,1,1,1,0,0,0,0,0,1,3,,0,3,0
7683,1,1,1,1,1,0,0,0,0,0,2,1,,0,3,0
7684,1,1,1,1,1,0,0,0,0,0,2,2,,0,3,0
7685,1,1,1,1,1,0,0,0,0,0,2,3,,0,3,0
7686,1,1,1,1,1,0,0,0,0,1,1,1,1,1,3,1
7687,1,1,1,1,1,0,0,0,0,1,1,2,1,1,3,1
7688,1,1,1,1,1,0,0,0,0,1,1,3,1,1,3,1
7689,1,1,1,1,1,0,0,0,0,1,2,1,1,1,3,1
7690,1,1,1,1,1,0,0,0,0,1,2,2,1,1,3,1
7691,1,1,1,1,1,0,0,0,0,1,2,3,1,1,3,1
7692,1,1,1,1,1,0,0,0,0,2,1,1,1,1,3,1
7693,1,1,1,1,1,0,0,0,0,2,1,2,1,1,3,1
7694,1,1,1,1,1,0,0,0,0,2,1,3,1,1,3,1
7695,1,1,1,1,1,0,0,0,0,2,2,1,1,1,3,1
7696,1,1,1,1,1,0,0,0,0,2,2,2,1,1,3,1
7697,1,1,1,1,1,0,0,0,0,2,2,3,1,1,3,1
7698,1,1,1,1,1,0,0,0,0,3,1,1,1,1,3,1
7699,1,1,1,1,1,0,0,0,0,3,1,2,1,1,3,1
7700,1,1,1,1,1,0,0,0,0,3,1,3,1,1,3,1
7701,1,1,1,1,1,0,0,0,0,3,2,1,1,1,3,1
7702,1,1,1,1,1,0,0,0,0,3,2,2,1,1,3,1
7703,1,1,1,1,1,0,0,0,0,3,2,3,1,1,3,1
7704,1,1,1,1,1,0,0,0,0,4,1,1,1,1,3,1
7705,1,1,1,1,1,0,0,0,0,4,1,2,1,1,3,1
7706,1,1,1,1,1,0,0,0,0,4,1,3,1,1,3,1
7707,1,1,1,1,1,0,0,0,0,4,2,1,1,1,3,1
7708,1,1,1,1,1,0,0,0,0,4,2,2,1,1,3,1
7709,1,1,1,1,1,0,0,0,0,4,2,3,1,1,3,1
7710,1,1,1,1,1,0,0,0,1,0,1,1,0,1,3,1
7711,1,1,1,1,1,0,0,0,1,0,1,2,0,1,3,1
7712,1,1,1,1,1,0,0,0,1,0,1,3,0,1,3,1
7713,1,1,1,1,1,0,0,0,1,0,2,1,0,1,3,1
7714,1,1,1,1,1,0,0,0,1,0,2,2,0,1,3,1
7715,1,1,1,1,1,0,0,0,1,0,2,3,0,1,3,1
7716,1,1,1,1,1,0,0,0,1,1,1,1,0,1,3,1
7717,1,1,1,1,1,0,0,0,1,1,1,2,0,1,3,1
7718,1,1,1,1,1,0,0,0,1,1,1,3,0,1,3,1
7719,1,1,1,1,1,0,0,0,1,1,2,1,0,1,3,1
7720,1,1,1,1,1,0,0,0,1,1,2,2,0,1,3,1
7721,1,1,1,1,1,0,0,0,1,1,2,3,0,1,3,1
7722,1,1,1,1,1,0,0,0,1,2,1,1,0,1,3,1
7723,1,1,1,1,1,0,0,0,1,2,1,2,0,1,3,1
7724,1,1,1,1,1,0,0,0,1,2,1,3,0,1,3,1
7725,1,1,1,1,1,0,0,0,1,2,2,1,0,1,3,1
7726,1,1,1,1,1,0,0,0,1,2,2,2,0,1,3,1
7727,1,1,1,1,1,0,0,0,1,2,2,3,0,1,3,1
7728,1,1,1,1,1,0,0,0,1,3,1,1,0,1,3,1
7729,1,1,1,1,1,0,0,0,1,3,1,2,0,1,3,1
7730,1,1,1,1,1,0,0,0,1,3,1,3,0,1,3,1
7731,1,1,1,1,1,0,0,0,1,3,2,1,0,1,3,1
7732,1,1,1,1,1,0,0,0,1,3,2,2,0,1,3,1
7733,1,1,1,1,1,0,0,0,1,3,2,3,0,1,3,1
7734,1,1,1,1,1,0,0,0,1,4,1,1,0,1,3,1
7735,1,1,1,1,1,0,0,0,1,4,1,2,0,1,3,1
7736,1,1,1,1,1,0,0,0,1,4,1,3,0,1,3,1
7737,1,1,1,1,1,0,0,0,1,4,2,1,0,1,3,1
7738,1,1,1,1,1,0,0,0,1,4,2,2,0,1,3,1
7739,1,1,1,1,1,0,0,0,1,4,2,3,0,1,3,1
7740,1,1,1,1,1,0,0,1,0,0,1,1,,0,3,0
7741,1,1,1,1,1,0,0,1,0,0,1,2,,0,3,0
7742,1,1,1,1,1,0,0,1,0,0,1,3,,0,3,0
7743,1,1,1,1,1,0,0,1,0,0,2,1,,0,3,0
7744,1,1,1,1,1,0,0,1,0,0,2,2,,0,3,0
7745,1,1,1,1,1,0,0,1,0,0,2,3,,0,3,0
7746,1,1,1,1,1,0,0,1,0,1,1,1,1,1,3,1
7747,1,1,1,1,1,0,0,1,0,1,1,2,1,1,3,1
7748,1,1,1,1,1,0,0,1,0,1,1,3,1,1,3,1
7749,1,1,1,1,1,0,0,1,0,1,2,1,1,1,3,1
7750,1,1,1,1,1,0,0,1,0,1,2,2,1,1,3,1
7751,1,1,1,1,1,0,0,1,0,1,2,3,1,1,3,1
7752,1,1,1,1,1,0,0,1,0,2,1,1,1,1,3,1
7753,1,1,1,1,1,0,0,1,0,2,1,2,1,1,3,1
7754,1,1,1,1,1,0,0,1,0,2,1,3,1,1,3,1
7755,1,1,1,1,1,0,0,1,0,2,2,1,1,1,3,1
7756,1,1,1,1,1,0,0,1,0,2,2,2,1,1,3,1
7757,1,1,1,1,1,0,0,1,0,2,2,3,1,1,3,1
7758,1,1,1,1,1,0,0,1,0,3,1,1,1,1,3,1
7759,1,1,1,1,1,0,0,1,0,3,1,2,1,1,3,1
7760,1,1,1,1,1,0,0,1,0,3,1,3,1,1,3,1
7761,1,1,1,1,1,0,0,1,0,3,2,1,1,1,3,1
7762,1,1,1,1,1,0,0,1,0,3,2,2,1,1,3,1
7763,1,1,1,1,1,0,0,1,0,3,2,3,1,1,3,1
7764,1,1,1,1,1,0,0,1,0,4,1,1,1,1,3,1
7765,1,1,1,1,1,0,0,1,0,4,1,2,1,1,3,1
7766,1,1,1,1,1,0,0,1,0,4,1,3,1,1,3,1
7767,1,1,1,1,1,0,0,1,0,4,2,1,1,1,3,1
7768,1,1,1,1,1,0,0,1,0,4,2,2,1,1,3,1
7769,1,1,1,1,1,0,0,1,0,4,2,3,1,1,3,1
7770,1,1,1,1,1,0,0,1,1,0,1,1,0,1,3,1
7771,1,1,1,1,1,0,0,1,1,0,1,2,0,1,3,1
7772,1,1,1,1,1,0,0,1,1,0,1,3,0,1,3,1
7773,1,1,1,1,1,0,0,1,1,0,2,1,0,1,3,1
7774,1,1,1,1,1,0,0,1,1,0,2,2,0,1,3,1
7775,1,1,1,1,1,0,0,1,1,0,2,3,0,1,3,1
7776,1,1,1,1,1,0,0,1,1,1,1,1,0,1,3,1
7777,1,1,1,1,1,0,0,1,1,1,1,2,0,1,3,1
7778,1,1,1,1,1,0,0,1,1,1,1,3,0,1,3,1
7779,1,1,1,1,1,0,0,1,1,1,2,1,0,1,3,1
7780,1,1,1,1,1,0,0,1,1,1,2,2,0,1,3,1
7781,1,1,1,1,1,0,0,1,1,1,2,3,0,1,3,1
7782,1,1,1,1,1,0,0,1,1,2,1,1,0,1,3,1
7783,1,1,1,1,1,0,0,1,1,2,1,2,0,1,3,1
7784,1,1,1,1,1,0,0,1,1,2,1,3,0,1,3,1
7785,1,1,1,1,1,0,0,1,1,2,2,1,0,1,3,1
7786,1,1,1,1,1,0,0,1,1,2,2,2,0,1,3,1
7787,1,1,1,1,1,0,0,1,1,2,2,3,0,1,3,1
7788,1,1,1,1,1,0,0,1,1,3,1,1,0,1,3,1
7789,1,1,1,1,1,0,0,1,1,3,1,2,0,1,3,1
7790,1,1,1,1,1,0,0,1,1,3,1,3,0,1,3,1
7791,1,1,1,1,1,0,0,1,1,3,2,1,0,1,3,1
7792,1,1,1,1,1,0,0,1,1,3,2,2,0,1,3,1
7793,1,1,1,1,1,0,0,1,1,3,2,3,0,1,3,1
7794,1,1,1,1,1,0,0,1,1,4,1,1,0,1,3,1
7795,1,1,1,1,1,0,0,1,1,4,1,2,0,1,3,1
7796,1,1,1,1,1,0,0,1,1,4,1,3,0,1,3,1
7797,1,1,1,1,1,0,0,1,1,4,2,1,0,1,3,1
7798,1,1,1,1,1,0,0,1,1,4,2,2,0,1,3,1
7799,1,1,1,1,1,0,0,1,1,4,2,3,0,1,3,1
7800,1,1,1,1,1,0,1,0,0,0,1,1,,0,3,0
7801,1,1,1,1,1,0,1,0,0,0,1,2,,0,3,0
7802,1,1,1,1,1,0,1,0,0,0,1,3,,0,3,0
7803,1,1,1,1,1,0,1,0,0,0,2,1,,0,3,0
7804,1,1,1,1,1,0,1,0,0,0,2,2,,0,3,0
7805,1,1,1,1,1,0,1,0,0,0,2,3,,0,3,0
7806,1,1,1,1,1,0,1,0,0,1,1,1,,0,4,0
7807,1,1,1,1,1,0,1,0,0,1,1,2,1,1,4,1
7808,1,1,1,1,1,0,1,0,0,1,1,3,1,1,4,1
7809,1,1,1,1,1,0,1,0,0,1,2,1,,0,4,0
7810,1,1,1,1,1,0,1,0,0,1,2,2,,0,4,0
7811,1,1,1,1,1,0,1,0,0,1,2,3,1,1,4,1
7812,1,1,1,1,1,0,1,0,0,2,1,1,,0,4,0
7813,1,1,1,1,1,0,1,0,0,2,1,2,1,1,4,1
7814,1,1,1,1,1,0,1,0,0,2,1,3,1,1,4,1
7815,1,1,1,1,1,0,1,0,0,2,2,1,,0,4,0
7816,1,1,1,1,1,0,1,0,0,2,2,2,,0,4,0
7817,1,1,1,1,1,0,1,0,0,2,2,3,1,1,4,1
7818,1,1,1,1,1,0,1,0,0,3,1,1,,0,4,0
7819,1,1,1,1,1,0,1,0,0,3,1,2,1,1,4,1
7820,1,1,1,1,1,0,1,0,0,3,1,3,1,1,4,1
7821,1,1,1,1,1,0,1,0,0,3,2,1,,0,4,0
7822,1,1,1,1,1,0,1,0,0,3,2,2,,0,4,0
7823,1,1,1,1,1,0,1,0,0,3,2,3,1,1,4,1
7824,1,1,1,1,1,0,1,0,0,4,1,1,,0,4,0
7825,1,1,1,1,1,0,1,0,0,4,1,2,1,1,4,1
7826,1,1,1,1,1,0,1,0,0,4,1,3,1,1,4,1
7827,1,1,1,1,1,0,1,0,0,4,2,1,,0,4,0
7828,1,1,1,1,1,0,1,0,0,4,2,2,,0,4,0
7829,1,1,1,1,1,0,1,0,0,4,2,3,1,1,4,1
7830,1,1,1,1,1,0,1,0,1,0,1,1,0,1,3,1
7831,1,1,1,1,1,0,1,0,1,0,1,2,0,1,3,1
7832,1,1,1,1,1,0,1,0,1,0,1,3,0,1,3,1
7833,1,1,1,1,1,0,1,0,1,0,2,1,0,1,3,1
7834,1,1,1,1,1,0,1,0,1,0,2,2,0,1,3,1
7835,1,1,1,1,1,0,1,0,1,0,2,3,0,1,3,1
7836,1,1,1,1,1,0,1,0,1,1,1,1,0,1,4,1
7837,1,1,1,1,1,0,1,0,1,1,1,2,0,1,4,1
7838,1,1,1,1,1,0,1,0,1,1,1,3,0,1,4,1
7839,1,1,1,1,1,0,1,0,1,1,2,1,0,1,4,1
7840,1,1,1,1,1,0,1,0,1,1,2,2,0,1,4,1
7841,1,1,1,1,1,0,1,0,1,1,2,3,0,1,4,1
7842,1,1,1,1,1,0,1,0,1,2,1,1,0,1,4,1
7843,1,1,1,1,1,0,1,0,1,2,1,2,0,1,4,1
7844,1,1,1,1,1,0,1,0,1,2,1,3,0,1,4,1
7845,1,1,1,1,1,0,1,0,1,2,2,1,0,1,4,1
7846,1,1,1,1,1,0,1,0,1,2,2,2,0,1,4,1
7847,1,1,1,1,1,0,1,0,1,2,2,3,0,1,4,1
7848,1,1,1,1,1,0,1,0,1,3,1,1,0,1,4,1
7849,1,1,1,1,1,0,1,0,1,3,1,2,0,1,4,1
7850,1,1,1,1,1,0,1,0,1,3,1,3,0,1,4,1
7851,1,1,1,1,1,0,1,0,1,3,2,1,0,1,4,1
7852,1,1,1,1,1,0,1,0,1,3,2,2,0,1,4,1
7853,1,1,1,1,1,0,1,0,1,3,2,3,0,1,4,1
7854,1,1,1,1,1,0,1,0,1,4,1,1,0,1,4,1
7855,1,1,1,1,1,0,1,0,1,4,1,2,0,1,4,1
7856,1,1,1,1,1,0,1,0,1,4,1,3,0,1,4,1
7857,1,1,1,1,1,0,1,0,1,4,2,1,0,1,4,1
7858,1,1,1,1,1,0,1,0,1,4,2,2,0,1,4,1
7859,1,1,1,1,1,0,1,0,1,4,2,3,0,1,4,1
7860,1,1,1,1,1,0,1,1,0,0,1,1,,0,3,0
7861,1,1,1,1,1,0,1,1,0,0,1,2,,0,3,0
7862,1,1,1,1,1,0,1,1,0,0,1,3,,0,3,0
7863,1,1,1,1,1,0,1,1,0,0,2,1,,0,3,0
7864,1,1,1,1,1,0,1,1,0,0,2,2,,0,3,0
7865,1,1,1,1,1,0,1,1,0,0,2,3,,0,3,0
7866,1,1,1,1,1,0,1,1,0,1,1,1,,0,4,0
7867,1,1,1,1,1,0,1,1,0,1,1,2,1,1,4,1
7868,1,1,1,1,1,0,1,1,0,1,1,3,1,1,4,1
7869,1,1,1,1,1,0,1,1,0,1,2,1,,0,4,0
7870,1,1,1,1,1,0,1,1,0,1,2,2,,0,4,0
7871,1,1,1,1,1,0,1,1,0,1,2,3,1,1,4,1
7872,1,1,1,1,1,0,1,1,0,2,1,1,,0,4,0
7873,1,1,1,1,1,0,1,1,0,2,1,2,1,1,4,1
7874,1,1,1,1,1,0,1,1,0,2,1,3,1,1,4,1
7875,1,1,1,1,1,0,1,1,0,2,2,1,,0,4,0
7876,1,1,1,1,1,0,1,1,0,2,2,2,,0,4,0
7877,1,1,1,1,1,0,1,1,0,2,2,3,1,1,4,1
7878,1,1,1,1,1,0,1,1,0,3,1,1,,0,4,0
7879,1,1,1,1,1,0,1,1,0,3,1,2,1,1,4,1
7880,1,1,1,1,1,0,1,1,0,3,1,3,1,1,4,1
7881,1,1,1,1,1,0,1,1,0,3,2,1,,0,4,0
7882,1,1,1,1,1,0,1,1,0,3,2,2,,0,4,0
7883,1,1,1,1,1,0,1,1,0,3,2,3,1,1,4,1
7884,1,1,1,1,1,0,1,1,0,4,1,1,,0,4,0
7885,1,1,1,1,1,0,1,1,0,4,1,2,1,1,4,1
7886,1,1,1,1,1,0,1,1,0,4,1,3,1,1,4,1
7887,1,1,1,1,1,0,1,1,0,4,2,1,,0,4,0
7888,1,1,1,1,1,0,1,1,0,4,2,2,,0,4,0
7889,1,1,1,1,1,0,1,1,0,4,2,3,1,1,4,1
7890,1,1,1,1,1,0,1,1,1,0,1,1,0,1,3,1
7891,1,1,1,1,1,0,1,1,1,0,1,2,0,1,3,1
7892,1,1,1,1,1,0,1,1,1,0,1,3,0,1,3,1
7893,1,1,1,1,1,0,1,1,1,0,2,1,0,1,3,1
7894,1,1,1,1,1,0,1,1,1,0,2,2,0,1,3,1
7895,1,1,1,1,1,0,1,1,1,0,2,3,0,1,3,1
7896,1,1,1,1,1,0,1,1,1,1,1,1,0,1,4,1
7897,1,1,1,1,1,0,1,1,1,1,1,2,0,1,4,1
7898,1,1,1,1,1,0,1,1,1,1,1,3,0,1,4,1
7899,1,1,1,1,1,0,1,1,1,1,2,1,0,1,4,1
7900,1,1,1,1,1,0,1,1,1,1,2,2,0,1,4,1
7901,1,1,1,1,1,0,1,1,1,1,2,3,0,1,4,1
7902,1,1,1,1,1,0,1,1,1,2,1,1,0,1,4,1
7903,1,1,1,1,1,0,1,1,1,2,1,2,0,1,4,1
7904,1,1,1,1,1,0,1,1,1,2,1,3,0,1,4,1
7905,1,1,1,1,1,0,1,1,1,2,2,1,0,1,4,1
7906,1,1,1,1,1,0,1,1,1,2,2,2,0,1,4,1
7907,1,1,1,1,1,0,1,1,1,2,2,3,0,1,4,1
7908,1,1,1,1,1,0,1,1,1,3,1,1,0,1,4,1
7909,1,1,1,1,1,0,1,1,1,3,1,2,0,1,4,1
7910,1,1,1,1,1,0,1,1,1,3,1,3,0,1,4,1
7911,1,1,1,1,1,0,1,1,1,3,2,1,0,1,4,1
7912,1,1,1,1,1,0,1,1,1,3,2,2,0,1,4,1
7913,1,1,1,1,1,0,1,1,1,3,2,3,0,1,4,1
7914,1,1,1,1,1,0,1,1,1,4,1,1,0,1,4,1
7915,1,1,1,1,1,0,1,1,1,4,1,2,0,1,4,1
7916,1,1,1,1,1,0,1,1,1,4,1,3,0,1,4,1
7917,1,1,1,1,1,0,1,1,1,4,2,1,0,1,4,1
7918,1,1,1,1,1,0,1,1,1,4,2,2,0,1,4,1
7919,1,1,1,1,1,0,1,1,1,4,2,3,0,1,4,1
7920,1,1,1,1,1,1,0,0,0,0,1,1,,0,3,0
7921,1,1,1,1,1,1,0,0,0,0,1,2,,0,3,0
7922,1,1,1,1,1,1,0,0,0,0,1,3,,0,3,0
7923,1,1,1,1,1,1,0,0,0,0,2,1,,0,3,0
7924,1,1,1,1,1,1,0,0,0,0,2,2,,0,3,0
7925,1,1,1,1,1,1,0,0,0,0,2,3,,0,3,0
7926,1,1,1,1,1,1,0,0,0,1,1,1,1,1,4,1
7927,1,1,1,1,1,1,0,0,0,1,1,2,1,1,4,1
7928,1,1,1,1,1,1,0,0,0,1,1,3,1,1,4,1
7929,1,1,1,1,1,1,0,0,0,1,2,1,1,1,4,1
7930,1,1,1,1,1,1,0,0,0,1,2,2,1,1,4,1
7931,1,1,1,1,1,1,0,0,0,1,2,3,1,1,4,1
7932,1,1,1,1,1,1,0,0,0,2,1,1,1,1,4,1
7933,1,1,1,1,1,1,0,0,0,2,1,2,1,1,4,1
7934,1,1,1,1,1,1,0,0,0,2,1,3,1,1,4,1
7935,1,1,1,1,1,1,0,0,0,2,2,1,1,1,4,1
7936,1,1,1,1,1,1,0,0,0,2,2,2,1,1,4,1
7937,1,1,1,1,1,1,0,0,0,2,2,3,1,1,4,1
7938,1,1,1,1,1,1,0,0,0,3,1,1,1,1,4,1
7939,1,1,1,1,1,1,0,0,0,3,1,2,1,1,4,1
7940,1,1,1,1,1,1,0,0,0,3,1,3,1,1,4,1
7941,1,1,1,1,1,1,0,0,0,3,2,1,1,1,4,1
7942,1,1,1,1,1,1,0,0,0,3,2,2,1,1,4,1
7943,1,1,1,1,1,1,0,0,0,3,2,3,1,1,4,1
7944,1,1,1,1,1,1,0,0,0,4,1,1,1,1,4,1
7945,1,1,1,1,1,1,0,0,0,4,1,2,1,1,4,1
7946,1,1,1,1,1,1,0,0,0,4,1,3,1,1,4,1
7947,1,1,1,1,1,1,0,0,0,4,2,1,1,1,4,1
7948,1,1,1,1,1,1,0,0,0,4,2,2,1,1,4,1
7949,1,1,1,1,1,1,0,0,0,4,2,3,1,1,4,1
7950,1,1,1,1,1,1,0,0,1,0,1,1,0,1,3,1
7951,1,1,1,1,1,1,0,0,1,0,1,2,0,1,3,1
7952,1,1,1,1,1,1,0,0,1,0,1,3,0,1,3,1
7953,1,1,1,1,1,1,0,0,1,0,2,1,0,1,3,1
7954,1,1,1,1,1,1,0,0,1,0,2,2,0,1,3,1
7955,1,1,1,1,1,1,0,0,1,0,2,3,0,1,3,1
7956,1,1,1,1,1,1,0,0,1,1,1,1,0,1,4,1
7957,1,1,1,1,1,1,0,0,1,1,1,2,0,1,4,1
7958,1,1,1,1,1,1,0,0,1,1,1,3,0,1,4,1
7959,1,1,1,1,1,1,0,0,1,1,2,1,0,1,4,1
7960,1,1,1,1,1,1,0,0,1,1,2,2,0,1,4,1
7961,1,1,1,1,1,1,0,0,1,1,2,3,0,1,4,1
7962,1,1,1,1,1,1,0,0,1,2,1,1,0,1,4,1
7963,1,1,1,1,1,1,0,0,1,2,1,2,0,1,4,1
7964,1,1,1,1,1,1,0,0,1,2,1,3,0,1,4,1
7965,1,1,1,1,1,1,0,0,1,2,2,1,0,1,4,1
7966,1,1,1,1,1,1,0,0,1,2,2,2,0,1,4,1
7967,1,1,1,1,1,1,0,0,1,2,2,3,0,1,4,1
7968,1,1,1,1,1,1,0,0,1,3,1,1,0,1,4,1
7969,1,1,1,1,1,1,0,0,1,3,1,2,0,1,4,1
7970,1,1,1,1,1,1,0,0,1,3,1,3,0,1,4,1
7971,1,1,1,1,1,1,0,0,1,3,2,1,0,1,4,1
7972,1,1,1,1,1,1,0,0,1,3,2,2,0,1,4,1
7973,1,1,1,1,1,1,0,0,1,3,2,3,0,1,4,1
7974,1,1,1,1,1,1,0,0,1,4,1,1,0,1,4,1
7975,1,1,1,1,1,1,0,0,1,4,1,2,0,1,4,1
7976,1,1,1,1,1,1,0,0,1,4,1,3,0,1,4,1
7977,1,1,1,1,1,1,0,0,1,4,2,1,0,1,4,1
7978,1,1,1,1,1,1,0,0,1,4,2,2,0,1,4,1
7979,1,1,1,1,1,1,0,0,1,4,2,3,0,1,4,1
7980,1,1,1,1,1,1,0,1,0,0,1,1,,0,3,0
7981,1,1,1,1,1,1,0,1,0,0,1,2,,0,3,0
7982,1,1,1,1,1,1,0,1,0,0,1,3,,0,3,0
7983,1,1,1,1,1,1,0,1,0,0,2,1,,0,3,0
7984,1,1,1,1,1,1,0,1,0,0,2,2,,0,3,0
7985,1,1,1,1,1,1,0,1,0,0,2,3,,0,3,0
7986,1,1,1,1,1,1,0,1,0,1,1,1,1,1,4,1
7987,1,1,1,1,1,1,0,1,0,1,1,2,1,1,4,1
7988,1,1,1,1,1,1,0,1,0,1,1,3,1,1,4,1
7989,1,1,1,1,1,1,0,1,0,1,2,1,1,1,4,1
7990,1,1,1,1,1,1,0,1,0,1,2,2,1,1,4,1
7991,1,1,1,1,1,1,0,1,0,1,2,3,1,1,4,1
7992,1,1,1,1,1,1,0,1,0,2,1,1,1,1,4,1
7993,1,1,1,1,1,1,0,1,0,2,1,2,1,1,4,1
7994,1,1,1,1,1,1,0,1,0,2,1,3,1,1,4,1
7995,1,1,1,1,1,1,0,1,0,2,2,1,1,1,4,1
7996,1,1,1,1,1,1,0,1,0,2,2,2,1,1,4,1
7997,1,1,1,1,1,1,0,1,0,2,2,3,1,1,4,1
7998,1,1,1,1,1,1,0,1,0,3,1,1,1,1,4,1
7999,1,1,1,1,1,1,0,1,0,3,1,2,1,1,4,1
8000,1,1,1,1,1,1,0,1,0,3,1,3,1,1,4,1
8001,1,1,1,1,1,1,0,1,0,3,2,1,1,1,4,1
8002,1,1,1,1,1,1,0,1,0,3,2,2,1,1,4,1
8003,1,1,1,1,1,1,0,1,0,3,2,3,1,1,4,1
8004,1,1,1,1,1,1,0,1,0,4,1,1,1,1,4,1
8005,1,1,1,1,1,1,0,1,0,4,1,2,1,1,4,1
8006,1,1,1,1,1,1,0,1,0,4,1,3,1,1,4,1
8007,1,1,1,1,1,1,0,1,0,4,2,1,1,1,4,1
8008,1,1,1,1,1,1,0,1,0,4,2,2,1,1,4,1
8009,1,1,1,1,1,1,0,1,0,4,2,3,1,1,4,1
8010,1,1,1,1,1,1,0,1,1,0,1,1,0,1,3,1
8011,1,1,1,1,1,1,0,1,1,0,1,2,0,1,3,1
8012,1,1,1,1,1,1,0,1,1,0,1,3,0,1,3,1
8013,1,1,1,1,1,1,0,1,1,0,2,1,0,1,3,1
8014,1,1,1,1,1,1,0,1,1,0,2,2,0,1,3,1
8015,1,1,1,1,1,1,0,1,1,0,2,3,0,1,3,1
8016,1,1,1,1,1,1,0,1,1,1,1,1,0,1,4,1
8017,1,1,1,1,1,1,0,1,1,1,1,2,0,1,4,1
8018,1,1,1,1,1,1,0,1,1,1,1,3,0,1,4,1
8019,1,1,1,1,1,1,0,1,1,1,2,1,0,1,4,1
8020,1,1,1,1,1,1,0,1,1,1,2,2,0,1,4,1
8021,1,1,1,1,1,1,0,1,1,1,2,3,0,1,4,1
8022,1,1,1,1,1,1,0,1,1,2,1,1,0,1,4,1
8023,1,1,1,1,1,1,0,1,1,2,1,2,0,1,4,1
8024,1,1,1,1,1,1,0,1,1,2,1,3,0,1,4,1
8025,1,1,1,1,1,1,0,1,1,2,2,1,0,1,4,1
8026,1,1,1,1,1,1,0,1,1,2,2,2,0,1,4,1
8027,1,1,1,1,1,1,0,1,1,2,2,3,0,1,4,1
8028,1,1,1,1,1,1,0,1,1,3,1,1,0,1,4,1
8029,1,1,1,1,1,1,0,1,1,3,1,2,0,1,4,1
8030,1,1,1,1,1,1,0,1,1,3,1,3,0,1,4,1
8031,1,1,1,1,1,1,0,1,1,3,2,1,0,1,4,1
8032,1,1,1,1,1,1,0,1,1,3,2,2,0,1,4,1
8033,1,1,1,1,1,1,0,1,1,3,2,3,0,1,4,1
8034,1,1,1,1,1,1,0,1,1,4,1,1,0,1,4,1
8035,1,1,1,1,1,1,0,1,1,4,1,2,0,1,4,1
8036,1,1,1,1,1,1,0,1,1,4,1,3,0,1,4,1
8037,1,1,1,1,1,1,0,1,1,4,2,1,0,1,4,1
8038,1,1,1,1,1,1,0,1,1,4,2,2,0,1,4,1
8039,1,1,1,1,1,1,0,1,1,4,2,3,0,1,4,1
8040,1,1,1,1,1,1,1,0,0,0,1,1,,0,3,0
8041,1,1,1,1,1,1,1,0,0,0,1,2,,0,3,0
8042,1,1,1,1,1,1,1,0,0,0,1,3,,0,3,0
8043,1,1,1,1,1,1,1,0,0,0,2,1,,0,3,0
8044,1,1,1,1,1,1,1,0,0,0,2,2,,0,3,0
8045,1,1,1,1,1,1,1,0,0,0,2,3,,0,3,0
8046,1,1,1,1,1,1,1,0,0,1,1,1,,0,4,0
8047,1,1,1,1,1,1,1,0,0,1,1,2,1,1,5,1
8048,1,1,1,1,1,1,1,0,0,1,1,3,1,1,5,1
8049,1,1,1,1,1,1,1,0,0,1,2,1,,0,4,0
8050,1,1,1,1,1,1,1,0,0,1,2,2,,0,4,0
8051,1,1,1,1,1,1,1,0,0,1,2,3,1,1,5,1
8052,1,1,1,1,1,1,1,0,0,2,1,1,,0,4,0
8053,1,1,1,1,1,1,1,0,0,2,1,2,1,1,5,1
8054,1,1,1,1,1,1,1,0,0,2,1,3,1,1,5,1
8055,1,1,1,1,1,1,1,0,0,2,2,1,,0,4,0
8056,1,1,1,1,1,1,1,0,0,2,2,2,,0,4,0
8057,1,1,1,1,1,1,1,0,0,2,2,3,1,1,5,1
8058,1,1,1,1,1,1,1,0,0,3,1,1,,0,4,0
8059,1,1,1,1,1,1,1,0,0,3,1,2,1,1,5,1
8060,1,1,1,1,1,1,1,0,0,3,1,3,1,1,5,1
8061,1,1,1,1,1,1,1,0,0,3,2,1,,0,4,0
8062,1,1,1,1,1,1,1,0,0,3,2,2,,0,4,0
8063,1,1,1,1,1,1,1,0,0,3,2,3,1,1,5,1
8064,1,1,1,1,1,1,1,0,0,4,1,1,,0,4,0
8065,1,1,1,1,1,1,1,0,0,4,1,2,1,1,5,1
8066,1,1,1,1,1,1,1,0,0,4,1,3,1,1,5,1
8067,1,1,1,1,1,1,1,0,0,4,2,1,,0,4,0
8068,1,1,1,1,1,1,1,0,0,4,2,2,,0,4,0
8069,1,1,1,1,1,1,1,0,0,4,2,3,1,1,5,1
8070,1,1,1,1,1,1,1,0,1,0,1,1,0,1,3,1
8071,1,1,1,1,1,1,1,0,1,0,1,2,0,1,3,1
8072,1,1,1,1,1,1,1,0,1,0,1,3,0,1,3,1
8073,1,1,1,1,1,1,1,0,1,0,2,1,0,1,3,1
8074,1,1,1,1,1,1,1,0,1,0,2,2,0,1,3,1
8075,1,1,1,1,1,1,1,0,1,0,2,3,0,1,3,1
8076,1,1,1,1,1,1,1,0,1,1,1,1,0,1,5,1
8077,1,1,1,1,1,1,1,0,1,1,1,2,0,1,5,1
8078,1,1,1,1,1,1,1,0,1,1,1,3,0,1,5,1
8079,1,1,1,1,1,1,1,0,1,1,2,1,0,1,5,1
8080,1,1,1,1,1,1,1,0,1,1,2,2,0,1,5,1
8081,1,1,1,1,1,1,1,0,1,1,2,3,0,1,5,1
8082,1,1,1,1,1,1,1,0,1,2,1,1,0,1,5,1
8083,1,1,1,1,1,1,1,0,1,2,1,2,0,1,5,1
8084,1,1,1,1,1,1,1,0,1,2,1,3,0,1,5,1
8085,1,1,1,1,1,1,1,0,1,2,2,1,0,1,5,1
8086,1,1,1,1,1,1,1,0,1,2,2,2,0,1,5,1
8087,1,1,1,1,1,1,1,0,1,2,2,3,0,1,5,1
8088,1,1,1,1,1,1,1,0,1,3,1,1,0,1,5,1
8089,1,1,1,1,1,1,1,0,1,3,1,2,0,1,5,1
8090,1,1,1,1,1,1,1,0,1,3,1,3,0,1,5,1
8091,1,1,1,1,1,1,1,0,1,3,2,1,0,1,5,1
8092,1,1,1,1,1,1,1,0,1,3,2,2,0,1,5,1
8093,1,1,1,1,1,1,1,0,1,3,2,3,0,1,5,1
8094,1,1,1,1,1,1,1,0,1,4,1,1,0,1,5,1
8095,1,1,1,1,1,1,1,0,1,4,1,2,0,1,5,1
8096,1,1,1,1,1,1,1,0,1,4,1,3,0,1,5,1
8097,1,1,1,1,1,1,1,0,1,4,2,1,0,1,5,1
8098,1,1,1,1,1,1,1,0,1,4,2,2,0,1,5,1
8099,1,1,1,1,1,1,1,0,1,4,2,3,0,1,5,1
8100,1,1,1,1,1,1,1,1,0,0,1,1,,0,3,0
8101,1,1,1,1,1,1,1,1,0,0,1,2,,0,3,0
8102,1,1,1,1,1,1,1,1,0,0,1,3,,0,3,0
8103,1,1,1,1,1,1,1,1,0,0,2,1,,0,3,0
8104,1,1,1,1,1,1,1,1,0,0,2,2,,0,3,0
8105,1,1,1,1,1,1,1,1,0,0,2,3,,0,3,0
8106,1,1,1,1,1,1,1,1,0,1,1,1,,0,4,0
8107,1,1,1,1,1,1,1,1,0,1,1,2,1,1,6,1
8108,1,1,1,1,1,1,1,1,0,1,1,3,1,1,6,1
8109,1,1,1,1,1,1,1,1,0,1,2,1,,0,4,0
8110,1,1,1,1,1,1,1,1,0,1,2,2,,0,4,0
8111,1,1,1,1,1,1,1,1,0,1,2,3,1,1,6,1
8112,1,1,1,1,1,1,1,1,0,2,1,1,,0,4,0
8113,1,1,1,1,1,1,1,1,0,2,1,2,1,1,6,1
8114,1,1,1,1,1,1,1,1,0,2,1,3,1,1,6,1
8115,1,1,1,1,1,1,1,1,0,2,2,1,,0,4,0
8116,1,1,1,1,1,1,1,1,0,2,2,2,,0,4,0
8117,1,1,1,1,1,1,1,1,0,2,2,3,1,1,6,1
8118,1,1,1,1,1,1,1,1,0,3,1,1,,0,4,0
8119,1,1,1,1,1,1,1,1,0,3,1,2,1,1,6,1
8120,1,1,1,1,1,1,1,1,0,3,1,3,1,1,6,1
8121,1,1,1,1,1,1,1,1,0,3,2,1,,0,4,0
8122,1,1,1,1,1,1,1,1,0,3,2,2,,0,4,0
8123,1,1,1,1,1,1,1,1,0,3,2,3,1,1,6,1
8124,1,1,1,1,1,1,1,1,0,4,1,1,,0,4,0
8125,1,1,1,1,1,1,1,1,0,4,1,2,1,1,6,1
8126,1,1,1,1,1,1,1,1,0,4,1,3,1,1,6,1
8127,1,1,1,1,1,1,1,1,0,4,2,1,,0,4,0
8128,1,1,1,1,1,1,1,1,0,4,2,2,,0,4,0
8129,1,1,1,1,1,1,1,1,0,4,2,3,1,1,6,1
8130,1,1,1,1,1,1,1,1,1,0,1,1,0,1,3,1
8131,1,1,1,1,1,1,1,1,1,0,1,2,0,1,3,1
8132,1,1,1,1,1,1,1,1,1,0,1,3,0,1,3,1
8133,1,1,1,1,1,1,1,1,1,0,2,1,0,1,3,1
8134,1,1,1,1,1,1,1,1,1,0,2,2,0,1,3,1
8135,1,1,1,1,1,1,1,1,1,0,2,3,0,1,3,1
8136,1,1,1,1,1,1,1,1,1,1,1,1,0,1,6,1
8137,1,1,1,1,1,1,1,1,1,1,1,2,0,1,6,1
8138,1,1,1,1,1,1,1,1,1,1,1,3,0,1,6,1
8139,1,1,1,1,1,1,1,1,1,1,2,1,0,1,6,1
8140,1,1,1,1,1,1,1,1,1,1,2,2,0,1,6,1
8141,1,1,1,1,1,1,1,1,1,1,2,3,0,1,6,1
8142,1,1,1,1,1,1,1,1,1,2,1,1,0,1,6,1
8143,1,1,1,1,1,1,1,1,1,2,1,2,0,1,6,1
8144,1,1,1,1,1,1,1,1,1,2,1,3,0,1,6,1
8145,1,1,1,1,1,1,1,1,1,2,2,1,0,1,6,1
8146,1,1,1,1,1,1,1,1,1,2,2,2,0,1,6,1
8147,1,1,1,1,1,1,1,1,1,2,2,3,0,1,6,1
8148,1,1,1,1,1,1,1,1,1,3,1,1,0,1,6,1
8149,1,1,1,1,1,1,1,1,1,3,1,2,0,1,6,1
8150,1,1,1,1,1,1,1,1,1,3,1,3,0,1,6,1
8151,1,1,1,1,1,1,1,1,1,3,2,1,0,1,6,1
8152,1,1,1,1,1,1,1,1,1,3,2,2,0,1,6,1
8153,1,1,1,1,1,1,1,1,1,3,2,3,0,1,6,1
8154,1,1,1,1,1,1,1,1,1,4,1,1,0,1,6,1
8155,1,1,1,1,1,1,1,1,1,4,1,2,0,1,6,1
8156,1,1,1,1,1,1,1,1,1,4,1,3,0,1,6,1
8157,1,1,1,1,1,1,1,1,1,4,2,1,0,1,6,1
8158,1,1,1,1,1,1,1,1,1,4,2,2,0,1,6,1
8159,1,1,1,1,1,1,1,1,1,4,2,3,0,1,6,1
8160,1,1,1,1,2,0,0,0,0,0,1,1,,0,4,0
8161,1,1,1,1,2,0,0,0,0,0,1,2,,0,3,0
8162,1,1,1,1,2,0,0,0,0,0,1,3,,0,3,0
8163,1,1,1,1,2,0,0,0,0,0,2,1,,0,4,0
8164,1,1,1,1,2,0,0,0,0,0,2,2,,0,3,0
8165,1,1,1,1,2,0,0,0,0,0,2,3,,0,3,0
8166,1,1,1,1,2,0,0,0,0,1,1,1,1,1,4,1
8167,1,1,1,1,2,0,0,0,0,1,1,2,1,1,3,1
8168,1,1,1,1,2,0,0,0,0,1,1,3,1,1,3,1
8169,1,1,1,1,2,0,0,0,0,1,2,1,1,1,4,1
8170,1,1,1,1,2,0,0,0,0,1,2,2,1,1,3,1
8171,1,1,1,1,2,0,0,0,0,1,2,3,1,1,3,1
8172,1,1,1,1,2,0,0,0,0,2,1,1,1,1,4,1
8173,1,1,1,1,2,0,0,0,0,2,1,2,1,1,3,1
8174,1,1,1,1,2,0,0,0,0,2,1,3,1,1,3,1
8175,1,1,1,1,2,0,0,0,0,2,2,1,1,1,4,1
8176,1,1,1,1,2,0,0,0,0,2,2,2,1,1,3,1
8177,1,1,1,1,2,0,0,0,0,2,2,3,1,1,3,1
8178,1,1,1,1,2,0,0,0,0,3,1,1,1,1,4,1
8179,1,1,1,1,2,0,0,0,0,3,1,2,1,1,3,1
8180,1,1,1,1,2,0,0,0,0,3,1,3,1,1,3,1
8181,1,1,1,1,2,0,0,0,0,3,2,1,1,1,4,1
8182,1,1,1,1,2,0,0,0,0,3,2,2,1,1,3,1
8183,1,1,1,1,2,0,0,0,0,3,2,3,1,1,3,1
8184,1,1,1,1,2,0,0,0,0,4,1,1,1,1,4,1
8185,1,1,1,1,2,0,0,0,0,4,1,2,1,1,3,1
8186,1,1,1,1,2,0,0,0,0,4,1,3,1,1,3,1
8187,1,1,1,1,2,0,0,0,0,4,2,1,1,1,4,1
8188,1,1,1,1,2,0,0,0,0,4,2,2,1,1,3,1
8189,1,1,1,1,2,0,0,0,0,4,2,3,1,1,3,1
8190,1,1,1,1,2,0,0,0,1,0,1,1,0,1,4,1
8191,1,1,1,1,2,0,0,0,1,0,1,2,0,1,3,1
8192,1,1,1,1,2,0,0,0,1,0,1,3,0,1,3,1
8193,1,1,1,1,2,0,0,0,1,0,2,1,0,1,4,1
8194,1,1,1,1,2,0,0,0,1,0,2,2,0,1,3,1
8195,1,1,1,1,2,0,0,0,1,0,2,3,0,1,3,1
8196,1,1,1,1,2,0,0,0,1,1,1,1,0,1,4,1
8197,1,1,1,1,2,0,0,0,1,1,1,2,0,1,3,1
8198,1,1,1,1,2,0,0,0,1,1,1,3,0,1,3,1
8199,1,1,1,1,2,0,0,0,1,1,2,1,0,1,4,1
8200,1,1,1,1,2,0,0,0,1,1,2,2,0,1,3,1
8201,1,1,1,1,2,0,0,0,1,1,2,3,0,1,3,1
8202,1,1,1,1,2,0,0,0,1,2,1,1,0,1,4,1
8203,1,1,1,1,2,0,0,0,1,2,1,2,0,1,3,1
8204,1,1,1,1,2,0,0,0,1,2,1,3,0,1,3,1
8205,1,1,1,1,2,0,0,0,1,2,2,1,0,1,4,1
8206,1,1,1,1,2,0,0,0,1,2,2,2,0,1,3,1
8207,1,1,1,1,2,0,0,0,1,2,2,3,0,1,3,1
8208,1,1,1,1,2,0,0,0,1,3,1,1,0,1,4,1
8209,1,1,1,1,2,0,0,0,1,3,1,2,0,1,3,1
8210,1,1,1,1,2,0,0,0,1,3,1,3,0,1,3,1
8211,1,1,1,1,2,0,0,0,1,3,2,1,0,1,4,1
8212,1,1,1,1,2,0,0,0,1,3,2,2,0,1,3,1
8213,1,1,1,1,2,0,0,0,1,3,2,3,0,1,3,1
8214,1,1,1,1,2,0,0,0,1,4,1,1,0,1,4,1
8215,1,1,1,1,2,0,0,0,1,4,1,2,0,1,3,1
8216,1,1,1,1,2,0,0,0,1,4,1,3,0,1,3,1
8217,1,1,1,1,2,0,0,0,1,4,2,1,0,1,4,1
8218,1,1,1,1,2,0,0,0,1,4,2,2,0,1,3,1
8219,1,1,1,1,2,0,0,0,1,4,2,3,0,1,3,1
8220,1,1,1,1,2,0,0,1,0,0,1,1,,0,4,0
8221,1,1,1,1,2,0,0,1,0,0,1,2,,0,3,0
8222,1,1,1,1,2,0,0,1,0,0,1,3,,0,3,0
8223,1,1,1,1,2,0,0,1,0,0,2,1,,0,4,0
8224,1,1,1,1,2,0,0,1,0,0,2,2,,0,3,0
8225,1,1,1,1,2,0,0,1,0,0,2,3,,0,3,0
8226,1,1,1,1,2,0,0,1,0,1,1,1,1,1,4,1
8227,1,1,1,1,2,0,0,1,0,1,1,2,1,1,3,1
8228,1,1,1,1,2,0,0,1,0,1,1,3,1,1,3,1
8229,1,1,1,1,2,0,0,1,0,1,2,1,1,1,4,1
8230,1,1,1,1,2,0,0,1,0,1,2,2,1,1,3,1
8231,1,1,1,1,2,0,0,1,0,1,2,3,1,1,3,1
8232,1,1,1,1,2,0,0,1,0,2,1,1,1,1,4,1
8233,1,1,1,1,2,0,0,1,0,2,1,2,1,1,3,1
8234,1,1,1,1,2,0,0,1,0,2,1,3,1,1,3,1
8235,1,1,1,1,2,0,0,1,0,2,2,1,1,1,4,1
8236,1,1,1,1,2,0,0,1,0,2,2,2,1,1,3,1
8237,1,1,1,1,2,0,0,1,0,2,2,3,1,1,3,1
8238,1,1,1,1,2,0,0,1,0,3,1,1,1,1,4,1
8239,1,1,1,1,2,0,0,1,0,3,1,2,1,1,3,1
8240,1,1,1,1,2,0,0,1,0,3,1,3,1,1,3,1
8241,1,1,1,1,2,0,0,1,0,3,2,1,1,1,4,1
8242,1,1,1,1,2,0,0,1,0,3,2,2,1,1,3,1
8243,1,1,1,1,2,0,0,1,0,3,2,3,1,1,3,1
8244,1,1,1,1,2,0,0,1,0,4,1,1,1,1,4,1
8245,1,1,1,1,2,0,0,1,0,4,1,2,1,1,3,1
8246,1,1,1,1,2,0,0,1,0,4,1,3,1,1,3,1
8247,1,1,1,1,2,0,0,1,0,4,2,1,1,1,4,1
8248,1,1,1,1,2,0,0,1,0,4,2,2,1,1,3,1
8249,1,1,1,1,2,0,0,1,0,4,2,3,1,1,3,1
8250,1,1,1,1,2,0,0,1,1,0,1,1,0,1,4,1
8251,1,1,1,1,2,0,0,1,1,0,1,2,0,1,3,1
8252,1,1,1,1,2,0,0,1,1,0,1,3,0,1,3,1
8253,1,1,1,1,2,0,0,1,1,0,2,1,0,1,4,1
8254,1,1,1,1,2,0,0,1,1,0,2,2,0,1,3,1
8255,1,1,1,1,2,0,0,1,1,0,2,3,0,1,3,1
8256,1,1,1,1,2,0,0,1,1,1,1,1,0,1,4,1
8257,1,1,1,1,2,0,0,1,1,1,1,2,0,1,3,1
8258,1,1,1,1,2,0,0,1,1,1,1,3,0,1,3,1
8259,1,1,1,1,2,0,0,1,1,1,2,1,0,1,4,1
8260,1,1,1,1,2,0,0,1,1,1,2,2,0,1,3,1
8261,1,1,1,1,2,0,0,1,1,1,2,3,0,1,3,1
8262,1,1,1,1,2,0,0,1,1,2,1,1,0,1,4,1
8263,1,1,1,1,2,0,0,1,1,2,1,2,0,1,3,1
8264,1,1,1,1,2,0,0,1,1,2,1,3,0,1,3,1
8265,1,1,1,1,2,0,0,1,1,2,2,1,0,1,4,1
8266,1,1,1,1,2,0,0,1,1,2,2,2,0,1,3,1
8267,1,1,1,1,2,0,0,1,1,2,2,3,0,1,3,1
8268,1,1,1,1,2,0,0,1,1,3,1,1,0,1,4,1
8269,1,1,1,1,2,0,0,1,1,3,1,2,0,1,3,1
8270,1,1,1,1,2,0,0,1,1,3,1,3,0,1,3,1
8271,1,1,1,1,2,0,0,1,1,3,2,1,0,1,4,1
8272,1,1,1,1,2,0,0,1,1,3,2,2,0,1,3,1
8273,1,1,1,1,2,0,0,1,1,3,2,3,0,1,3,1
8274,1,1,1,1,2,0,0,1,1,4,1,1,0,1,4,1
8275,1,1,1,1,2,0,0,1,1,4,1,2,0,1,3,1
8276,1,1,1,1,2,0,0,1,1,4,1,3,0,1,3,1
8277,1,1,1,1,2,0,0,1,1,4,2,1,0,1,4,1
8278,1,1,1,1,2,0,0,1,1,4,2,2,0,1,3,1
8279,1,1,1,1,2,0,0,1,1,4,2,3,0,1,3,1
8280,1,1,1,1,2,0,1,0,0,0,1,1,,0,4,0
8281,1,1,1,1,2,0,1,0,0,0,1,2,,0,3,0
8282,1,1,1,1,2,0,1,0,0,0,1,3,,0,3,0
8283,1,1,1,1,2,0,1,0,0,0,2,1,,0,4,0
8284,1,1,1,1,2,0,1,0,0,0,2,2,,0,3,0
8285,1,1,1,1,2,0,1,0,0,0,2,3,,0,3,0
8286,1,1,1,1,2,0,1,0,0,1,1,1,,0,5,0
8287,1,1,1,1,2,0,1,0,0,1,1,2,1,1,5,1
8288,1,1,1,1,2,0,1,0,0,1,1,3,1,1,4,1
8289,1,1,1,1,2,0,1,0,0,1,2,1,,0,5,0
8290,1,1,1,1,2,0,1,0,0,1,2,2,,0,4,0
8291,1,1,1,1,2,0,1,0,0,1,2,3,1,1,5,1
8292,1,1,1,1,2,0,1,0,0,2,1,1,,0,5,0
8293,1,1,1,1,2,0,1,0,0,2,1,2,1,1,5,1
8294,1,1,1,1,2,0,1,0,0,2,1,3,1,1,4,1
8295,1,1,1,1,2,0,1,0,0,2,2,1,,0,5,0
8296,1,1,1,1,2,0,1,0,0,2,2,2,,0,4,0
8297,1,1,1,1,2,0,1,0,0,2,2,3,1,1,5,1
8298,1,1,1,1,2,0,1,0,0,3,1,1,,0,5,0
8299,1,1,1,1,2,0,1,0,0,3,1,2,1,1,5,1
8300,1,1,1,1,2,0,1,0,0,3,1,3,1,1,4,1
8301,1,1,1,1,2,0,1,0,0,3,2,1,,0,5,0
8302,1,1,1,1,2,0,1,0,0,3,2,2,,0,4,0
8303,1,1,1,1,2,0,1,0,0,3,2,3,1,1,5,1
8304,1,1,1,1,2,0,1,0,0,4,1,1,,0,5,0
8305,1,1,1,1,2,0,1,0,0,4,1,2,1,1,5,1
8306,1,1,1,1,2,0,1,0,0,4,1,3,1,1,4,1
8307,1,1,1,1,2,0,1,0,0,4,2,1,,0,5,0
8308,1,1,1,1,2,0,1,0,0,4,2,2,,0,4,0
8309,1,1,1,1,2,0,1,0,0,4,2,3,1,1,5,1
8310,1,1,1,1,2,0,1,0,1,0,1,1,0,1,4,1
8311,1,1,1,1,2,0,1,0,1,0,1,2,0,1,3,1
8312,1,1,1,1,2,0,1,0,1,0,1,3,0,1,3,1
8313,1,1,1,1,2,0,1,0,1,0,2,1,0,1,4,1
8314,1,1,1,1,2,0,1,0,1,0,2,2,0,1,3,1
8315,1,1,1,1,2,0,1,0,1,0,2,3,0,1,3,1
8316,1,1,1,1,2,0,1,0,1,1,1,1,0,1,5,1
8317,1,1,1,1,2,0,1,0,1,1,1,2,0,1,5,1
8318,1,1,1,1,2,0,1,0,1,1,1,3,0,1,4,1
8319,1,1,1,1,2,0,1,0,1,1,2,1,0,1,5,1
8320,1,1,1,1,2,0,1,0,1,1,2,2,0,1,4,1
8321,1,1,1,1,2,0,1,0,1,1,2,3,0,1,5,1
8322,1,1,1,1,2,0,1,0,1,2,1,1,0,1,5,1
8323,1,1,1,1,2,0,1,0,1,2,1,2,0,1,5,1
8324,1,1,1,1,2,0,1,0,1,2,1,3,0,1,4,1
8325,1,1,1,1,2,0,1,0,1,2,2,1,0,1,5,1
8326,1,1,1,1,2,0,1,0,1,2,2,2,0,1,4,1
8327,1,1,1,1,2,0,1,0,1,2,2,3,0,1,5,1
8328,1,1,1,1,2,0,1,0,1,3,1,1,0,1,5,1
8329,1,1,1,1,2,0,1,0,1,3,1,2,0,1,5,1
8330,1,1,1,1,2,0,1,0,1,3,1,3,0,1,4,1
8331,1,1,1,1,2,0,1,0,1,3,2,1,0,1,5,1
8332,1,1,1,1,2,0,1,0,1,3,2,2,0,1,4,1
8333,1,1,1,1,2,0,1,0,1,3,2,3,0,1,5,1
8334,1,1,1,1,2,0,1,0,1,4,1,1,0,1,5,1
8335,1,1,1,1,2,0,1,0,1,4,1,2,0,1,5,1
8336,1,1,1,1,2,0,1,0,1,4,1,3,0,1,4,1
8337,1,1,1,1,2,0,1,0,1,4,2,1,0,1,5,1
8338,1,1,1,1,2,0,1,0,1,4,2,2,0,1,4,1
8339,1,1,1,1,2,0,1,0,1,4,2,3,0,1,5,1
8340,1,1,1,1,2,0,1,1,0,0,1,1,,0,4,0
8341,1,1,1,1,2,0,1,1,0,0,1,2,,0,3,0
8342,1,1,1,1,2,0,1,1,0,0,1,3,,0,3,0
8343,1,1,1,1,2,0,1,1,0,0,2,1,,0,4,0
8344,1,1,1,1,2,0,1,1,0,0,2,2,,0,3,0
8345,1,1,1,1,2,0,1,1,0,0,2,3,,0,3,0
8346,1,1,1,1,2,0,1,1,0,1,1,1,,0,5,0
8347,1,1,1,1,2,0,1,1,0,1,1,2,1,1,5,1
8348,1,1,1,1,2,0,1,1,0,1,1,3,1,1,4,1
8349,1,1,1,1,2,0,1,1,0,1,2,1,,0,5,0
8350,1,1,1,1,2,0,1,1,0,1,2,2,,0,4,0
8351,1,1,1,1,2,0,1,1,0,1,2,3,1,1,5,1
8352,1,1,1,1,2,0,1,1,0,2,1,1,,0,5,0
8353,1,1,1,1,2,0,1,1,0,2,1,2,1,1,5,1
8354,1,1,1,1,2,0,1,1,0,2,1,3,1,1,4,1
8355,1,1,1,1,2,0,1,1,0,2,2,1,,0,5,0
8356,1,1,1,1,2,0,1,1,0,2,2,2,,0,4,0
8357,1,1,1,1,2,0,1,1,0,2,2,3,1,1,5,1
8358,1,1,1,1,2,0,1,1,0,3,1,1,,0,5,0
8359,1,1,1,1,2,0,1,1,0,3,1,2,1,1,5,1
8360,1,1,1,1,2,0,1,1,0,3,1,3,1,1,4,1
8361,1,1,1,1,2,0,1,1,0,3,2,1,,0,5,0
8362,1,1,1,1,2,0,1,1,0,3,2,2,,0,4,0
8363,1,1,1,1,2,0,1,1,0,3,2,3,1,1,5,1
8364,1,1,1,1,2,0,1,1,0,4,1,1,,0,5,0
8365,1,1,1,1,2,0,1,1,0,4,1,2,1,1,5,1
8366,1,1,1,1,2,0,1,1,0,4,1,3,1,1,4,1
8367,1,1,1,1,2,0,1,1,0,4,2,1,,0,5,0
8368,1,1,1,1,2,0,1,1,0,4,2,2,,0,4,0
8369,1,1,1,1,2,0,1,1,0,4,2,3,1,1,5,1
8370,1,1,1,1,2,0,1,1,1,0,1,1,0,1,4,1
8371,1,1,1,1,2,0,1,1,1,0,1,2,0,1,3,1
8372,1,1,1,1,2,0,1,1,1,0,1,3,0,1,3,1
8373,1,1,1,1,2,0,1,1,1,0,2,1,0,1,4,1
8374,1,1,1,1,2,0,1,1,1,0,2,2,0,1,3,1
8375,1,1,1,1,2,0,1,1,1,0,2,3,0,1,3,1
8376,1,1,1,1,2,0,1,1,1,1,1,1,0,1,5,1
8377,1,1,1,1,2,0,1,1,1,1,1,2,0,1,5,1
8378,1,1,1,1,2,0,1,1,1,1,1,3,0,1,4,1
8379,1,1,1,1,2,0,1,1,1,1,2,1,0,1,5,1
8380,1,1,1,1,2,0,1,1,1,1,2,2,0,1,4,1
8381,1,1,1,1,2,0,1,1,1,1,2,3,0,1,5,1
8382,1,1,1,1,2,0,1,1,1,2,1,1,0,1,5,1
8383,1,1,1,1,2,0,1,1,1,2,1,2,0,1,5,1
8384,1,1,1,1,2,0,1,1,1,2,1,3,0,1,4,1
8385,1,1,1,1,2,0,1,1,1,2,2,1,0,1,5,1
8386,1,1,1,1,2,0,1,1,1,2,2,2,0,1,4,1
8387,1,1,1,1,2,0,1,1,1,2,2,3,0,1,5,1
8388,1,1,1,1,2,0,1,1,1,3,1,1,0,1,5,1
8389,1,1,1,1,2,0,1,1,1,3,1,2,0,1,5,1
8390,1,1,1,1,2,0,1,1,1,3,1,3,0,1,4,1
8391,1,1,1,1,2,0,1,1,1,3,2,1,0,1,5,1
8392,1,1,1,1,2,0,1,1,1,3,2,2,0,1,4,1
8393,1,1,1,1,2,0,1,1,1,3,2,3,0,1,5,1
8394,1,1,1,1,2,0,1,1,1,4,1,1,0,1,5,1
8395,1,1,1,1,2,0,1,1,1,4,1,2,0,1,5,1
8396,1,1,1,1,2,0,1,1,1,4,1,3,0,1,4,1
8397,1,1,1,1,2,0,1,1,1,4,2,1,0,1,5,1
8398,1,1,1,1,2,0,1,1,1,4,2,2,0,1,4,1
8399,1,1,1,1,2,0,1,1,1,4,2,3,0,1,5,1
8400,1,1,1,1,2,1,0,0,0,0,1,1,,0,4,0
8401,1,1,1,1,2,1,0,0,0,0,1,2,,0,3,0
8402,1,1,1,1,2,1,0,0,0,0,1,3,,0,3,0
8403,1,1,1,1,2,1,0,0,0,0,2,1,,0,4,0
8404,1,1,1,1,2,1,0,0,0,0,2,2,,0,3,0
8405,1,1,1,1,2,1,0,0,0,0,2,3,,0,3,0
8406,1,1,1,1,2,1,0,0,0,1,1,1,,0,5,0
8407,1,1,1,1,2,1,0,0,0,1,1,2,1,1,4,1
8408,1,1,1,1,2,1,0,0,0,1,1,3,1,1,4,1
8409,1,1,1,1,2,1,0,0,0,1,2,1,,0,5,0
8410,1,1,1,1,2,1,0,0,0,1,2,2,1,1,4,1
8411,1,1,1,1,2,1,0,0,0,1,2,3,1,1,4,1
8412,1,1,1,1,2,1,0,0,0,2,1,1,,0,5,0
8413,1,1,1,1,2,1,0,0,0,2,1,2,1,1,4,1
8414,1,1,1,1,2,1,0,0,0,2,1,3,1,1,4,1
8415,1,1,1,1,2,1,0,0,0,2,2,1,,0,5,0
8416,1,1,1,1,2,1,0,0,0,2,2,2,1,1,4,1
8417,1,1,1,1,2,1,0,0,0,2,2,3,1,1,4,1
8418,1,1,1,1,2,1,0,0,0,3,1,1,,0,5,0
8419,1,1,1,1,2,1,0,0,0,3,1,2,1,1,4,1
8420,1,1,1,1,2,1,0,0,0,3,1,3,1,1,4,1
8421,1,1,1,1,2,1,0,0,0,3,2,1,,0,5,0
8422,1,1,1,1,2,1,0,0,0,3,2,2,1,1,4,1
8423,1,1,1,1,2,1,0,0,0,3,2,3,1,1,4,1
8424,1,1,1,1,2,1,0,0,0,4,1,1,,0,5,0
8425,1,1,1,1,2,1,0,0,0,4,1,2,1,1,4,1
8426,1,1,1,1,2,1,0,0,0,4,1,3,1,1,4,1
8427,1,1,1,1,2,1,0,0,0,4,2,1,,0,5,0
8428,1,1,1,1,2,1,0,0,0,4,2,2,1,1,4,1
8429,1,1,1,1,2,1,0,0,0,4,2,3,1,1,4,1
8430,1,1,1,1,2,1,0,0,1,0,1,1,0,1,4,1
8431,1,1,1,1,2,1,0,0,1,0,1,2,0,1,3,1
8432,1,1,1,1,2,1,0,0,1,0,1,3,0,1,3,1
8433,1,1,1,1,2,1,0,0,1,0,2,1,0,1,4,1
8434,1,1,1,1,2,1,0,0,1,0,2,2,0,1,3,1
8435,1,1,1,1,2,1,0,0,1,0,2,3,0,1,3,1
8436,1,1,1,1,2,1,0,0,1,1,1,1,0,1,5,1
8437,1,1,1,1,2,1,0,0,1,1,1,2,0,1,4,1
8438,1,1,1,1,2,1,0,0,1,1,1,3,0,1,4,1
8439,1,1,1,1,2,1,0,0,1,1,2,1,0,1,5,1
8440,1,1,1,1,2,1,0,0,1,1,2,2,0,1,4,1
8441,1,1,1,1,2,1,0,0,1,1,2,3,0,1,4,1
8442,1,1,1,1,2,1,0,0,1,2,1,1,0,1,5,1
8443,1,1,1,1,2,1,0,0,1,2,1,2,0,1,4,1
8444,1,1,1,1,2,1,0,0,1,2,1,3,0,1,4,1
8445,1,1,1,1,2,1,0,0,1,2,2,1,0,1,5,1
8446,1,1,1,1,2,1,0,0,1,2,2,2,0,1,4,1
8447,1,1,1,1,2,1,0,0,1,2,2,3,0,1,4,1
8448,1,1,1,1,2,1,0,0,1,3,1,1,0,1,5,1
8449,1,1,1,1,2,1,0,0,1,3,1,2,0,1,4,1
8450,1,1,1,1,2,1,0,0,1,3,1,3,0,1,4,1
8451,1,1,1,1,2,1,0,0,1,3,2,1,0,1,5,1
8452,1,1,1,1,2,1,0,0,1,3,2,2,0,1,4,1
8453,1,1,1,1,2,1,0,0,1,3,2,3,0,1,4,1
8454,1,1,1,1,2,1,0,0,1,4,1,1,0,1,5,1
8455,1,1,1,1,2,1,0,0,1,4,1,2,0,1,4,1
8456,1,1,1,1,2,1,0,0,1,4,1,3,0,1,4,1
8457,1,1,1,1,2,1,0,0,1,4,2,1,0,1,5,1
8458,1,1,1,1,2,1,0,0,1,4,2,2,0,1,4,1
8459,1,1,1,1,2,1,0,0,1,4,2,3,0,1,4,1
8460,1,1,1,1,2,1,0,1,0,0,1,1,,0,4,0
8461,1,1,1,1,2,1,0,1,0,0,1,2,,0,3,0
8462,1,1,1,1,2,1,0,1,0,0,1,3,,0,3,0
8463,1,1,1,1,2,1,0,1,0,0,2,1,,0,4,0
8464,1,1,1,1,2,1,0,1,0,0,2,2,,0,3,0
8465,1,1,1,1,2,1,0,1,0,0,2,3,,0,3,0
8466,1,1,1,1,2,1,0,1,0,1,1,1,1,1,5,1
8467,1,1,1,1,2,1,0,1,0,1,1,2,1,1,4,1
8468,1,1,1,1,2,1,0,1,0,1,1,3,1,1,4,1
8469,1,1,1,1,2,1,0,1,0,1,2,1,1,1,5,1
8470,1,1,1,1,2,1,0,1,0,1,2,2,1,1,4,1
8471,1,1,1,1,2,1,0,1,0,1,2,3,1,1,4,1
8472,1,1,1,1,2,1,0,1,0,2,1,1,1,1,5,1
8473,1,1,1,1,2,1,0,1,0,2,1,2,1,1,4,1
8474,1,1,1,1,2,1,0,1,0,2,1,3,1,1,4,1
8475,1,1,1,1,2,1,0,1,0,2,2,1,1,1,5,1
8476,1,1,1,1,2,1,0,1,0,2,2,2,1,1,4,1
8477,1,1,1,1,2,1,0,1,0,2,2,3,1,1,4,1
8478,1,1,1,1,2,1,0,1,0,3,1,1,1,1,5,1
8479,1,1,1,1,2,1,0,1,0,3,1,2,1,1,4,1
8480,1,1,1,1,2,1,0,1,0,3,1,3,1,1,4,1
8481,1,1,1,1,2,1,0,1,0,3,2,1,1,1,5,1
8482,1,1,1,1,2,1,0,1,0,3,2,2,1,1,4,1
8483,1,1,1,1,2,1,0,1,0,3,2,3,1,1,4,1
8484,1,1,1,1,2,1,0,1,0,4,1,1,1,1,5,1
8485,1,1,1,1,2,1,0,1,0,4,1,2,1,1,4,1
8486,1,1,1,1,2,1,0,1,0,4,1,3,1,1,4,1
8487,1,1,1,1,2,1,0,1,0,4,2,1,1,1,5,1
8488,1,1,1,1,2,1,0,1,0,4,2,2,1,1,4,1
8489,1,1,1,1,2,1,0,1,0,4,2,3,1,1,4,1
8490,1,1,1,1,2,1,0,1,1,0,1,1,0,1,4,1
8491,1,1,1,1,2,1,0,1,1,0,1,2,0,1,3,1
8492,1,1,1,1,2,1,0,1,1,0,1,3,0,1,3,1
8493,1,1,1,1,2,1,0,1,1,0,2,1,0,1,4,1
8494,1,1,1,1,2,1,0,1,1,0,2,2,0,1,3,1
8495,1,1,1,1,2,1,0,1,1,0,2,3,0,1,3,1
8496,1,1,1,1,2,1,0,1,1,1,1,1,0,1,5,1
8497,1,1,1,1,2,1,0,1,1,1,1,2,0,1,4,1
8498,1,1,1,1,2,1,0,1,1,1,1,3,0,1,4,1
8499,1,1,1,1,2,1,0,1,1,1,2,1,0,1,5,1
8500,1,1,1,1,2,1,0,1,1,1,2,2,0,1,4,1
8501,1,1,1,1,2,1,0,1,1,1,2,3,0,1,4,1
8502,1,1,1,1,2,1,0,1,1,2,1,1,0,1,5,1
8503,1,1,1,1,2,1,0,1,1,2,1,2,0,1,4,1
8504,1,1,1,1,2,1,0,1,1,2,1,3,0,1,4,1
8505,1,1,1,1,2,1,0,1,1,2,2,1,0,1,5,1
8506,1,1,1,1,2,1,0,1,1,2,2,2,0,1,4,1
8507,1,1,1,1,2,1,0,1,1,2,2,3,0,1,4,1
8508,1,1,1,1,2,1,0,1,1,3,1,1,0,1,5,1
8509,1,1,1,1,2,1,0,1,1,3,1,2,0,1,4,1
8510,1,1,1,1,2,1,0,1,1,3,1,3,0,1,4,1
8511,1,1,1,1,2,1,0,1,1,3,2,1,0,1,5,1
8512,1,1,1,1,2,1,0,1,1,3,2,2,0,1,4,1
8513,1,1,1,1,2,1,0,1,1,3,2,3,0,1,4,1
8514,1,1,1,1,2,1,0,1,1,4,1,1,0,1,5,1
8515,1,1,1,1,2,1,0,1,1,4,1,2,0,1,4,1
8516,1,1,1,1,2,1,0,1,1,4,1,3,0,1,4,1
8517,1,1,1,1,2,1,0,1,1,4,2,1,0,1,5,1
8518,1,1,1,1,2,1,0,1,1,4,2,2,0,1,4,1
8519,1,1,1,1,2,1,0,1,1,4,2,3,0,1,4,1
8520,1,1,1,1,2,1,1,0,0,0,1,1,,0,4,0
8521,1,1,1,1,2,1,1,0,0,0,1,2,,0,3,0
8522,1,1,1,1,2,1,1,0,0,0,1,3,,0,3,0
8523,1,1,1,1,2,1,1,0,0,0,2,1,,0,4,0
8524,1,1,1,1,2,1,1,0,0,0,2,2,,0,3,0
8525,1,1,1,1,2,1,1,0,0,0,2,3,,0,3,0
8526,1,1,1,1,2,1,1,0,0,1,1,1,,0,5,0
8527,1,1,1,1,2,1,1,0,0,1,1,2,,0,6,0
8528,1,1,1,1,2,1,1,0,0,1,1,3,1,1,5,1
8529,1,1,1,1,2,1,1,0,0,1,2,1,,0,5,0
8530,1,1,1,1,2,1,1,0,0,1,2,2,,0,4,0
8531,1,1,1,1,2,1,1,0,0,1,2,3,,0,6,0
8532,1,1,1,1,2,1,1,0,0,2,1,1,,0,5,0
8533,1,1,1,1,2,1,1,0,0,2,1,2,,0,6,0
8534,1,1,1,1,2,1,1,0,0,2,1,3,1,1,5,1
8535,1,1,1,1,2,1,1,0,0,2,2,1,,0,5,0
8536,1,1,1,1,2,1,1,0,0,2,2,2,,0,4,0
8537,1,1,1,1,2,1,1,0,0,2,2,3,,0,6,0
8538,1,1,1,1,2,1,1,0,0,3,1,1,,0,5,0
8539,1,1,1,1,2,1,1,0,0,3,1,2,,0,6,0
8540,1,1,1,1,2,1,1,0,0,3,1,3,1,1,5,1
8541,1,1,1,1,2,1,1,0,0,3,2,1,,0,5,0
8542,1,1,1,1,2,1,1,0,0,3,2,2,,0,4,0
8543,1,1,1,1,2,1,1,0,0,3,2,3,,0,6,0
8544,1,1,1,1,2,1,1,0,0,4,1,1,,0,5,0
8545,1,1,1,1,2,1,1,0,0,4,1,2,,0,6,0
8546,1,1,1,1,2,1,1,0,0,4,1,3,1,1,5,1
8547,1,1,1,1,2,1,1,0,0,4,2,1,,0,5,0
8548,1,1,1,1,2,1,1,0,0,4,2,2,,0,4,0
8549,1,1,1,1,2,1,1,0,0,4,2,3,,0,6,0
8550,1,1,1,1,2,1,1,0,1,0,1,1,0,1,4,1
8551,1,1,1,1,2,1,1,0,1,0,1,2,0,1,3,1
8552,1,1,1,1,2,1,1,0,1,0,1,3,0,1,3,1
8553,1,1,1,1,2,1,1,0,1,0,2,1,0,1,4,1
8554,1,1,1,1,2,1,1,0,1,0,2,2,0,1,3,1
8555,1,1,1,1,2,1,1,0,1,0,2,3,0,1,3,1
8556,1,1,1,1,2,1,1,0,1,1,1,1,0,1,6,1
8557,1,1,1,1,2,1,1,0,1,1,1,2,0,1,6,1
8558,1,1,1,1,2,1,1,0,1,1,1,3,0,1,5,1
8559,1,1,1,1,2,1,1,0,1,1,2,1,0,1,6,1
8560,1,1,1,1,2,1,1,0,1,1,2,2,0,1,5,1
8561,1,1,1,1,2,1,1,0,1,1,2,3,0,1,6,1
8562,1,1,1,1,2,1,1,0,1,2,1,1,0,1,6,1
8563,1,1,1,1,2,1,1,0,1,2,1,2,0,1,6,1
8564,1,1,1,1,2,1,1,0,1,2,1,3,0,1,5,1
8565,1,1,1,1,2,1,1,0,1,2,2,1,0,1,6,1
8566,1,1,1,1,2,1,1,0,1,2,2,2,0,1,5,1
8567,1,1,1,1,2,1,1,0,1,2,2,3,0,1,6,1
8568,1,1,1,1,2,1,1,0,1,3,1,1,0,1,6,1
8569,1,1,1,1,2,1,1,0,1,3,1,2,0,1,6,1
8570,1,1,1,1,2,1,1,0,1,3,1,3,0,1,5,1
8571,1,1,1,1,2,1,1,0,1,3,2,1,0,1,6,1
8572,1,1,1,1,2,1,1,0,1,3,2,2,0,1,5,1
8573,1,1,1,1,2,1,1,0,1,3,2,3,0,1,6,1
8574,1,1,1,1,2,1,1,0,1,4,1,1,0,1,6,1
8575,1,1,1,1,2,1,1,0,1,4,1,2,0,1,6,1
8576,1,1,1,1,2,1,1,0,1,4,1,3,0,1,5,1
8577,1,1,1,1,2,1,1,0,1,4,2,1,0,1,6,1
8578,1,1,1,1,2,1,1,0,1,4,2,2,0,1,5,1
8579,1,1,1,1,2,1,1,0,1,4,2,3,0,1,6,1
8580,1,1,1,1,2,1,1,1,0,0,1,1,,0,4,0
8581,1,1,1,1,2,1,1,1,0,0,1,2,,0,3,0
8582,1,1,1,1,2,1,1,1,0,0,1,3,,0,3,0
8583,1,1,1,1,2,1,1,1,0,0,2,1,,0,4,0
8584,1,1,1,1,2,1,1,1,0,0,2,2,,0,3,0
8585,1,1,1,1,2,1,1,1,0,0,2,3,,0,3,0
8586,1,1,1,1,2,1,1,1,0,1,1,1,,0,5,0
8587,1,1,1,1,2,1,1,1,0,1,1,2,1,1,7,1
8588,1,1,1,1,2,1,1,1,0,1,1,3,1,1,6,1
8589,1,1,1,1,2,1,1,1,0,1,2,1,,0,5,0
8590,1,1,1,1,2,1,1,1,0,1,2,2,,0,4,0
8591,1,1,1,1,2,1,1,1,0,1,2,3,1,1,7,1
8592,1,1,1,1,2,1,1,1,0,2,1,1,,0,5,0
8593,1,1,1,1,2,1,1,1,0,2,1,2,1,1,7,1
8594,1,1,1,1,2,1,1,1,0,2,1,3,1,1,6,1
8595,1,1,1,1,2,1,1,1,0,2,2,1,,0,5,0
8596,1,1,1,1,2,1,1,1,0,2,2,2,,0,4,0
8597,1,1,1,1,2,1,1,1,0,2,2,3,1,1,7,1
8598,1,1,1,1,2,1,1,1,0,3,1,1,,0,5,0
8599,1,1,1,1,2,1,1,1,0,3,1,2,1,1,7,1
8600,1,1,1,1,2,1,1,1,0,3,1,3,1,1,6,1
8601,1,1,1,1,2,1,1,1,0,3,2,1,,0,5,0
8602,1,1,1,1,2,1,1,1,0,3,2,2,,0,4,0
8603,1,1,1,1,2,1,1,1,0,3,2,3,1,1,7,1
8604,1,1,1,1,2,1,1,1,0,4,1,1,,0,5,0
8605,1,1,1,1,2,1,1,1,0,4,1,2,1,1,7,1
8606,1,1,1,1,2,1,1,1,0,4,1,3,1,1,6,1
8607,1,1,1,1,2,1,1,1,0,4,2,1,,0,5,0
8608,1,1,1,1,2,1,1,1,0,4,2,2,,0,4,0
8609,1,1,1,1,2,1,1,1,0,4,2,3,1,1,7,1
8610,1,1,1,1,2,1,1,1,1,0,1,1,0,1,4,1
8611,1,1,1,1,2,1,1,1,1,0,1,2,0,1,3,1
8612,1,1,1,1,2,1,1,1,1,0,1,3,0,1,3,1
8613,1,1,1,1,2,1,1,1,1,0,2,1,0,1,4,1
8614,1,1,1,1,2,1,1,1,1,0,2,2,0,1,3,1
8615,1,1,1,1,2,1,1,1,1,0,2,3,0,1,3,1
8616,1,1,1,1,2,1,1,1,1,1,1,1,0,1,7,1
8617,1,1,1,1,2,1,1,1,1,1,1,2,0,1,7,1
8618,1,1,1,1,2,1,1,1,1,1,1,3,0,1,6,1
8619,1,1,1,1,2,1,1,1,1,1,2,1,0,1,7,1
8620,1,1,1,1,2,1,1,1,1,1,2,2,0,1,6,1
8621,1,1,1,1,2,1,1,1,1,1,2,3,0,1,7,1
8622,1,1,1,1,2,1,1,1,1,2,1,1,0,1,7,1
8623,1,1,1,1,2,1,1,1,1,2,1,2,0,1,7,1
8624,1,1,1,1,2,1,1,1,1,2,1,3,0,1,6,1
8625,1,1,1,1,2,1,1,1,1,2,2,1,0,1,7,1
8626,1,1,1,1,2,1,1,1,1,2,2,2,0,1,6,1
8627,1,1,1,1,2,1,1,1,1,2,2,3,0,1,7,1
8628,1,1,1,1,2,1,1,1,1,3,1,1,0,1,7,1
8629,1,1,1,1,2,1,1,1,1,3,1,2,0,1,7,1
8630,1,1,1,1,2,1,1,1,1,3,1,3,0,1,6,1
8631,1,1,1,1,2,1,1,1,1,3,2,1,0,1,7,1
8632,1,1,1,1,2,1,1,1,1,3,2,2,0,1,6,1
8633,1,1,1,1,2,1,1,1,1,3,2,3,0,1,7,1
8634,1,1,1,1,2,1,1,1,1,4,1,1,0,1,7,1
8635,1,1,1,1,2,1,1,1,1,4,1,2,0,1,7,1
8636,1,1,1,1,2,1,1,1,1,4,1,3,0,1,6,1
8637,1,1,1,1,2,1,1,1,1,4,2,1,0,1,7,1
8638,1,1,1,1,2,1,1,1,1,4,2,2,0,1,6,1
8639,1,1,1,1,2,1,1,1,1,4,2,3,0,1,7,1
8640,1,1,1,2,1,0,0,0,0,0,1,1,,0,4,0
8641,1,1,1,2,1,0,0,0,0,0,1,2,,0,3,0
8642,1,1,1,2,1,0,0,0,0,0,1,3,,0,3,0
8643,1,1,1,2,1,0,0,0,0,0,2,1,,0,4,0
8644,1,1,1,2,1,0,0,0,0,0,2,2,,0,3,0
8645,1,1,1,2,1,0,0,0,0,0,2,3,,0,3,0
8646,1,1,1,2,1,0,0,0,0,1,1,1,1,1,4,1
8647,1,1,1,2,1,0,0,0,0,1,1,2,1,1,3,1
8648,1,1,1,2,1,0,0,0,0,1,1,3,1,1,3,1
8649,1,1,1,2,1,0,0,0,0,1,2,1,1,1,4,1
8650,1,1,1,2,1,0,0,0,0,1,2,2,1,1,3,1
8651,1,1,1,2,1,0,0,0,0,1,2,3,1,1,3,1
8652,1,1,1,2,1,0,0,0,0,2,1,1,1,1,4,1
8653,1,1,1,2,1,0,0,0,0,2,1,2,1,1,3,1
8654,1,1,1,2,1,0,0,0,0,2,1,3,1,1,3,1
8655,1,1,1,2,1,0,0,0,0,2,2,1,1,1,4,1
8656,1,1,1,2,1,0,0,0,0,2,2,2,1,1,3,1
8657,1,1,1,2,1,0,0,0,0,2,2,3,1,1,3,1
8658,1,1,1,2,1,0,0,0,0,3,1,1,1,1,4,1
8659,1,1,1,2,1,0,0,0,0,3,1,2,1,1,3,1
8660,1,1,1,2,1,0,0,0,0,3,1,3,1,1,3,1
8661,1,1,1,2,1,0,0,0,0,3,2,1,1,1,4,1
8662,1,1,1,2,1,0,0,0,0,3,2,2,1,1,3,1
8663,1,1,1,2,1,0,0,0,0,3,2,3,1,1,3,1
8664,1,1,1,2,1,0,0,0,0,4,1,1,1,1,4,1
8665,1,1,1,2,1,0,0,0,0,4,1,2,1,1,3,1
8666,1,1,1,2,1,0,0,0,0,4,1,3,1,1,3,1
8667,1,1,1,2,1,0,0,0,0,4,2,1,1,1,4,1
8668,1,1,1,2,1,0,0,0,0,4,2,2,1,1,3,1
8669,1,1,1,2,1,0,0,0,0,4,2,3,1,1,3,1
8670,1,1,1,2,1,0,0,0,1,0,1,1,0,1,4,1
8671,1,1,1,2,1,0,0,0,1,0,1,2,0,1,3,1
8672,1,1,1,2,1,0,0,0,1,0,1,3,0,1,3,1
8673,1,1,1,2,1,0,0,0,1,0,2,1,0,1,4,1
8674,1,1,1,2,1,0,0,0,1,0,2,2,0,1,3,1
8675,1,1,1,2,1,0,0,0,1,0,2,3,0,1,3,1
8676,1,1,1,2,1,0,0,0,1,1,1,1,0,1,4,1
8677,1,1,1,2,1,0,0,0,1,1,1,2,0,1,3,1
8678,1,1,1,2,1,0,0,0,1,1,1,3,0,1,3,1
8679,1,1,1,2,1,0,0,0,1,1,2,1,0,1,4,1
8680,1,1,1,2,1,0,0,0,1,1,2,2,0,1,3,1
8681,1,1,1,2,1,0,0,0,1,1,2,3,0,1,3,1
8682,1,1,1,2,1,0,0,0,1,2,1,1,0,1,4,1
8683,1,1,1,2,1,0,0,0,1,2,1,2,0,1,3,1
8684,1,1,1,2,1,0,0,0,1,2,1,3,0,1,3,1
8685,1,1,1,2,1,0,0,0,1,2,2,1,0,1,4,1
8686,1,1,1,2,1,0,0,0,1,2,2,2,0,1,3,1
8687,1,1,1,2,1,0,0,0,1,2,2,3,0,1,3,1
8688,1,1,1,2,1,0,0,0,1,3,1,1,0,1,4,1
8689,1,1,1,2,1,0,0,0,1,3,1,2,0,1,3,1
8690,1,1,1,2,1,0,0,0,1,3,1,3,0,1,3,1
8691,1,1,1,2,1,0,0,0,1,3,2,1,0,1,4,1
8692,1,1,1,2,1,0,0,0,1,3,2,2,0,1,3,1
8693,1,1,1,2,1,0,0,0,1,3,2,3,0,1,3,1
8694,1,1,1,2,1,0,0,0,1,4,1,1,0,1,4,1
8695,1,1,1,2,1,0,0,0,1,4,1,2,0,1,3,1
8696,1,1,1,2,1,0,0,0,1,4,1,3,0,1,3,1
8697,1,1,1,2,1,0,0,0,1,4,2,1,0,1,4,1
8698,1,1,1,2,1,0,0,0,1,4,2,2,0,1,3,1
8699,1,1,1,2,1,0,0,0,1,4,2,3,0,1,3,1
8700,1,1,1,2,1,0,0,1,0,0,1,1,,0,4,0
8701,1,1,1,2,1,0,0,1,0,0,1,2,,0,3,0
8702,1,1,1,2,1,0,0,1,0,0,1,3,,0,3,0
8703,1,1,1,2,1,0,0,1,0,0,2,1,,0,4,0
8704,1,1,1,2,1,0,0,1,0,0,2,2,,0,3,0
8705,1,1,1,2,1,0,0,1,0,0,2,3,,0,3,0
8706,1,1,1,2,1,0,0,1,0,1,1,1,1,1,4,1
8707,1,1,1,2,1,0,0,1,0,1,1,2,1,1,3,1
8708,1,1,1,2,1,0,0,1,0,1,1,3,1,1,3,1
8709,1,1,1,2,1,0,0,1,0,1,2,1,1,1,4,1
8710,1,1,1,2,1,0,0,1,0,1,2,2,1,1,3,1
8711,1,1,1,2,1,0,0,1,0,1,2,3,1,1,3,1
8712,1,1,1,2,1,0,0,1,0,2,1,1,1,1,4,1
8713,1,1,1,2,1,0,0,1,0,2,1,2,1,1,3,1
8714,1,1,1,2,1,0,0,1,0,2,1,3,1,1,3,1
8715,1,1,1,2,1,0,0,1,0,2,2,1,1,1,4,1
8716,1,1,1,2,1,0,0,1,0,2,2,2,1,1,3,1
8717,1,1,1,2,1,0,0,1,0,2,2,3,1,1,3,1
8718,1,1,1,2,1,0,0,1,0,3,1,1,1,1,4,1
8719,1,1,1,2,1,0,0,1,0,3,1,2,1,1,3,1
8720,1,1,1,2,1,0,0,1,0,3,1,3,1,1,3,1
8721,1,1,1,2,1,0,0,1,0,3,2,1,1,1,4,1
8722,1,1,1,2,1,0,0,1,0,3,2,2,1,1,3,1
8723,1,1,1,2,1,0,0,1,0,3,2,3,1,1,3,1
8724,1,1,1,2,1,0,0,1,0,4,1,1,1,1,4,1
8725,1,1,1,2,1,0,0,1,0,4,1,2,1,1,3,1
8726,1,1,1,2,1,0,0,1,0,4,1,3,1,1,3,1
8727,1,1,1,2,1,0,0,1,0,4,2,1,1,1,4,1
8728,1,1,1,2,1,0,0,1,0,4,2,2,1,1,3,1
8729,1,1,1,2,1,0,0,1,0,4,2,3,1,1,3,1
8730,1,1,1,2,1,0,0,1,1,0,1,1,0,1,4,1
8731,1,1,1,2,1,0,0,1,1,0,1,2,0,1,3,1
8732,1,1,1,2,1,0,0,1,1,0,1,3,0,1,3,1
8733,1,1,1,2,1,0,0,1,1,0,2,1,0,1,4,1
8734,1,1,1,2,1,0,0,1,1,0,2,2,0,1,3,1
8735,1,1,1,2,1,0,0,1,1,0,2,3,0,1,3,1
8736,1,1,1,2,1,0,0,1,1,1,1,1,0,1,4,1
8737,1,1,1,2,1,0,0,1,1,1,1,2,0,1,3,1
8738,1,1,1,2,1,0,0,1,1,1,1,3,0,1,3,1
8739,1,1,1,2,1,0,0,1,1,1,2,1,0,1,4,1
8740,1,1,1,2,1,0,0,1,1,1,2,2,0,1,3,1
8741,1,1,1,2,1,0,0,1,1,1,2,3,0,1,3,1
8742,1,1,1,2,1,0,0,1,1,2,1,1,0,1,4,1
8743,1,1,1,2,1,0,0,1,1,2,1,2,0,1,3,1
8744,1,1,1,2,1,0,0,1,1,2,1,3,0,1,3,1
8745,1,1,1,2,1,0,0,1,1,2,2,1,0,1,4,1
8746,1,1,1,2,1,0,0,1,1,2,2,2,0,1,3,1
8747,1,1,1,2,1,0,0,1,1,2,2,3,0,1,3,1
8748,1,1,1,2,1,0,0,1,1,3,1,1,0,1,4,1
8749,1,1,1,2,1,0,0,1,1,3,1,2,0,1,3,1
8750,1,1,1,2,1,0,0,1,1,3,1,3,0,1,3,1
8751,1,1,1,2,1,0,0,1,1,3,2,1,0,1,4,1
8752,1,1,1,2,1,0,0,1,1,3,2,2,0,1,3,1
8753,1,1,1,2,1,0,0,1,1,3,2,3,0,1,3,1
8754,1,1,1,2,1,0,0,1,1,4,1,1,0,1,4,1
8755,1,1,1,2,1,0,0,1,1,4,1,2,0,1,3,1
8756,1,1,1,2,1,0,0,1,1,4,1,3,0,1,3,1
8757,1,1,1,2,1,0,0,1,1,4,2,1,0,1,4,1
8758,1,1,1,2,1,0,0,1,1,4,2,2,0,1,3,1
8759,1,1,1,2,1,0,0,1,1,4,2,3,0,1,3,1
8760,1,1,1,2,1,0,1,0,0,0,1,1,,0,4,0
8761,1,1,1,2,1,0,1,0,0,0,1,2,,0,3,0
8762,1,1,1,2,1,0,1,0,0,0,1,3,,0,3,0
8763,1,1,1,2,1,0,1,0,0,0,2,1,,0,4,0
8764,1,1,1,2,1,0,1,0,0,0,2,2,,0,3,0
8765,1,1,1,2,1,0,1,0,0,0,2,3,,0,3,0
8766,1,1,1,2,1,0,1,0,0,1,1,1,,0,5,0
8767,1,1,1,2,1,0,1,0,0,1,1,2,1,1,5,1
8768,1,1,1,2,1,0,1,0,0,1,1,3,1,1,4,1
8769,1,1,1,2,1,0,1,0,0,1,2,1,,0,5,0
8770,1,1,1,2,1,0,1,0,0,1,2,2,,0,4,0
8771,1,1,1,2,1,0,1,0,0,1,2,3,1,1,5,1
8772,1,1,1,2,1,0,1,0,0,2,1,1,,0,5,0
8773,1,1,1,2,1,0,1,0,0,2,1,2,1,1,5,1
8774,1,1,1,2,1,0,1,0,0,2,1,3,1,1,4,1
8775,1,1,1,2,1,0,1,0,0,2,2,1,,0,5,0
8776,1,1,1,2,1,0,1,0,0,2,2,2,,0,4,0
8777,1,1,1,2,1,0,1,0,0,2,2,3,1,1,5,1
8778,1,1,1,2,1,0,1,0,0,3,1,1,,0,5,0
8779,1,1,1,2,1,0,1,0,0,3,1,2,1,1,5,1
8780,1,1,1,2,1,0,1,0,0,3,1,3,1,1,4,1
8781,1,1,1,2,1,0,1,0,0,3,2,1,,0,5,0
8782,1,1,1,2,1,0,1,0,0,3,2,2,,0,4,0
8783,1,1,1,2,1,0,1,0,0,3,2,3,1,1,5,1
8784,1,1,1,2,1,0,1,0,0,4,1,1,,0,5,0
8785,1,1,1,2,1,0,1,0,0,4,1,2,1,1,5,1
8786,1,1,1,2,1,0,1,0,0,4,1,3,1,1,4,1
8787,1,1,1,2,1,0,1,0,0,4,2,1,,0,5,0
8788,1,1,1,2,1,0,1,0,0,4,2,2,,0,4,0
8789,1,1,1,2,1,0,1,0,0,4,2,3,1,1,5,1
8790,1,1,1,2,1,0,1,0,1,0,1,1,0,1,4,1
8791,1,1,1,2,1,0,1,0,1,0,1,2,0,1,3,1
8792,1,1,1,2,1,0,1,0,1,0,1,3,0,1,3,1
8793,1,1,1,2,1,0,1,0,1,0,2,1,0,1,4,1
8794,1,1,1,2,1,0,1,0,1,0,2,2,0,1,3,1
8795,1,1,1,2,1,0,1,0,1,0,2,3,0,1,3,1
8796,1,1,1,2,1,0,1,0,1,1,1,1,0,1,5,1
8797,1,1,1,2,1,0,1,0,1,1,1,2,0,1,5,1
8798,1,1,1,2,1,0,1,0,1,1,1,3,0,1,4,1
8799,1,1,1,2,1,0,1,0,1,1,2,1,0,1,5,1
8800,1,1,1,2,1,0,1,0,1,1,2,2,0,1,4,1
8801,1,1,1,2,1,0,1,0,1,1,2,3,0,1,5,1
8802,1,1,1,2,1,0,1,0,1,2,1,1,0,1,5,1
8803,1,1,1,2,1,0,1,0,1,2,1,2,0,1,5,1
8804,1,1,1,2,1,0,1,0,1,2,1,3,0,1,4,1
8805,1,1,1,2,1,0,1,0,1,2,2,1,0,1,5,1
8806,1,1,1,2,1,0,1,0,1,2,2,2,0,1,4,1
8807,1,1,1,2,1,0,1,0,1,2,2,3,0,1,5,1
8808,1,1,1,2,1,0,1,0,1,3,1,1,0,1,5,1
8809,1,1,1,2,1,0,1,0,1,3,1,2,0,1,5,1
8810,1,1,1,2,1,0,1,0,1,3,1,3,0,1,4,1
8811,1,1,1,2,1,0,1,0,1,3,2,1,0,1,5,1
8812,1,1,1,2,1,0,1,0,1,3,2,2,0,1,4,1
8813,1,1,1,2,1,0,1,0,1,3,2,3,0,1,5,1
8814,1,1,1,2,1,0,1,0,1,4,1,1,0,1,5,1
8815,1,1,1,2,1,0,1,0,1,4,1,2,0,1,5,1
8816,1,1,1,2,1,0,1,0,1,4,1,3,0,1,4,1
8817,1,1,1,2,1,0,1,0,1,4,2,1,0,1,5,1
8818,1,1,1,2,1,0,1,0,1,4,2,2,0,1,4,1
8819,1,1,1,2,1,0,1,0,1,4,2,3,0,1,5,1
8820,1,1,1,2,1,0,1,1,0,0,1,1,,0,4,0
8821,1,1,1,2,1,0,1,1,0,0,1,2,,0,3,0
8822,1,1,1,2,1,0,1,1,0,0,1,3,,0,3,0
8823,1,1,1,2,1,0,1,1,0,0,2,1,,0,4,0
8824,1,1,1,2,1,0,1,1,0,0,2,2,,0,3,0
8825,1,1,1,2,1,0,1,1,0,0,2,3,,0,3,0
8826,1,1,1,2,1,0,1,1,0,1,1,1,,0,5,0
8827,1,1,1,2,1,0,1,1,0,1,1,2,1,1,5,1
8828,1,1,1,2,1,0,1,1,0,1,1,3,1,1,4,1
8829,1,1,1,2,1,0,1,1,0,1,2,1,,0,5,0
8830,1,1,1,2,1,0,1,1,0,1,2,2,,0,4,0
8831,1,1,1,2,1,0,1,1,0,1,2,3,1,1,5,1
8832,1,1,1,2,1,0,1,1,0,2,1,1,,0,5,0
8833,1,1,1,2,1,0,1,1,0,2,1,2,1,1,5,1
8834,1,1,1,2,1,0,1,1,0,2,1,3,1,1,4,1
8835,1,1,1,2,1,0,1,1,0,2,2,1,,0,5,0
8836,1,1,1,2,1,0,1,1,0,2,2,2,,0,4,0
8837,1,1,1,2,1,0,1,1,0,2,2,3,1,1,5,1
8838,1,1,1,2,1,0,1,1,0,3,1,1,,0,5,0
8839,1,1,1,2,1,0,1,1,0,3,1,2,1,1,5,1
8840,1,1,1,2,1,0,1,1,0,3,1,3,1,1,4,1
8841,1,1,1,2,1,0,1,1,0,3,2,1,,0,5,0
8842,1,1,1,2,1,0,1,1,0,3,2,2,,0,4,0
8843,1,1,1,2,1,0,1,1,0,3,2,3,1,1,5,1
8844,1,1,1,2,1,0,1,1,0,4,1,1,,0,5,0
8845,1,1,1,2,1,0,1,1,0,4,1,2,1,1,5,1
8846,1,1,1,2,1,0,1,1,0,4,1,3,1,1,4,1
8847,1,1,1,2,1,0,1,1,0,4,2,1,,0,5,0
8848,1,1,1,2,1,0,1,1,0,4,2,2,,0,4,0
8849,1,1,1,2,1,0,1,1,0,4,2,3,1,1,5,1
8850,1,1,1,2,1,0,1,1,1,0,1,1,0,1,4,1
8851,1,1,1,2,1,0,1,1,1,0,1,2,0,1,3,1
8852,1,1,1,2,1,0,1,1,1,0,1,3,0,1,3,1
8853,1,1,1,2,1,0,1,1,1,0,2,1,0,1,4,1
8854,1,1,1,2,1,0,1,1,1,0,2,2,0,1,3,1
8855,1,1,1,2,1,0,1,1,1,0,2,3,0,1,3,1
8856,1,1,1,2,1,0,1,1,1,1,1,1,0,1,5,1
8857,1,1,1,2,1,0,1,1,1,1,1,2,0,1,5,1
8858,1,1,1,2,1,0,1,1,1,1,1,3,0,1,4,1
8859,1,1,1,2,1,0,1,1,1,1,2,1,0,1,5,1
8860,1,1,1,2,1,0,1,1,1,1,2,2,0,1,4,1
8861,1,1,1,2,1,0,1,1,1,1,2,3,0,1,5,1
8862,1,1,1,2,1,0,1,1,1,2,1,1,0,1,5,1
8863,1,1,1,2,1,0,1,1,1,2,1,2,0,1,5,1
8864,1,1,1,2,1,0,1,1,1,2,1,3,0,1,4,1
8865,1,1,1,2,1,0,1,1,1,2,2,1,0,1,5,1
8866,1,1,1,2,1,0,1,1,1,2,2,2,0,1,4,1
8867,1,1,1,2,1,0,1,1,1,2,2,3,0,1,5,1
8868,1,1,1,2,1,0,1,1,1,3,1,1,0,1,5,1
8869,1,1,1,2,1,0,1,1,1,3,1,2,0,1,5,1
8870,1,1,1,2,1,0,1,1,1,3,1,3,0,1,4,1
8871,1,1,1,2,1,0,1,1,1,3,2,1,0,1,5,1
8872,1,1,1,2,1,0,1,1,1,3,2,2,0,1,4,1
8873,1,1,1,2,1,0,1,1,1,3,2,3,0,1,5,1
8874,1,1,1,2,1,0,1,1,1,4,1,1,0,1,5,1
8875,1,1,1,2,1,0,1,1,1,4,1,2,0,1,5,1
8876,1,1,1,2,1,0,1,1,1,4,1,3,0,1,4,1
8877,1,1,1,2,1,0,1,1,1,4,2,1,0,1,5,1
8878,1,1,1,2,1,0,1,1,1,4,2,2,0,1,4,1
8879,1,1,1,2,1,0,1,1,1,4,2,3,0,1,5,1
8880,1,1,1,2,1,1,0,0,0,0,1,1,,0,4,0
8881,1,1,1,2,1,1,0,0,0,0,1,2,,0,3,0
8882,1,1,1,2,1,1,0,0,0,0,1,3,,0,3,0
8883,1,1,1,2,1,1,0,0,0,0,2,1,,0,4,0
8884,1,1,1,2,1,1,0,0,0,0,2,2,,0,3,0
8885,1,1,1,2,1,1,0,0,0,0,2,3,,0,3,0
8886,1,1,1,2,1,1,0,0,0,1,1,1,1,1,4,1
8887,1,1,1,2,1,1,0,0,0,1,1,2,1,1,4,1
8888,1,1,1,2,1,1,0,0,0,1,1,3,1,1,4,1
8889,1,1,1,2,1,1,0,0,0,1,2,1,1,1,4,1
8890,1,1,1,2,1,1,0,0,0,1,2,2,1,1,4,1
8891,1,1,1,2,1,1,0,0,0,1,2,3,1,1,4,1
8892,1,1,1,2,1,1,0,0,0,2,1,1,1,1,4,1
8893,1,1,1,2,1,1,0,0,0,2,1,2,1,1,4,1
8894,1,1,1,2,1,1,0,0,0,2,1,3,1,1,4,1
8895,1,1,1,2,1,1,0,0,0,2,2,1,1,1,4,1
8896,1,1,1,2,1,1,0,0,0,2,2,2,1,1,4,1
8897,1,1,1,2,1,1,0,0,0,2,2,3,1,1,4,1
8898,1,1,1,2,1,1,0,0,0,3,1,1,1,1,4,1
8899,1,1,1,2,1,1,0,0,0,3,1,2,1,1,4,1
8900,1,1,1,2,1,1,0,0,0,3,1,3,1,1,4,1
8901,1,1,1,2,1,1,0,0,0,3,2,1,1,1,4,1
8902,1,1,1,2,1,1,0,0,0,3,2,2,1,1,4,1
8903,1,1,1,2,1,1,0,0,0,3,2,3,1,1,4,1
8904,1,1,1,2,1,1,0,0,0,4,1,1,1,1,4,1
8905,1,1,1,2,1,1,0,0,0,4,1,2,1,1,4,1
8906,1,1,1,2,1,1,0,0,0,4,1,3,1,1,4,1
8907,1,1,1,2,1,1,0,0,0,4,2,1,1,1,4,1
8908,1,1,1,2,1,1,0,0,0,4,2,2,1,1,4,1
8909,1,1,1,2,1,1,0,0,0,4,2,3,1,1,4,1
8910,1,1,1,2,1,1,0,0,1,0,1,1,0,1,4,1
8911,1,1,1,2,1,1,0,0,1,0,1,2,0,1,3,1
8912,1,1,1,2,1,1,0,0,1,0,1,3,0,1,3,1
8913,1,1,1,2,1,1,0,0,1,0,2,1,0,1,4,1
8914,1,1,1,2,1,1,0,0,1,0,2,2,0,1,3,1
8915,1,1,1,2,1,1,0,0,1,0,2,3,0,1,3,1
8916,1,1,1,2,1,1,0,0,1,1,1,1,0,1,5,1
8917,1,1,1,2,1,1,0,0,1,1,1,2,0,1,4,1
8918,1,1,1,2,1,1,0,0,1,1,1,3,0,1,4,1
8919,1,1,1,2,1,1,0,0,1,1,2,1,0,1,5,1
8920,1,1,1,2,1,1,0,0,1,1,2,2,0,1,4,1
8921,1,1,1,2,1,1,0,0,1,1,2,3,0,1,4,1
8922,1,1,1,2,1,1,0,0,1,2,1,1,0,1,5,1
8923,1,1,1,2,1,1,0,0,1,2,1,2,0,1,4,1
8924,1,1,1,2,1,1,0,0,1,2,1,3,0,1,4,1
8925,1,1,1,2,1,1,0,0,1,2,2,1,0,1,5,1
8926,1,1,1,2,1,1,0,0,1,2,2,2,0,1,4,1
8927,1,1,1,2,1,1,0,0,1,2,2,3,0,1,4,1
8928,1,1,1,2,1,1,0,0,1,3,1,1,0,1,5,1
8929,1,1,1,2,1,1,0,0,1,3,1,2,0,1,4,1
8930,1,1,1,2,1,1,0,0,1,3,1,3,0,1,4,1
8931,1,1,1,2,1,1,0,0,1,3,2,1,0,1,5,1
8932,1,1,1,2,1,1,0,0,1,3,2,2,0,1,4,1
8933,1,1,1,2,1,1,0,0,1,3,2,3,0,1,4,1
8934,1,1,1,2,1,1,0,0,1,4,1,1,0,1,5,1
8935,1,1,1,2,1,1,0,0,1,4,1,2,0,1,4,1
8936,1,1,1,2,1,1,0,0,1,4,1,3,0,1,4,1
8937,1,1,1,2,1,1,0,0,1,4,2,1,0,1,5,1
8938,1,1,1,2,1,1,0,0,1,4,2,2,0,1,4,1
8939,1,1,1,2,1,1,0,0,1,4,2,3,0,1,4,1
8940,1,1,1,2,1,1,0,1,0,0,1,1,,0,4,0
8941,1,1,1,2,1,1,0,1,0,0,1,2,,0,3,0
8942,1,1,1,2,1,1,0,1,0,0,1,3,,0,3,0
8943,1,1,1,2,1,1,0,1,0,0,2,1,,0,4,0
8944,1,1,1,2,1,1,0,1,0,0,2,2,,0,3,0
8945,1,1,1,2,1,1,0,1,0,0,2,3,,0,3,0
8946,1,1,1,2,1,1,0,1,0,1,1,1,1,1,4,1
8947,1,1,1,2,1,1,0,1,0,1,1,2,1,1,4,1
8948,1,1,1,2,1,1,0,1,0,1,1,3,1,1,4,1
8949,1,1,1,2,1,1,0,1,0,1,2,1,1,1,4,1
8950,1,1,1,2,1,1,0,1,0,1,2,2,1,1,4,1
8951,1,1,1,2,1,1,0,1,0,1,2,3,1,1,4,1
8952,1,1,1,2,1,1,0,1,0,2,1,1,1,1,4,1
8953,1,1,1,2,1,1,0,1,0,2,1,2,1,1,4,1
8954,1,1,1,2,1,1,0,1,0,2,1,3,1,1,4,1
8955,1,1,1,2,1,1,0,1,0,2,2,1,1,1,4,1
8956,1,1,1,2,1,1,0,1,0,2,2,2,1,1,4,1
8957,1,1,1,2,1,1,0,1,0,2,2,3,1,1,4,1
8958,1,1,1,2,1,1,0,1,0,3,1,1,1,1,4,1
8959,1,1,1,2,1,1,0,1,0,3,1,2,1,1,4,1
8960,1,1,1,2,1,1,0,1,0,3,1,3,1,1,4,1
8961,1,1,1,2,1,1,0,1,0,3,2,1,1,1,4,1
8962,1,1,1,2,1,1,0,1,0,3,2,2,1,1,4,1
8963,1,1,1,2,1,1,0,1,0,3,2,3,1,1,4,1
8964,1,1,1,2,1,1,0,1,0,4,1,1,1,1,4,1
8965,1,1,1,2,1,1,0,1,0,4,1,2,1,1,4,1
8966,1,1,1,2,1,1,0,1,0,4,1,3,1,1,4,1
8967,1,1,1,2,1,1,0,1,0,4,2,1,1,1,4,1
8968,1,1,1,2,1,1,0,1,0,4,2,2,1,1,4,1
8969,1,1,1,2,1,1,0,1,0,4,2,3,1,1,4,1
8970,1,1,1,2,1,1,0,1,1,0,1,1,0,1,4,1
8971,1,1,1,2,1,1,0,1,1,0,1,2,0,1,3,1
8972,1,1,1,2,1,1,0,1,1,0,1,3,0,1,3,1
8973,1,1,1,2,1,1,0,1,1,0,2,1,0,1,4,1
8974,1,1,1,2,1,1,0,1,1,0,2,2,0,1,3,1
8975,1,1,1,2,1,1,0,1,1,0,2,3,0,1,3,1
8976,1,1,1,2,1,1,0,1,1,1,1,1,0,1,5,1
8977,1,1,1,2,1,1,0,1,1,1,1,2,0,1,4,1
8978,1,1,1,2,1,1,0,1,1,1,1,3,0,1,4,1
8979,1,1,1,2,1,1,0,1,1,1,2,1,0,1,5,1
8980,1,1,1,2,1,1,0,1,1,1,2,2,0,1,4,1
8981,1,1,1,2,1,1,0,1,1,1,2,3,0,1,4,1
8982,1,1,1,2,1,1,0,1,1,2,1,1,0,1,5,1
8983,1,1,1,2,1,1,0,1,1,2,1,2,0,1,4,1
8984,1,1,1,2,1,1,0,1,1,2,1,3,0,1,4,1
8985,1,1,1,2,1,1,0,1,1,2,2,1,0,1,5,1
8986,1,1,1,2,1,1,0,1,1,2,2,2,0,1,4,1
8987,1,1,1,2,1,1,0,1,1,2,2,3,0,1,4,1
8988,1,1,1,2,1,1,0,1,1,3,1,1,0,1,5,1
8989,1,1,1,2,1,1,0,1,1,3,1,2,0,1,4,1
8990,1,1,1,2,1,1,0,1,1,3,1,3,0,1,4,1
8991,1,1,1,2,1,1,0,1,1,3,2,1,0,1,5,1
8992,1,1,1,2,1,1,0,1,1,3,2,2,0,1,4,1
8993,1,1,1,2,1,1,0,1,1,3,2,3,0,1,4,1
8994,1,1,1,2,1,1,0,1,1,4,1,1,0,1,5,1
8995,1,1,1,2,1,1,0,1,1,4,1,2,0,1,4,1
8996,1,1,1,2,1,1,0,1,1,4,1,3,0,1,4,1
8997,1,1,1,2,1,1,0,1,1,4,2,1,0,1,5,1
8998,1,1,1,2,1,1,0,1,1,4,2,2,0,1,4,1
8999,1,1,1,2,1,1,0,1,1,4,2,3,0,1,4,1
9000,1,1,1,2,1,1,1,0,0,0,1,1,,0,4,0
9001,1,1,1,2,1,1,1,0,0,0,1,2,,0,3,0
9002,1,1,1,2,1,1,1,0,0,0,1,3,,0,3,0
9003,1,1,1,2,1,1,1,0,0,0,2,1,,0,4,0
9004,1,1,1,2,1,1,1,0,0,0,2,2,,0,3,0
9005,1,1,1,2,1,1,1,0,0,0,2,3,,0,3,0
9006,1,1,1,2,1,1,1,0,0,1,1,1,,0,5,0
9007,1,1,1,2,1,1,1,0,0,1,1,2,1,1,5,1
9008,1,1,1,2,1,1,1,0,0,1,1,3,1,1,5,1
9009,1,1,1,2,1,1,1,0,0,1,2,1,,0,5,0
9010,1,1,1,2,1,1,1,0,0,1,2,2,,0,4,0
9011,1,1,1,2,1,1,1,0,0,1,2,3,1,1,5,1
9012,1,1,1,2,1,1,1,0,0,2,1,1,,0,5,0
9013,1,1,1,2,1,1,1,0,0,2,1,2,1,1,5,1
9014,1,1,1,2,1,1,1,0,0,2,1,3,1,1,5,1
9015,1,1,1,2,1,1,1,0,0,2,2,1,,0,5,0
9016,1,1,1,2,1,1,1,0,0,2,2,2,,0,4,0
9017,1,1,1,2,1,1,1,0,0,2,2,3,1,1,5,1
9018,1,1,1,2,1,1,1,0,0,3,1,1,,0,5,0
9019,1,1,1,2,1,1,1,0,0,3,1,2,1,1,5,1
9020,1,1,1,2,1,1,1,0,0,3,1,3,1,1,5,1
9021,1,1,1,2,1,1,1,0,0,3,2,1,,0,5,0
9022,1,1,1,2,1,1,1,0,0,3,2,2,,0,4,0
9023,1,1,1,2,1,1,1,0,0,3,2,3,1,1,5,1
9024,1,1,1,2,1,1,1,0,0,4,1,1,,0,5,0
9025,1,1,1,2,1,1,1,0,0,4,1,2,1,1,5,1
9026,1,1,1,2,1,1,1,0,0,4,1,3,1,1,5,1
9027,1,1,1,2,1,1,1,0,0,4,2,1,,0,5,0
9028,1,1,1,2,1,1,1,0,0,4,2,2,,0,4,0
9029,1,1,1,2,1,1,1,0,0,4,2,3,1,1,5,1
9030,1,1,1,2,1,1,1,0,1,0,1,1,0,1,4,1
9031,1,1,1,2,1,1,1,0,1,0,1,2,0,1,3,1
9032,1,1,1,2,1,1,1,0,1,0,1,3,0,1,3,1
9033,1,1,1,2,1,1,1,0,1,0,2,1,0,1,4,1
9034,1,1,1,2,1,1,1,0,1,0,2,2,0,1,3,1
9035,1,1,1,2,1,1,1,0,1,0,2,3,0,1,3,1
9036,1,1,1,2,1,1,1,0,1,1,1,1,0,1,6,1
9037,1,1,1,2,1,1,1,0,1,1,1,2,0,1,6,1
9038,1,1,1,2,1,1,1,0,1,1,1,3,0,1,5,1
9039,1,1,1,2,1,1,1,0,1,1,2,1,0,1,6,1
9040,1,1,1,2,1,1,1,0,1,1,2,2,0,1,5,1
9041,1,1,1,2,1,1,1,0,1,1,2,3,0,1,6,1
9042,1,1,1,2,1,1,1,0,1,2,1,1,0,1,6,1
9043,1,1,1,2,1,1,1,0,1,2,1,2,0,1,6,1
9044,1,1,1,2,1,1,1,0,1,2,1,3,0,1,5,1
9045,1,1,1,2,1,1,1,0,1,2,2,1,0,1,6,1
9046,1,1,1,2,1,1,1,0,1,2,2,2,0,1,5,1
9047,1,1,1,2,1,1,1,0,1,2,2,3,0,1,6,1
9048,1,1,1,2,1,1,1,0,1,3,1,1,0,1,6,1
9049,1,1,1,2,1,1,1,0,1,3,1,2,0,1,6,1
9050,1,1,1,2,1,1,1,0,1,3,1,3,0,1,5,1
9051,1,1,1,2,1,1,1,0,1,3,2,1,0,1,6,1
9052,1,1,1,2,1,1,1,0,1,3,2,2,0,1,5,1
9053,1,1,1,2,1,1,1,0,1,3,2,3,0,1,6,1
9054,1,1,1,2,1,1,1,0,1,4,1,1,0,1,6,1
9055,1,1,1,2,1,1,1,0,1,4,1,2,0,1,6,1
9056,1,1,1,2,1,1,1,0,1,4,1,3,0,1,5,1
9057,1,1,1,2,1,1,1,0,1,4,2,1,0,1,6,1
9058,1,1,1,2,1,1,1,0,1,4,2,2,0,1,5,1
9059,1,1,1,2,1,1,1,0,1,4,2,3,0,1,6,1
9060,1,1,1,2,1,1,1,1,0,0,1,1,,0,4,0
9061,1,1,1,2,1,1,1,1,0,0,1,2,,0,3,0
9062,1,1,1,2,1,1,1,1,0,0,1,3,,0,3,0
9063,1,1,1,2,1,1,1,1,0,0,2,1,,0,4,0
9064,1,1,1,2,1,1,1,1,0,0,2,2,,0,3,0
9065,1,1,1,2,1,1,1,1,0,0,2,3,,0,3,0
9066,1,1,1,2,1,1,1,1,0,1,1,1,,0,5,0
9067,1,1,1,2,1,1,1,1,0,1,1,2,1,1,5,1
9068,1,1,1,2,1,1,1,1,0,1,1,3,1,1,6,1
9069,1,1,1,2,1,1,1,1,0,1,2,1,,0,5,0
9070,1,1,1,2,1,1,1,1,0,1,2,2,,0,4,0
9071,1,1,1,2,1,1,1,1,0,1,2,3,1,1,5,1
9072,1,1,1,2,1,1,1,1,0,2,1,1,,0,5,0
9073,1,1,1,2,1,1,1,1,0,2,1,2,1,1,5,1
9074,1,1,1,2,1,1,1,1,0,2,1,3,1,1,6,1
9075,1,1,1,2,1,1,1,1,0,2,2,1,,0,5,0
9076,1,1,1,2,1,1,1,1,0,2,2,2,,0,4,0
9077,1,1,1,2,1,1,1,1,0,2,2,3,1,1,5,1
9078,1,1,1,2,1,1,1,1,0,3,1,1,,0,5,0
9079,1,1,1,2,1,1,1,1,0,3,1,2,1,1,5,1
9080,1,1,1,2,1,1,1,1,0,3,1,3,1,1,6,1
9081,1,1,1,2,1,1,1,1,0,3,2,1,,0,5,0
9082,1,1,1,2,1,1,1,1,0,3,2,2,,0,4,0
9083,1,1,1,2,1,1,1,1,0,3,2,3,1,1,5,1
9084,1,1,1,2,1,1,1,1,0,4,1,1,,0,5,0
9085,1,1,1,2,1,1,1,1,0,4,1,2,1,1,5,1
9086,1,1,1,2,1,1,1,1,0,4,1,3,1,1,6,1
9087,1,1,1,2,1,1,1,1,0,4,2,1,,0,5,0
9088,1,1,1,2,1,1,1,1,0,4,2,2,,0,4,0
9089,1,1,1,2,1,1,1,1,0,4,2,3,1,1,5,1
9090,1,1,1,2,1,1,1,1,1,0,1,1,0,1,4,1
9091,1,1,1,2,1,1,1,1,1,0,1,2,0,1,3,1
9092,1,1,1,2,1,1,1,1,1,0,1,3,0,1,3,1
9093,1,1,1,2,1,1,1,1,1,0,2,1,0,1,4,1
9094,1,1,1,2,1,1,1,1,1,0,2,2,0,1,3,1
9095,1,1,1,2,1,1,1,1,1,0,2,3,0,1,3,1
9096,1,1,1,2,1,1,1,1,1,1,1,1,0,1,7,1
9097,1,1,1,2,1,1,1,1,1,1,1,2,0,1,7,1
9098,1,1,1,2,1,1,1,1,1,1,1,3,0,1,6,1
9099,1,1,1,2,1,1,1,1,1,1,2,1,0,1,7,1
9100,1,1,1,2,1,1,1,1,1,1,2,2,0,1,6,1
9101,1,1,1,2,1,1,1,1,1,1,2,3,0,1,7,1
9102,1,1,1,2,1,1,1,1,1,2,1,1,0,1,7,1
9103,1,1,1,2,1,1,1,1,1,2,1,2,0,1,7,1
9104,1,1,1,2,1,1,1,1,1,2,1,3,0,1,6,1
9105,1,1,1,2,1,1,1,1,1,2,2,1,0,1,7,1
9106,1,1,1,2,1,1,1,1,1,2,2,2,0,1,6,1
9107,1,1,1,2,1,1,1,1,1,2,2,3,0,1,7,1
9108,1,1,1,2,1,1,1,1,1,3,1,1,0,1,7,1
9109,1,1,1,2,1,1,1,1,1,3,1,2,0,1,7,1
9110,1,1,1,2,1,1,1,1,1,3,1,3,0,1,6,1
9111,1,1,1,2,1,1,1,1,1,3,2,1,0,1,7,1
9112,1,1,1,2,1,1,1,1,1,3,2,2,0,1,6,1
9113,1,1,1,2,1,1,1,1,1,3,2,3,0,1,7,1
9114,1,1,1,2,1,1,1,1,1,4,1,1,0,1,7,1
9115,1,1,1,2,1,1,1,1,1,4,1,2,0,1,7,1
9116,1,1,1,2,1,1,1,1,1,4,1,3,0,1,6,1
9117,1,1,1,2,1,1,1,1,1,4,2,1,0,1,7,1
9118,1,1,1,2,1,1,1,1,1,4,2,2,0,1,6,1
9119,1,1,1,2,1,1,1,1,1,4,2,3,0,1,7,1
9120,1,1,1,2,2,0,0,0,0,0,1,1,,0,3,0
9121,1,1,1,2,2,0,0,0,0,0,1,2,,0,3,0
9122,1,1,1,2,2,0,0,0,0,0,1,3,,0,3,0
9123,1,1,1,2,2,0,0,0,0,0,2,1,,0,3,0
9124,1,1,1,2,2,0,0,0,0,0,2,2,,0,3,0
9125,1,1,1,2,2,0,0,0,0,0,2,3,,0,3,0
9126,1,1,1,2,2,0,0,0,0,1,1,1,,0,3,0
9127,1,1,1,2,2,0,0,0,0,1,1,2,1,1,3,1
9128,1,1,1,2,2,0,0,0,0,1,1,3,1,1,3,1
9129,1,1,1,2,2,0,0,0,0,1,2,1,,0,3,0
9130,1,1,1,2,2,0,0,0,0,1,2,2,1,1,3,1
9131,1,1,1,2,2,0,0,0,0,1,2,3,1,1,3,1
9132,1,1,1,2,2,0,0,0,0,2,1,1,,0,3,0
9133,1,1,1,2,2,0,0,0,0,2,1,2,1,1,3,1
9134,1,1,1,2,2,0,0,0,0,2,1,3,1,1,3,1
9135,1,1,1,2,2,0,0,0,0,2,2,1,,0,3,0
9136,1,1,1,2,2,0,0,0,0,2,2,2,1,1,3,1
9137,1,1,1,2,2,0,0,0,0,2,2,3,1,1,3,1
9138,1,1,1,2,2,0,0,0,0,3,1,1,,0,3,0
9139,1,1,1,2,2,0,0,0,0,3,1,2,1,1,3,1
9140,1,1,1,2,2,0,0,0,0,3,1,3,1,1,3,1
9141,1,1,1,2,2,0,0,0,0,3,2,1,,0,3,0
9142,1,1,1,2,2,0,0,0,0,3,2,2,1,1,3,1
9143,1,1,1,2,2,0,0,0,0,3,2,3,1,1,3,1
9144,1,1,1,2,2,0,0,0,0,4,1,1,,0,3,0
9145,1,1,1,2,2,0,0,0,0,4,1,2,1,1,3,1
9146,1,1,1,2,2,0,0,0,0,4,1,3,1,1,3,1
9147,1,1,1,2,2,0,0,0,0,4,2,1,,0,3,0
9148,1,1,1,2,2,0,0,0,0,4,2,2,1,1,3,1
9149,1,1,1,2,2,0,0,0,0,4,2,3,1,1,3,1
9150,1,1,1,2,2,0,0,0,1,0,1,1,0,1,3,1
9151,1,1,1,2,2,0,0,0,1,0,1,2,0,1,3,1
9152,1,1,1,2,2,0,0,0,1,0,1,3,0,1,3,1
9153,1,1,1,2,2,0,0,0,1,0,2,1,0,1,3,1
9154,1,1,1,2,2,0,0,0,1,0,2,2,0,1,3,1
9155,1,1,1,2,2,0,0,0,1,0,2,3,0,1,3,1
9156,1,1,1,2,2,0,0,0,1,1,1,1,0,1,3,1
9157,1,1,1,2,2,0,0,0,1,1,1,2,0,1,3,1
9158,1,1,1,2,2,0,0,0,1,1,1,3,0,1,3,1
9159,1,1,1,2,2,0,0,0,1,1,2,1,0,1,3,1
9160,1,1,1,2,2,0,0,0,1,1,2,2,0,1,3,1
9161,1,1,1,2,2,0,0,0,1,1,2,3,0,1,3,1
9162,1,1,1,2,2,0,0,0,1,2,1,1,0,1,3,1
9163,1,1,1,2,2,0,0,0,1,2,1,2,0,1,3,1
9164,1,1,1,2,2,0,0,0,1,2,1,3,0,1,3,1
9165,1,1,1,2,2,0,0,0,1,2,2,1,0,1,3,1
9166,1,1,1,2,2,0,0,0,1,2,2,2,0,1,3,1
9167,1,1,1,2,2,0,0,0,1,2,2,3,0,1,3,1
9168,1,1,1,2,2,0,0,0,1,3,1,1,0,1,3,1
9169,1,1,1,2,2,0,0,0,1,3,1,2,0,1,3,1
9170,1,1,1,2,2,0,0,0,1,3,1,3,0,1,3,1
9171,1,1,1,2,2,0,0,0,1,3,2,1,0,1,3,1
9172,1,1,1,2,2,0,0,0,1,3,2,2,0,1,3,1
9173,1,1,1,2,2,0,0,0,1,3,2,3,0,1,3,1
9174,1,1,1,2,2,0,0,0,1,4,1,1,0,1,3,1
9175,1,1,1,2,2,0,0,0,1,4,1,2,0,1,3,1
9176,1,1,1,2,2,0,0,0,1,4,1,3,0,1,3,1
9177,1,1,1,2,2,0,0,0,1,4,2,1,0,1,3,1
9178,1,1,1,2,2,0,0,0,1,4,2,2,0,1,3,1
9179,1,1,1,2,2,0,0,0,1,4,2,3,0,1,3,1
9180,1,1,1,2,2,0,0,1,0,0,1,1,,0,3,0
9181,1,1,1,2,2,0,0,1,0,0,1,2,,0,3,0
9182,1,1,1,2,2,0,0,1,0,0,1,3,,0,3,0
9183,1,1,1,2,2,0,0,1,0,0,2,1,,0,3,0
9184,1,1,1,2,2,0,0,1,0,0,2,2,,0,3,0
9185,1,1,1,2,2,0,0,1,0,0,2,3,,0,3,0
9186,1,1,1,2,2,0,0,1,0,1,1,1,,0,3,0
9187,1,1,1,2,2,0,0,1,0,1,1,2,1,1,3,1
9188,1,1,1,2,2,0,0,1,0,1,1,3,1,1,3,1
9189,1,1,1,2,2,0,0,1,0,1,2,1,,0,3,0
9190,1,1,1,2,2,0,0,1,0,1,2,2,1,1,3,1
9191,1,1,1,2,2,0,0,1,0,1,2,3,1,1,3,1
9192,1,1,1,2,2,0,0,1,0,2,1,1,,0,3,0
9193,1,1,1,2,2,0,0,1,0,2,1,2,1,1,3,1
9194,1,1,1,2,2,0,0,1,0,2,1,3,1,1,3,1
9195,1,1,1,2,2,0,0,1,0,2,2,1,,0,3,0
9196,1,1,1,2,2,0,0,1,0,2,2,2,1,1,3,1
9197,1,1,1,2,2,0,0,1,0,2,2,3,1,1,3,1
9198,1,1,1,2,2,0,0,1,0,3,1,1,,0,3,0
9199,1,1,1,2,2,0,0,1,0,3,1,2,1,1,3,1
9200,1,1,1,2,2,0,0,1,0,3,1,3,1,1,3,1
9201,1,1,1,2,2,0,0,1,0,3,2,1,,0,3,0
9202,1,1,1,2,2,0,0,1,0,3,2,2,1,1,3,1
9203,1,1,1,2,2,0,0,1,0,3,2,3,1,1,3,1
9204,1,1,1,2,2,0,0,1,0,4,1,1,,0,3,0
9205,1,1,1,2,2,0,0,1,0,4,1,2,1,1,3,1
9206,1,1,1,2,2,0,0,1,0,4,1,3,1,1,3,1
9207,1,1,1,2,2,0,0,1,0,4,2,1,,0,3,0
9208,1,1,1,2,2,0,0,1,0,4,2,2,1,1,3,1
9209,1,1,1,2,2,0,0,1,0,4,2,3,1,1,3,1
9210,1,1,1,2,2,0,0,1,1,0,1,1,0,1,3,1
9211,1,1,1,2,2,0,0,1,1,0,1,2,0,1,3,1
9212,1,1,1,2,2,0,0,1,1,0,1,3,0,1,3,1
9213,1,1,1,2,2,0,0,1,1,0,2,1,0,1,3,1
9214,1,1,1,2,2,0,0,1,1,0,2,2,0,1,3,1
9215,1,1,1,2,2,0,0,1,1,0,2,3,0,1,3,1
9216,1,1,1,2,2,0,0,1,1,1,1,1,0,1,3,1
9217,1,1,1,2,2,0,0,1,1,1,1,2,0,1,3,1
9218,1,1,1,2,2,0,0,1,1,1,1,3,0,1,3,1
9219,1,1,1,2,2,0,0,1,1,1,2,1,0,1,3,1
9220,1,1,1,2,2,0,0,1,1,1,2,2,0,1,3,1
9221,1,1,1,2,2,0,0,1,1,1,2,3,0,1,3,1
9222,1,1,1,2,2,0,0,1,1,2,1,1,0,1,3,1
9223,1,1,1,2,2,0,0,1,1,2,1,2,0,1,3,1
9224,1,1,1,2,2,0,0,1,1,2,1,3,0,1,3,1
9225,1,1,1,2,2,0,0,1,1,2,2,1,0,1,3,1
9226,1,1,1,2,2,0,0,1,1,2,2,2,0,1,3,1
9227,1,1,1,2,2,0,0,1,1,2,2,3,0,1,3,1
9228,1,1,1,2,2,0,0,1,1,3,1,1,0,1,3,1
9229,1,1,1,2,2,0,0,1,1,3,1,2,0,1,3,1
9230,1,1,1,2,2,0,0,1,1,3,1,3,0,1,3,1
9231,1,1,1,2,2,0,0,1,1,3,2,1,0,1,3,1
9232,1,1,1,2,2,0,0,1,1,3,2,2,0,1,3,1
9233,1,1,1,2,2,0,0,1,1,3,2,3,0,1,3,1
9234,1,1,1,2,2,0,0,1,1,4,1,1,0,1,3,1
9235,1,1,1,2,2,0,0,1,1,4,1,2,0,1,3,1
9236,1,1,1,2,2,0,0,1,1,4,1,3,0,1,3,1
9237,1,1,1,2,2,0,0,1,1,4,2,1,0,1,3,1
9238,1,1,1,2,2,0,0,1,1,4,2,2,0,1,3,1
9239,1,1,1,2,2,0,0,1,1,4,2,3,0,1,3,1
9240,1,1,1,2,2,0,1,0,0,0,1,1,,0,3,0
9241,1,1,1,2,2,0,1,0,0,0,1,2,,0,3,0
9242,1,1,1,2,2,0,1,0,0,0,1,3,,0,3,0
9243,1,1,1,2,2,0,1,0,0,0,2,1,,0,3,0
9244,1,1,1,2,2,0,1,0,0,0,2,2,,0,3,0
9245,1,1,1,2,2,0,1,0,0,0,2,3,,0,3,0
9246,1,1,1,2,2,0,1,0,0,1,1,1,,0,3,0
9247,1,1,1,2,2,0,1,0,0,1,1,2,,0,4,0
9248,1,1,1,2,2,0,1,0,0,1,1,3,1,1,4,1
9249,1,1,1,2,2,0,1,0,0,1,2,1,,0,3,0
9250,1,1,1,2,2,0,1,0,0,1,2,2,,0,4,0
9251,1,1,1,2,2,0,1,0,0,1,2,3,,0,4,0
9252,1,1,1,2,2,0,1,0,0,2,1,1,,0,3,0
9253,1,1,1,2,2,0,1,0,0,2,1,2,,0,4,0
9254,1,1,1,2,2,0,1,0,0,2,1,3,1,1,4,1
9255,1,1,1,2,2,0,1,0,0,2,2,1,,0,3,0
9256,1,1,1,2,2,0,1,0,0,2,2,2,,0,4,0
9257,1,1,1,2,2,0,1,0,0,2,2,3,,0,4,0
9258,1,1,1,2,2,0,1,0,0,3,1,1,,0,3,0
9259,1,1,1,2,2,0,1,0,0,3,1,2,,0,4,0
9260,1,1,1,2,2,0,1,0,0,3,1,3,1,1,4,1
9261,1,1,1,2,2,0,1,0,0,3,2,1,,0,3,0
9262,1,1,1,2,2,0,1,0,0,3,2,2,,0,4,0
9263,1,1,1,2,2,0,1,0,0,3,2,3,,0,4,0
9264,1,1,1,2,2,0,1,0,0,4,1,1,,0,3,0
9265,1,1,1,2,2,0,1,0,0,4,1,2,,0,4,0
9266,1,1,1,2,2,0,1,0,0,4,1,3,1,1,4,1
9267,1,1,1,2,2,0,1,0,0,4,2,1,,0,3,0
9268,1,1,1,2,2,0,1,0,0,4,2,2,,0,4,0
9269,1,1,1,2,2,0,1,0,0,4,2,3,,0,4,0
9270,1,1,1,2,2,0,1,0,1,0,1,1,0,1,3,1
9271,1,1,1,2,2,0,1,0,1,0,1,2,0,1,3,1
9272,1,1,1,2,2,0,1,0,1,0,1,3,0,1,3,1
9273,1,1,1,2,2,0,1,0,1,0,2,1,0,1,3,1
9274,1,1,1,2,2,0,1,0,1,0,2,2,0,1,3,1
9275,1,1,1,2,2,0,1,0,1,0,2,3,0,1,3,1
9276,1,1,1,2,2,0,1,0,1,1,1,1,0,1,4,1
9277,1,1,1,2,2,0,1,0,1,1,1,2,0,1,4,1
9278,1,1,1,2,2,0,1,0,1,1,1,3,0,1,4,1
9279,1,1,1,2,2,0,1,0,1,1,2,1,0,1,4,1
9280,1,1,1,2,2,0,1,0,1,1,2,2,0,1,4,1
9281,1,1,1,2,2,0,1,0,1,1,2,3,0,1,4,1
9282,1,1,1,2,2,0,1,0,1,2,1,1,0,1,4,1
9283,1,1,1,2,2,0,1,0,1,2,1,2,0,1,4,1
9284,1,1,1,2,2,0,1,0,1,2,1,3,0,1,4,1
9285,1,1,1,2,2,0,1,0,1,2,2,1,0,1,4,1
9286,1,1,1,2,2,0,1,0,1,2,2,2,0,1,4,1
9287,1,1,1,2,2,0,1,0,1,2,2,3,0,1,4,1
9288,1,1,1,2,2,0,1,0,1,3,1,1,0,1,4,1
9289,1,1,1,2,2,0,1,0,1,3,1,2,0,1,4,1
9290,1,1,1,2,2,0,1,0,1,3,1,3,0,1,4,1
9291,1,1,1,2,2,0,1,0,1,3,2,1,0,1,4,1
9292,1,1,1,2,2,0,1,0,1,3,2,2,0,1,4,1
9293,1,1,1,2,2,0,1,0,1,3,2,3,0,1,4,1
9294,1,1,1,2,2,0,1,0,1,4,1,1,0,1,4,1
9295,1,1,1,2,2,0,1,0,1,4,1,2,0,1,4,1
9296,1,1,1,2,2,0,1,0,1,4,1,3,0,1,4,1
9297,1,1,1,2,2,0,1,0,1,4,2,1,0,1,4,1
9298,1,1,1,2,2,0,1,0,1,4,2,2,0,1,4,1
9299,1,1,1,2,2,0,1,0,1,4,2,3,0,1,4,1
9300,1,1,1,2,2,0,1,1,0,0,1,1,,0,3,0
9301,1,1,1,2,2,0,1,1,0,0,1,2,,0,3,0
9302,1,1,1,2,2,0,1,1,0,0,1,3,,0,3,0
9303,1,1,1,2,2,0,1,1,0,0,2,1,,0,3,0
9304,1,1,1,2,2,0,1,1,0,0,2,2,,0,3,0
9305,1,1,1,2,2,0,1,1,0,0,2,3,,0,3,0
9306,1,1,1,2,2,0,1,1,0,1,1,1,,0,3,0
9307,1,1,1,2,2,0,1,1,0,1,1,2,,0,4,0
9308,1,1,1,2,2,0,1,1,0,1,1,3,1,1,4,1
9309,1,1,1,2,2,0,1,1,0,1,2,1,,0,3,0
9310,1,1,1,2,2,0,1,1,0,1,2,2,,0,4,0
9311,1,1,1,2,2,0,1,1,0,1,2,3,,0,4,0
9312,1,1,1,2,2,0,1,1,0,2,1,1,,0,3,0
9313,1,1,1,2,2,0,1,1,0,2,1,2,,0,4,0
9314,1,1,1,2,2,0,1,1,0,2,1,3,1,1,4,1
9315,1,1,1,2,2,0,1,1,0,2,2,1,,0,3,0
9316,1,1,1,2,2,0,1,1,0,2,2,2,,0,4,0
9317,1,1,1,2,2,0,1,1,0,2,2,3,,0,4,0
9318,1,1,1,2,2,0,1,1,0,3,1,1,,0,3,0
9319,1,1,1,2,2,0,1,1,0,3,1,2,,0,4,0
9320,1,1,1,2,2,0,1,1,0,3,1,3,1,1,4,1
9321,1,1,1,2,2,0,1,1,0,3,2,1,,0,3,0
9322,1,1,1,2,2,0,1,1,0,3,2,2,,0,4,0
9323,1,1,1,2,2,0,1,1,0,3,2,3,,0,4,0
9324,1,1,1,2,2,0,1,1,0,4,1,1,,0,3,0
9325,1,1,1,2,2,0,1,1,0,4,1,2,,0,4,0
9326,1,1,1,2,2,0,1,1,0,4,1,3,1,1,4,1
9327,1,1,1,2,2,0,1,1,0,4,2,1,,0,3,0
9328,1,1,1,2,2,0,1,1,0,4,2,2,,0,4,0
9329,1,1,1,2,2,0,1,1,0,4,2,3,,0,4,0
9330,1,1,1,2,2,0,1,1,1,0,1,1,0,1,3,1
9331,1,1,1,2,2,0,1,1,1,0,1,2,0,1,3,1
9332,1,1,1,2,2,0,1,1,1,0,1,3,0,1,3,1
9333,1,1,1,2,2,0,1,1,1,0,2,1,0,1,3,1
9334,1,1,1,2,2,0,1,1,1,0,2,2,0,1,3,1
9335,1,1,1,2,2,0,1,1,1,0,2,3,0,1,3,1
9336,1,1,1,2,2,0,1,1,1,1,1,1,0,1,4,1
9337,1,1,1,2,2,0,1,1,1,1,1,2,0,1,4,1
9338,1,1,1,2,2,0,1,1,1,1,1,3,0,1,4,1
9339,1,1,1,2,2,0,1,1,1,1,2,1,0,1,4,1
9340,1,1,1,2,2,0,1,1,1,1,2,2,0,1,4,1
9341,1,1,1,2,2,0,1,1,1,1,2,3,0,1,4,1
9342,1,1,1,2,2,0,1,1,1,2,1,1,0,1,4,1
9343,1,1,1,2,2,0,1,1,1,2,1,2,0,1,4,1
9344,1,1,1,2,2,0,1,1,1,2,1,3,0,1,4,1
9345,1,1,1,2,2,0,1,1,1,2,2,1,0,1,4,1
9346,1,1,1,2,2,0,1,1,1,2,2,2,0,1,4,1
9347,1,1,1,2,2,0,1,1,1,2,2,3,0,1,4,1
9348,1,1,1,2,2,0,1,1,1,3,1,1,0,1,4,1
9349,1,1,1,2,2,0,1,1,1,3,1,2,0,1,4,1
9350,1,1,1,2,2,0,1,1,1,3,1,3,0,1,4,1
9351,1,1,1,2,2,0,1,1,1,3,2,1,0,1,4,1
9352,1,1,1,2,2,0,1,1,1,3,2,2,0,1,4,1
9353,1,1,1,2,2,0,1,1,1,3,2,3,0,1,4,1
9354,1,1,1,2,2,0,1,1,1,4,1,1,0,1,4,1
9355,1,1,1,2,2,0,1,1,1,4,1,2,0,1,4,1
9356,1,1,1,2,2,0,1,1,1,4,1,3,0,1,4,1
9357,1,1,1,2,2,0,1,1,1,4,2,1,0,1,4,1
9358,1,1,1,2,2,0,1,1,1,4,2,2,0,1,4,1
9359,1,1,1,2,2,0,1,1,1,4,2,3,0,1,4,1
9360,1,1,1,2,2,1,0,0,0,0,1,1,,0,3,0
9361,1,1,1,2,2,1,0,0,0,0,1,2,,0,3,0
9362,1,1,1,2,2,1,0,0,0,0,1,3,,0,3,0
9363,1,1,1,2,2,1,0,0,0,0,2,1,,0,3,0
9364,1,1,1,2,2,1,0,0,0,0,2,2,,0,3,0
9365,1,1,1,2,2,1,0,0,0,0,2,3,,0,3,0
9366,1,1,1,2,2,1,0,0,0,1,1,1,,0,3,0
9367,1,1,1,2,2,1,0,0,0,1,1,2,1,1,4,1
9368,1,1,1,2,2,1,0,0,0,1,1,3,1,1,4,1
9369,1,1,1,2,2,1,0,0,0,1,2,1,,0,3,0
9370,1,1,1,2,2,1,0,0,0,1,2,2,1,1,4,1
9371,1,1,1,2,2,1,0,0,0,1,2,3,1,1,4,1
9372,1,1,1,2,2,1,0,0,0,2,1,1,,0,3,0
9373,1,1,1,2,2,1,0,0,0,2,1,2,1,1,4,1
9374,1,1,1,2,2,1,0,0,0,2,1,3,1,1,4,1
9375,1,1,1,2,2,1,0,0,0,2,2,1,,0,3,0
9376,1,1,1,2,2,1,0,0,0,2,2,2,1,1,4,1
9377,1,1,1,2,2,1,0,0,0,2,2,3,1,1,4,1
9378,1,1,1,2,2,1,0,0,0,3,1,1,,0,3,0
9379,1,1,1,2,2,1,0,0,0,3,1,2,1,1,4,1
9380,1,1,1,2,2,1,0,0,0,3,1,3,1,1,4,1
9381,1,1,1,2,2,1,0,0,0,3,2,1,,0,3,0
9382,1,1,1,2,2,1,0,0,0,3,2,2,1,1,4,1
9383,1,1,1,2,2,1,0,0,0,3,2,3,1,1,4,1
9384,1,1,1,2,2,1,0,0,0,4,1,1,,0,3,0
9385,1,1,1,2,2,1,0,0,0,4,1,2,1,1,4,1
9386,1,1,1,2,2,1,0,0,0,4,1,3,1,1,4,1
9387,1,1,1,2,2,1,0,0,0,4,2,1,,0,3,0
9388,1,1,1,2,2,1,0,0,0,4,2,2,1,1,4,1
9389,1,1,1,2,2,1,0,0,0,4,2,3,1,1,4,1
9390,1,1,1,2,2,1,0,0,1,0,1,1,0,1,3,1
9391,1,1,1,2,2,1,0,0,1,0,1,2,0,1,3,1
9392,1,1,1,2,2,1,0,0,1,0,1,3,0,1,3,1
9393,1,1,1,2,2,1,0,0,1,0,2,1,0,1,3,1
9394,1,1,1,2,2,1,0,0,1,0,2,2,0,1,3,1
9395,1,1,1,2,2,1,0,0,1,0,2,3,0,1,3,1
9396,1,1,1,2,2,1,0,0,1,1,1,1,0,1,4,1
9397,1,1,1,2,2,1,0,0,1,1,1,2,0,1,4,1
9398,1,1,1,2,2,1,0,0,1,1,1,3,0,1,4,1
9399,1,1,1,2,2,1,0,0,1,1,2,1,0,1,4,1
9400,1,1,1,2,2,1,0,0,1,1,2,2,0,1,4,1
9401,1,1,1,2,2,1,0,0,1,1,2,3,0,1,4,1
9402,1,1,1,2,2,1,0,0,1,2,1,1,0,1,4,1
9403,1,1,1,2,2,1,0,0,1,2,1,2,0,1,4,1
9404,1,1,1,2,2,1,0,0,1,2,1,3,0,1,4,1
9405,1,1,1,2,2,1,0,0,1,2,2,1,0,1,4,1
9406,1,1,1,2,2,1,0,0,1,2,2,2,0,1,4,1
9407,1,1,1,2,2,1,0,0,1,2,2,3,0,1,4,1
9408,1,1,1,2,2,1,0,0,1,3,1,1,0,1,4,1
9409,1,1,1,2,2,1,0,0,1,3,1,2,0,1,4,1
9410,1,1,1,2,2,1,0,0,1,3,1,3,0,1,4,1
9411,1,1,1,2,2,1,0,0,1,3,2,1,0,1,4,1
9412,1,1,1,2,2,1,0,0,1,3,2,2,0,1,4,1
9413,1,1,1,2,2,1,0,0,1,3,2,3,0,1,4,1
9414,1,1,1,2,2,1,0,0,1,4,1,1,0,1,4,1
9415,1,1,1,2,2,1,0,0,1,4,1,2,0,1,4,1
9416,1,1,1,2,2,1,0,0,1,4,1,3,0,1,4,1
9417,1,1,1,2,2,1,0,0,1,4,2,1,0,1,4,1
9418,1,1,1,2,2,1,0,0,1,4,2,2,0,1,4,1
9419,1,1,1,2,2,1,0,0,1,4,2,3,0,1,4,1
9420,1,1,1,2,2,1,0,1,0,0,1,1,,0,3,0
9421,1,1,1,2,2,1,0,1,0,0,1,2,,0,3,0
9422,1,1,1,2,2,1,0,1,0,0,1,3,,0,3,0
9423,1,1,1,2,2,1,0,1,0,0,2,1,,0,3,0
9424,1,1,1,2,2,1,0,1,0,0,2,2,,0,3,0
9425,1,1,1,2,2,1,0,1,0,0,2,3,,0,3,0
9426,1,1,1,2,2,1,0,1,0,1,1,1,,0,3,0
9427,1,1,1,2,2,1,0,1,0,1,1,2,1,1,4,1
9428,1,1,1,2,2,1,0,1,0,1,1,3,1,1,4,1
9429,1,1,1,2,2,1,0,1,0,1,2,1,,0,3,0
9430,1,1,1,2,2,1,0,1,0,1,2,2,1,1,4,1
9431,1,1,1,2,2,1,0,1,0,1,2,3,1,1,4,1
9432,1,1,1,2,2,1,0,1,0,2,1,1,,0,3,0
9433,1,1,1,2,2,1,0,1,0,2,1,2,1,1,4,1
9434,1,1,1,2,2,1,0,1,0,2,1,3,1,1,4,1
9435,1,1,1,2,2,1,0,1,0,2,2,1,,0,3,0
9436,1,1,1,2,2,1,0,1,0,2,2,2,1,1,4,1
9437,1,1,1,2,2,1,0,1,0,2,2,3,1,1,4,1
9438,1,1,1,2,2,1,0,1,0,3,1,1,,0,3,0
9439,1,1,1,2,2,1,0,1,0,3,1,2,1,1,4,1
9440,1,1,1,2,2,1,0,1,0,3,1,3,1,1,4,1
9441,1,1,1,2,2,1,0,1,0,3,2,1,,0,3,0
9442,1,1,1,2,2,1,0,1,0,3,2,2,1,1,4,1
9443,1,1,1,2,2,1,0,1,0,3,2,3,1,1,4,1
9444,1,1,1,2,2,1,0,1,0,4,1,1,,0,3,0
9445,1,1,1,2,2,1,0,1,0,4,1,2,1,1,4,1
9446,1,1,1,2,2,1,0,1,0,4,1,3,1,1,4,1
9447,1,1,1,2,2,1,0,1,0,4,2,1,,0,3,0
9448,1,1,1,2,2,1,0,1,0,4,2,2,1,1,4,1
9449,1,1,1,2,2,1,0,1,0,4,2,3,1,1,4,1
9450,1,1,1,2,2,1,0,1,1,0,1,1,0,1,3,1
9451,1,1,1,2,2,1,0,1,1,0,1,2,0,1,3,1
9452,1,1,1,2,2,1,0,1,1,0,1,3,0,1,3,1
9453,1,1,1,2,2,1,0,1,1,0,2,1,0,1,3,1
9454,1,1,1,2,2,1,0,1,1,0,2,2,0,1,3,1
9455,1,1,1,2,2,1,0,1,1,0,2,3,0,1,3,1
9456,1,1,1,2,2,1,0,1,1,1,1,1,0,1,4,1
9457,1,1,1,2,2,1,0,1,1,1,1,2,0,1,4,1
9458,1,1,1,2,2,1,0,1,1,1,1,3,0,1,4,1
9459,1,1,1,2,2,1,0,1,1,1,2,1,0,1,4,1
9460,1,1,1,2,2,1,0,1,1,1,2,2,0,1,4,1
9461,1,1,1,2,2,1,0,1,1,1,2,3,0,1,4,1
9462,1,1,1,2,2,1,0,1,1,2,1,1,0,1,4,1
9463,1,1,1,2,2,1,0,1,1,2,1,2,0,1,4,1
9464,1,1,1,2,2,1,0,1,1,2,1,3,0,1,4,1
9465,1,1,1,2,2,1,0,1,1,2,2,1,0,1,4,1
9466,1,1,1,2,2,1,0,1,1,2,2,2,0,1,4,1
9467,1,1,1,2,2,1,0,1,1,2,2,3,0,1,4,1
9468,1,1,1,2,2,1,0,1,1,3,1,1,0,1,4,1
9469,1,1,1,2,2,1,0,1,1,3,1,2,0,1,4,1
9470,1,1,1,2,2,1,0,1,1,3,1,3,0,1,4,1
9471,1,1,1,2,2,1,0,1,1,3,2,1,0,1,4,1
9472,1,1,1,2,2,1,0,1,1,3,2,2,0,1,4,1
9473,1,1,1,2,2,1,0,1,1,3,2,3,0,1,4,1
9474,1,1,1,2,2,1,0,1,1,4,1,1,0,1,4,1
9475,1,1,1,2,2,1,0,1,1,4,1,2,0,1,4,1
9476,1,1,1,2,2,1,0,1,1,4,1,3,0,1,4,1
9477,1,1,1,2,2,1,0,1,1,4,2,1,0,1,4,1
9478,1,1,1,2,2,1,0,1,1,4,2,2,0,1,4,1
9479,1,1,1,2,2,1,0,1,1,4,2,3,0,1,4,1
9480,1,1,1,2,2,1,1,0,0,0,1,1,,0,3,0
9481,1,1,1,2,2,1,1,0,0,0,1,2,,0,3,0
9482,1,1,1,2,2,1,1,0,0,0,1,3,,0,3,0
9483,1,1,1,2,2,1,1,0,0,0,2,1,,0,3,0
9484,1,1,1,2,2,1,1,0,0,0,2,2,,0,3,0
9485,1,1,1,2,2,1,1,0,0,0,2,3,,0,3,0
9486,1,1,1,2,2,1,1,0,0,1,1,1,,0,3,0
9487,1,1,1,2,2,1,1,0,0,1,1,2,,0,4,0
9488,1,1,1,2,2,1,1,0,0,1,1,3,1,1,5,1
9489,1,1,1,2,2,1,1,0,0,1,2,1,,0,3,0
9490,1,1,1,2,2,1,1,0,0,1,2,2,,0,4,0
9491,1,1,1,2,2,1,1,0,0,1,2,3,,0,4,0
9492,1,1,1,2,2,1,1,0,0,2,1,1,,0,3,0
9493,1,1,1,2,2,1,1,0,0,2,1,2,,0,4,0
9494,1,1,1,2,2,1,1,0,0,2,1,3,1,1,5,1
9495,1,1,1,2,2,1,1,0,0,2,2,1,,0,3,0
9496,1,1,1,2,2,1,1,0,0,2,2,2,,0,4,0
9497,1,1,1,2,2,1,1,0,0,2,2,3,,0,4,0
9498,1,1,1,2,2,1,1,0,0,3,1,1,,0,3,0
9499,1,1,1,2,2,1,1,0,0,3,1,2,,0,4,0
9500,1,1,1,2,2,1,1,0,0,3,1,3,1,1,5,1
9501,1,1,1,2,2,1,1,0,0,3,2,1,,0,3,0
9502,1,1,1,2,2,1,1,0,0,3,2,2,,0,4,0
9503,1,1,1,2,2,1,1,0,0,3,2,3,,0,4,0
9504,1,1,1,2,2,1,1,0,0,4,1,1,,0,3,0
9505,1,1,1,2,2,1,1,0,0,4,1,2,,0,4,0
9506,1,1,1,2,2,1,1,0,0,4,1,3,1,1,5,1
9507,1,1,1,2,2,1,1,0,0,4,2,1,,0,3,0
9508,1,1,1,2,2,1,1,0,0,4,2,2,,0,4,0
9509,1,1,1,2,2,1,1,0,0,4,2,3,,0,4,0
9510,1,1,1,2,2,1,1,0,1,0,1,1,0,1,3,1
9511,1,1,1,2,2,1,1,0,1,0,1,2,0,1,3,1
9512,1,1,1,2,2,1,1,0,1,0,1,3,0,1,3,1
9513,1,1,1,2,2,1,1,0,1,0,2,1,0,1,3,1
9514,1,1,1,2,2,1,1,0,1,0,2,2,0,1,3,1
9515,1,1,1,2,2,1,1,0,1,0,2,3,0,1,3,1
9516,1,1,1,2,2,1,1,0,1,1,1,1,0,1,5,1
9517,1,1,1,2,2,1,1,0,1,1,1,2,0,1,5,1
9518,1,1,1,2,2,1,1,0,1,1,1,3,0,1,5,1
9519,1,1,1,2,2,1,1,0,1,1,2,1,0,1,5,1
9520,1,1,1,2,2,1,1,0,1,1,2,2,0,1,5,1
9521,1,1,1,2,2,1,1,0,1,1,2,3,0,1,5,1
9522,1,1,1,2,2,1,1,0,1,2,1,1,0,1,5,1
9523,1,1,1,2,2,1,1,0,1,2,1,2,0,1,5,1
9524,1,1,1,2,2,1,1,0,1,2,1,3,0,1,5,1
9525,1,1,1,2,2,1,1,0,1,2,2,1,0,1,5,1
9526,1,1,1,2,2,1,1,0,1,2,2,2,0,1,5,1
9527,1,1,1,2,2,1,1,0,1,2,2,3,0,1,5,1
9528,1,1,1,2,2,1,1,0,1,3,1,1,0,1,5,1
9529,1,1,1,2,2,1,1,0,1,3,1,2,0,1,5,1
9530,1,1,1,2,2,1,1,0,1,3,1,3,0,1,5,1
9531,1,1,1,2,2,1,1,0,1,3,2,1,0,1,5,1
9532,1,1,1,2,2,1,1,0,1,3,2,2,0,1,5,1
9533,1,1,1,2,2,1,1,0,1,3,2,3,0,1,5,1
9534,1,1,1,2,2,1,1,0,1,4,1,1,0,1,5,1
9535,1,1,1,2,2,1,1,0,1,4,1,2,0,1,5,1
9536,1,1,1,2,2,1,1,0,1,4,1,3,0,1,5,1
9537,1,1,1,2,2,1,1,0,1,4,2,1,0,1,5,1
9538,1,1,1,2,2,1,1,0,1,4,2,2,0,1,5,1
9539,1,1,1,2,2,1,1,0,1,4,2,3,0,1,5,1
9540,1,1,1,2,2,1,1,1,0,0,1,1,,0,3,0
9541,1,1,1,2,2,1,1,1,0,0,1,2,,0,3,0
9542,1,1,1,2,2,1,1,1,0,0,1,3,,0,3,0
9543,1,1,1,2,2,1,1,1,0,0,2,1,,0,3,0
9544,1,1,1,2,2,1,1,1,0,0,2,2,,0,3,0
9545,1,1,1,2,2,1,1,1,0,0,2,3,,0,3,0
9546,1,1,1,2,2,1,1,1,0,1,1,1,,0,3,0
9547,1,1,1,2,2,1,1,1,0,1,1,2,,0,4,0
9548,1,1,1,2,2,1,1,1,0,1,1,3,1,1,6,1
9549,1,1,1,2,2,1,1,1,0,1,2,1,,0,3,0
9550,1,1,1,2,2,1,1,1,0,1,2,2,,0,4,0
9551,1,1,1,2,2,1,1,1,0,1,2,3,,0,4,0
9552,1,1,1,2,2,1,1,1,0,2,1,1,,0,3,0
9553,1,1,1,2,2,1,1,1,0,2,1,2,,0,4,0
9554,1,1,1,2,2,1,1,1,0,2,1,3,1,1,6,1
9555,1,1,1,2,2,1,1,1,0,2,2,1,,0,3,0
9556,1,1,1,2,2,1,1,1,0,2,2,2,,0,4,0
9557,1,1,1,2,2,1,1,1,0,2,2,3,,0,4,0
9558,1,1,1,2,2,1,1,1,0,3,1,1,,0,3,0
9559,1,1,1,2,2,1,1,1,0,3,1,2,,0,4,0
9560,1,1,1,2,2,1,1,1,0,3,1,3,1,1,6,1
9561,1,1,1,2,2,1,1,1,0,3,2,1,,0,3,0
9562,1,1,1,2,2,1,1,1,0,3,2,2,,0,4,0
9563,1,1,1,2,2,1,1,1,0,3,2,3,,0,4,0
9564,1,1,1,2,2,1,1,1,0,4,1,1,,0,3,0
9565,1,1,1,2,2,1,1,1,0,4,1,2,,0,4,0
9566,1,1,1,2,2,1,1,1,0,4,1,3,1,1,6,1
9567,1,1,1,2,2,1,1,1,0,4,2,1,,0,3,0
9568,1,1,1,2,2,1,1,1,0,4,2,2,,0,4,0
9569,1,1,1,2,2,1,1,1,0,4,2,3,,0,4,0
9570,1,1,1,2,2,1,1,1,1,0,1,1,0,1,3,1
9571,1,1,1,2,2,1,1,1,1,0,1,2,0,1,3,1
9572,1,1,1,2,2,1,1,1,1,0,1,3,0,1,3,1
9573,1,1,1,2,2,1,1,1,1,0,2,1,0,1,3,1
9574,1,1,1,2,2,1,1,1,1,0,2,2,0,1,3,1
9575,1,1,1,2,2,1,1,1,1,0,2,3,0,1,3,1
9576,1,1,1,2,2,1,1,1,1,1,1,1,0,1,6,1
9577,1,1,1,2,2,1,1,1,1,1,1,2,0,1,6,1
9578,1,1,1,2,2,1,1,1,1,1,1,3,0,1,6,1
9579,1,1,1,2,2,1,1,1,1,1,2,1,0,1,6,1
9580,1,1,1,2,2,1,1,1,1,1,2,2,0,1,6,1
9581,1,1,1,2,2,1,1,1,1,1,2,3,0,1,6,1
9582,1,1,1,2,2,1,1,1,1,2,1,1,0,1,6,1
9583,1,1,1,2,2,1,1,1,1,2,1,2,0,1,6,1
9584,1,1,1,2,2,1,1,1,1,2,1,3,0,1,6,1
9585,1,1,1,2,2,1,1,1,1,2,2,1,0,1,6,1
9586,1,1,1,2,2,1,1,1,1,2,2,2,0,1,6,1
9587,1,1,1,2,2,1,1,1,1,2,2,3,0,1,6,1
9588,1,1,1,2,2,1,1,1,1,3,1,1,0,1,6,1
9589,1,1,1,2,2,1,1,1,1,3,1,2,0,1,6,1
9590,1,1,1,2,2,1,1,1,1,3,1,3,0,1,6,1
9591,1,1,1,2,2,1,1,1,1,3,2,1,0,1,6,1
9592,1,1,1,2,2,1,1,1,1,3,2,2,0,1,6,1
9593,1,1,1,2,2,1,1,1,1,3,2,3,0,1,6,1
9594,1,1,1,2,2,1,1,1,1,4,1,1,0,1,6,1
9595,1,1,1,2,2,1,1,1,1,4,1,2,0,1,6,1
9596,1,1,1,2,2,1,1,1,1,4,1,3,0,1,6,1
9597,1,1,1,2,2,1,1,1,1,4,2,1,0,1,6,1
9598,1,1,1,2,2,1,1,1,1,4,2,2,0,1,6,1
9599,1,1,1,2,2,1,1,1,1,4,2,3,0,1,6,1
9600,1,1,2,1,1,0,0,0,0,0,1,1,,0,4,0
9601,1,1,2,1,1,0,0,0,0,0,1,2,,0,4,0
9602,1,1,2,1,1,0,0,0,0,0,1,3,,0,4,0
9603,1,1,2,1,1,0,0,0,0,0,2,1,,0,4,0
9604,1,1,2,1,1,0,0,0,0,0,2,2,,0,4,0
9605,1,1,2,1,1,0,0,0,0,0,2,3,,0,4,0
9606,1,1,2,1,1,0,0,0,0,1,1,1,1,1,4,1
9607,1,1,2,1,1,0,0,0,0,1,1,2,1,1,4,1
9608,1,1,2,1,1,0,0,0,0,1,1,3,1,1,4,1
9609,1,1,2,1,1,0,0,0,0,1,2,1,1,1,4,1
9610,1,1,2,1,1,0,0,0,0,1,2,2,1,1,4,1
9611,1,1,2,1,1,0,0,0,0,1,2,3,1,1,4,1
9612,1,1,2,1,1,0,0,0,0,2,1,1,1,1,4,1
9613,1,1,2,1,1,0,0,0,0,2,1,2,1,1,4,1
9614,1,1,2,1,1,0,0,0,0,2,1,3,1,1,4,1
9615,1,1,2,1,1,0,0,0,0,2,2,1,1,1,4,1
9616,1,1,2,1,1,0,0,0,0,2,2,2,1,1,4,1
9617,1,1,2,1,1,0,0,0,0,2,2,3,1,1,4,1
9618,1,1,2,1,1,0,0,0,0,3,1,1,1,1,4,1
9619,1,1,2,1,1,0,0,0,0,3,1,2,1,1,4,1
9620,1,1,2,1,1,0,0,0,0,3,1,3,1,1,4,1
9621,1,1,2,1,1,0,0,0,0,3,2,1,1,1,4,1
9622,1,1,2,1,1,0,0,0,0,3,2,2,1,1,4,1
9623,1,1,2,1,1,0,0,0,0,3,2,3,1,1,4,1
9624,1,1,2,1,1,0,0,0,0,4,1,1,1,1,4,1
9625,1,1,2,1,1,0,0,0,0,4,1,2,1,1,4,1
9626,1,1,2,1,1,0,0,0,0,4,1,3,1,1,4,1
9627,1,1,2,1,1,0,0,0,0,4,2,1,1,1,4,1
9628,1,1,2,1,1,0,0,0,0,4,2,2,1,1,4,1
9629,1,1,2,1,1,0,0,0,0,4,2,3,1,1,4,1
9630,1,1,2,1,1,0,0,0,1,0,1,1,0,1,4,1
9631,1,1,2,1,1,0,0,0,1,0,1,2,0,1,4,1
9632,1,1,2,1,1,0,0,0,1,0,1,3,0,1,4,1
9633,1,1,2,1,1,0,0,0,1,0,2,1,0,1,4,1
9634,1,1,2,1,1,0,0,0,1,0,2,2,0,1,4,1
9635,1,1,2,1,1,0,0,0,1,0,2,3,0,1,4,1
9636,1,1,2,1,1,0,0,0,1,1,1,1,0,1,4,1
9637,1,1,2,1,1,0,0,0,1,1,1,2,0,1,4,1
9638,1,1,2,1,1,0,0,0,1,1,1,3,0,1,4,1
9639,1,1,2,1,1,0,0,0,1,1,2,1,0,1,4,1
9640,1,1,2,1,1,0,0,0,1,1,2,2,0,1,4,1
9641,1,1,2,1,1,0,0,0,1,1,2,3,0,1,4,1
9642,1,1,2,1,1,0,0,0,1,2,1,1,0,1,4,1
9643,1,1,2,1,1,0,0,0,1,2,1,2,0,1,4,1
9644,1,1,2,1,1,0,0,0,1,2,1,3,0,1,4,1
9645,1,1,2,1,1,0,0,0,1,2,2,1,0,1,4,1
9646,1,1,2,1,1,0,0,0,1,2,2,2,0,1,4,1
9647,1,1,2,1,1,0,0,0,1,2,2,3,0,1,4,1
9648,1,1,2,1,1,0,0,0,1,3,1,1,0,1,4,1
9649,1,1,2,1,1,0,0,0,1,3,1,2,0,1,4,1
9650,1,1,2,1,1,0,0,0,1,3,1,3,0,1,4,1
9651,1,1,2,1,1,0,0,0,1,3,2,1,0,1,4,1
9652,1,1,2,1,1,0,0,0,1,3,2,2,0,1,4,1
9653,1,1,2,1,1,0,0,0,1,3,2,3,0,1,4,1
9654,1,1,2,1,1,0,0,0,1,4,1,1,0,1,4,1
9655,1,1,2,1,1,0,0,0,1,4,1,2,0,1,4,1
9656,1,1,2,1,1,0,0,0,1,4,1,3,0,1,4,1
9657,1,1,2,1,1,0,0,0,1,4,2,1,0,1,4,1
9658,1,1,2,1,1,0,0,0,1,4,2,2,0,1,4,1
9659,1,1,2,1,1,0,0,0,1,4,2,3,0,1,4,1
9660,1,1,2,1,1,0,0,1,0,0,1,1,,0,4,0
9661,1,1,2,1,1,0,0,1,0,0,1,2,,0,4,0
9662,1,1,2,1,1,0,0,1,0,0,1,3,,0,4,0
9663,1,1,2,1,1,0,0,1,0,0,2,1,,0,4,0
9664,1,1,2,1,1,0,0,1,0,0,2,2,,0,4,0
9665,1,1,2,1,1,0,0,1,0,0,2,3,,0,4,0
9666,1,1,2,1,1,0,0,1,0,1,1,1,1,1,4,1
9667,1,1,2,1,1,0,0,1,0,1,1,2,1,1,4,1
9668,1,1,2,1,1,0,0,1,0,1,1,3,1,1,4,1
9669,1,1,2,1,1,0,0,1,0,1,2,1,1,1,4,1
9670,1,1,2,1,1,0,0,1,0,1,2,2,1,1,4,1
9671,1,1,2,1,1,0,0,1,0,1,2,3,1,1,4,1
9672,1,1,2,1,1,0,0,1,0,2,1,1,1,1,4,1
9673,1,1,2,1,1,0,0,1,0,2,1,2,1,1,4,1
9674,1,1,2,1,1,0,0,1,0,2,1,3,1,1,4,1
9675,1,1,2,1,1,0,0,1,0,2,2,1,1,1,4,1
9676,1,1,2,1,1,0,0,1,0,2,2,2,1,1,4,1
9677,1,1,2,1,1,0,0,1,0,2,2,3,1,1,4,1
9678,1,1,2,1,1,0,0,1,0,3,1,1,1,1,4,1
9679,1,1,2,1,1,0,0,1,0,3,1,2,1,1,4,1
9680,1,1,2,1,1,0,0,1,0,3,1,3,1,1,4,1
9681,1,1,2,1,1,0,0,1,0,3,2,1,1,1,4,1
9682,1,1,2,1,1,0,0,1,0,3,2,2,1,1,4,1
9683,1,1,2,1,1,0,0,1,0,3,2,3,1,1,4,1
9684,1,1,2,1,1,0,0,1,0,4,1,1,1,1,4,1
9685,1,1,2,1,1,0,0,1,0,4,1,2,1,1,4,1
9686,1,1,2,1,1,0,0,1,0,4,1,3,1,1,4,1
9687,1,1,2,1,1,0,0,1,0,4,2,1,1,1,4,1
9688,1,1,2,1,1,0,0,1,0,4,2,2,1,1,4,1
9689,1,1,2,1,1,0,0,1,0,4,2,3,1,1,4,1
9690,1,1,2,1,1,0,0,1,1,0,1,1,0,1,4,1
9691,1,1,2,1,1,0,0,1,1,0,1,2,0,1,4,1
9692,1,1,2,1,1,0,0,1,1,0,1,3,0,1,4,1
9693,1,1,2,1,1,0,0,1,1,0,2,1,0,1,4,1
9694,1,1,2,1,1,0,0,1,1,0,2,2,0,1,4,1
9695,1,1,2,1,1,0,0,1,1,0,2,3,0,1,4,1
9696,1,1,2,1,1,0,0,1,1,1,1,1,0,1,4,1
9697,1,1,2,1,1,0,0,1,1,1,1,2,0,1,4,1
9698,1,1,2,1,1,0,0,1,1,1,1,3,0,1,4,1
9699,1,1,2,1,1,0,0,1,1,1,2,1,0,1,4,1
9700,1,1,2,1,1,0,0,1,1,1,2,2,0,1,4,1
9701,1,1,2,1,1,0,0,1,1,1,2,3,0,1,4,1
9702,1,1,2,1,1,0,0,1,1,2,1,1,0,1,4,1
9703,1,1,2,1,1,0,0,1,1,2,1,2,0,1,4,1
9704,1,1,2,1,1,0,0,1,1,2,1,3,0,1,4,1
9705,1,1,2,1,1,0,0,1,1,2,2,1,0,1,4,1
9706,1,1,2,1,1,0,0,1,1,2,2,2,0,1,4,1
9707,1,1,2,1,1,0,0,1,1,2,2,3,0,1,4,1
9708,1,1,2,1,1,0,0,1,1,3,1,1,0,1,4,1
9709,1,1,2,1,1,0,0,1,1,3,1,2,0,1,4,1
9710,1,1,2,1,1,0,0,1,1,3,1,3,0,1,4,1
9711,1,1,2,1,1,0,0,1,1,3,2,1,0,1,4,1
9712,1,1,2,1,1,0,0,1,1,3,2,2,0,1,4,1
9713,1,1,2,1,1,0,0,1,1,3,2,3,0,1,4,1
9714,1,1,2,1,1,0,0,1,1,4,1,1,0,1,4,1
9715,1,1,2,1,1,0,0,1,1,4,1,2,0,1,4,1
9716,1,1,2,1,1,0,0,1,1,4,1,3,0,1,4,1
9717,1,1,2,1,1,0,0,1,1,4,2,1,0,1,4,1
9718,1,1,2,1,1,0,0,1,1,4,2,2,0,1,4,1
9719,1,1,2,1,1,0,0,1,1,4,2,3,0,1,4,1
9720,1,1,2,1,1,0,1,0,0,0,1,1,,0,4,0
9721,1,1,2,1,1,0,1,0,0,0,1,2,,0,4,0
9722,1,1,2,1,1,0,1,0,0,0,1,3,,0,4,0
9723,1,1,2,1,1,0,1,0,0,0,2,1,,0,4,0
9724,1,1,2,1,1,0,1,0,0,0,2,2,,0,4,0
9725,1,1,2,1,1,0,1,0,0,0,2,3,,0,4,0
9726,1,1,2,1,1,0,1,0,0,1,1,1,,0,5,0
9727,1,1,2,1,1,0,1,0,0,1,1,2,1,1,5,1
9728,1,1,2,1,1,0,1,0,0,1,1,3,1,1,5,1
9729,1,1,2,1,1,0,1,0,0,1,2,1,,0,5,0
9730,1,1,2,1,1,0,1,0,0,1,2,2,,0,5,0
9731,1,1,2,1,1,0,1,0,0,1,2,3,1,1,5,1
9732,1,1,2,1,1,0,1,0,0,2,1,1,,0,6,0
9733,1,1,2,1,1,0,1,0,0,2,1,2,1,1,6,1
9734,1,1,2,1,1,0,1,0,0,2,1,3,1,1,6,1
9735,1,1,2,1,1,0,1,0,0,2,2,1,,0,6,0
9736,1,1,2,1,1,0,1,0,0,2,2,2,,0,6,0
9737,1,1,2,1,1,0,1,0,0,2,2,3,1,1,6,1
9738,1,1,2,1,1,0,1,0,0,3,1,1,,0,6,0
9739,1,1,2,1,1,0,1,0,0,3,1,2,1,1,6,1
9740,1,1,2,1,1,0,1,0,0,3,1,3,1,1,6,1
9741,1,1,2,1,1,0,1,0,0,3,2,1,,0,6,0
9742,1,1,2,1,1,0,1,0,0,3,2,2,,0,6,0
9743,1,1,2,1,1,0,1,0,0,3,2,3,1,1,6,1
9744,1,1,2,1,1,0,1,0,0,4,1,1,,0,6,0
9745,1,1,2,1,1,0,1,0,0,4,1,2,1,1,6,1
9746,1,1,2,1,1,0,1,0,0,4,1,3,1,1,6,1
9747,1,1,2,1,1,0,1,0,0,4,2,1,,0,6,0
9748,1,1,2,1,1,0,1,0,0,4,2,2,,0,6,0
9749,1,1,2,1,1,0,1,0,0,4,2,3,1,1,6,1
9750,1,1,2,1,1,0,1,0,1,0,1,1,0,1,4,1
9751,1,1,2,1,1,0,1,0,1,0,1,2,0,1,4,1
9752,1,1,2,1,1,0,1,0,1,0,1,3,0,1,4,1
9753,1,1,2,1,1,0,1,0,1,0,2,1,0,1,4,1
9754,1,1,2,1,1,0,1,0,1,0,2,2,0,1,4,1
9755,1,1,2,1,1,0,1,0,1,0,2,3,0,1,4,1
9756,1,1,2,1,1,0,1,0,1,1,1,1,0,1,5,1
9757,1,1,2,1,1,0,1,0,1,1,1,2,0,1,5,1
9758,1,1,2,1,1,0,1,0,1,1,1,3,0,1,5,1
9759,1,1,2,1,1,0,1,0,1,1,2,1,0,1,5,1
9760,1,1,2,1,1,0,1,0,1,1,2,2,0,1,5,1
9761,1,1,2,1,1,0,1,0,1,1,2,3,0,1,5,1
9762,1,1,2,1,1,0,1,0,1,2,1,1,0,1,6,1
9763,1,1,2,1,1,0,1,0,1,2,1,2,0,1,6,1
9764,1,1,2,1,1,0,1,0,1,2,1,3,0,1,6,1
9765,1,1,2,1,1,0,1,0,1,2,2,1,0,1,6,1
9766,1,1,2,1,1,0,1,0,1,2,2,2,0,1,6,1
9767,1,1,2,1,1,0,1,0,1,2,2,3,0,1,6,1
9768,1,1,2,1,1,0,1,0,1,3,1,1,0,1,6,1
9769,1,1,2,1,1,0,1,0,1,3,1,2,0,1,6,1
9770,1,1,2,1,1,0,1,0,1,3,1,3,0,1,6,1
9771,1,1,2,1,1,0,1,0,1,3,2,1,0,1,6,1
9772,1,1,2,1,1,0,1,0,1,3,2,2,0,1,6,1
9773,1,1,2,1,1,0,1,0,1,3,2,3,0,1,6,1
9774,1,1,2,1,1,0,1,0,1,4,1,1,0,1,6,1
9775,1,1,2,1,1,0,1,0,1,4,1,2,0,1,6,1
9776,1,1,2,1,1,0,1,0,1,4,1,3,0,1,6,1
9777,1,1,2,1,1,0,1,0,1,4,2,1,0,1,6,1
9778,1,1,2,1,1,0,1,0,1,4,2,2,0,1,6,1
9779,1,1,2,1,1,0,1,0,1,4,2,3,0,1,6,1
9780,1,1,2,1,1,0,1,1,0,0,1,1,,0,4,0
9781,1,1,2,1,1,0,1,1,0,0,1,2,,0,4,0
9782,1,1,2,1,1,0,1,1,0,0,1,3,,0,4,0
9783,1,1,2,1,1,0,1,1,0,0,2,1,,0,4,0
9784,1,1,2,1,1,0,1,1,0,0,2,2,,0,4,0
9785,1,1,2,1,1,0,1,1,0,0,2,3,,0,4,0
9786,1,1,2,1,1,0,1,1,0,1,1,1,,0,5,0
9787,1,1,2,1,1,0,1,1,0,1,1,2,1,1,5,1
9788,1,1,2,1,1,0,1,1,0,1,1,3,1,1,5,1
9789,1,1,2,1,1,0,1,1,0,1,2,1,,0,5,0
9790,1,1,2,1,1,0,1,1,0,1,2,2,,0,5,0
9791,1,1,2,1,1,0,1,1,0,1,2,3,1,1,5,1
9792,1,1,2,1,1,0,1,1,0,2,1,1,,0,6,0
9793,1,1,2,1,1,0,1,1,0,2,1,2,1,1,6,1
9794,1,1,2,1,1,0,1,1,0,2,1,3,1,1,6,1
9795,1,1,2,1,1,0,1,1,0,2,2,1,,0,6,0
9796,1,1,2,1,1,0,1,1,0,2,2,2,,0,6,0
9797,1,1,2,1,1,0,1,1,0,2,2,3,1,1,6,1
9798,1,1,2,1,1,0,1,1,0,3,1,1,,0,6,0
9799,1,1,2,1,1,0,1,1,0,3,1,2,1,1,6,1
9800,1,1,2,1,1,0,1,1,0,3,1,3,1,1,6,1
9801,1,1,2,1,1,0,1,1,0,3,2,1,,0,6,0
9802,1,1,2,1,1,0,1,1,0,3,2,2,,0,6,0
9803,1,1,2,1,1,0,1,1,0,3,2,3,1,1,6,1
9804,1,1,2,1,1,0,1,1,0,4,1,1,,0,6,0
9805,1,1,2,1,1,0,1,1,0,4,1,2,1,1,6,1
9806,1,1,2,1,1,0,1,1,0,4,1,3,1,1,6,1
9807,1,1,2,1,1,0,1,1,0,4,2,1,,0,6,0
9808,1,1,2,1,1,0,1,1,0,4,2,2,,0,6,0
9809,1,1,2,1,1,0,1,1,0,4,2,3,1,1,6,1
9810,1,1,2,1,1,0,1,1,1,0,1,1,0,1,4,1
9811,1,1,2,1,1,0,1,1,1,0,1,2,0,1,4,1
9812,1,1,2,1,1,0,1,1,1,0,1,3,0,1,4,1
9813,1,1,2,1,1,0,1,1,1,0,2,1,0,1,4,1
9814,1,1,2,1,1,0,1,1,1,0,2,2,0,1,4,1
9815,1,1,2,1,1,0,1,1,1,0,2,3,0,1,4,1
9816,1,1,2,1,1,0,1,1,1,1,1,1,0,1,5,1
9817,1,1,2,1,1,0,1,1,1,1,1,2,0,1,5,1
9818,1,1,2,1,1,0,1,1,1,1,1,3,0,1,5,1
9819,1,1,2,1,1,0,1,1,1,1,2,1,0,1,5,1
9820,1,1,2,1,1,0,1,1,1,1,2,2,0,1,5,1
9821,1,1,2,1,1,0,1,1,1,1,2,3,0,1,5,1
9822,1,1,2,1,1,0,1,1,1,2,1,1,0,1,6,1
9823,1,1,2,1,1,0,1,1,1,2,1,2,0,1,6,1
9824,1,1,2,1,1,0,1,1,1,2,1,3,0,1,6,1
9825,1,1,2,1,1,0,1,1,1,2,2,1,0,1,6,1
9826,1,1,2,1,1,0,1,1,1,2,2,2,0,1,6,1
9827,1,1,2,1,1,0,1,1,1,2,2,3,0,1,6,1
9828,1,1,2,1,1,0,1,1,1,3,1,1,0,1,6,1
9829,1,1,2,1,1,0,1,1,1,3,1,2,0,1,6,1
9830,1,1,2,1,1,0,1,1,1,3,1,3,0,1,6,1
9831,1,1,2,1,1,0,1,1,1,3,2,1,0,1,6,1
9832,1,1,2,1,1,0,1,1,1,3,2,2,0,1,6,1
9833,1,1,2,1,1,0,1,1,1,3,2,3,0,1,6,1
9834,1,1,2,1,1,0,1,1,1,4,1,1,0,1,6,1
9835,1,1,2,1,1,0,1,1,1,4,1,2,0,1,6,1
9836,1,1,2,1,1,0,1,1,1,4,1,3,0,1,6,1
9837,1,1,2,1,1,0,1,1,1,4,2,1,0,1,6,1
9838,1,1,2,1,1,0,1,1,1,4,2,2,0,1,6,1
9839,1,1,2,1,1,0,1,1,1,4,2,3,0,1,6,1
9840,1,1,2,1,1,1,0,0,0,0,1,1,,0,4,0
9841,1,1,2,1,1,1,0,0,0,0,1,2,,0,4,0
9842,1,1,2,1,1,1,0,0,0,0,1,3,,0,4,0
9843,1,1,2,1,1,1,0,0,0,0,2,1,,0,4,0
9844,1,1,2,1,1,1,0,0,0,0,2,2,,0,4,0
9845,1,1,2,1,1,1,0,0,0,0,2,3,,0,4,0
9846,1,1,2,1,1,1,0,0,0,1,1,1,,0,5,0
9847,1,1,2,1,1,1,0,0,0,1,1,2,,0,5,0
9848,1,1,2,1,1,1,0,0,0,1,1,3,,0,5,0
9849,1,1,2,1,1,1,0,0,0,1,2,1,,0,5,0
9850,1,1,2,1,1,1,0,0,0,1,2,2,,0,5,0
9851,1,1,2,1,1,1,0,0,0,1,2,3,,0,5,0
9852,1,1,2,1,1,1,0,0,0,2,1,1,2,1,5,1
9853,1,1,2,1,1,1,0,0,0,2,1,2,2,1,5,1
9854,1,1,2,1,1,1,0,0,0,2,1,3,2,1,5,1
9855,1,1,2,1,1,1,0,0,0,2,2,1,2,1,5,1
9856,1,1,2,1,1,1,0,0,0,2,2,2,2,1,5,1
9857,1,1,2,1,1,1,0,0,0,2,2,3,2,1,5,1
9858,1,1,2,1,1,1,0,0,0,3,1,1,2,1,5,1
9859,1,1,2,1,1,1,0,0,0,3,1,2,2,1,5,1
9860,1,1,2,1,1,1,0,0,0,3,1,3,2,1,5,1
9861,1,1,2,1,1,1,0,0,0,3,2,1,2,1,5,1
9862,1,1,2,1,1,1,0,0,0,3,2,2,2,1,5,1
9863,1,1,2,1,1,1,0,0,0,3,2,3,2,1,5,1
9864,1,1,2,1,1,1,0,0,0,4,1,1,2,1,5,1
9865,1,1,2,1,1,1,0,0,0,4,1,2,2,1,5,1
9866,1,1,2,1,1,1,0,0,0,4,1,3,2,1,5,1
9867,1,1,2,1,1,1,0,0,0,4,2,1,2,1,5,1
9868,1,1,2,1,1,1,0,0,0,4,2,2,2,1,5,1
9869,1,1,2,1,1,1,0,0,0,4,2,3,2,1,5,1
9870,1,1,2,1,1,1,0,0,1,0,1,1,0,1,4,1
9871,1,1,2,1,1,1,0,0,1,0,1,2,0,1,4,1
9872,1,1,2,1,1,1,0,0,1,0,1,3,0,1,4,1
9873,1,1,2,1,1,1,0,0,1,0,2,1,0,1,4,1
9874,1,1,2,1,1,1,0,0,1,0,2,2,0,1,4,1
9875,1,1,2,1,1,1,0,0,1,0,2,3,0,1,4,1
9876,1,1,2,1,1,1,0,0,1,1,1,1,0,1,5,1
9877,1,1,2,1,1,1,0,0,1,1,1,2,0,1,5,1
9878,1,1,2,1,1,1,0,0,1,1,1,3,0,1,5,1
9879,1,1,2,1,1,1,0,0,1,1,2,1,0,1,5,1
9880,1,1,2,1,1,1,0,0,1,1,2,2,0,1,5,1
9881,1,1,2,1,1,1,0,0,1,1,2,3,0,1,5,1
9882,1,1,2,1,1,1,0,0,1,2,1,1,0,1,5,1
9883,1,1,2,1,1,1,0,0,1,2,1,2,0,1,5,1
9884,1,1,2,1,1,1,0,0,1,2,1,3,0,1,5,1
9885,1,1,2,1,1,1,0,0,1,2,2,1,0,1,5,1
9886,1,1,2,1,1,1,0,0,1,2,2,2,0,1,5,1
9887,1,1,2,1,1,1,0,0,1,2,2,3,0,1,5,1
9888,1,1,2,1,1,1,0,0,1,3,1,1,0,1,5,1
9889,1,1,2,1,1,1,0,0,1,3,1,2,0,1,5,1
9890,1,1,2,1,1,1,0,0,1,3,1,3,0,1,5,1
9891,1,1,2,1,1,1,0,0,1,3,2,1,0,1,5,1
9892,1,1,2,1,1,1,0,0,1,3,2,2,0,1,5,1
9893,1,1,2,1,1,1,0,0,1,3,2,3,0,1,5,1
9894,1,1,2,1,1,1,0,0,1,4,1,1,0,1,5,1
9895,1,1,2,1,1,1,0,0,1,4,1,2,0,1,5,1
9896,1,1,2,1,1,1,0,0,1,4,1,3,0,1,5,1
9897,1,1,2,1,1,1,0,0,1,4,2,1,0,1,5,1
9898,1,1,2,1,1,1,0,0,1,4,2,2,0,1,5,1
9899,1,1,2,1,1,1,0,0,1,4,2,3,0,1,5,1
9900,1,1,2,1,1,1,0,1,0,0,1,1,,0,4,0
9901,1,1,2,1,1,1,0,1,0,0,1,2,,0,4,0
9902,1,1,2,1,1,1,0,1,0,0,1,3,,0,4,0
9903,1,1,2,1,1,1,0,1,0,0,2,1,,0,4,0
9904,1,1,2,1,1,1,0,1,0,0,2,2,,0,4,0
9905,1,1,2,1,1,1,0,1,0,0,2,3,,0,4,0
9906,1,1,2,1,1,1,0,1,0,1,1,1,1,1,5,1
9907,1,1,2,1,1,1,0,1,0,1,1,2,1,1,5,1
9908,1,1,2,1,1,1,0,1,0,1,1,3,1,1,5,1
9909,1,1,2,1,1,1,0,1,0,1,2,1,1,1,5,1
9910,1,1,2,1,1,1,0,1,0,1,2,2,1,1,5,1
9911,1,1,2,1,1,1,0,1,0,1,2,3,1,1,5,1
9912,1,1,2,1,1,1,0,1,0,2,1,1,1,1,5,1
9913,1,1,2,1,1,1,0,1,0,2,1,2,1,1,5,1
9914,1,1,2,1,1,1,0,1,0,2,1,3,1,1,5,1
9915,1,1,2,1,1,1,0,1,0,2,2,1,1,1,5,1
9916,1,1,2,1,1,1,0,1,0,2,2,2,1,1,5,1
9917,1,1,2,1,1,1,0,1,0,2,2,3,1,1,5,1
9918,1,1,2,1,1,1,0,1,0,3,1,1,1,1,5,1
9919,1,1,2,1,1,1,0,1,0,3,1,2,1,1,5,1
9920,1,1,2,1,1,1,0,1,0,3,1,3,1,1,5,1
9921,1,1,2,1,1,1,0,1,0,3,2,1,1,1,5,1
9922,1,1,2,1,1,1,0,1,0,3,2,2,1,1,5,1
9923,1,1,2,1,1,1,0,1,0,3,2,3,1,1,5,1
9924,1,1,2,1,1,1,0,1,0,4,1,1,1,1,5,1
9925,1,1,2,1,1,1,0,1,0,4,1,2,1,1,5,1
9926,1,1,2,1,1,1,0,1,0,4,1,3,1,1,5,1
9927,1,1,2,1,1,1,0,1,0,4,2,1,1,1,5,1
9928,1,1,2,1,1,1,0,1,0,4,2,2,1,1,5,1
9929,1,1,2,1,1,1,0,1,0,4,2,3,1,1,5,1
9930,1,1,2,1,1,1,0,1,1,0,1,1,0,1,4,1
9931,1,1,2,1,1,1,0,1,1,0,1,2,0,1,4,1
9932,1,1,2,1,1,1,0,1,1,0,1,3,0,1,4,1
9933,1,1,2,1,1,1,0,1,1,0,2,1,0,1,4,1
9934,1,1,2,1,1,1,0,1,1,0,2,2,0,1,4,1
9935,1,1,2,1,1,1,0,1,1,0,2,3,0,1,4,1
9936,1,1,2,1,1,1,0,1,1,1,1,1,0,1,5,1
9937,1,1,2,1,1,1,0,1,1,1,1,2,0,1,5,1
9938,1,1,2,1,1,1,0,1,1,1,1,3,0,1,5,1
9939,1,1,2,1,1,1,0,1,1,1,2,1,0,1,5,1
9940,1,1,2,1,1,1,0,1,1,1,2,2,0,1,5,1
9941,1,1,2,1,1,1,0,1,1,1,2,3,0,1,5,1
9942,1,1,2,1,1,1,0,1,1,2,1,1,0,1,5,1
9943,1,1,2,1,1,1,0,1,1,2,1,2,0,1,5,1
9944,1,1,2,1,1,1,0,1,1,2,1,3,0,1,5,1
9945,1,1,2,1,1,1,0,1,1,2,2,1,0,1,5,1
9946,1,1,2,1,1,1,0,1,1,2,2,2,0,1,5,1
9947,1,1,2,1,1,1,0,1,1,2,2,3,0,1,5,1
9948,1,1,2,1,1,1,0,1,1,3,1,1,0,1,5,1
9949,1,1,2,1,1,1,0,1,1,3,1,2,0,1,5,1
9950,1,1,2,1,1,1,0,1,1,3,1,3,0,1,5,1
9951,1,1,2,1,1,1,0,1,1,3,2,1,0,1,5,1
9952,1,1,2,1,1,1,0,1,1,3,2,2,0,1,5,1
9953,1,1,2,1,1,1,0,1,1,3,2,3,0,1,5,1
9954,1,1,2,1,1,1,0,1,1,4,1,1,0,1,5,1
9955,1,1,2,1,1,1,0,1,1,4,1,2,0,1,5,1
9956,1,1,2,1,1,1,0,1,1,4,1,3,0,1,5,1
9957,1,1,2,1,1,1,0,1,1,4,2,1,0,1,5,1
9958,1,1,2,1,1,1,0,1,1,4,2,2,0,1,5,1
9959,1,1,2,1,1,1,0,1,1,4,2,3,0,1,5,1
9960,1,1,2,1,1,1,1,0,0,0,1,1,,0,4,0
9961,1,1,2,1,1,1,1,0,0,0,1,2,,0,4,0
9962,1,1,2,1,1,1,1,0,0,0,1,3,,0,4,0
9963,1,1,2,1,1,1,1,0,0,0,2,1,,0,4,0
9964,1,1,2,1,1,1,1,0,0,0,2,2,,0,4,0
9965,1,1,2,1,1,1,1,0,0,0,2,3,,0,4,0
9966,1,1,2,1,1,1,1,0,0,1,1,1,,0,5,0
9967,1,1,2,1,1,1,1,0,0,1,1,2,,0,6,0
9968,1,1,2,1,1,1,1,0,0,1,1,3,,0,6,0
9969,1,1,2,1,1,1,1,0,0,1,2,1,,0,5,0
9970,1,1,2,1,1,1,1,0,0,1,2,2,,0,5,0
9971,1,1,2,1,1,1,1,0,0,1,2,3,,0,6,0
9972,1,1,2,1,1,1,1,0,0,2,1,1,,0,6,0
9973,1,1,2,1,1,1,1,0,0,2,1,2,2,1,7,1
9974,1,1,2,1,1,1,1,0,0,2,1,3,2,1,7,1
9975,1,1,2,1,1,1,1,0,0,2,2,1,,0,6,0
9976,1,1,2,1,1,1,1,0,0,2,2,2,,0,6,0
9977,1,1,2,1,1,1,1,0,0,2,2,3,2,1,7,1
9978,1,1,2,1,1,1,1,0,0,3,1,1,,0,6,0
9979,1,1,2,1,1,1,1,0,0,3,1,2,2,1,7,1
9980,1,1,2,1,1,1,1,0,0,3,1,3,2,1,7,1
9981,1,1,2,1,1,1,1,0,0,3,2,1,,0,6,0
9982,1,1,2,1,1,1,1,0,0,3,2,2,,0,6,0
9983,1,1,2,1,1,1,1,0,0,3,2,3,2,1,7,1
9984,1,1,2,1,1,1,1,0,0,4,1,1,,0,6,0
9985,1,1,2,1,1,1,1,0,0,4,1,2,2,1,7,1
9986,1,1,2,1,1,1,1,0,0,4,1,3,2,1,7,1
9987,1,1,2,1,1,1,1,0,0,4,2,1,,0,6,0
9988,1,1,2,1,1,1,1,0,0,4,2,2,,0,6,0
9989,1,1,2,1,1,1,1,0,0,4,2,3,2,1,7,1
9990,1,1,2,1,1,1,1,0,1,0,1,1,0,1,4,1
9991,1,1,2,1,1,1,1,0,1,0,1,2,0,1,4,1
9992,1,1,2,1,1,1,1,0,1,0,1,3,0,1,4,1
9993,1,1,2,1,1,1,1,0,1,0,2,1,0,1,4,1
9994,1,1,2,1,1,1,1,0,1,0,2,2,0,1,4,1
9995,1,1,2,1,1,1,1,0,1,0,2,3,0,1,4,1
9996,1,1,2,1,1,1,1,0,1,1,1,1,0,1,6,1
9997,1,1,2,1,1,1,1,0,1,1,1,2,0,1,6,1
9998,1,1,2,1,1,1,1,0,1,1,1,3,0,1,6,1
9999,1,1,2,1,1,1,1,0,1,1,2,1,0,1,6,1
10000,1,1,2,1,1,1,1,0,1,1,2,2,0,1,6,1
10001,1,1,2,1,1,1,1,0,1,1,2,3,0,1,6,1
10002,1,1,2,1,1,1,1,0,1,2,1,1,0,1,7,1
10003,1,1,2,1,1,1,1,0,1,2,1,2,0,1,7,1
10004,1,1,2,1,1,1,1,0,1,2,1,3,0,1,7,1
10005,1,1,2,1,1,1,1,0,1,2,2,1,0,1,7,1
10006,1,1,2,1,1,1,1,0,1,2,2,2,0,1,7,1
10007,1,1,2,1,1,1,1,0,1,2,2,3,0,1,7,1
10008,1,1,2,1,1,1,1,0,1,3,1,1,0,1,7,1
10009,1,1,2,1,1,1,1,0,1,3,1,2,0,1,7,1
10010,1,1,2,1,1,1,1,0,1,3,1,3,0,1,7,1
10011,1,1,2,1,1,1,1,0,1,3,2,1,0,1,7,1
10012,1,1,2,1,1,1,1,0,1,3,2,2,0,1,7,1
10013,1,1,2,1,1,1,1,0,1,3,2,3,0,1,7,1
10014,1,1,2,1,1,1,1,0,1,4,1,1,0,1,7,1
10015,1,1,2,1,1,1,1,0,1,4,1,2,0,1,7,1
10016,1,1,2,1,1,1,1,0,1,4,1,3,0,1,7,1
10017,1,1,2,1,1,1,1,0,1,4,2,1,0,1,7,1
10018,1,1,2,1,1,1,1,0,1,4,2,2,0,1,7,1
10019,1,1,2,1,1,1,1,0,1,4,2,3,0,1,7,1
10020,1,1,2,1,1,1,1,1,0,0,1,1,,0,4,0
10021,1,1,2,1,1,1,1,1,0,0,1,2,,0,4,0
10022,1,1,2,1,1,1,1,1,0,0,1,3,,0,4,0
10023,1,1,2,1,1,1,1,1,0,0,2,1,,0,4,0
10024,1,1,2,1,1,1,1,1,0,0,2,2,,0,4,0
10025,1,1,2,1,1,1,1,1,0,0,2,3,,0,4,0
10026,1,1,2,1,1,1,1,1,0,1,1,1,,0,5,0
10027,1,1,2,1,1,1,1,1,0,1,1,2,1,1,7,1
10028,1,1,2,1,1,1,1,1,0,1,1,3,1,1,7,1
10029,1,1,2,1,1,1,1,1,0,1,2,1,,0,5,0
10030,1,1,2,1,1,1,1,1,0,1,2,2,,0,5,0
10031,1,1,2,1,1,1,1,1,0,1,2,3,1,1,7,1
10032,1,1,2,1,1,1,1,1,0,2,1,1,,0,6,0
10033,1,1,2,1,1,1,1,1,0,2,1,2,1,1,8,1
10034,1,1,2,1,1,1,1,1,0,2,1,3,1,1,8,1
10035,1,1,2,1,1,1,1,1,0,2,2,1,,0,6,0
10036,1,1,2,1,1,1,1,1,0,2,2,2,,0,6,0
10037,1,1,2,1,1,1,1,1,0,2,2,3,1,1,8,1
10038,1,1,2,1,1,1,1,1,0,3,1,1,,0,6,0
10039,1,1,2,1,1,1,1,1,0,3,1,2,1,1,8,1
10040,1,1,2,1,1,1,1,1,0,3,1,3,1,1,8,1
10041,1,1,2,1,1,1,1,1,0,3,2,1,,0,6,0
10042,1,1,2,1,1,1,1,1,0,3,2,2,,0,6,0
10043,1,1,2,1,1,1,1,1,0,3,2,3,1,1,8,1
10044,1,1,2,1,1,1,1,1,0,4,1,1,,0,6,0
10045,1,1,2,1,1,1,1,1,0,4,1,2,1,1,8,1
10046,1,1,2,1,1,1,1,1,0,4,1,3,1,1,8,1
10047,1,1,2,1,1,1,1,1,0,4,2,1,,0,6,0
10048,1,1,2,1,1,1,1,1,0,4,2,2,,0,6,0
10049,1,1,2,1,1,1,1,1,0,4,2,3,1,1,8,1
10050,1,1,2,1,1,1,1,1,1,0,1,1,0,1,4,1
10051,1,1,2,1,1,1,1,1,1,0,1,2,0,1,4,1
10052,1,1,2,1,1,1,1,1,1,0,1,3,0,1,4,1
10053,1,1,2,1,1,1,1,1,1,0,2,1,0,1,4,1
10054,1,1,2,1,1,1,1,1,1,0,2,2,0,1,4,1
10055,1,1,2,1,1,1,1,1,1,0,2,3,0,1,4,1
10056,1,1,2,1,1,1,1,1,1,1,1,1,0,1,7,1
10057,1,1,2,1,1,1,1,1,1,1,1,2,0,1,7,1
10058,1,1,2,1,1,1,1,1,1,1,1,3,0,1,7,1
10059,1,1,2,1,1,1,1,1,1,1,2,1,0,1,7,1
10060,1,1,2,1,1,1,1,1,1,1,2,2,0,1,7,1
10061,1,1,2,1,1,1,1,1,1,1,2,3,0,1,7,1
10062,1,1,2,1,1,1,1,1,1,2,1,1,0,1,8,1
10063,1,1,2,1,1,1,1,1,1,2,1,2,0,1,8,1
10064,1,1,2,1,1,1,1,1,1,2,1,3,0,1,8,1
10065,1,1,2,1,1,1,1,1,1,2,2,1,0,1,8,1
10066,1,1,2,1,1,1,1,1,1,2,2,2,0,1,8,1
10067,1,1,2,1,1,1,1,1,1,2,2,3,0,1,8,1
10068,1,1,2,1,1,1,1,1,1,3,1,1,0,1,8,1
10069,1,1,2,1,1,1,1,1,1,3,1,2,0,1,8,1
10070,1,1,2,1,1,1,1,1,1,3,1,3,0,1,8,1
10071,1,1,2,1,1,1,1,1,1,3,2,1,0,1,8,1
10072,1,1,2,1,1,1,1,1,1,3,2,2,0,1,8,1
10073,1,1,2,1,1,1,1,1,1,3,2,3,0,1,8,1
10074,1,1,2,1,1,1,1,1,1,4,1,1,0,1,8,1
10075,1,1,2,1,1,1,1,1,1,4,1,2,0,1,8,1
10076,1,1,2,1,1,1,1,1,1,4,1,3,0,1,8,1
10077,1,1,2,1,1,1,1,1,1,4,2,1,0,1,8,1
10078,1,1,2,1,1,1,1,1,1,4,2,2,0,1,8,1
10079,1,1,2,1,1,1,1,1,1,4,2,3,0,1,8,1
10080,1,1,2,1,2,0,0,0,0,0,1,1,,0,4,0
10081,1,1,2,1,2,0,0,0,0,0,1,2,,0,4,0
10082,1,1,2,1,2,0,0,0,0,0,1,3,,0,4,0
10083,1,1,2,1,2,0,0,0,0,0,2,1,,0,4,0
10084,1,1,2,1,2,0,0,0,0,0,2,2,,0,4,0
10085,1,1,2,1,2,0,0,0,0,0,2,3,,0,4,0
10086,1,1,2,1,2,0,0,0,0,1,1,1,1,1,4,1
10087,1,1,2,1,2,0,0,0,0,1,1,2,1,1,4,1
10088,1,1,2,1,2,0,0,0,0,1,1,3,1,1,4,1
10089,1,1,2,1,2,0,0,0,0,1,2,1,1,1,4,1
10090,1,1,2,1,2,0,0,0,0,1,2,2,1,1,4,1
10091,1,1,2,1,2,0,0,0,0,1,2,3,1,1,4,1
10092,1,1,2,1,2,0,0,0,0,2,1,1,1,1,4,1
10093,1,1,2,1,2,0,0,0,0,2,1,2,1,1,4,1
10094,1,1,2,1,2,0,0,0,0,2,1,3,1,1,4,1
10095,1,1,2,1,2,0,0,0,0,2,2,1,1,1,4,1
10096,1,1,2,1,2,0,0,0,0,2,2,2,1,1,4,1
10097,1,1,2,1,2,0,0,0,0,2,2,3,1,1,4,1
10098,1,1,2,1,2,0,0,0,0,3,1,1,1,1,4,1
10099,1,1,2,1,2,0,0,0,0,3,1,2,1,1,4,1
10100,1,1,2,1,2,0,0,0,0,3,1,3,1,1,4,1
10101,1,1,2,1,2,0,0,0,0,3,2,1,1,1,4,1
10102,1,1,2,1,2,0,0,0,0,3,2,2,1,1,4,1
10103,1,1,2,1,2,0,0,0,0,3,2,3,1,1,4,1
10104,1,1,2,1,2,0,0,0,0,4,1,1,1,1,4,1
10105,1,1,2,1,2,0,0,0,0,4,1,2,1,1,4,1
10106,1,1,2,1,2,0,0,0,0,4,1,3,1,1,4,1
10107,1,1,2,1,2,0,0,0,0,4,2,1,1,1,4,1
10108,1,1,2,1,2,0,0,0,0,4,2,2,1,1,4,1
10109,1,1,2,1,2,0,0,0,0,4,2,3,1,1,4,1
10110,1,1,2,1,2,0,0,0,1,0,1,1,0,1,4,1
10111,1,1,2,1,2,0,0,0,1,0,1,2,0,1,4,1
10112,1,1,2,1,2,0,0,0,1,0,1,3,0,1,4,1
10113,1,1,2,1,2,0,0,0,1,0,2,1,0,1,4,1
10114,1,1,2,1,2,0,0,0,1,0,2,2,0,1,4,1
10115,1,1,2,1,2,0,0,0,1,0,2,3,0,1,4,1
10116,1,1,2,1,2,0,0,0,1,1,1,1,0,1,4,1
10117,1,1,2,1,2,0,0,0,1,1,1,2,0,1,4,1
10118,1,1,2,1,2,0,0,0,1,1,1,3,0,1,4,1
10119,1,1,2,1,2,0,0,0,1,1,2,1,0,1,4,1
10120,1,1,2,1,2,0,0,0,1,1,2,2,0,1,4,1
10121,1,1,2,1,2,0,0,0,1,1,2,3,0,1,4,1
10122,1,1,2,1,2,0,0,0,1,2,1,1,0,1,4,1
10123,1,1,2,1,2,0,0,0,1,2,1,2,0,1,4,1
10124,1,1,2,1,2,0,0,0,1,2,1,3,0,1,4,1
10125,1,1,2,1,2,0,0,0,1,2,2,1,0,1,4,1
10126,1,1,2,1,2,0,0,0,1,2,2,2,0,1,4,1
10127,1,1,2,1,2,0,0,0,1,2,2,3,0,1,4,1
10128,1,1,2,1,2,0,0,0,1,3,1,1,0,1,4,1
10129,1,1,2,1,2,0,0,0,1,3,1,2,0,1,4,1
10130,1,1,2,1,2,0,0,0,1,3,1,3,0,1,4,1
10131,1,1,2,1,2,0,0,0,1,3,2,1,0,1,4,1
10132,1,1,2,1,2,0,0,0,1,3,2,2,0,1,4,1
10133,1,1,2,1,2,0,0,0,1,3,2,3,0,1,4,1
10134,1,1,2,1,2,0,0,0,1,4,1,1,0,1,4,1
10135,1,1,2,1,2,0,0,0,1,4,1,2,0,1,4,1
10136,1,1,2,1,2,0,0,0,1,4,1,3,0,1,4,1
10137,1,1,2,1,2,0,0,0,1,4,2,1,0,1,4,1
10138,1,1,2,1,2,0,0,0,1,4,2,2,0,1,4,1
10139,1,1,2,1,2,0,0,0,1,4,2,3,0,1,4,1
10140,1,1,2,1,2,0,0,1,0,0,1,1,,0,4,0
10141,1,1,2,1,2,0,0,1,0,0,1,2,,0,4,0
10142,1,1,2,1,2,0,0,1,0,0,1,3,,0,4,0
10143,1,1,2,1,2,0,0,1,0,0,2,1,,0,4,0
10144,1,1,2,1,2,0,0,1,0,0,2,2,,0,4,0
10145,1,1,2,1,2,0,0,1,0,0,2,3,,0,4,0
10146,1,1,2,1,2,0,0,1,0,1,1,1,1,1,4,1
10147,1,1,2,1,2,0,0,1,0,1,1,2,1,1,4,1
10148,1,1,2,1,2,0,0,1,0,1,1,3,1,1,4,1
10149,1,1,2,1,2,0,0,1,0,1,2,1,1,1,4,1
10150,1,1,2,1,2,0,0,1,0,1,2,2,1,1,4,1
10151,1,1,2,1,2,0,0,1,0,1,2,3,1,1,4,1
10152,1,1,2,1,2,0,0,1,0,2,1,1,1,1,4,1
10153,1,1,2,1,2,0,0,1,0,2,1,2,1,1,4,1
10154,1,1,2,1,2,0,0,1,0,2,1,3,1,1,4,1
10155,1,1,2,1,2,0,0,1,0,2,2,1,1,1,4,1
10156,1,1,2,1,2,0,0,1,0,2,2,2,1,1,4,1
10157,1,1,2,1,2,0,0,1,0,2,2,3,1,1,4,1
10158,1,1,2,1,2,0,0,1,0,3,1,1,1,1,4,1
10159,1,1,2,1,2,0,0,1,0,3,1,2,1,1,4,1
10160,1,1,2,1,2,0,0,1,0,3,1,3,1,1,4,1
10161,1,1,2,1,2,0,0,1,0,3,2,1,1,1,4,1
10162,1,1,2,1,2,0,0,1,0,3,2,2,1,1,4,1
10163,1,1,2,1,2,0,0,1,0,3,2,3,1,1,4,1
10164,1,1,2,1,2,0,0,1,0,4,1,1,1,1,4,1
10165,1,1,2,1,2,0,0,1,0,4,1,2,1,1,4,1
10166,1,1,2,1,2,0,0,1,0,4,1,3,1,1,4,1
10167,1,1,2,1,2,0,0,1,0,4,2,1,1,1,4,1
10168,1,1,2,1,2,0,0,1,0,4,2,2,1,1,4,1
10169,1,1,2,1,2,0,0,1,0,4,2,3,1,1,4,1
10170,1,1,2,1,2,0,0,1,1,0,1,1,0,1,4,1
10171,1,1,2,1,2,0,0,1,1,0,1,2,0,1,4,1
10172,1,1,2,1,2,0,0,1,1,0,1,3,0,1,4,1
10173,1,1,2,1,2,0,0,1,1,0,2,1,0,1,4,1
10174,1,1,2,1,2,0,0,1,1,0,2,2,0,1,4,1
10175,1,1,2,1,2,0,0,1,1,0,2,3,0,1,4,1
10176,1,1,2,1,2,0,0,1,1,1,1,1,0,1,4,1
10177,1,1,2,1,2,0,0,1,1,1,1,2,0,1,4,1
10178,1,1,2,1,2,0,0,1,1,1,1,3,0,1,4,1
10179,1,1,2,1,2,0,0,1,1,1,2,1,0,1,4,1
10180,1,1,2,1,2,0,0,1,1,1,2,2,0,1,4,1
10181,1,1,2,1,2,0,0,1,1,1,2,3,0,1,4,1
10182,1,1,2,1,2,0,0,1,1,2,1,1,0,1,4,1
10183,1,1,2,1,2,0,0,1,1,2,1,2,0,1,4,1
10184,1,1,2,1,2,0,0,1,1,2,1,3,0,1,4,1
10185,1,1,2,1,2,0,0,1,1,2,2,1,0,1,4,1
10186,1,1,2,1,2,0,0,1,1,2,2,2,0,1,4,1
10187,1,1,2,1,2,0,0,1,1,2,2,3,0,1,4,1
10188,1,1,2,1,2,0,0,1,1,3,1,1,0,1,4,1
10189,1,1,2,1,2,0,0,1,1,3,1,2,0,1,4,1
10190,1,1,2,1,2,0,0,1,1,3,1,3,0,1,4,1
10191,1,1,2,1,2,0,0,1,1,3,2,1,0,1,4,1
10192,1,1,2,1,2,0,0,1,1,3,2,2,0,1,4,1
10193,1,1,2,1,2,0,0,1,1,3,2,3,0,1,4,1
10194,1,1,2,1,2,0,0,1,1,4,1,1,0,1,4,1
10195,1,1,2,1,2,0,0,1,1,4,1,2,0,1,4,1
10196,1,1,2,1,2,0,0,1,1,4,1,3,0,1,4,1
10197,1,1,2,1,2,0,0,1,1,4,2,1,0,1,4,1
10198,1,1,2,1,2,0,0,1,1,4,2,2,0,1,4,1
10199,1,1,2,1,2,0,0,1,1,4,2,3,0,1,4,1
10200,1,1,2,1,2,0,1,0,0,0,1,1,,0,4,0
10201,1,1,2,1,2,0,1,0,0,0,1,2,,0,4,0
10202,1,1,2,1,2,0,1,0,0,0,1,3,,0,4,0
10203,1,1,2,1,2,0,1,0,0,0,2,1,,0,4,0
10204,1,1,2,1,2,0,1,0,0,0,2,2,,0,4,0
10205,1,1,2,1,2,0,1,0,0,0,2,3,,0,4,0
10206,1,1,2,1,2,0,1,0,0,1,1,1,,0,5,0
10207,1,1,2,1,2,0,1,0,0,1,1,2,1,1,5,1
10208,1,1,2,1,2,0,1,0,0,1,1,3,1,1,5,1
10209,1,1,2,1,2,0,1,0,0,1,2,1,,0,5,0
10210,1,1,2,1,2,0,1,0,0,1,2,2,,0,5,0
10211,1,1,2,1,2,0,1,0,0,1,2,3,1,1,5,1
10212,1,1,2,1,2,0,1,0,0,2,1,1,,0,5,0
10213,1,1,2,1,2,0,1,0,0,2,1,2,1,1,6,1
10214,1,1,2,1,2,0,1,0,0,2,1,3,1,1,6,1
10215,1,1,2,1,2,0,1,0,0,2,2,1,,0,5,0
10216,1,1,2,1,2,0,1,0,0,2,2,2,,0,6,0
10217,1,1,2,1,2,0,1,0,0,2,2,3,1,1,6,1
10218,1,1,2,1,2,0,1,0,0,3,1,1,,0,5,0
10219,1,1,2,1,2,0,1,0,0,3,1,2,1,1,6,1
10220,1,1,2,1,2,0,1,0,0,3,1,3,1,1,6,1
10221,1,1,2,1,2,0,1,0,0,3,2,1,,0,5,0
10222,1,1,2,1,2,0,1,0,0,3,2,2,,0,6,0
10223,1,1,2,1,2,0,1,0,0,3,2,3,1,1,6,1
10224,1,1,2,1,2,0,1,0,0,4,1,1,,0,5,0
10225,1,1,2,1,2,0,1,0,0,4,1,2,1,1,6,1
10226,1,1,2,1,2,0,1,0,0,4,1,3,1,1,6,1
10227,1,1,2,1,2,0,1,0,0,4,2,1,,0,5,0
10228,1,1,2,1,2,0,1,0,0,4,2,2,,0,6,0
10229,1,1,2,1,2,0,1,0,0,4,2,3,1,1,6,1
10230,1,1,2,1,2,0,1,0,1,0,1,1,0,1,4,1
10231,1,1,2,1,2,0,1,0,1,0,1,2,0,1,4,1
10232,1,1,2,1,2,0,1,0,1,0,1,3,0,1,4,1
10233,1,1,2,1,2,0,1,0,1,0,2,1,0,1,4,1
10234,1,1,2,1,2,0,1,0,1,0,2,2,0,1,4,1
10235,1,1,2,1,2,0,1,0,1,0,2,3,0,1,4,1
10236,1,1,2,1,2,0,1,0,1,1,1,1,0,1,5,1
10237,1,1,2,1,2,0,1,0,1,1,1,2,0,1,5,1
10238,1,1,2,1,2,0,1,0,1,1,1,3,0,1,5,1
10239,1,1,2,1,2,0,1,0,1,1,2,1,0,1,5,1
10240,1,1,2,1,2,0,1,0,1,1,2,2,0,1,5,1
10241,1,1,2,1,2,0,1,0,1,1,2,3,0,1,5,1
10242,1,1,2,1,2,0,1,0,1,2,1,1,0,1,6,1
10243,1,1,2,1,2,0,1,0,1,2,1,2,0,1,6,1
10244,1,1,2,1,2,0,1,0,1,2,1,3,0,1,6,1
10245,1,1,2,1,2,0,1,0,1,2,2,1,0,1,6,1
10246,1,1,2,1,2,0,1,0,1,2,2,2,0,1,6,1
10247,1,1,2,1,2,0,1,0,1,2,2,3,0,1,6,1
10248,1,1,2,1,2,0,1,0,1,3,1,1,0,1,6,1
10249,1,1,2,1,2,0,1,0,1,3,1,2,0,1,6,1
10250,1,1,2,1,2,0,1,0,1,3,1,3,0,1,6,1
10251,1,1,2,1,2,0,1,0,1,3,2,1,0,1,6,1
10252,1,1,2,1,2,0,1,0,1,3,2,2,0,1,6,1
10253,1,1,2,1,2,0,1,0,1,3,2,3,0,1,6,1
10254,1,1,2,1,2,0,1,0,1,4,1,1,0,1,6,1
10255,1,1,2,1,2,0,1,0,1,4,1,2,0,1,6,1
10256,1,1,2,1,2,0,1,0,1,4,1,3,0,1,6,1
10257,1,1,2,1,2,0,1,0,1,4,2,1,0,1,6,1
10258,1,1,2,1,2,0,1,0,1,4,2,2,0,1,6,1
10259,1,1,2,1,2,0,1,0,1,4,2,3,0,1,6,1
10260,1,1,2,1,2,0,1,1,0,0,1,1,,0,4,0
10261,1,1,2,1,2,0,1,1,0,0,1,2,,0,4,0
10262,1,1,2,1,2,0,1,1,0,0,1,3,,0,4,0
10263,1,1,2,1,2,0,1,1,0,0,2,1,,0,4,0
10264,1,1,2,1,2,0,1,1,0,0,2,2,,0,4,0
10265,1,1,2,1,2,0,1,1,0,0,2,3,,0,4,0
10266,1,1,2,1,2,0,1,1,0,1,1,1,,0,5,0
10267,1,1,2,1,2,0,1,1,0,1,1,2,1,1,5,1
10268,1,1,2,1,2,0,1,1,0,1,1,3,1,1,5,1
10269,1,1,2,1,2,0,1,1,0,1,2,1,,0,5,0
10270,1,1,2,1,2,0,1,1,0,1,2,2,,0,5,0
10271,1,1,2,1,2,0,1,1,0,1,2,3,1,1,5,1
10272,1,1,2,1,2,0,1,1,0,2,1,1,,0,5,0
10273,1,1,2,1,2,0,1,1,0,2,1,2,1,1,6,1
10274,1,1,2,1,2,0,1,1,0,2,1,3,1,1,6,1
10275,1,1,2,1,2,0,1,1,0,2,2,1,,0,5,0
10276,1,1,2,1,2,0,1,1,0,2,2,2,,0,6,0
10277,1,1,2,1,2,0,1,1,0,2,2,3,1,1,6,1
10278,1,1,2,1,2,0,1,1,0,3,1,1,,0,5,0
10279,1,1,2,1,2,0,1,1,0,3,1,2,1,1,6,1
10280,1,1,2,1,2,0,1,1,0,3,1,3,1,1,6,1
10281,1,1,2,1,2,0,1,1,0,3,2,1,,0,5,0
10282,1,1,2,1,2,0,1,1,0,3,2,2,,0,6,0
10283,1,1,2,1,2,0,1,1,0,3,2,3,1,1,6,1
10284,1,1,2,1,2,0,1,1,0,4,1,1,,0,5,0
10285,1,1,2,1,2,0,1,1,0,4,1,2,1,1,6,1
10286,1,1,2,1,2,0,1,1,0,4,1,3,1,1,6,1
10287,1,1,2,1,2,0,1,1,0,4,2,1,,0,5,0
10288,1,1,2,1,2,0,1,1,0,4,2,2,,0,6,0
10289,1,1,2,1,2,0,1,1,0,4,2,3,1,1,6,1
10290,1,1,2,1,2,0,1,1,1,0,1,1,0,1,4,1
10291,1,1,2,1,2,0,1,1,1,0,1,2,0,1,4,1
10292,1,1,2,1,2,0,1,1,1,0,1,3,0,1,4,1
10293,1,1,2,1,2,0,1,1,1,0,2,1,0,1,4,1
10294,1,1,2,1,2,0,1,1,1,0,2,2,0,1,4,1
10295,1,1,2,1,2,0,1,1,1,0,2,3,0,1,4,1
10296,1,1,2,1,2,0,1,1,1,1,1,1,0,1,5,1
10297,1,1,2,1,2,0,1,1,1,1,1,2,0,1,5,1
10298,1,1,2,1,2,0,1,1,1,1,1,3,0,1,5,1
10299,1,1,2,1,2,0,1,1,1,1,2,1,0,1,5,1
10300,1,1,2,1,2,0,1,1,1,1,2,2,0,1,5,1
10301,1,1,2,1,2,0,1,1,1,1,2,3,0,1,5,1
10302,1,1,2,1,2,0,1,1,1,2,1,1,0,1,6,1
10303,1,1,2,1,2,0,1,1,1,2,1,2,0,1,6,1
10304,1,1,2,1,2,0,1,1,1,2,1,3,0,1,6,1
10305,1,1,2,1,2,0,1,1,1,2,2,1,0,1,6,1
10306,1,1,2,1,2,0,1,1,1,2,2,2,0,1,6,1
10307,1,1,2,1,2,0,1,1,1,2,2,3,0,1,6,1
10308,1,1,2,1,2,0,1,1,1,3,1,1,0,1,6,1
10309,1,1,2,1,2,0,1,1,1,3,1,2,0,1,6,1
10310,1,1,2,1,2,0,1,1,1,3,1,3,0,1,6,1
10311,1,1,2,1,2,0,1,1,1,3,2,1,0,1,6,1
10312,1,1,2,1,2,0,1,1,1,3,2,2,0,1,6,1
10313,1,1,2,1,2,0,1,1,1,3,2,3,0,1,6,1
10314,1,1,2,1,2,0,1,1,1,4,1,1,0,1,6,1
10315,1,1,2,1,2,0,1,1,1,4,1,2,0,1,6,1
10316,1,1,2,1,2,0,1,1,1,4,1,3,0,1,6,1
10317,1,1,2,1,2,0,1,1,1,4,2,1,0,1,6,1
10318,1,1,2,1,2,0,1,1,1,4,2,2,0,1,6,1
10319,1,1,2,1,2,0,1,1,1,4,2,3,0,1,6,1
10320,1,1,2,1,2,1,0,0,0,0,1,1,,0,4,0
10321,1,1,2,1,2,1,0,0,0,0,1,2,,0,4,0
10322,1,1,2,1,2,1,0,0,0,0,1,3,,0,4,0
10323,1,1,2,1,2,1,0,0,0,0,2,1,,0,4,0
10324,1,1,2,1,2,1,0,0,0,0,2,2,,0,4,0
10325,1,1,2,1,2,1,0,0,0,0,2,3,,0,4,0
10326,1,1,2,1,2,1,0,0,0,1,1,1,,0,5,0
10327,1,1,2,1,2,1,0,0,0,1,1,2,,0,5,0
10328,1,1,2,1,2,1,0,0,0,1,1,3,,0,5,0
10329,1,1,2,1,2,1,0,0,0,1,2,1,,0,5,0
10330,1,1,2,1,2,1,0,0,0,1,2,2,,0,5,0
10331,1,1,2,1,2,1,0,0,0,1,2,3,,0,5,0
10332,1,1,2,1,2,1,0,0,0,2,1,1,,0,5,0
10333,1,1,2,1,2,1,0,0,0,2,1,2,2,1,5,1
10334,1,1,2,1,2,1,0,0,0,2,1,3,2,1,5,1
10335,1,1,2,1,2,1,0,0,0,2,2,1,,0,5,0
10336,1,1,2,1,2,1,0,0,0,2,2,2,2,1,5,1
10337,1,1,2,1,2,1,0,0,0,2,2,3,2,1,5,1
10338,1,1,2,1,2,1,0,0,0,3,1,1,,0,5,0
10339,1,1,2,1,2,1,0,0,0,3,1,2,2,1,5,1
10340,1,1,2,1,2,1,0,0,0,3,1,3,2,1,5,1
10341,1,1,2,1,2,1,0,0,0,3,2,1,,0,5,0
10342,1,1,2,1,2,1,0,0,0,3,2,2,2,1,5,1
10343,1,1,2,1,2,1,0,0,0,3,2,3,2,1,5,1
10344,1,1,2,1,2,1,0,0,0,4,1,1,,0,5,0
10345,1,1,2,1,2,1,0,0,0,4,1,2,2,1,5,1
10346,1,1,2,1,2,1,0,0,0,4,1,3,2,1,5,1
10347,1,1,2,1,2,1,0,0,0,4,2,1,,0,5,0
10348,1,1,2,1,2,1,0,0,0,4,2,2,2,1,5,1
10349,1,1,2,1,2,1,0,0,0,4,2,3,2,1,5,1
10350,1,1,2,1,2,1,0,0,1,0,1,1,0,1,4,1
10351,1,1,2,1,2,1,0,0,1,0,1,2,0,1,4,1
10352,1,1,2,1,2,1,0,0,1,0,1,3,0,1,4,1
10353,1,1,2,1,2,1,0,0,1,0,2,1,0,1,4,1
10354,1,1,2,1,2,1,0,0,1,0,2,2,0,1,4,1
10355,1,1,2,1,2,1,0,0,1,0,2,3,0,1,4,1
10356,1,1,2,1,2,1,0,0,1,1,1,1,0,1,5,1
10357,1,1,2,1,2,1,0,0,1,1,1,2,0,1,5,1
10358,1,1,2,1,2,1,0,0,1,1,1,3,0,1,5,1
10359,1,1,2,1,2,1,0,0,1,1,2,1,0,1,5,1
10360,1,1,2,1,2,1,0,0,1,1,2,2,0,1,5,1
10361,1,1,2,1,2,1,0,0,1,1,2,3,0,1,5,1
10362,1,1,2,1,2,1,0,0,1,2,1,1,0,1,5,1
10363,1,1,2,1,2,1,0,0,1,2,1,2,0,1,5,1
10364,1,1,2,1,2,1,0,0,1,2,1,3,0,1,5,1
10365,1,1,2,1,2,1,0,0,1,2,2,1,0,1,5,1
10366,1,1,2,1,2,1,0,0,1,2,2,2,0,1,5,1
10367,1,1,2,1,2,1,0,0,1,2,2,3,0,1,5,1
10368,1,1,2,1,2,1,0,0,1,3,1,1,0,1,5,1
10369,1,1,2,1,2,1,0,0,1,3,1,2,0,1,5,1
10370,1,1,2,1,2,1,0,0,1,3,1,3,0,1,5,1
10371,1,1,2,1,2,1,0,0,1,3,2,1,0,1,5,1
10372,1,1,2,1,2,1,0,0,1,3,2,2,0,1,5,1
10373,1,1,2,1,2,1,0,0,1,3,2,3,0,1,5,1
10374,1,1,2,1,2,1,0,0,1,4,1,1,0,1,5,1
10375,1,1,2,1,2,1,0,0,1,4,1,2,0,1,5,1
10376,1,1,2,1,2,1,0,0,1,4,1,3,0,1,5,1
10377,1,1,2,1,2,1,0,0,1,4,2,1,0,1,5,1
10378,1,1,2,1,2,1,0,0,1,4,2,2,0,1,5,1
10379,1,1,2,1,2,1,0,0,1,4,2,3,0,1,5,1
10380,1,1,2,1,2,1,0,1,0,0,1,1,,0,4,0
10381,1,1,2,1,2,1,0,1,0,0,1,2,,0,4,0
10382,1,1,2,1,2,1,0,1,0,0,1,3,,0,4,0
10383,1,1,2,1,2,1,0,1,0,0,2,1,,0,4,0
10384,1,1,2,1,2,1,0,1,0,0,2,2,,0,4,0
10385,1,1,2,1,2,1,0,1,0,0,2,3,,0,4,0
10386,1,1,2,1,2,1,0,1,0,1,1,1,1,1,5,1
10387,1,1,2,1,2,1,0,1,0,1,1,2,1,1,5,1
10388,1,1,2,1,2,1,0,1,0,1,1,3,1,1,5,1
10389,1,1,2,1,2,1,0,1,0,1,2,1,1,1,5,1
10390,1,1,2,1,2,1,0,1,0,1,2,2,1,1,5,1
10391,1,1,2,1,2,1,0,1,0,1,2,3,1,1,5,1
10392,1,1,2,1,2,1,0,1,0,2,1,1,1,1,5,1
10393,1,1,2,1,2,1,0,1,0,2,1,2,1,1,5,1
10394,1,1,2,1,2,1,0,1,0,2,1,3,1,1,5,1
10395,1,1,2,1,2,1,0,1,0,2,2,1,1,1,5,1
10396,1,1,2,1,2,1,0,1,0,2,2,2,1,1,5,1
10397,1,1,2,1,2,1,0,1,0,2,2,3,1,1,5,1
10398,1,1,2,1,2,1,0,1,0,3,1,1,1,1,5,1
10399,1,1,2,1,2,1,0,1,0,3,1,2,1,1,5,1
10400,1,1,2,1,2,1,0,1,0,3,1,3,1,1,5,1
10401,1,1,2,1,2,1,0,1,0,3,2,1,1,1,5,1
10402,1,1,2,1,2,1,0,1,0,3,2,2,1,1,5,1
10403,1,1,2,1,2,1,0,1,0,3,2,3,1,1,5,1
10404,1,1,2,1,2,1,0,1,0,4,1,1,1,1,5,1
10405,1,1,2,1,2,1,0,1,0,4,1,2,1,1,5,1
10406,1,1,2,1,2,1,0,1,0,4,1,3,1,1,5,1
10407,1,1,2,1,2,1,0,1,0,4,2,1,1,1,5,1
10408,1,1,2,1,2,1,0,1,0,4,2,2,1,1,5,1
10409,1,1,2,1,2,1,0,1,0,4,2,3,1,1,5,1
10410,1,1,2,1,2,1,0,1,1,0,1,1,0,1,4,1
10411,1,1,2,1,2,1,0,1,1,0,1,2,0,1,4,1
10412,1,1,2,1,2,1,0,1,1,0,1,3,0,1,4,1
10413,1,1,2,1,2,1,0,1,1,0,2,1,0,1,4,1
10414,1,1,2,1,2,1,0,1,1,0,2,2,0,1,4,1
10415,1,1,2,1,2,1,0,1,1,0,2,3,0,1,4,1
10416,1,1,2,1,2,1,0,1,1,1,1,1,0,1,5,1
10417,1,1,2,1,2,1,0,1,1,1,1,2,0,1,5,1
10418,1,1,2,1,2,1,0,1,1,1,1,3,0,1,5,1
10419,1,1,2,1,2,1,0,1,1,1,2,1,0,1,5,1
10420,1,1,2,1,2,1,0,1,1,1,2,2,0,1,5,1
10421,1,1,2,1,2,1,0,1,1,1,2,3,0,1,5,1
10422,1,1,2,1,2,1,0,1,1,2,1,1,0,1,5,1
10423,1,1,2,1,2,1,0,1,1,2,1,2,0,1,5,1
10424,1,1,2,1,2,1,0,1,1,2,1,3,0,1,5,1
10425,1,1,2,1,2,1,0,1,1,2,2,1,0,1,5,1
10426,1,1,2,1,2,1,0,1,1,2,2,2,0,1,5,1
10427,1,1,2,1,2,1,0,1,1,2,2,3,0,1,5,1
10428,1,1,2,1,2,1,0,1,1,3,1,1,0,1,5,1
10429,1,1,2,1,2,1,0,1,1,3,1,2,0,1,5,1
10430,1,1,2,1,2,1,0,1,1,3,1,3,0,1,5,1
10431,1,1,2,1,2,1,0,1,1,3,2,1,0,1,5,1
10432,1,1,2,1,2,1,0,1,1,3,2,2,0,1,5,1
10433,1,1,2,1,2,1,0,1,1,3,2,3,0,1,5,1
10434,1,1,2,1,2,1,0,1,1,4,1,1,0,1,5,1
10435,1,1,2,1,2,1,0,1,1,4,1,2,0,1,5,1
10436,1,1,2,1,2,1,0,1,1,4,1,3,0,1,5,1
10437,1,1,2,1,2,1,0,1,1,4,2,1,0,1,5,1
10438,1,1,2,1,2,1,0,1,1,4,2,2,0,1,5,1
10439,1,1,2,1,2,1,0,1,1,4,2,3,0,1,5,1
10440,1,1,2,1,2,1,1,0,0,0,1,1,,0,4,0
10441,1,1,2,1,2,1,1,0,0,0,1,2,,0,4,0
10442,1,1,2,1,2,1,1,0,0,0,1,3,,0,4,0
10443,1,1,2,1,2,1,1,0,0,0,2,1,,0,4,0
10444,1,1,2,1,2,1,1,0,0,0,2,2,,0,4,0
10445,1,1,2,1,2,1,1,0,0,0,2,3,,0,4,0
10446,1,1,2,1,2,1,1,0,0,1,1,1,,0,5,0
10447,1,1,2,1,2,1,1,0,0,1,1,2,,0,6,0
10448,1,1,2,1,2,1,1,0,0,1,1,3,,0,6,0
10449,1,1,2,1,2,1,1,0,0,1,2,1,,0,5,0
10450,1,1,2,1,2,1,1,0,0,1,2,2,,0,5,0
10451,1,1,2,1,2,1,1,0,0,1,2,3,,0,6,0
10452,1,1,2,1,2,1,1,0,0,2,1,1,,0,5,0
10453,1,1,2,1,2,1,1,0,0,2,1,2,,0,7,0
10454,1,1,2,1,2,1,1,0,0,2,1,3,2,1,7,1
10455,1,1,2,1,2,1,1,0,0,2,2,1,,0,5,0
10456,1,1,2,1,2,1,1,0,0,2,2,2,,0,6,0
10457,1,1,2,1,2,1,1,0,0,2,2,3,,0,7,0
10458,1,1,2,1,2,1,1,0,0,3,1,1,,0,5,0
10459,1,1,2,1,2,1,1,0,0,3,1,2,,0,7,0
10460,1,1,2,1,2,1,1,0,0,3,1,3,2,1,7,1
10461,1,1,2,1,2,1,1,0,0,3,2,1,,0,5,0
10462,1,1,2,1,2,1,1,0,0,3,2,2,,0,6,0
10463,1,1,2,1,2,1,1,0,0,3,2,3,,0,7,0
10464,1,1,2,1,2,1,1,0,0,4,1,1,,0,5,0
10465,1,1,2,1,2,1,1,0,0,4,1,2,,0,7,0
10466,1,1,2,1,2,1,1,0,0,4,1,3,2,1,7,1
10467,1,1,2,1,2,1,1,0,0,4,2,1,,0,5,0
10468,1,1,2,1,2,1,1,0,0,4,2,2,,0,6,0
10469,1,1,2,1,2,1,1,0,0,4,2,3,,0,7,0
10470,1,1,2,1,2,1,1,0,1,0,1,1,0,1,4,1
10471,1,1,2,1,2,1,1,0,1,0,1,2,0,1,4,1
10472,1,1,2,1,2,1,1,0,1,0,1,3,0,1,4,1
10473,1,1,2,1,2,1,1,0,1,0,2,1,0,1,4,1
10474,1,1,2,1,2,1,1,0,1,0,2,2,0,1,4,1
10475,1,1,2,1,2,1,1,0,1,0,2,3,0,1,4,1
10476,1,1,2,1,2,1,1,0,1,1,1,1,0,1,6,1
10477,1,1,2,1,2,1,1,0,1,1,1,2,0,1,6,1
10478,1,1,2,1,2,1,1,0,1,1,1,3,0,1,6,1
10479,1,1,2,1,2,1,1,0,1,1,2,1,0,1,6,1
10480,1,1,2,1,2,1,1,0,1,1,2,2,0,1,6,1
10481,1,1,2,1,2,1,1,0,1,1,2,3,0,1,6,1
10482,1,1,2,1,2,1,1,0,1,2,1,1,0,1,7,1
10483,1,1,2,1,2,1,1,0,1,2,1,2,0,1,7,1
10484,1,1,2,1,2,1,1,0,1,2,1,3,0,1,7,1
10485,1,1,2,1,2,1,1,0,1,2,2,1,0,1,7,1
10486,1,1,2,1,2,1,1,0,1,2,2,2,0,1,7,1
10487,1,1,2,1,2,1,1,0,1,2,2,3,0,1,7,1
10488,1,1,2,1,2,1,1,0,1,3,1,1,0,1,7,1
10489,1,1,2,1,2,1,1,0,1,3,1,2,0,1,7,1
10490,1,1,2,1,2,1,1,0,1,3,1,3,0,1,7,1
10491,1,1,2,1,2,1,1,0,1,3,2,1,0,1,7,1
10492,1,1,2,1,2,1,1,0,1,3,2,2,0,1,7,1
10493,1,1,2,1,2,1,1,0,1,3,2,3,0,1,7,1
10494,1,1,2,1,2,1,1,0,1,4,1,1,0,1,7,1
10495,1,1,2,1,2,1,1,0,1,4,1,2,0,1,7,1
10496,1,1,2,1,2,1,1,0,1,4,1,3,0,1,7,1
10497,1,1,2,1,2,1,1,0,1,4,2,1,0,1,7,1
10498,1,1,2,1,2,1,1,0,1,4,2,2,0,1,7,1
10499,1,1,2,1,2,1,1,0,1,4,2,3,0,1,7,1
10500,1,1,2,1,2,1,1,1,0,0,1,1,,0,4,0
10501,1,1,2,1,2,1,1,1,0,0,1,2,,0,4,0
10502,1,1,2,1,2,1,1,1,0,0,1,3,,0,4,0
10503,1,1,2,1,2,1,1,1,0,0,2,1,,0,4,0
10504,1,1,2,1,2,1,1,1,0,0,2,2,,0,4,0
10505,1,1,2,1,2,1,1,1,0,0,2,3,,0,4,0
10506,1,1,2,1,2,1,1,1,0,1,1,1,,0,5,0
10507,1,1,2,1,2,1,1,1,0,1,1,2,1,1,7,1
10508,1,1,2,1,2,1,1,1,0,1,1,3,1,1,7,1
10509,1,1,2,1,2,1,1,1,0,1,2,1,,0,5,0
10510,1,1,2,1,2,1,1,1,0,1,2,2,,0,5,0
10511,1,1,2,1,2,1,1,1,0,1,2,3,1,1,7,1
10512,1,1,2,1,2,1,1,1,0,2,1,1,,0,5,0
10513,1,1,2,1,2,1,1,1,0,2,1,2,1,1,8,1
10514,1,1,2,1,2,1,1,1,0,2,1,3,1,1,8,1
10515,1,1,2,1,2,1,1,1,0,2,2,1,,0,5,0
10516,1,1,2,1,2,1,1,1,0,2,2,2,,0,6,0
10517,1,1,2,1,2,1,1,1,0,2,2,3,1,1,8,1
10518,1,1,2,1,2,1,1,1,0,3,1,1,,0,5,0
10519,1,1,2,1,2,1,1,1,0,3,1,2,1,1,8,1
10520,1,1,2,1,2,1,1,1,0,3,1,3,1,1,8,1
10521,1,1,2,1,2,1,1,1,0,3,2,1,,0,5,0
10522,1,1,2,1,2,1,1,1,0,3,2,2,,0,6,0
10523,1,1,2,1,2,1,1,1,0,3,2,3,1,1,8,1
10524,1,1,2,1,2,1,1,1,0,4,1,1,,0,5,0
10525,1,1,2,1,2,1,1,1,0,4,1,2,1,1,8,1
10526,1,1,2,1,2,1,1,1,0,4,1,3,1,1,8,1
10527,1,1,2,1,2,1,1,1,0,4,2,1,,0,5,0
10528,1,1,2,1,2,1,1,1,0,4,2,2,,0,6,0
10529,1,1,2,1,2,1,1,1,0,4,2,3,1,1,8,1
10530,1,1,2,1,2,1,1,1,1,0,1,1,0,1,4,1
10531,1,1,2,1,2,1,1,1,1,0,1,2,0,1,4,1
10532,1,1,2,1,2,1,1,1,1,0,1,3,0,1,4,1
10533,1,1,2,1,2,1,1,1,1,0,2,1,0,1,4,1
10534,1,1,2,1,2,1,1,1,1,0,2,2,0,1,4,1
10535,1,1,2,1,2,1,1,1,1,0,2,3,0,1,4,1
10536,1,1,2,1,2,1,1,1,1,1,1,1,0,1,7,1
10537,1,1,2,1,2,1,1,1,1,1,1,2,0,1,7,1
10538,1,1,2,1,2,1,1,1,1,1,1,3,0,1,7,1
10539,1,1,2,1,2,1,1,1,1,1,2,1,0,1,7,1
10540,1,1,2,1,2,1,1,1,1,1,2,2,0,1,7,1
10541,1,1,2,1,2,1,1,1,1,1,2,3,0,1,7,1
10542,1,1,2,1,2,1,1,1,1,2,1,1,0,1,8,1
10543,1,1,2,1,2,1,1,1,1,2,1,2,0,1,8,1
10544,1,1,2,1,2,1,1,1,1,2,1,3,0,1,8,1
10545,1,1,2,1,2,1,1,1,1,2,2,1,0,1,8,1
10546,1,1,2,1,2,1,1,1,1,2,2,2,0,1,8,1
10547,1,1,2,1,2,1,1,1,1,2,2,3,0,1,8,1
10548,1,1,2,1,2,1,1,1,1,3,1,1,0,1,8,1
10549,1,1,2,1,2,1,1,1,1,3,1,2,0,1,8,1
10550,1,1,2,1,2,1,1,1,1,3,1,3,0,1,8,1
10551,1,1,2,1,2,1,1,1,1,3,2,1,0,1,8,1
10552,1,1,2,1,2,1,1,1,1,3,2,2,0,1,8,1
10553,1,1,2,1,2,1,1,1,1,3,2,3,0,1,8,1
10554,1,1,2,1,2,1,1,1,1,4,1,1,0,1,8,1
10555,1,1,2,1,2,1,1,1,1,4,1,2,0,1,8,1
10556,1,1,2,1,2,1,1,1,1,4,1,3,0,1,8,1
10557,1,1,2,1,2,1,1,1,1,4,2,1,0,1,8,1
10558,1,1,2,1,2,1,1,1,1,4,2,2,0,1,8,1
10559,1,1,2,1,2,1,1,1,1,4,2,3,0,1,8,1
10560,1,1,2,2,1,0,0,0,0,0,1,1,,0,4,0
10561,1,1,2,2,1,0,0,0,0,0,1,2,,0,4,0
10562,1,1,2,2,1,0,0,0,0,0,1,3,,0,4,0
10563,1,1,2,2,1,0,0,0,0,0,2,1,,0,4,0
10564,1,1,2,2,1,0,0,0,0,0,2,2,,0,4,0
10565,1,1,2,2,1,0,0,0,0,0,2,3,,0,4,0
10566,1,1,2,2,1,0,0,0,0,1,1,1,,0,4,0
10567,1,1,2,2,1,0,0,0,0,1,1,2,1,1,4,1
10568,1,1,2,2,1,0,0,0,0,1,1,3,1,1,4,1
10569,1,1,2,2,1,0,0,0,0,1,2,1,,0,4,0
10570,1,1,2,2,1,0,0,0,0,1,2,2,1,1,4,1
10571,1,1,2,2,1,0,0,0,0,1,2,3,1,1,4,1
10572,1,1,2,2,1,0,0,0,0,2,1,1,2,1,4,1
10573,1,1,2,2,1,0,0,0,0,2,1,2,1,1,4,1
10574,1,1,2,2,1,0,0,0,0,2,1,3,1,1,4,1
10575,1,1,2,2,1,0,0,0,0,2,2,1,2,1,4,1
10576,1,1,2,2,1,0,0,0,0,2,2,2,1,1,4,1
10577,1,1,2,2,1,0,0,0,0,2,2,3,1,1,4,1
10578,1,1,2,2,1,0,0,0,0,3,1,1,2,1,4,1
10579,1,1,2,2,1,0,0,0,0,3,1,2,1,1,4,1
10580,1,1,2,2,1,0,0,0,0,3,1,3,1,1,4,1
10581,1,1,2,2,1,0,0,0,0,3,2,1,2,1,4,1
10582,1,1,2,2,1,0,0,0,0,3,2,2,1,1,4,1
10583,1,1,2,2,1,0,0,0,0,3,2,3,1,1,4,1
10584,1,1,2,2,1,0,0,0,0,4,1,1,2,1,4,1
10585,1,1,2,2,1,0,0,0,0,4,1,2,1,1,4,1
10586,1,1,2,2,1,0,0,0,0,4,1,3,1,1,4,1
10587,1,1,2,2,1,0,0,0,0,4,2,1,2,1,4,1
10588,1,1,2,2,1,0,0,0,0,4,2,2,1,1,4,1
10589,1,1,2,2,1,0,0,0,0,4,2,3,1,1,4,1
10590,1,1,2,2,1,0,0,0,1,0,1,1,0,1,4,1
10591,1,1,2,2,1,0,0,0,1,0,1,2,0,1,4,1
10592,1,1,2,2,1,0,0,0,1,0,1,3,0,1,4,1
10593,1,1,2,2,1,0,0,0,1,0,2,1,0,1,4,1
10594,1,1,2,2,1,0,0,0,1,0,2,2,0,1,4,1
10595,1,1,2,2,1,0,0,0,1,0,2,3,0,1,4,1
10596,1,1,2,2,1,0,0,0,1,1,1,1,0,1,4,1
10597,1,1,2,2,1,0,0,0,1,1,1,2,0,1,4,1
10598,1,1,2,2,1,0,0,0,1,1,1,3,0,1,4,1
10599,1,1,2,2,1,0,0,0,1,1,2,1,0,1,4,1
10600,1,1,2,2,1,0,0,0,1,1,2,2,0,1,4,1
10601,1,1,2,2,1,0,0,0,1,1,2,3,0,1,4,1
10602,1,1,2,2,1,0,0,0,1,2,1,1,0,1,4,1
10603,1,1,2,2,1,0,0,0,1,2,1,2,0,1,4,1
10604,1,1,2,2,1,0,0,0,1,2,1,3,0,1,4,1
10605,1,1,2,2,1,0,0,0,1,2,2,1,0,1,4,1
10606,1,1,2,2,1,0,0,0,1,2,2,2,0,1,4,1
10607,1,1,2,2,1,0,0,0,1,2,2,3,0,1,4,1
10608,1,1,2,2,1,0,0,0,1,3,1,1,0,1,4,1
10609,1,1,2,2,1,0,0,0,1,3,1,2,0,1,4,1
10610,1,1,2,2,1,0,0,0,1,3,1,3,0,1,4,1
10611,1,1,2,2,1,0,0,0,1,3,2,1,0,1,4,1
10612,1,1,2,2,1,0,0,0,1,3,2,2,0,1,4,1
10613,1,1,2,2,1,0,0,0,1,3,2,3,0,1,4,1
10614,1,1,2,2,1,0,0,0,1,4,1,1,0,1,4,1
10615,1,1,2,2,1,0,0,0,1,4,1,2,0,1,4,1
10616,1,1,2,2,1,0,0,0,1,4,1,3,0,1,4,1
10617,1,1,2,2,1,0,0,0,1,4,2,1,0,1,4,1
10618,1,1,2,2,1,0,0,0,1,4,2,2,0,1,4,1
10619,1,1,2,2,1,0,0,0,1,4,2,3,0,1,4,1
10620,1,1,2,2,1,0,0,1,0,0,1,1,,0,4,0
10621,1,1,2,2,1,0,0,1,0,0,1,2,,0,4,0
10622,1,1,2,2,1,0,0,1,0,0,1,3,,0,4,0
10623,1,1,2,2,1,0,0,1,0,0,2,1,,0,4,0
10624,1,1,2,2,1,0,0,1,0,0,2,2,,0,4,0
10625,1,1,2,2,1,0,0,1,0,0,2,3,,0,4,0
10626,1,1,2,2,1,0,0,1,0,1,1,1,,0,4,0
10627,1,1,2,2,1,0,0,1,0,1,1,2,1,1,4,1
10628,1,1,2,2,1,0,0,1,0,1,1,3,1,1,4,1
10629,1,1,2,2,1,0,0,1,0,1,2,1,,0,4,0
10630,1,1,2,2,1,0,0,1,0,1,2,2,1,1,4,1
10631,1,1,2,2,1,0,0,1,0,1,2,3,1,1,4,1
10632,1,1,2,2,1,0,0,1,0,2,1,1,2,1,4,1
10633,1,1,2,2,1,0,0,1,0,2,1,2,1,1,4,1
10634,1,1,2,2,1,0,0,1,0,2,1,3,1,1,4,1
10635,1,1,2,2,1,0,0,1,0,2,2,1,2,1,4,1
10636,1,1,2,2,1,0,0,1,0,2,2,2,1,1,4,1
10637,1,1,2,2,1,0,0,1,0,2,2,3,1,1,4,1
10638,1,1,2,2,1,0,0,1,0,3,1,1,2,1,4,1
10639,1,1,2,2,1,0,0,1,0,3,1,2,1,1,4,1
10640,1,1,2,2,1,0,0,1,0,3,1,3,1,1,4,1
10641,1,1,2,2,1,0,0,1,0,3,2,1,2,1,4,1
10642,1,1,2,2,1,0,0,1,0,3,2,2,1,1,4,1
10643,1,1,2,2,1,0,0,1,0,3,2,3,1,1,4,1
10644,1,1,2,2,1,0,0,1,0,4,1,1,2,1,4,1
10645,1,1,2,2,1,0,0,1,0,4,1,2,1,1,4,1
10646,1,1,2,2,1,0,0,1,0,4,1,3,1,1,4,1
10647,1,1,2,2,1,0,0,1,0,4,2,1,2,1,4,1
10648,1,1,2,2,1,0,0,1,0,4,2,2,1,1,4,1
10649,1,1,2,2,1,0,0,1,0,4,2,3,1,1,4,1
10650,1,1,2,2,1,0,0,1,1,0,1,1,0,1,4,1
10651,1,1,2,2,1,0,0,1,1,0,1,2,0,1,4,1
10652,1,1,2,2,1,0,0,1,1,0,1,3,0,1,4,1
10653,1,1,2,2,1,0,0,1,1,0,2,1,0,1,4,1
10654,1,1,2,2,1,0,0,1,1,0,2,2,0,1,4,1
10655,1,1,2,2,1,0,0,1,1,0,2,3,0,1,4,1
10656,1,1,2,2,1,0,0,1,1,1,1,1,0,1,4,1
10657,1,1,2,2,1,0,0,1,1,1,1,2,0,1,4,1
10658,1,1,2,2,1,0,0,1,1,1,1,3,0,1,4,1
10659,1,1,2,2,1,0,0,1,1,1,2,1,0,1,4,1
10660,1,1,2,2,1,0,0,1,1,1,2,2,0,1,4,1
10661,1,1,2,2,1,0,0,1,1,1,2,3,0,1,4,1
10662,1,1,2,2,1,0,0,1,1,2,1,1,0,1,4,1
10663,1,1,2,2,1,0,0,1,1,2,1,2,0,1,4,1
10664,1,1,2,2,1,0,0,1,1,2,1,3,0,1,4,1
10665,1,1,2,2,1,0,0,1,1,2,2,1,0,1,4,1
10666,1,1,2,2,1,0,0,1,1,2,2,2,0,1,4,1
10667,1,1,2,2,1,0,0,1,1,2,2,3,0,1,4,1
10668,1,1,2,2,1,0,0,1,1,3,1,1,0,1,4,1
10669,1,1,2,2,1,0,0,1,1,3,1,2,0,1,4,1
10670,1,1,2,2,1,0,0,1,1,3,1,3,0,1,4,1
10671,1,1,2,2,1,0,0,1,1,3,2,1,0,1,4,1
10672,1,1,2,2,1,0,0,1,1,3,2,2,0,1,4,1
10673,1,1,2,2,1,0,0,1,1,3,2,3,0,1,4,1
10674,1,1,2,2,1,0,0,1,1,4,1,1,0,1,4,1
10675,1,1,2,2,1,0,0,1,1,4,1,2,0,1,4,1
10676,1,1,2,2,1,0,0,1,1,4,1,3,0,1,4,1
10677,1,1,2,2,1,0,0,1,1,4,2,1,0,1,4,1
10678,1,1,2,2,1,0,0,1,1,4,2,2,0,1,4,1
10679,1,1,2,2,1,0,0,1,1,4,2,3,0,1,4,1
10680,1,1,2,2,1,0,1,0,0,0,1,1,,0,4,0
10681,1,1,2,2,1,0,1,0,0,0,1,2,,0,4,0
10682,1,1,2,2,1,0,1,0,0,0,1,3,,0,4,0
10683,1,1,2,2,1,0,1,0,0,0,2,1,,0,4,0
10684,1,1,2,2,1,0,1,0,0,0,2,2,,0,4,0
10685,1,1,2,2,1,0,1,0,0,0,2,3,,0,4,0
10686,1,1,2,2,1,0,1,0,0,1,1,1,,0,4,0
10687,1,1,2,2,1,0,1,0,0,1,1,2,,0,5,0
10688,1,1,2,2,1,0,1,0,0,1,1,3,1,1,5,1
10689,1,1,2,2,1,0,1,0,0,1,2,1,,0,4,0
10690,1,1,2,2,1,0,1,0,0,1,2,2,,0,5,0
10691,1,1,2,2,1,0,1,0,0,1,2,3,,0,5,0
10692,1,1,2,2,1,0,1,0,0,2,1,1,,0,5,0
10693,1,1,2,2,1,0,1,0,0,2,1,2,2,1,6,1
10694,1,1,2,2,1,0,1,0,0,2,1,3,1,1,6,1
10695,1,1,2,2,1,0,1,0,0,2,2,1,,0,5,0
10696,1,1,2,2,1,0,1,0,0,2,2,2,,0,6,0
10697,1,1,2,2,1,0,1,0,0,2,2,3,2,1,6,1
10698,1,1,2,2,1,0,1,0,0,3,1,1,,0,5,0
10699,1,1,2,2,1,0,1,0,0,3,1,2,2,1,6,1
10700,1,1,2,2,1,0,1,0,0,3,1,3,1,1,6,1
10701,1,1,2,2,1,0,1,0,0,3,2,1,,0,5,0
10702,1,1,2,2,1,0,1,0,0,3,2,2,,0,6,0
10703,1,1,2,2,1,0,1,0,0,3,2,3,2,1,6,1
10704,1,1,2,2,1,0,1,0,0,4,1,1,,0,5,0
10705,1,1,2,2,1,0,1,0,0,4,1,2,2,1,6,1
10706,1,1,2,2,1,0,1,0,0,4,1,3,1,1,6,1
10707,1,1,2,2,1,0,1,0,0,4,2,1,,0,5,0
10708,1,1,2,2,1,0,1,0,0,4,2,2,,0,6,0
10709,1,1,2,2,1,0,1,0,0,4,2,3,2,1,6,1
10710,1,1,2,2,1,0,1,0,1,0,1,1,0,1,4,1
10711,1,1,2,2,1,0,1,0,1,0,1,2,0,1,4,1
10712,1,1,2,2,1,0,1,0,1,0,1,3,0,1,4,1
10713,1,1,2,2,1,0,1,0,1,0,2,1,0,1,4,1
10714,1,1,2,2,1,0,1,0,1,0,2,2,0,1,4,1
10715,1,1,2,2,1,0,1,0,1,0,2,3,0,1,4,1
10716,1,1,2,2,1,0,1,0,1,1,1,1,0,1,5,1
10717,1,1,2,2,1,0,1,0,1,1,1,2,0,1,5,1
10718,1,1,2,2,1,0,1,0,1,1,1,3,0,1,5,1
10719,1,1,2,2,1,0,1,0,1,1,2,1,0,1,5,1
10720,1,1,2,2,1,0,1,0,1,1,2,2,0,1,5,1
10721,1,1,2,2,1,0,1,0,1,1,2,3,0,1,5,1
10722,1,1,2,2,1,0,1,0,1,2,1,1,0,1,6,1
10723,1,1,2,2,1,0,1,0,1,2,1,2,0,1,6,1
10724,1,1,2,2,1,0,1,0,1,2,1,3,0,1,6,1
10725,1,1,2,2,1,0,1,0,1,2,2,1,0,1,6,1
10726,1,1,2,2,1,0,1,0,1,2,2,2,0,1,6,1
10727,1,1,2,2,1,0,1,0,1,2,2,3,0,1,6,1
10728,1,1,2,2,1,0,1,0,1,3,1,1,0,1,6,1
10729,1,1,2,2,1,0,1,0,1,3,1,2,0,1,6,1
10730,1,1,2,2,1,0,1,0,1,3,1,3,0,1,6,1
10731,1,1,2,2,1,0,1,0,1,3,2,1,0,1,6,1
10732,1,1,2,2,1,0,1,0,1,3,2,2,0,1,6,1
10733,1,1,2,2,1,0,1,0,1,3,2,3,0,1,6,1
10734,1,1,2,2,1,0,1,0,1,4,1,1,0,1,6,1
10735,1,1,2,2,1,0,1,0,1,4,1,2,0,1,6,1
10736,1,1,2,2,1,0,1,0,1,4,1,3,0,1,6,1
10737,1,1,2,2,1,0,1,0,1,4,2,1,0,1,6,1
10738,1,1,2,2,1,0,1,0,1,4,2,2,0,1,6,1
10739,1,1,2,2,1,0,1,0,1,4,2,3,0,1,6,1
10740,1,1,2,2,1,0,1,1,0,0,1,1,,0,4,0
10741,1,1,2,2,1,0,1,1,0,0,1,2,,0,4,0
10742,1,1,2,2,1,0,1,1,0,0,1,3,,0,4,0
10743,1,1,2,2,1,0,1,1,0,0,2,1,,0,4,0
10744,1,1,2,2,1,0,1,1,0,0,2,2,,0,4,0
10745,1,1,2,2,1,0,1,1,0,0,2,3,,0,4,0
10746,1,1,2,2,1,0,1,1,0,1,1,1,,0,4,0
10747,1,1,2,2,1,0,1,1,0,1,1,2,,0,5,0
10748,1,1,2,2,1,0,1,1,0,1,1,3,1,1,5,1
10749,1,1,2,2,1,0,1,1,0,1,2,1,,0,4,0
10750,1,1,2,2,1,0,1,1,0,1,2,2,,0,5,0
10751,1,1,2,2,1,0,1,1,0,1,2,3,,0,5,0
10752,1,1,2,2,1,0,1,1,0,2,1,1,,0,5,0
10753,1,1,2,2,1,0,1,1,0,2,1,2,2,1,6,1
10754,1,1,2,2,1,0,1,1,0,2,1,3,1,1,6,1
10755,1,1,2,2,1,0,1,1,0,2,2,1,,0,5,0
10756,1,1,2,2,1,0,1,1,0,2,2,2,,0,6,0
10757,1,1,2,2,1,0,1,1,0,2,2,3,2,1,6,1
10758,1,1,2,2,1,0,1,1,0,3,1,1,,0,5,0
10759,1,1,2,2,1,0,1,1,0,3,1,2,2,1,6,1
10760,1,1,2,2,1,0,1,1,0,3,1,3,1,1,6,1
10761,1,1,2,2,1,0,1,1,0,3,2,1,,0,5,0
10762,1,1,2,2,1,0,1,1,0,3,2,2,,0,6,0
10763,1,1,2,2,1,0,1,1,0,3,2,3,2,1,6,1
10764,1,1,2,2,1,0,1,1,0,4,1,1,,0,5,0
10765,1,1,2,2,1,0,1,1,0,4,1,2,2,1,6,1
10766,1,1,2,2,1,0,1,1,0,4,1,3,1,1,6,1
10767,1,1,2,2,1,0,1,1,0,4,2,1,,0,5,0
10768,1,1,2,2,1,0,1,1,0,4,2,2,,0,6,0
10769,1,1,2,2,1,0,1,1,0,4,2,3,2,1,6,1
10770,1,1,2,2,1,0,1,1,1,0,1,1,0,1,4,1
10771,1,1,2,2,1,0,1,1,1,0,1,2,0,1,4,1
10772,1,1,2,2,1,0,1,1,1,0,1,3,0,1,4,1
10773,1,1,2,2,1,0,1,1,1,0,2,1,0,1,4,1
10774,1,1,2,2,1,0,1,1,1,0,2,2,0,1,4,1
10775,1,1,2,2,1,0,1,1,1,0,2,3,0,1,4,1
10776,1,1,2,2,1,0,1,1,1,1,1,1,0,1,5,1
10777,1,1,2,2,1,0,1,1,1,1,1,2,0,1,5,1
10778,1,1,2,2,1,0,1,1,1,1,1,3,0,1,5,1
10779,1,1,2,2,1,0,1,1,1,1,2,1,0,1,5,1
10780,1,1,2,2,1,0,1,1,1,1,2,2,0,1,5,1
10781,1,1,2,2,1,0,1,1,1,1,2,3,0,1,5,1
10782,1,1,2,2,1,0,1,1,1,2,1,1,0,1,6,1
10783,1,1,2,2,1,0,1,1,1,2,1,2,0,1,6,1
10784,1,1,2,2,1,0,1,1,1,2,1,3,0,1,6,1
10785,1,1,2,2,1,0,1,1,1,2,2,1,0,1,6,1
10786,1,1,2,2,1,0,1,1,1,2,2,2,0,1,6,1
10787,1,1,2,2,1,0,1,1,1,2,2,3,0,1,6,1
10788,1,1,2,2,1,0,1,1,1,3,1,1,0,1,6,1
10789,1,1,2,2,1,0,1,1,1,3,1,2,0,1,6,1
10790,1,1,2,2,1,0,1,1,1,3,1,3,0,1,6,1
10791,1,1,2,2,1,0,1,1,1,3,2,1,0,1,6,1
10792,1,1,2,2,1,0,1,1,1,3,2,2,0,1,6,1
10793,1,1,2,2,1,0,1,1,1,3,2,3,0,1,6,1
10794,1,1,2,2,1,0,1,1,1,4,1,1,0,1,6,1
10795,1,1,2,2,1,0,1,1,1,4,1,2,0,1,6,1
10796,1,1,2,2,1,0,1,1,1,4,1,3,0,1,6,1
10797,1,1,2,2,1,0,1,1,1,4,2,1,0,1,6,1
10798,1,1,2,2,1,0,1,1,1,4,2,2,0,1,6,1
10799,1,1,2,2,1,0,1,1,1,4,2,3,0,1,6,1
10800,1,1,2,2,1,1,0,0,0,0,1,1,,0,4,0
10801,1,1,2,2,1,1,0,0,0,0,1,2,,0,4,0
10802,1,1,2,2,1,1,0,0,0,0,1,3,,0,4,0
10803,1,1,2,2,1,1,0,0,0,0,2,1,,0,4,0
10804,1,1,2,2,1,1,0,0,0,0,2,2,,0,4,0
10805,1,1,2,2,1,1,0,0,0,0,2,3,,0,4,0
10806,1,1,2,2,1,1,0,0,0,1,1,1,,0,4,0
10807,1,1,2,2,1,1,0,0,0,1,1,2,,0,5,0
10808,1,1,2,2,1,1,0,0,0,1,1,3,,0,5,0
10809,1,1,2,2,1,1,0,0,0,1,2,1,,0,4,0
10810,1,1,2,2,1,1,0,0,0,1,2,2,,0,5,0
10811,1,1,2,2,1,1,0,0,0,1,2,3,,0,5,0
10812,1,1,2,2,1,1,0,0,0,2,1,1,2,1,4,1
10813,1,1,2,2,1,1,0,0,0,2,1,2,2,1,5,1
10814,1,1,2,2,1,1,0,0,0,2,1,3,2,1,5,1
10815,1,1,2,2,1,1,0,0,0,2,2,1,2,1,4,1
10816,1,1,2,2,1,1,0,0,0,2,2,2,2,1,5,1
10817,1,1,2,2,1,1,0,0,0,2,2,3,2,1,5,1
10818,1,1,2,2,1,1,0,0,0,3,1,1,2,1,4,1
10819,1,1,2,2,1,1,0,0,0,3,1,2,2,1,5,1
10820,1,1,2,2,1,1,0,0,0,3,1,3,2,1,5,1
10821,1,1,2,2,1,1,0,0,0,3,2,1,2,1,4,1
10822,1,1,2,2,1,1,0,0,0,3,2,2,2,1,5,1
10823,1,1,2,2,1,1,0,0,0,3,2,3,2,1,5,1
10824,1,1,2,2,1,1,0,0,0,4,1,1,2,1,4,1
10825,1,1,2,2,1,1,0,0,0,4,1,2,2,1,5,1
10826,1,1,2,2,1,1,0,0,0,4,1,3,2,1,5,1
10827,1,1,2,2,1,1,0,0,0,4,2,1,2,1,4,1
10828,1,1,2,2,1,1,0,0,0,4,2,2,2,1,5,1
10829,1,1,2,2,1,1,0,0,0,4,2,3,2,1,5,1
10830,1,1,2,2,1,1,0,0,1,0,1,1,0,1,4,1
10831,1,1,2,2,1,1,0,0,1,0,1,2,0,1,4,1
10832,1,1,2,2,1,1,0,0,1,0,1,3,0,1,4,1
10833,1,1,2,2,1,1,0,0,1,0,2,1,0,1,4,1
10834,1,1,2,2,1,1,0,0,1,0,2,2,0,1,4,1
10835,1,1,2,2,1,1,0,0,1,0,2,3,0,1,4,1
10836,1,1,2,2,1,1,0,0,1,1,1,1,0,1,5,1
10837,1,1,2,2,1,1,0,0,1,1,1,2,0,1,5,1
10838,1,1,2,2,1,1,0,0,1,1,1,3,0,1,5,1
10839,1,1,2,2,1,1,0,0,1,1,2,1,0,1,5,1
10840,1,1,2,2,1,1,0,0,1,1,2,2,0,1,5,1
10841,1,1,2,2,1,1,0,0,1,1,2,3,0,1,5,1
10842,1,1,2,2,1,1,0,0,1,2,1,1,0,1,5,1
10843,1,1,2,2,1,1,0,0,1,2,1,2,0,1,5,1
10844,1,1,2,2,1,1,0,0,1,2,1,3,0,1,5,1
10845,1,1,2,2,1,1,0,0,1,2,2,1,0,1,5,1
10846,1,1,2,2,1,1,0,0,1,2,2,2,0,1,5,1
10847,1,1,2,2,1,1,0,0,1,2,2,3,0,1,5,1
10848,1,1,2,2,1,1,0,0,1,3,1,1,0,1,5,1
10849,1,1,2,2,1,1,0,0,1,3,1,2,0,1,5,1
10850,1,1,2,2,1,1,0,0,1,3,1,3,0,1,5,1
10851,1,1,2,2,1,1,0,0,1,3,2,1,0,1,5,1
10852,1,1,2,2,1,1,0,0,1,3,2,2,0,1,5,1
10853,1,1,2,2,1,1,0,0,1,3,2,3,0,1,5,1
10854,1,1,2,2,1,1,0,0,1,4,1,1,0,1,5,1
10855,1,1,2,2,1,1,0,0,1,4,1,2,0,1,5,1
10856,1,1,2,2,1,1,0,0,1,4,1,3,0,1,5,1
10857,1,1,2,2,1,1,0,0,1,4,2,1,0,1,5,1
10858,1,1,2,2,1,1,0,0,1,4,2,2,0,1,5,1
10859,1,1,2,2,1,1,0,0,1,4,2,3,0,1,5,1
10860,1,1,2,2,1,1,0,1,0,0,1,1,,0,4,0
10861,1,1,2,2,1,1,0,1,0,0,1,2,,0,4,0
10862,1,1,2,2,1,1,0,1,0,0,1,3,,0,4,0
10863,1,1,2,2,1,1,0,1,0,0,2,1,,0,4,0
10864,1,1,2,2,1,1,0,1,0,0,2,2,,0,4,0
10865,1,1,2,2,1,1,0,1,0,0,2,3,,0,4,0
10866,1,1,2,2,1,1,0,1,0,1,1,1,,0,4,0
10867,1,1,2,2,1,1,0,1,0,1,1,2,1,1,5,1
10868,1,1,2,2,1,1,0,1,0,1,1,3,1,1,5,1
10869,1,1,2,2,1,1,0,1,0,1,2,1,,0,4,0
10870,1,1,2,2,1,1,0,1,0,1,2,2,1,1,5,1
10871,1,1,2,2,1,1,0,1,0,1,2,3,1,1,5,1
10872,1,1,2,2,1,1,0,1,0,2,1,1,2,1,4,1
10873,1,1,2,2,1,1,0,1,0,2,1,2,1,1,5,1
10874,1,1,2,2,1,1,0,1,0,2,1,3,1,1,5,1
10875,1,1,2,2,1,1,0,1,0,2,2,1,2,1,4,1
10876,1,1,2,2,1,1,0,1,0,2,2,2,1,1,5,1
10877,1,1,2,2,1,1,0,1,0,2,2,3,1,1,5,1
10878,1,1,2,2,1,1,0,1,0,3,1,1,2,1,4,1
10879,1,1,2,2,1,1,0,1,0,3,1,2,1,1,5,1
10880,1,1,2,2,1,1,0,1,0,3,1,3,1,1,5,1
10881,1,1,2,2,1,1,0,1,0,3,2,1,2,1,4,1
10882,1,1,2,2,1,1,0,1,0,3,2,2,1,1,5,1
10883,1,1,2,2,1,1,0,1,0,3,2,3,1,1,5,1
10884,1,1,2,2,1,1,0,1,0,4,1,1,2,1,4,1
10885,1,1,2,2,1,1,0,1,0,4,1,2,1,1,5,1
10886,1,1,2,2,1,1,0,1,0,4,1,3,1,1,5,1
10887,1,1,2,2,1,1,0,1,0,4,2,1,2,1,4,1
10888,1,1,2,2,1,1,0,1,0,4,2,2,1,1,5,1
10889,1,1,2,2,1,1,0,1,0,4,2,3,1,1,5,1
10890,1,1,2,2,1,1,0,1,1,0,1,1,0,1,4,1
10891,1,1,2,2,1,1,0,1,1,0,1,2,0,1,4,1
10892,1,1,2,2,1,1,0,1,1,0,1,3,0,1,4,1
10893,1,1,2,2,1,1,0,1,1,0,2,1,0,1,4,1
10894,1,1,2,2,1,1,0,1,1,0,2,2,0,1,4,1
10895,1,1,2,2,1,1,0,1,1,0,2,3,0,1,4,1
10896,1,1,2,2,1,1,0,1,1,1,1,1,0,1,5,1
10897,1,1,2,2,1,1,0,1,1,1,1,2,0,1,5,1
10898,1,1,2,2,1,1,0,1,1,1,1,3,0,1,5,1
10899,1,1,2,2,1,1,0,1,1,1,2,1,0,1,5,1
10900,1,1,2,2,1,1,0,1,1,1,2,2,0,1,5,1
10901,1,1,2,2,1,1,0,1,1,1,2,3,0,1,5,1
10902,1,1,2,2,1,1,0,1,1,2,1,1,0,1,5,1
10903,1,1,2,2,1,1,0,1,1,2,1,2,0,1,5,1
10904,1,1,2,2,1,1,0,1,1,2,1,3,0,1,5,1
10905,1,1,2,2,1,1,0,1,1,2,2,1,0,1,5,1
10906,1,1,2,2,1,1,0,1,1,2,2,2,0,1,5,1
10907,1,1,2,2,1,1,0,1,1,2,2,3,0,1,5,1
10908,1,1,2,2,1,1,0,1,1,3,1,1,0,1,5,1
10909,1,1,2,2,1,1,0,1,1,3,1,2,0,1,5,1
10910,1,1,2,2,1,1,0,1,1,3,1,3,0,1,5,1
10911,1,1,2,2,1,1,0,1,1,3,2,1,0,1,5,1
10912,1,1,2,2,1,1,0,1,1,3,2,2,0,1,5,1
10913,1,1,2,2,1,1,0,1,1,3,2,3,0,1,5,1
10914,1,1,2,2,1,1,0,1,1,4,1,1,0,1,5,1
10915,1,1,2,2,1,1,0,1,1,4,1,2,0,1,5,1
10916,1,1,2,2,1,1,0,1,1,4,1,3,0,1,5,1
10917,1,1,2,2,1,1,0,1,1,4,2,1,0,1,5,1
10918,1,1,2,2,1,1,0,1,1,4,2,2,0,1,5,1
10919,1,1,2,2,1,1,0,1,1,4,2,3,0,1,5,1
10920,1,1,2,2,1,1,1,0,0,0,1,1,,0,4,0
10921,1,1,2,2,1,1,1,0,0,0,1,2,,0,4,0
10922,1,1,2,2,1,1,1,0,0,0,1,3,,0,4,0
10923,1,1,2,2,1,1,1,0,0,0,2,1,,0,4,0
10924,1,1,2,2,1,1,1,0,0,0,2,2,,0,4,0
10925,1,1,2,2,1,1,1,0,0,0,2,3,,0,4,0
10926,1,1,2,2,1,1,1,0,0,1,1,1,,0,4,0
10927,1,1,2,2,1,1,1,0,0,1,1,2,,0,5,0
10928,1,1,2,2,1,1,1,0,0,1,1,3,,0,6,0
10929,1,1,2,2,1,1,1,0,0,1,2,1,,0,4,0
10930,1,1,2,2,1,1,1,0,0,1,2,2,,0,5,0
10931,1,1,2,2,1,1,1,0,0,1,2,3,,0,5,0
10932,1,1,2,2,1,1,1,0,0,2,1,1,,0,5,0
10933,1,1,2,2,1,1,1,0,0,2,1,2,2,1,6,1
10934,1,1,2,2,1,1,1,0,0,2,1,3,2,1,7,1
10935,1,1,2,2,1,1,1,0,0,2,2,1,,0,5,0
10936,1,1,2,2,1,1,1,0,0,2,2,2,,0,6,0
10937,1,1,2,2,1,1,1,0,0,2,2,3,2,1,6,1
10938,1,1,2,2,1,1,1,0,0,3,1,1,,0,5,0
10939,1,1,2,2,1,1,1,0,0,3,1,2,2,1,6,1
10940,1,1,2,2,1,1,1,0,0,3,1,3,2,1,7,1
10941,1,1,2,2,1,1,1,0,0,3,2,1,,0,5,0
10942,1,1,2,2,1,1,1,0,0,3,2,2,,0,6,0
10943,1,1,2,2,1,1,1,0,0,3,2,3,2,1,6,1
10944,1,1,2,2,1,1,1,0,0,4,1,1,,0,5,0
10945,1,1,2,2,1,1,1,0,0,4,1,2,2,1,6,1
10946,1,1,2,2,1,1,1,0,0,4,1,3,2,1,7,1
10947,1,1,2,2,1,1,1,0,0,4,2,1,,0,5,0
10948,1,1,2,2,1,1,1,0,0,4,2,2,,0,6,0
10949,1,1,2,2,1,1,1,0,0,4,2,3,2,1,6,1
10950,1,1,2,2,1,1,1,0,1,0,1,1,0,1,4,1
10951,1,1,2,2,1,1,1,0,1,0,1,2,0,1,4,1
10952,1,1,2,2,1,1,1,0,1,0,1,3,0,1,4,1
10953,1,1,2,2,1,1,1,0,1,0,2,1,0,1,4,1
10954,1,1,2,2,1,1,1,0,1,0,2,2,0,1,4,1
10955,1,1,2,2,1,1,1,0,1,0,2,3,0,1,4,1
10956,1,1,2,2,1,1,1,0,1,1,1,1,0,1,6,1
10957,1,1,2,2,1,1,1,0,1,1,1,2,0,1,6,1
10958,1,1,2,2,1,1,1,0,1,1,1,3,0,1,6,1
10959,1,1,2,2,1,1,1,0,1,1,2,1,0,1,6,1
10960,1,1,2,2,1,1,1,0,1,1,2,2,0,1,6,1
10961,1,1,2,2,1,1,1,0,1,1,2,3,0,1,6,1
10962,1,1,2,2,1,1,1,0,1,2,1,1,0,1,7,1
10963,1,1,2,2,1,1,1,0,1,2,1,2,0,1,7,1
10964,1,1,2,2,1,1,1,0,1,2,1,3,0,1,7,1
10965,1,1,2,2,1,1,1,0,1,2,2,1,0,1,7,1
10966,1,1,2,2,1,1,1,0,1,2,2,2,0,1,7,1
10967,1,1,2,2,1,1,1,0,1,2,2,3,0,1,7,1
10968,1,1,2,2,1,1,1,0,1,3,1,1,0,1,7,1
10969,1,1,2,2,1,1,1,0,1,3,1,2,0,1,7,1
10970,1,1,2,2,1,1,1,0,1,3,1,3,0,1,7,1
10971,1,1,2,2,1,1,1,0,1,3,2,1,0,1,7,1
10972,1,1,2,2,1,1,1,0,1,3,2,2,0,1,7,1
10973,1,1,2,2,1,1,1,0,1,3,2,3,0,1,7,1
10974,1,1,2,2,1,1,1,0,1,4,1,1,0,1,7,1
10975,1,1,2,2,1,1,1,0,1,4,1,2,0,1,7,1
10976,1,1,2,2,1,1,1,0,1,4,1,3,0,1,7,1
10977,1,1,2,2,1,1,1,0,1,4,2,1,0,1,7,1
10978,1,1,2,2,1,1,1,0,1,4,2,2,0,1,7,1
10979,1,1,2,2,1,1,1,0,1,4,2,3,0,1,7,1
10980,1,1,2,2,1,1,1,1,0,0,1,1,,0,4,0
10981,1,1,2,2,1,1,1,1,0,0,1,2,,0,4,0
10982,1,1,2,2,1,1,1,1,0,0,1,3,,0,4,0
10983,1,1,2,2,1,1,1,1,0,0,2,1,,0,4,0
10984,1,1,2,2,1,1,1,1,0,0,2,2,,0,4,0
10985,1,1,2,2,1,1,1,1,0,0,2,3,,0,4,0
10986,1,1,2,2,1,1,1,1,0,1,1,1,,0,4,0
10987,1,1,2,2,1,1,1,1,0,1,1,2,,0,5,0
10988,1,1,2,2,1,1,1,1,0,1,1,3,1,1,7,1
10989,1,1,2,2,1,1,1,1,0,1,2,1,,0,4,0
10990,1,1,2,2,1,1,1,1,0,1,2,2,,0,5,0
10991,1,1,2,2,1,1,1,1,0,1,2,3,,0,5,0
10992,1,1,2,2,1,1,1,1,0,2,1,1,,0,5,0
10993,1,1,2,2,1,1,1,1,0,2,1,2,2,1,6,1
10994,1,1,2,2,1,1,1,1,0,2,1,3,1,1,8,1
10995,1,1,2,2,1,1,1,1,0,2,2,1,,0,5,0
10996,1,1,2,2,1,1,1,1,0,2,2,2,,0,6,0
10997,1,1,2,2,1,1,1,1,0,2,2,3,2,1,6,1
10998,1,1,2,2,1,1,1,1,0,3,1,1,,0,5,0
10999,1,1,2,2,1,1,1,1,0,3,1,2,2,1,6,1
11000,1,1,2,2,1,1,1,1,0,3,1,3,1,1,8,1
11001,1,1,2,2,1,1,1,1,0,3,2,1,,0,5,0
11002,1,1,2,2,1,1,1,1,0,3,2,2,,0,6,0
11003,1,1,2,2,1,1,1,1,0,3,2,3,2,1,6,1
11004,1,1,2,2,1,1,1,1,0,4,1,1,,0,5,0
11005,1,1,2,2,1,1,1,1,0,4,1,2,2,1,6,1
11006,1,1,2,2,1,1,1,1,0,4,1,3,1,1,8,1
11007,1,1,2,2,1,1,1,1,0,4,2,1,,0,5,0
11008,1,1,2,2,1,1,1,1,0,4,2,2,,0,6,0
11009,1,1,2,2,1,1,1,1,0,4,2,3,2,1,6,1
11010,1,1,2,2,1,1,1,1,1,0,1,1,0,1,4,1
11011,1,1,2,2,1,1,1,1,1,0,1,2,0,1,4,1
11012,1,1,2,2,1,1,1,1,1,0,1,3,0,1,4,1
11013,1,1,2,2,1,1,1,1,1,0,2,1,0,1,4,1
11014,1,1,2,2,1,1,1,1,1,0,2,2,0,1,4,1
11015,1,1,2,2,1,1,1,1,1,0,2,3,0,1,4,1
11016,1,1,2,2,1,1,1,1,1,1,1,1,0,1,7,1
11017,1,1,2,2,1,1,1,1,1,1,1,2,0,1,7,1
11018,1,1,2,2,1,1,1,1,1,1,1,3,0,1,7,1
11019,1,1,2,2,1,1,1,1,1,1,2,1,0,1,7,1
11020,1,1,2,2,1,1,1,1,1,1,2,2,0,1,7,1
11021,1,1,2,2,1,1,1,1,1,1,2,3,0,1,7,1
11022,1,1,2,2,1,1,1,1,1,2,1,1,0,1,8,1
11023,1,1,2,2,1,1,1,1,1,2,1,2,0,1,8,1
11024,1,1,2,2,1,1,1,1,1,2,1,3,0,1,8,1
11025,1,1,2,2,1,1,1,1,1,2,2,1,0,1,8,1
11026,1,1,2,2,1,1,1,1,1,2,2,2,0,1,8,1
11027,1,1,2,2,1,1,1,1,1,2,2,3,0,1,8,1
11028,1,1,2,2,1,1,1,1,1,3,1,1,0,1,8,1
11029,1,1,2,2,1,1,1,1,1,3,1,2,0,1,8,1
11030,1,1,2,2,1,1,1,1,1,3,1,3,0,1,8,1
11031,1,1,2,2,1,1,1,1,1,3,2,1,0,1,8,1
11032,1,1,2,2,1,1,1,1,1,3,2,2,0,1,8,1
11033,1,1,2,2,1,1,1,1,1,3,2,3,0,1,8,1
11034,1,1,2,2,1,1,1,1,1,4,1,1,0,1,8,1
11035,1,1,2,2,1,1,1,1,1,4,1,2,0,1,8,1
11036,1,1,2,2,1,1,1,1,1,4,1,3,0,1,8,1
11037,1,1,2,2,1,1,1,1,1,4,2,1,0,1,8,1
11038,1,1,2,2,1,1,1,1,1,4,2,2,0,1,8,1
11039,1,1,2,2,1,1,1,1,1,4,2,3,0,1,8,1
11040,1,1,2,2,2,0,0,0,0,0,1,1,,0,4,0
11041,1,1,2,2,2,0,0,0,0,0,1,2,,0,4,0
11042,1,1,2,2,2,0,0,0,0,0,1,3,,0,4,0
11043,1,1,2,2,2,0,0,0,0,0,2,1,,0,4,0
11044,1,1,2,2,2,0,0,0,0,0,2,2,,0,4,0
11045,1,1,2,2,2,0,0,0,0,0,2,3,,0,4,0
11046,1,1,2,2,2,0,0,0,0,1,1,1,,0,4,0
11047,1,1,2,2,2,0,0,0,0,1,1,2,1,1,4,1
11048,1,1,2,2,2,0,0,0,0,1,1,3,1,1,4,1
11049,1,1,2,2,2,0,0,0,0,1,2,1,,0,4,0
11050,1,1,2,2,2,0,0,0,0,1,2,2,1,1,4,1
11051,1,1,2,2,2,0,0,0,0,1,2,3,1,1,4,1
11052,1,1,2,2,2,0,0,0,0,2,1,1,,0,4,0
11053,1,1,2,2,2,0,0,0,0,2,1,2,1,1,4,1
11054,1,1,2,2,2,0,0,0,0,2,1,3,1,1,4,1
11055,1,1,2,2,2,0,0,0,0,2,2,1,,0,4,0
11056,1,1,2,2,2,0,0,0,0,2,2,2,1,1,4,1
11057,1,1,2,2,2,0,0,0,0,2,2,3,1,1,4,1
11058,1,1,2,2,2,0,0,0,0,3,1,1,,0,4,0
11059,1,1,2,2,2,0,0,0,0,3,1,2,1,1,4,1
11060,1,1,2,2,2,0,0,0,0,3,1,3,1,1,4,1
11061,1,1,2,2,2,0,0,0,0,3,2,1,,0,4,0
11062,1,1,2,2,2,0,0,0,0,3,2,2,1,1,4,1
11063,1,1,2,2,2,0,0,0,0,3,2,3,1,1,4,1
11064,1,1,2,2,2,0,0,0,0,4,1,1,,0,4,0
11065,1,1,2,2,2,0,0,0,0,4,1,2,1,1,4,1
11066,1,1,2,2,2,0,0,0,0,4,1,3,1,1,4,1
11067,1,1,2,2,2,0,0,0,0,4,2,1,,0,4,0
11068,1,1,2,2,2,0,0,0,0,4,2,2,1,1,4,1
11069,1,1,2,2,2,0,0,0,0,4,2,3,1,1,4,1
11070,1,1,2,2,2,0,0,0,1,0,1,1,0,1,4,1
11071,1,1,2,2,2,0,0,0,1,0,1,2,0,1,4,1
11072,1,1,2,2,2,0,0,0,1,0,1,3,0,1,4,1
11073,1,1,2,2,2,0,0,0,1,0,2,1,0,1,4,1
11074,1,1,2,2,2,0,0,0,1,0,2,2,0,1,4,1
11075,1,1,2,2,2,0,0,0,1,0,2,3,0,1,4,1
11076,1,1,2,2,2,0,0,0,1,1,1,1,0,1,4,1
11077,1,1,2,2,2,0,0,0,1,1,1,2,0,1,4,1
11078,1,1,2,2,2,0,0,0,1,1,1,3,0,1,4,1
11079,1,1,2,2,2,0,0,0,1,1,2,1,0,1,4,1
11080,1,1,2,2,2,0,0,0,1,1,2,2,0,1,4,1
11081,1,1,2,2,2,0,0,0,1,1,2,3,0,1,4,1
11082,1,1,2,2,2,0,0,0,1,2,1,1,0,1,4,1
11083,1,1,2,2,2,0,0,0,1,2,1,2,0,1,4,1
11084,1,1,2,2,2,0,0,0,1,2,1,3,0,1,4,1
11085,1,1,2,2,2,0,0,0,1,2,2,1,0,1,4,1
11086,1,1,2,2,2,0,0,0,1,2,2,2,0,1,4,1
11087,1,1,2,2,2,0,0,0,1,2,2,3,0,1,4,1
11088,1,1,2,2,2,0,0,0,1,3,1,1,0,1,4,1
11089,1,1,2,2,2,0,0,0,1,3,1,2,0,1,4,1
11090,1,1,2,2,2,0,0,0,1,3,1,3,0,1,4,1
11091,1,1,2,2,2,0,0,0,1,3,2,1,0,1,4,1
11092,1,1,2,2,2,0,0,0,1,3,2,2,0,1,4,1
11093,1,1,2,2,2,0,0,0,1,3,2,3,0,1,4,1
11094,1,1,2,2,2,0,0,0,1,4,1,1,0,1,4,1
11095,1,1,2,2,2,0,0,0,1,4,1,2,0,1,4,1
11096,1,1,2,2,2,0,0,0,1,4,1,3,0,1,4,1
11097,1,1,2,2,2,0,0,0,1,4,2,1,0,1,4,1
11098,1,1,2,2,2,0,0,0,1,4,2,2,0,1,4,1
11099,1,1,2,2,2,0,0,0,1,4,2,3,0,1,4,1
11100,1,1,2,2,2,0,0,1,0,0,1,1,,0,4,0
11101,1,1,2,2,2,0,0,1,0,0,1,2,,0,4,0
11102,1,1,2,2,2,0,0,1,0,0,1,3,,0,4,0
11103,1,1,2,2,2,0,0,1,0,0,2,1,,0,4,0
11104,1,1,2,2,2,0,0,1,0,0,2,2,,0,4,0
11105,1,1,2,2,2,0,0,1,0,0,2,3,,0,4,0
11106,1,1,2,2,2,0,0,1,0,1,1,1,,0,4,0
11107,1,1,2,2,2,0,0,1,0,1,1,2,1,1,4,1
11108,1,1,2,2,2,0,0,1,0,1,1,3,1,1,4,1
11109,1,1,2,2,2,0,0,1,0,1,2,1,,0,4,0
11110,1,1,2,2,2,0,0,1,0,1,2,2,1,1,4,1
11111,1,1,2,2,2,0,0,1,0,1,2,3,1,1,4,1
11112,1,1,2,2,2,0,0,1,0,2,1,1,,0,4,0
11113,1,1,2,2,2,0,0,1,0,2,1,2,1,1,4,1
11114,1,1,2,2,2,0,0,1,0,2,1,3,1,1,4,1
11115,1,1,2,2,2,0,0,1,0,2,2,1,,0,4,0
11116,1,1,2,2,2,0,0,1,0,2,2,2,1,1,4,1
11117,1,1,2,2,2,0,0,1,0,2,2,3,1,1,4,1
11118,1,1,2,2,2,0,0,1,0,3,1,1,,0,4,0
11119,1,1,2,2,2,0,0,1,0,3,1,2,1,1,4,1
11120,1,1,2,2,2,0,0,1,0,3,1,3,1,1,4,1
11121,1,1,2,2,2,0,0,1,0,3,2,1,,0,4,0
11122,1,1,2,2,2,0,0,1,0,3,2,2,1,1,4,1
11123,1,1,2,2,2,0,0,1,0,3,2,3,1,1,4,1
11124,1,1,2,2,2,0,0,1,0,4,1,1,,0,4,0
11125,1,1,2,2,2,0,0,1,0,4,1,2,1,1,4,1
11126,1,1,2,2,2,0,0,1,0,4,1,3,1,1,4,1
11127,1,1,2,2,2,0,0,1,0,4,2,1,,0,4,0
11128,1,1,2,2,2,0,0,1,0,4,2,2,1,1,4,1
11129,1,1,2,2,2,0,0,1,0,4,2,3,1,1,4,1
11130,1,1,2,2,2,0,0,1,1,0,1,1,0,1,4,1
11131,1,1,2,2,2,0,0,1,1,0,1,2,0,1,4,1
11132,1,1,2,2,2,0,0,1,1,0,1,3,0,1,4,1
11133,1,1,2,2,2,0,0,1,1,0,2,1,0,1,4,1
11134,1,1,2,2,2,0,0,1,1,0,2,2,0,1,4,1
11135,1,1,2,2,2,0,0,1,1,0,2,3,0,1,4,1
11136,1,1,2,2,2,0,0,1,1,1,1,1,0,1,4,1
11137,1,1,2,2,2,0,0,1,1,1,1,2,0,1,4,1
11138,1,1,2,2,2,0,0,1,1,1,1,3,0,1,4,1
11139,1,1,2,2,2,0,0,1,1,1,2,1,0,1,4,1
11140,1,1,2,2,2,0,0,1,1,1,2,2,0,1,4,1
11141,1,1,2,2,2,0,0,1,1,1,2,3,0,1,4,1
11142,1,1,2,2,2,0,0,1,1,2,1,1,0,1,4,1
11143,1,1,2,2,2,0,0,1,1,2,1,2,0,1,4,1
11144,1,1,2,2,2,0,0,1,1,2,1,3,0,1,4,1
11145,1,1,2,2,2,0,0,1,1,2,2,1,0,1,4,1
11146,1,1,2,2,2,0,0,1,1,2,2,2,0,1,4,1
11147,1,1,2,2,2,0,0,1,1,2,2,3,0,1,4,1
11148,1,1,2,2,2,0,0,1,1,3,1,1,0,1,4,1
11149,1,1,2,2,2,0,0,1,1,3,1,2,0,1,4,1
11150,1,1,2,2,2,0,0,1,1,3,1,3,0,1,4,1
11151,1,1,2,2,2,0,0,1,1,3,2,1,0,1,4,1
11152,1,1,2,2,2,0,0,1,1,3,2,2,0,1,4,1
11153,1,1,2,2,2,0,0,1,1,3,2,3,0,1,4,1
11154,1,1,2,2,2,0,0,1,1,4,1,1,0,1,4,1
11155,1,1,2,2,2,0,0,1,1,4,1,2,0,1,4,1
11156,1,1,2,2,2,0,0,1,1,4,1,3,0,1,4,1
11157,1,1,2,2,2,0,0,1,1,4,2,1,0,1,4,1
11158,1,1,2,2,2,0,0,1,1,4,2,2,0,1,4,1
11159,1,1,2,2,2,0,0,1,1,4,2,3,0,1,4,1
11160,1,1,2,2,2,0,1,0,0,0,1,1,,0,4,0
11161,1,1,2,2,2,0,1,0,0,0,1,2,,0,4,0
11162,1,1,2,2,2,0,1,0,0,0,1,3,,0,4,0
11163,1,1,2,2,2,0,1,0,0,0,2,1,,0,4,0
11164,1,1,2,2,2,0,1,0,0,0,2,2,,0,4,0
11165,1,1,2,2,2,0,1,0,0,0,2,3,,0,4,0
11166,1,1,2,2,2,0,1,0,0,1,1,1,,0,4,0
11167,1,1,2,2,2,0,1,0,0,1,1,2,,0,5,0
11168,1,1,2,2,2,0,1,0,0,1,1,3,1,1,5,1
11169,1,1,2,2,2,0,1,0,0,1,2,1,,0,4,0
11170,1,1,2,2,2,0,1,0,0,1,2,2,,0,5,0
11171,1,1,2,2,2,0,1,0,0,1,2,3,,0,5,0
11172,1,1,2,2,2,0,1,0,0,2,1,1,,0,4,0
11173,1,1,2,2,2,0,1,0,0,2,1,2,,0,6,0
11174,1,1,2,2,2,0,1,0,0,2,1,3,1,1,6,1
11175,1,1,2,2,2,0,1,0,0,2,2,1,,0,4,0
11176,1,1,2,2,2,0,1,0,0,2,2,2,,0,6,0
11177,1,1,2,2,2,0,1,0,0,2,2,3,,0,6,0
11178,1,1,2,2,2,0,1,0,0,3,1,1,,0,4,0
11179,1,1,2,2,2,0,1,0,0,3,1,2,,0,6,0
11180,1,1,2,2,2,0,1,0,0,3,1,3,1,1,6,1
11181,1,1,2,2,2,0,1,0,0,3,2,1,,0,4,0
11182,1,1,2,2,2,0,1,0,0,3,2,2,,0,6,0
11183,1,1,2,2,2,0,1,0,0,3,2,3,,0,6,0
11184,1,1,2,2,2,0,1,0,0,4,1,1,,0,4,0
11185,1,1,2,2,2,0,1,0,0,4,1,2,,0,6,0
11186,1,1,2,2,2,0,1,0,0,4,1,3,1,1,6,1
11187,1,1,2,2,2,0,1,0,0,4,2,1,,0,4,0
11188,1,1,2,2,2,0,1,0,0,4,2,2,,0,6,0
11189,1,1,2,2,2,0,1,0,0,4,2,3,,0,6,0
11190,1,1,2,2,2,0,1,0,1,0,1,1,0,1,4,1
11191,1,1,2,2,2,0,1,0,1,0,1,2,0,1,4,1
11192,1,1,2,2,2,0,1,0,1,0,1,3,0,1,4,1
11193,1,1,2,2,2,0,1,0,1,0,2,1,0,1,4,1
11194,1,1,2,2,2,0,1,0,1,0,2,2,0,1,4,1
11195,1,1,2,2,2,0,1,0,1,0,2,3,0,1,4,1
11196,1,1,2,2,2,0,1,0,1,1,1,1,0,1,5,1
11197,1,1,2,2,2,0,1,0,1,1,1,2,0,1,5,1
11198,1,1,2,2,2,0,1,0,1,1,1,3,0,1,5,1
11199,1,1,2,2,2,0,1,0,1,1,2,1,0,1,5,1
11200,1,1,2,2,2,0,1,0,1,1,2,2,0,1,5,1
11201,1,1,2,2,2,0,1,0,1,1,2,3,0,1,5,1
11202,1,1,2,2,2,0,1,0,1,2,1,1,0,1,6,1
11203,1,1,2,2,2,0,1,0,1,2,1,2,0,1,6,1
11204,1,1,2,2,2,0,1,0,1,2,1,3,0,1,6,1
11205,1,1,2,2,2,0,1,0,1,2,2,1,0,1,6,1
11206,1,1,2,2,2,0,1,0,1,2,2,2,0,1,6,1
11207,1,1,2,2,2,0,1,0,1,2,2,3,0,1,6,1
11208,1,1,2,2,2,0,1,0,1,3,1,1,0,1,6,1
11209,1,1,2,2,2,0,1,0,1,3,1,2,0,1,6,1
11210,1,1,2,2,2,0,1,0,1,3,1,3,0,1,6,1
11211,1,1,2,2,2,0,1,0,1,3,2,1,0,1,6,1
11212,1,1,2,2,2,0,1,0,1,3,2,2,0,1,6,1
11213,1,1,2,2,2,0,1,0,1,3,2,3,0,1,6,1
11214,1,1,2,2,2,0,1,0,1,4,1,1,0,1,6,1
11215,1,1,2,2,2,0,1,0,1,4,1,2,0,1,6,1
11216,1,1,2,2,2,0,1,0,1,4,1,3,0,1,6,1
11217,1,1,2,2,2,0,1,0,1,4,2,1,0,1,6,1
11218,1,1,2,2,2,0,1,0,1,4,2,2,0,1,6,1
11219,1,1,2,2,2,0,1,0,1,4,2,3,0,1,6,1
11220,1,1,2,2,2,0,1,1,0,0,1,1,,0,4,0
11221,1,1,2,2,2,0,1,1,0,0,1,2,,0,4,0
11222,1,1,2,2,2,0,1,1,0,0,1,3,,0,4,0
11223,1,1,2,2,2,0,1,1,0,0,2,1,,0,4,0
11224,1,1,2,2,2,0,1,1,0,0,2,2,,0,4,0
11225,1,1,2,2,2,0,1,1,0,0,2,3,,0,4,0
11226,1,1,2,2,2,0,1,1,0,1,1,1,,0,4,0
11227,1,1,2,2,2,0,1,1,0,1,1,2,,0,5,0
11228,1,1,2,2,2,0,1,1,0,1,1,3,1,1,5,1
11229,1,1,2,2,2,0,1,1,0,1,2,1,,0,4,0
11230,1,1,2,2,2,0,1,1,0,1,2,2,,0,5,0
11231,1,1,2,2,2,0,1,1,0,1,2,3,,0,5,0
11232,1,1,2,2,2,0,1,1,0,2,1,1,,0,4,0
11233,1,1,2,2,2,0,1,1,0,2,1,2,,0,6,0
11234,1,1,2,2,2,0,1,1,0,2,1,3,1,1,6,1
11235,1,1,2,2,2,0,1,1,0,2,2,1,,0,4,0
11236,1,1,2,2,2,0,1,1,0,2,2,2,,0,6,0
11237,1,1,2,2,2,0,1,1,0,2,2,3,,0,6,0
11238,1,1,2,2,2,0,1,1,0,3,1,1,,0,4,0
11239,1,1,2,2,2,0,1,1,0,3,1,2,,0,6,0
11240,1,1,2,2,2,0,1,1,0,3,1,3,1,1,6,1
11241,1,1,2,2,2,0,1,1,0,3,2,1,,0,4,0
11242,1,1,2,2,2,0,1,1,0,3,2,2,,0,6,0
11243,1,1,2,2,2,0,1,1,0,3,2,3,,0,6,0
11244,1,1,2,2,2,0,1,1,0,4,1,1,,0,4,0
11245,1,1,2,2,2,0,1,1,0,4,1,2,,0,6,0
11246,1,1,2,2,2,0,1,1,0,4,1,3,1,1,6,1
11247,1,1,2,2,2,0,1,1,0,4,2,1,,0,4,0
11248,1,1,2,2,2,0,1,1,0,4,2,2,,0,6,0
11249,1,1,2,2,2,0,1,1,0,4,2,3,,0,6,0
11250,1,1,2,2,2,0,1,1,1,0,1,1,0,1,4,1
11251,1,1,2,2,2,0,1,1,1,0,1,2,0,1,4,1
11252,1,1,2,2,2,0,1,1,1,0,1,3,0,1,4,1
11253,1,1,2,2,2,0,1,1,1,0,2,1,0,1,4,1
11254,1,1,2,2,2,0,1,1,1,0,2,2,0,1,4,1
11255,1,1,2,2,2,0,1,1,1,0,2,3,0,1,4,1
11256,1,1,2,2,2,0,1,1,1,1,1,1,0,1,5,1
11257,1,1,2,2,2,0,1,1,1,1,1,2,0,1,5,1
11258,1,1,2,2,2,0,1,1,1,1,1,3,0,1,5,1
11259,1,1,2,2,2,0,1,1,1,1,2,1,0,1,5,1
11260,1,1,2,2,2,0,1,1,1,1,2,2,0,1,5,1
11261,1,1,2,2,2,0,1,1,1,1,2,3,0,1,5,1
11262,1,1,2,2,2,0,1,1,1,2,1,1,0,1,6,1
11263,1,1,2,2,2,0,1,1,1,2,1,2,0,1,6,1
11264,1,1,2,2,2,0,1,1,1,2,1,3,0,1,6,1
11265,1,1,2,2,2,0,1,1,1,2,2,1,0,1,6,1
11266,1,1,2,2,2,0,1,1,1,2,2,2,0,1,6,1
11267,1,1,2,2,2,0,1,1,1,2,2,3,0,1,6,1
11268,1,1,2,2,2,0,1,1,1,3,1,1,0,1,6,1
11269,1,1,2,2,2,0,1,1,1,3,1,2,0,1,6,1
11270,1,1,2,2,2,0,1,1,1,3,1,3,0,1,6,1
11271,1,1,2,2,2,0,1,1,1,3,2,1,0,1,6,1
11272,1,1,2,2,2,0,1,1,1,3,2,2,0,1,6,1
11273,1,1,2,2,2,0,1,1,1,3,2,3,0,1,6,1
11274,1,1,2,2,2,0,1,1,1,4,1,1,0,1,6,1
11275,1,1,2,2,2,0,1,1,1,4,1,2,0,1,6,1
11276,1,1,2,2,2,0,1,1,1,4,1,3,0,1,6,1
11277,1,1,2,2,2,0,1,1,1,4,2,1,0,1,6,1
11278,1,1,2,2,2,0,1,1,1,4,2,2,0,1,6,1
11279,1,1,2,2,2,0,1,1,1,4,2,3,0,1,6,1
11280,1,1,2,2,2,1,0,0,0,0,1,1,,0,4,0
11281,1,1,2,2,2,1,0,0,0,0,1,2,,0,4,0
11282,1,1,2,2,2,1,0,0,0,0,1,3,,0,4,0
11283,1,1,2,2,2,1,0,0,0,0,2,1,,0,4,0
11284,1,1,2,2,2,1,0,0,0,0,2,2,,0,4,0
11285,1,1,2,2,2,1,0,0,0,0,2,3,,0,4,0
11286,1,1,2,2,2,1,0,0,0,1,1,1,,0,4,0
11287,1,1,2,2,2,1,0,0,0,1,1,2,,0,5,0
11288,1,1,2,2,2,1,0,0,0,1,1,3,,0,5,0
11289,1,1,2,2,2,1,0,0,0,1,2,1,,0,4,0
11290,1,1,2,2,2,1,0,0,0,1,2,2,,0,5,0
11291,1,1,2,2,2,1,0,0,0,1,2,3,,0,5,0
11292,1,1,2,2,2,1,0,0,0,2,1,1,,0,4,0
11293,1,1,2,2,2,1,0,0,0,2,1,2,2,1,5,1
11294,1,1,2,2,2,1,0,0,0,2,1,3,2,1,5,1
11295,1,1,2,2,2,1,0,0,0,2,2,1,,0,4,0
11296,1,1,2,2,2,1,0,0,0,2,2,2,2,1,5,1
11297,1,1,2,2,2,1,0,0,0,2,2,3,2,1,5,1
11298,1,1,2,2,2,1,0,0,0,3,1,1,,0,4,0
11299,1,1,2,2,2,1,0,0,0,3,1,2,2,1,5,1
11300,1,1,2,2,2,1,0,0,0,3,1,3,2,1,5,1
11301,1,1,2,2,2,1,0,0,0,3,2,1,,0,4,0
11302,1,1,2,2,2,1,0,0,0,3,2,2,2,1,5,1
11303,1,1,2,2,2,1,0,0,0,3,2,3,2,1,5,1
11304,1,1,2,2,2,1,0,0,0,4,1,1,,0,4,0
11305,1,1,2,2,2,1,0,0,0,4,1,2,2,1,5,1
11306,1,1,2,2,2,1,0,0,0,4,1,3,2,1,5,1
11307,1,1,2,2,2,1,0,0,0,4,2,1,,0,4,0
11308,1,1,2,2,2,1,0,0,0,4,2,2,2,1,5,1
11309,1,1,2,2,2,1,0,0,0,4,2,3,2,1,5,1
11310,1,1,2,2,2,1,0,0,1,0,1,1,0,1,4,1
11311,1,1,2,2,2,1,0,0,1,0,1,2,0,1,4,1
11312,1,1,2,2,2,1,0,0,1,0,1,3,0,1,4,1
11313,1,1,2,2,2,1,0,0,1,0,2,1,0,1,4,1
11314,1,1,2,2,2,1,0,0,1,0,2,2,0,1,4,1
11315,1,1,2,2,2,1,0,0,1,0,2,3,0,1,4,1
11316,1,1,2,2,2,1,0,0,1,1,1,1,0,1,5,1
11317,1,1,2,2,2,1,0,0,1,1,1,2,0,1,5,1
11318,1,1,2,2,2,1,0,0,1,1,1,3,0,1,5,1
11319,1,1,2,2,2,1,0,0,1,1,2,1,0,1,5,1
11320,1,1,2,2,2,1,0,0,1,1,2,2,0,1,5,1
11321,1,1,2,2,2,1,0,0,1,1,2,3,0,1,5,1
11322,1,1,2,2,2,1,0,0,1,2,1,1,0,1,5,1
11323,1,1,2,2,2,1,0,0,1,2,1,2,0,1,5,1
11324,1,1,2,2,2,1,0,0,1,2,1,3,0,1,5,1
11325,1,1,2,2,2,1,0,0,1,2,2,1,0,1,5,1
11326,1,1,2,2,2,1,0,0,1,2,2,2,0,1,5,1
11327,1,1,2,2,2,1,0,0,1,2,2,3,0,1,5,1
11328,1,1,2,2,2,1,0,0,1,3,1,1,0,1,5,1
11329,1,1,2,2,2,1,0,0,1,3,1,2,0,1,5,1
11330,1,1,2,2,2,1,0,0,1,3,1,3,0,1,5,1
11331,1,1,2,2,2,1,0,0,1,3,2,1,0,1,5,1
11332,1,1,2,2,2,1,0,0,1,3,2,2,0,1,5,1
11333,1,1,2,2,2,1,0,0,1,3,2,3,0,1,5,1
11334,1,1,2,2,2,1,0,0,1,4,1,1,0,1,5,1
11335,1,1,2,2,2,1,0,0,1,4,1,2,0,1,5,1
11336,1,1,2,2,2,1,0,0,1,4,1,3,0,1,5,1
11337,1,1,2,2,2,1,0,0,1,4,2,1,0,1,5,1
11338,1,1,2,2,2,1,0,0,1,4,2,2,0,1,5,1
11339,1,1,2,2,2,1,0,0,1,4,2,3,0,1,5,1
11340,1,1,2,2,2,1,0,1,0,0,1,1,,0,4,0
11341,1,1,2,2,2,1,0,1,0,0,1,2,,0,4,0
11342,1,1,2,2,2,1,0,1,0,0,1,3,,0,4,0
11343,1,1,2,2,2,1,0,1,0,0,2,1,,0,4,0
11344,1,1,2,2,2,1,0,1,0,0,2,2,,0,4,0
11345,1,1,2,2,2,1,0,1,0,0,2,3,,0,4,0
11346,1,1,2,2,2,1,0,1,0,1,1,1,,0,4,0
11347,1,1,2,2,2,1,0,1,0,1,1,2,1,1,5,1
11348,1,1,2,2,2,1,0,1,0,1,1,3,1,1,5,1
11349,1,1,2,2,2,1,0,1,0,1,2,1,,0,4,0
11350,1,1,2,2,2,1,0,1,0,1,2,2,1,1,5,1
11351,1,1,2,2,2,1,0,1,0,1,2,3,1,1,5,1
11352,1,1,2,2,2,1,0,1,0,2,1,1,,0,4,0
11353,1,1,2,2,2,1,0,1,0,2,1,2,1,1,5,1
11354,1,1,2,2,2,1,0,1,0,2,1,3,1,1,5,1
11355,1,1,2,2,2,1,0,1,0,2,2,1,,0,4,0
11356,1,1,2,2,2,1,0,1,0,2,2,2,1,1,5,1
11357,1,1,2,2,2,1,0,1,0,2,2,3,1,1,5,1
11358,1,1,2,2,2,1,0,1,0,3,1,1,,0,4,0
11359,1,1,2,2,2,1,0,1,0,3,1,2,1,1,5,1
11360,1,1,2,2,2,1,0,1,0,3,1,3,1,1,5,1
11361,1,1,2,2,2,1,0,1,0,3,2,1,,0,4,0
11362,1,1,2,2,2,1,0,1,0,3,2,2,1,1,5,1
11363,1,1,2,2,2,1,0,1,0,3,2,3,1,1,5,1
11364,1,1,2,2,2,1,0,1,0,4,1,1,,0,4,0
11365,1,1,2,2,2,1,0,1,0,4,1,2,1,1,5,1
11366,1,1,2,2,2,1,0,1,0,4,1,3,1,1,5,1
11367,1,1,2,2,2,1,0,1,0,4,2,1,,0,4,0
11368,1,1,2,2,2,1,0,1,0,4,2,2,1,1,5,1
11369,1,1,2,2,2,1,0,1,0,4,2,3,1,1,5,1
11370,1,1,2,2,2,1,0,1,1,0,1,1,0,1,4,1
11371,1,1,2,2,2,1,0,1,1,0,1,2,0,1,4,1
11372,1,1,2,2,2,1,0,1,1,0,1,3,0,1,4,1
11373,1,1,2,2,2,1,0,1,1,0,2,1,0,1,4,1
11374,1,1,2,2,2,1,0,1,1,0,2,2,0,1,4,1
11375,1,1,2,2,2,1,0,1,1,0,2,3,0,1,4,1
11376,1,1,2,2,2,1,0,1,1,1,1,1,0,1,5,1
11377,1,1,2,2,2,1,0,1,1,1,1,2,0,1,5,1
11378,1,1,2,2,2,1,0,1,1,1,1,3,0,1,5,1
11379,1,1,2,2,2,1,0,1,1,1,2,1,0,1,5,1
11380,1,1,2,2,2,1,0,1,1,1,2,2,0,1,5,1
11381,1,1,2,2,2,1,0,1,1,1,2,3,0,1,5,1
11382,1,1,2,2,2,1,0,1,1,2,1,1,0,1,5,1
11383,1,1,2,2,2,1,0,1,1,2,1,2,0,1,5,1
11384,1,1,2,2,2,1,0,1,1,2,1,3,0,1,5,1
11385,1,1,2,2,2,1,0,1,1,2,2,1,0,1,5,1
11386,1,1,2,2,2,1,0,1,1,2,2,2,0,1,5,1
11387,1,1,2,2,2,1,0,1,1,2,2,3,0,1,5,1
11388,1,1,2,2,2,1,0,1,1,3,1,1,0,1,5,1
11389,1,1,2,2,2,1,0,1,1,3,1,2,0,1,5,1
11390,1,1,2,2,2,1,0,1,1,3,1,3,0,1,5,1
11391,1,1,2,2,2,1,0,1,1,3,2,1,0,1,5,1
11392,1,1,2,2,2,1,0,1,1,3,2,2,0,1,5,1
11393,1,1,2,2,2,1,0,1,1,3,2,3,0,1,5,1
11394,1,1,2,2,2,1,0,1,1,4,1,1,0,1,5,1
11395,1,1,2,2,2,1,0,1,1,4,1,2,0,1,5,1
11396,1,1,2,2,2,1,0,1,1,4,1,3,0,1,5,1
11397,1,1,2,2,2,1,0,1,1,4,2,1,0,1,5,1
11398,1,1,2,2,2,1,0,1,1,4,2,2,0,1,5,1
11399,1,1,2,2,2,1,0,1,1,4,2,3,0,1,5,1
11400,1,1,2,2,2,1,1,0,0,0,1,1,,0,4,0
11401,1,1,2,2,2,1,1,0,0,0,1,2,,0,4,0
11402,1,1,2,2,2,1,1,0,0,0,1,3,,0,4,0
11403,1,1,2,2,2,1,1,0,0,0,2,1,,0,4,0
11404,1,1,2,2,2,1,1,0,0,0,2,2,,0,4,0
11405,1,1,2,2,2,1,1,0,0,0,2,3,,0,4,0
11406,1,1,2,2,2,1,1,0,0,1,1,1,,0,4,0
11407,1,1,2,2,2,1,1,0,0,1,1,2,,0,5,0
11408,1,1,2,2,2,1,1,0,0,1,1,3,,0,6,0
11409,1,1,2,2,2,1,1,0,0,1,2,1,,0,4,0
11410,1,1,2,2,2,1,1,0,0,1,2,2,,0,5,0
11411,1,1,2,2,2,1,1,0,0,1,2,3,,0,5,0
11412,1,1,2,2,2,1,1,0,0,2,1,1,,0,4,0
11413,1,1,2,2,2,1,1,0,0,2,1,2,,0,6,0
11414,1,1,2,2,2,1,1,0,0,2,1,3,2,1,7,1
11415,1,1,2,2,2,1,1,0,0,2,2,1,,0,4,0
11416,1,1,2,2,2,1,1,0,0,2,2,2,,0,6,0
11417,1,1,2,2,2,1,1,0,0,2,2,3,,0,6,0
11418,1,1,2,2,2,1,1,0,0,3,1,1,,0,4,0
11419,1,1,2,2,2,1,1,0,0,3,1,2,,0,6,0
11420,1,1,2,2,2,1,1,0,0,3,1,3,2,1,7,1
11421,1,1,2,2,2,1,1,0,0,3,2,1,,0,4,0
11422,1,1,2,2,2,1,1,0,0,3,2,2,,0,6,0
11423,1,1,2,2,2,1,1,0,0,3,2,3,,0,6,0
11424,1,1,2,2,2,1,1,0,0,4,1,1,,0,4,0
11425,1,1,2,2,2,1,1,0,0,4,1,2,,0,6,0
11426,1,1,2,2,2,1,1,0,0,4,1,3,2,1,7,1
11427,1,1,2,2,2,1,1,0,0,4,2,1,,0,4,0
11428,1,1,2,2,2,1,1,0,0,4,2,2,,0,6,0
11429,1,1,2,2,2,1,1,0,0,4,2,3,,0,6,0
11430,1,1,2,2,2,1,1,0,1,0,1,1,0,1,4,1
11431,1,1,2,2,2,1,1,0,1,0,1,2,0,1,4,1
11432,1,1,2,2,2,1,1,0,1,0,1,3,0,1,4,1
11433,1,1,2,2,2,1,1,0,1,0,2,1,0,1,4,1
11434,1,1,2,2,2,1,1,0,1,0,2,2,0,1,4,1
11435,1,1,2,2,2,1,1,0,1,0,2,3,0,1,4,1
11436,1,1,2,2,2,1,1,0,1,1,1,1,0,1,6,1
11437,1,1,2,2,2,1,1,0,1,1,1,2,0,1,6,1
11438,1,1,2,2,2,1,1,0,1,1,1,3,0,1,6,1
11439,1,1,2,2,2,1,1,0,1,1,2,1,0,1,6,1
11440,1,1,2,2,2,1,1,0,1,1,2,2,0,1,6,1
11441,1,1,2,2,2,1,1,0,1,1,2,3,0,1,6,1
11442,1,1,2,2,2,1,1,0,1,2,1,1,0,1,7,1
11443,1,1,2,2,2,1,1,0,1,2,1,2,0,1,7,1
11444,1,1,2,2,2,1,1,0,1,2,1,3,0,1,7,1
11445,1,1,2,2,2,1,1,0,1,2,2,1,0,1,7,1
11446,1,1,2,2,2,1,1,0,1,2,2,2,0,1,7,1
11447,1,1,2,2,2,1,1,0,1,2,2,3,0,1,7,1
11448,1,1,2,2,2,1,1,0,1,3,1,1,0,1,7,1
11449,1,1,2,2,2,1,1,0,1,3,1,2,0,1,7,1
11450,1,1,2,2,2,1,1,0,1,3,1,3,0,1,7,1
11451,1,1,2,2,2,1,1,0,1,3,2,1,0,1,7,1
11452,1,1,2,2,2,1,1,0,1,3,2,2,0,1,7,1
11453,1,1,2,2,2,1,1,0,1,3,2,3,0,1,7,1
11454,1,1,2,2,2,1,1,0,1,4,1,1,0,1,7,1
11455,1,1,2,2,2,1,1,0,1,4,1,2,0,1,7,1
11456,1,1,2,2,2,1,1,0,1,4,1,3,0,1,7,1
11457,1,1,2,2,2,1,1,0,1,4,2,1,0,1,7,1
11458,1,1,2,2,2,1,1,0,1,4,2,2,0,1,7,1
11459,1,1,2,2,2,1,1,0,1,4,2,3,0,1,7,1
11460,1,1,2,2,2,1,1,1,0,0,1,1,,0,4,0
11461,1,1,2,2,2,1,1,1,0,0,1,2,,0,4,0
11462,1,1,2,2,2,1,1,1,0,0,1,3,,0,4,0
11463,1,1,2,2,2,1,1,1,0,0,2,1,,0,4,0
11464,1,1,2,2,2,1,1,1,0,0,2,2,,0,4,0
11465,1,1,2,2,2,1,1,1,0,0,2,3,,0,4,0
11466,1,1,2,2,2,1,1,1,0,1,1,1,,0,4,0
11467,1,1,2,2,2,1,1,1,0,1,1,2,,0,5,0
11468,1,1,2,2,2,1,1,1,0,1,1,3,1,1,7,1
11469,1,1,2,2,2,1,1,1,0,1,2,1,,0,4,0
11470,1,1,2,2,2,1,1,1,0,1,2,2,,0,5,0
11471,1,1,2,2,2,1,1,1,0,1,2,3,,0,5,0
11472,1,1,2,2,2,1,1,1,0,2,1,1,,0,4,0
11473,1,1,2,2,2,1,1,1,0,2,1,2,,0,6,0
11474,1,1,2,2,2,1,1,1,0,2,1,3,1,1,8,1
11475,1,1,2,2,2,1,1,1,0,2,2,1,,0,4,0
11476,1,1,2,2,2,1,1,1,0,2,2,2,,0,6,0
11477,1,1,2,2,2,1,1,1,0,2,2,3,,0,6,0
11478,1,1,2,2,2,1,1,1,0,3,1,1,,0,4,0
11479,1,1,2,2,2,1,1,1,0,3,1,2,,0,6,0
11480,1,1,2,2,2,1,1,1,0,3,1,3,1,1,8,1
11481,1,1,2,2,2,1,1,1,0,3,2,1,,0,4,0
11482,1,1,2,2,2,1,1,1,0,3,2,2,,0,6,0
11483,1,1,2,2,2,1,1,1,0,3,2,3,,0,6,0
11484,1,1,2,2,2,1,1,1,0,4,1,1,,0,4,0
11485,1,1,2,2,2,1,1,1,0,4,1,2,,0,6,0
11486,1,1,2,2,2,1,1,1,0,4,1,3,1,1,8,1
11487,1,1,2,2,2,1,1,1,0,4,2,1,,0,4,0
11488,1,1,2,2,2,1,1,1,0,4,2,2,,0,6,0
11489,1,1,2,2,2,1,1,1,0,4,2,3,,0,6,0
11490,1,1,2,2,2,1,1,1,1,0,1,1,0,1,4,1
11491,1,1,2,2,2,1,1,1,1,0,1,2,0,1,4,1
11492,1,1,2,2,2,1,1,1,1,0,1,3,0,1,4,1
11493,1,1,2,2,2,1,1,1,1,0,2,1,0,1,4,1
11494,1,1,2,2,2,1,1,1,1,0,2,2,0,1,4,1
11495,1,1,2,2,2,1,1,1,1,0,2,3,0,1,4,1
11496,1,1,2,2,2,1,1,1,1,1,1,1,0,1,7,1
11497,1,1,2,2,2,1,1,1,1,1,1,2,0,1,7,1
11498,1,1,2,2,2,1,1,1,1,1,1,3,0,1,7,1
11499,1,1,2,2,2,1,1,1,1,1,2,1,0,1,7,1
11500,1,1,2,2,2,1,1,1,1,1,2,2,0,1,7,1
11501,1,1,2,2,2,1,1,1,1,1,2,3,0,1,7,1
11502,1,1,2,2,2,1,1,1,1,2,1,1,0,1,8,1
11503,1,1,2,2,2,1,1,1,1,2,1,2,0,1,8,1
11504,1,1,2,2,2,1,1,1,1,2,1,3,0,1,8,1
11505,1,1,2,2,2,1,1,1,1,2,2,1,0,1,8,1
11506,1,1,2,2,2,1,1,1,1,2,2,2,0,1,8,1
11507,1,1,2,2,2,1,1,1,1,2,2,3,0,1,8,1
11508,1,1,2,2,2,1,1,1,1,3,1,1,0,1,8,1
11509,1,1,2,2,2,1,1,1,1,3,1,2,0,1,8,1
11510,1,1,2,2,2,1,1,1,1,3,1,3,0,1,8,1
11511,1,1,2,2,2,1,1,1,1,3,2,1,0,1,8,1
11512,1,1,2,2,2,1,1,1,1,3,2,2,0,1,8,1
11513,1,1,2,2,2,1,1,1,1,3,2,3,0,1,8,1
11514,1,1,2,2,2,1,1,1,1,4,1,1,0,1,8,1
11515,1,1,2,2,2,1,1,1,1,4,1,2,0,1,8,1
11516,1,1,2,2,2,1,1,1,1,4,1,3,0,1,8,1
11517,1,1,2,2,2,1,1,1,1,4,2,1,0,1,8,1
11518,1,1,2,2,2,1,1,1,1,4,2,2,0,1,8,1
11519,1,1,2,2,2,1,1,1,1,4,2,3,0,1,8,1
11520,1,2,1,1,1,0,0,0,0,0,1,1,,0,4,0
11521,1,2,1,1,1,0,0,0,0,0,1,2,,0,4,0
11522,1,2,1,1,1,0,0,0,0,0,1,3,,0,4,0
11523,1,2,1,1,1,0,0,0,0,0,2,1,,0,4,0
11524,1,2,1,1,1,0,0,0,0,0,2,2,,0,4,0
11525,1,2,1,1,1,0,0,0,0,0,2,3,,0,4,0
11526,1,2,1,1,1,0,0,0,0,1,1,1,1,1,4,1
11527,1,2,1,1,1,0,0,0,0,1,1,2,1,1,4,1
11528,1,2,1,1,1,0,0,0,0,1,1,3,1,1,4,1
11529,1,2,1,1,1,0,0,0,0,1,2,1,1,1,4,1
11530,1,2,1,1,1,0,0,0,0,1,2,2,1,1,4,1
11531,1,2,1,1,1,0,0,0,0,1,2,3,1,1,4,1
11532,1,2,1,1,1,0,0,0,0,2,1,1,1,1,4,1
11533,1,2,1,1,1,0,0,0,0,2,1,2,1,1,4,1
11534,1,2,1,1,1,0,0,0,0,2,1,3,1,1,4,1
11535,1,2,1,1,1,0,0,0,0,2,2,1,1,1,4,1
11536,1,2,1,1,1,0,0,0,0,2,2,2,1,1,4,1
11537,1,2,1,1,1,0,0,0,0,2,2,3,1,1,4,1
11538,1,2,1,1,1,0,0,0,0,3,1,1,1,1,4,1
11539,1,2,1,1,1,0,0,0,0,3,1,2,1,1,4,1
11540,1,2,1,1,1,0,0,0,0,3,1,3,1,1,4,1
11541,1,2,1,1,1,0,0,0,0,3,2,1,1,1,4,1
11542,1,2,1,1,1,0,0,0,0,3,2,2,1,1,4,1
11543,1,2,1,1,1,0,0,0,0,3,2,3,1,1,4,1
11544,1,2,1,1,1,0,0,0,0,4,1,1,1,1,4,1
11545,1,2,1,1,1,0,0,0,0,4,1,2,1,1,4,1
11546,1,2,1,1,1,0,0,0,0,4,1,3,1,1,4,1
11547,1,2,1,1,1,0,0,0,0,4,2,1,1,1,4,1
11548,1,2,1,1,1,0,0,0,0,4,2,2,1,1,4,1
11549,1,2,1,1,1,0,0,0,0,4,2,3,1,1,4,1
11550,1,2,1,1,1,0,0,0,1,0,1,1,0,1,4,1
11551,1,2,1,1,1,0,0,0,1,0,1,2,0,1,4,1
11552,1,2,1,1,1,0,0,0,1,0,1,3,0,1,4,1
11553,1,2,1,1,1,0,0,0,1,0,2,1,0,1,4,1
11554,1,2,1,1,1,0,0,0,1,0,2,2,0,1,4,1
11555,1,2,1,1,1,0,0,0,1,0,2,3,0,1,4,1
11556,1,2,1,1,1,0,0,0,1,1,1,1,0,1,4,1
11557,1,2,1,1,1,0,0,0,1,1,1,2,0,1,4,1
11558,1,2,1,1,1,0,0,0,1,1,1,3,0,1,4,1
11559,1,2,1,1,1,0,0,0,1,1,2,1,0,1,4,1
11560,1,2,1,1,1,0,0,0,1,1,2,2,0,1,4,1
11561,1,2,1,1,1,0,0,0,1,1,2,3,0,1,4,1
11562,1,2,1,1,1,0,0,0,1,2,1,1,0,1,4,1
11563,1,2,1,1,1,0,0,0,1,2,1,2,0,1,4,1
11564,1,2,1,1,1,0,0,0,1,2,1,3,0,1,4,1
11565,1,2,1,1,1,0,0,0,1,2,2,1,0,1,4,1
11566,1,2,1,1,1,0,0,0,1,2,2,2,0,1,4,1
11567,1,2,1,1,1,0,0,0,1,2,2,3,0,1,4,1
11568,1,2,1,1,1,0,0,0,1,3,1,1,0,1,4,1
11569,1,2,1,1,1,0,0,0,1,3,1,2,0,1,4,1
11570,1,2,1,1,1,0,0,0,1,3,1,3,0,1,4,1
11571,1,2,1,1,1,0,0,0,1,3,2,1,0,1,4,1
11572,1,2,1,1,1,0,0,0,1,3,2,2,0,1,4,1
11573,1,2,1,1,1,0,0,0,1,3,2,3,0,1,4,1
11574,1,2,1,1,1,0,0,0,1,4,1,1,0,1,4,1
11575,1,2,1,1,1,0,0,0,1,4,1,2,0,1,4,1
11576,1,2,1,1,1,0,0,0,1,4,1,3,0,1,4,1
11577,1,2,1,1,1,0,0,0,1,4,2,1,0,1,4,1
11578,1,2,1,1,1,0,0,0,1,4,2,2,0,1,4,1
11579,1,2,1,1,1,0,0,0,1,4,2,3,0,1,4,1
11580,1,2,1,1,1,0,0,1,0,0,1,1,,0,4,0
11581,1,2,1,1,1,0,0,1,0,0,1,2,,0,4,0
11582,1,2,1,1,1,0,0,1,0,0,1,3,,0,4,0
11583,1,2,1,1,1,0,0,1,0,0,2,1,,0,4,0
11584,1,2,1,1,1,0,0,1,0,0,2,2,,0,4,0
11585,1,2,1,1,1,0,0,1,0,0,2,3,,0,4,0
11586,1,2,1,1,1,0,0,1,0,1,1,1,1,1,4,1
11587,1,2,1,1,1,0,0,1,0,1,1,2,1,1,4,1
11588,1,2,1,1,1,0,0,1,0,1,1,3,1,1,4,1
11589,1,2,1,1,1,0,0,1,0,1,2,1,1,1,4,1
11590,1,2,1,1,1,0,0,1,0,1,2,2,1,1,4,1
11591,1,2,1,1,1,0,0,1,0,1,2,3,1,1,4,1
11592,1,2,1,1,1,0,0,1,0,2,1,1,1,1,4,1
11593,1,2,1,1,1,0,0,1,0,2,1,2,1,1,4,1
11594,1,2,1,1,1,0,0,1,0,2,1,3,1,1,4,1
11595,1,2,1,1,1,0,0,1,0,2,2,1,1,1,4,1
11596,1,2,1,1,1,0,0,1,0,2,2,2,1,1,4,1
11597,1,2,1,1,1,0,0,1,0,2,2,3,1,1,4,1
11598,1,2,1,1,1,0,0,1,0,3,1,1,1,1,4,1
11599,1,2,1,1,1,0,0,1,0,3,1,2,1,1,4,1
11600,1,2,1,1,1,0,0,1,0,3,1,3,1,1,4,1
11601,1,2,1,1,1,0,0,1,0,3,2,1,1,1,4,1
11602,1,2,1,1,1,0,0,1,0,3,2,2,1,1,4,1
11603,1,2,1,1,1,0,0,1,0,3,2,3,1,1,4,1
11604,1,2,1,1,1,0,0,1,0,4,1,1,1,1,4,1
11605,1,2,1,1,1,0,0,1,0,4,1,2,1,1,4,1
11606,1,2,1,1,1,0,0,1,0,4,1,3,1,1,4,1
11607,1,2,1,1,1,0,0,1,0,4,2,1,1,1,4,1
11608,1,2,1,1,1,0,0,1,0,4,2,2,1,1,4,1
11609,1,2,1,1,1,0,0,1,0,4,2,3,1,1,4,1
11610,1,2,1,1,1,0,0,1,1,0,1,1,0,1,4,1
11611,1,2,1,1,1,0,0,1,1,0,1,2,0,1,4,1
11612,1,2,1,1,1,0,0,1,1,0,1,3,0,1,4,1
11613,1,2,1,1,1,0,0,1,1,0,2,1,0,1,4,1
11614,1,2,1,1,1,0,0,1,1,0,2,2,0,1,4,1
11615,1,2,1,1,1,0,0,1,1,0,2,3,0,1,4,1
11616,1,2,1,1,1,0,0,1,1,1,1,1,0,1,4,1
11617,1,2,1,1,1,0,0,1,1,1,1,2,0,1,4,1
11618,1,2,1,1,1,0,0,1,1,1,1,3,0,1,4,1
11619,1,2,1,1,1,0,0,1,1,1,2,1,0,1,4,1
11620,1,2,1,1,1,0,0,1,1,1,2,2,0,1,4,1
11621,1,2,1,1,1,0,0,1,1,1,2,3,0,1,4,1
11622,1,2,1,1,1,0,0,1,1,2,1,1,0,1,4,1
11623,1,2,1,1,1,0,0,1,1,2,1,2,0,1,4,1
11624,1,2,1,1,1,0,0,1,1,2,1,3,0,1,4,1
11625,1,2,1,1,1,0,0,1,1,2,2,1,0,1,4,1
11626,1,2,1,1,1,0,0,1,1,2,2,2,0,1,4,1
11627,1,2,1,1,1,0,0,1,1,2,2,3,0,1,4,1
11628,1,2,1,1,1,0,0,1,1,3,1,1,0,1,4,1
11629,1,2,1,1,1,0,0,1,1,3,1,2,0,1,4,1
11630,1,2,1,1,1,0,0,1,1,3,1,3,0,1,4,1
11631,1,2,1,1,1,0,0,1,1,3,2,1,0,1,4,1
11632,1,2,1,1,1,0,0,1,1,3,2,2,0,1,4,1
11633,1,2,1,1,1,0,0,1,1,3,2,3,0,1,4,1
11634,1,2,1,1,1,0,0,1,1,4,1,1,0,1,4,1
11635,1,2,1,1,1,0,0,1,1,4,1,2,0,1,4,1
11636,1,2,1,1,1,0,0,1,1,4,1,3,0,1,4,1
11637,1,2,1,1,1,0,0,1,1,4,2,1,0,1,4,1
11638,1,2,1,1,1,0,0,1,1,4,2,2,0,1,4,1
11639,1,2,1,1,1,0,0,1,1,4,2,3,0,1,4,1
11640,1,2,1,1,1,0,1,0,0,0,1,1,,0,4,0
11641,1,2,1,1,1,0,1,0,0,0,1,2,,0,4,0
11642,1,2,1,1,1,0,1,0,0,0,1,3,,0,4,0
11643,1,2,1,1,1,0,1,0,0,0,2,1,,0,4,0
11644,1,2,1,1,1,0,1,0,0,0,2,2,,0,4,0
11645,1,2,1,1,1,0,1,0,0,0,2,3,,0,4,0
11646,1,2,1,1,1,0,1,0,0,1,1,1,,0,5,0
11647,1,2,1,1,1,0,1,0,0,1,1,2,1,1,5,1
11648,1,2,1,1,1,0,1,0,0,1,1,3,1,1,5,1
11649,1,2,1,1,1,0,1,0,0,1,2,1,,0,5,0
11650,1,2,1,1,1,0,1,0,0,1,2,2,,0,5,0
11651,1,2,1,1,1,0,1,0,0,1,2,3,1,1,5,1
11652,1,2,1,1,1,0,1,0,0,2,1,1,,0,6,0
11653,1,2,1,1,1,0,1,0,0,2,1,2,1,1,6,1
11654,1,2,1,1,1,0,1,0,0,2,1,3,1,1,6,1
11655,1,2,1,1,1,0,1,0,0,2,2,1,,0,6,0
11656,1,2,1,1,1,0,1,0,0,2,2,2,,0,6,0
11657,1,2,1,1,1,0,1,0,0,2,2,3,1,1,6,1
11658,1,2,1,1,1,0,1,0,0,3,1,1,,0,6,0
11659,1,2,1,1,1,0,1,0,0,3,1,2,1,1,6,1
11660,1,2,1,1,1,0,1,0,0,3,1,3,1,1,6,1
11661,1,2,1,1,1,0,1,0,0,3,2,1,,0,6,0
11662,1,2,1,1,1,0,1,0,0,3,2,2,,0,6,0
11663,1,2,1,1,1,0,1,0,0,3,2,3,1,1,6,1
11664,1,2,1,1,1,0,1,0,0,4,1,1,,0,6,0
11665,1,2,1,1,1,0,1,0,0,4,1,2,1,1,6,1
11666,1,2,1,1,1,0,1,0,0,4,1,3,1,1,6,1
11667,1,2,1,1,1,0,1,0,0,4,2,1,,0,6,0
11668,1,2,1,1,1,0,1,0,0,4,2,2,,0,6,0
11669,1,2,1,1,1,0,1,0,0,4,2,3,1,1,6,1
11670,1,2,1,1,1,0,1,0,1,0,1,1,0,1,4,1
11671,1,2,1,1,1,0,1,0,1,0,1,2,0,1,4,1
11672,1,2,1,1,1,0,1,0,1,0,1,3,0,1,4,1
11673,1,2,1,1,1,0,1,0,1,0,2,1,0,1,4,1
11674,1,2,1,1,1,0,1,0,1,0,2,2,0,1,4,1
11675,1,2,1,1,1,0,1,0,1,0,2,3,0,1,4,1
11676,1,2,1,1,1,0,1,0,1,1,1,1,0,1,5,1
11677,1,2,1,1,1,0,1,0,1,1,1,2,0,1,5,1
11678,1,2,1,1,1,0,1,0,1,1,1,3,0,1,5,1
11679,1,2,1,1,1,0,1,0,1,1,2,1,0,1,5,1
11680,1,2,1,1,1,0,1,0,1,1,2,2,0,1,5,1
11681,1,2,1,1,1,0,1,0,1,1,2,3,0,1,5,1
11682,1,2,1,1,1,0,1,0,1,2,1,1,0,1,6,1
11683,1,2,1,1,1,0,1,0,1,2,1,2,0,1,6,1
11684,1,2,1,1,1,0,1,0,1,2,1,3,0,1,6,1
11685,1,2,1,1,1,0,1,0,1,2,2,1,0,1,6,1
11686,1,2,1,1,1,0,1,0,1,2,2,2,0,1,6,1
11687,1,2,1,1,1,0,1,0,1,2,2,3,0,1,6,1
11688,1,2,1,1,1,0,1,0,1,3,1,1,0,1,6,1
11689,1,2,1,1,1,0,1,0,1,3,1,2,0,1,6,1
11690,1,2,1,1,1,0,1,0,1,3,1,3,0,1,6,1
11691,1,2,1,1,1,0,1,0,1,3,2,1,0,1,6,1
11692,1,2,1,1,1,0,1,0,1,3,2,2,0,1,6,1
11693,1,2,1,1,1,0,1,0,1,3,2,3,0,1,6,1
11694,1,2,1,1,1,0,1,0,1,4,1,1,0,1,6,1
11695,1,2,1,1,1,0,1,0,1,4,1,2,0,1,6,1
11696,1,2,1,1,1,0,1,0,1,4,1,3,0,1,6,1
11697,1,2,1,1,1,0,1,0,1,4,2,1,0,1,6,1
11698,1,2,1,1,1,0,1,0,1,4,2,2,0,1,6,1
11699,1,2,1,1,1,0,1,0,1,4,2,3,0,1,6,1
11700,1,2,1,1,1,0,1,1,0,0,1,1,,0,4,0
11701,1,2,1,1,1,0,1,1,0,0,1,2,,0,4,0
11702,1,2,1,1,1,0,1,1,0,0,1,3,,0,4,0
11703,1,2,1,1,1,0,1,1,0,0,2,1,,0,4,0
11704,1,2,1,1,1,0,1,1,0,0,2,2,,0,4,0
11705,1,2,1,1,1,0,1,1,0,0,2,3,,0,4,0
11706,1,2,1,1,1,0,1,1,0,1,1,1,,0,5,0
11707,1,2,1,1,1,0,1,1,0,1,1,2,1,1,5,1
11708,1,2,1,1,1,0,1,1,0,1,1,3,1,1,5,1
11709,1,2,1,1,1,0,1,1,0,1,2,1,,0,5,0
11710,1,2,1,1,1,0,1,1,0,1,2,2,,0,5,0
11711,1,2,1,1,1,0,1,1,0,1,2,3,1,1,5,1
11712,1,2,1,1,1,0,1,1,0,2,1,1,,0,6,0
11713,1,2,1,1,1,0,1,1,0,2,1,2,1,1,6,1
11714,1,2,1,1,1,0,1,1,0,2,1,3,1,1,6,1
11715,1,2,1,1,1,0,1,1,0,2,2,1,,0,6,0
11716,1,2,1,1,1,0,1,1,0,2,2,2,,0,6,0
11717,1,2,1,1,1,0,1,1,0,2,2,3,1,1,6,1
11718,1,2,1,1,1,0,1,1,0,3,1,1,,0,6,0
11719,1,2,1,1,1,0,1,1,0,3,1,2,1,1,6,1
11720,1,2,1,1,1,0,1,1,0,3,1,3,1,1,6,1
11721,1,2,1,1,1,0,1,1,0,3,2,1,,0,6,0
11722,1,2,1,1,1,0,1,1,0,3,2,2,,0,6,0
11723,1,2,1,1,1,0,1,1,0,3,2,3,1,1,6,1
11724,1,2,1,1,1,0,1,1,0,4,1,1,,0,6,0
11725,1,2,1,1,1,0,1,1,0,4,1,2,1,1,6,1
11726,1,2,1,1,1,0,1,1,0,4,1,3,1,1,6,1
11727,1,2,1,1,1,0,1,1,0,4,2,1,,0,6,0
11728,1,2,1,1,1,0,1,1,0,4,2,2,,0,6,0
11729,1,2,1,1,1,0,1,1,0,4,2,3,1,1,6,1
11730,1,2,1,1,1,0,1,1,1,0,1,1,0,1,4,1
11731,1,2,1,1,1,0,1,1,1,0,1,2,0,1,4,1
11732,1,2,1,1,1,0,1,1,1,0,1,3,0,1,4,1
11733,1,2,1,1,1,0,1,1,1,0,2,1,0,1,4,1
11734,1,2,1,1,1,0,1,1,1,0,2,2,0,1,4,1
11735,1,2,1,1,1,0,1,1,1,0,2,3,0,1,4,1
11736,1,2,1,1,1,0,1,1,1,1,1,1,0,1,5,1
11737,1,2,1,1,1,0,1,1,1,1,1,2,0,1,5,1
11738,1,2,1,1,1,0,1,1,1,1,1,3,0,1,5,1
11739,1,2,1,1,1,0,1,1,1,1,2,1,0,1,5,1
11740,1,2,1,1,1,0,1,1,1,1,2,2,0,1,5,1
11741,1,2,1,1,1,0,1,1,1,1,2,3,0,1,5,1
11742,1,2,1,1,1,0,1,1,1,2,1,1,0,1,6,1
11743,1,2,1,1,1,0,1,1,1,2,1,2,0,1,6,1
11744,1,2,1,1,1,0,1,1,1,2,1,3,0,1,6,1
11745,1,2,1,1,1,0,1,1,1,2,2,1,0,1,6,1
11746,1,2,1,1,1,0,1,1,1,2,2,2,0,1,6,1
11747,1,2,1,1,1,0,1,1,1,2,2,3,0,1,6,1
11748,1,2,1,1,1,0,1,1,1,3,1,1,0,1,6,1
11749,1,2,1,1,1,0,1,1,1,3,1,2,0,1,6,1
11750,1,2,1,1,1,0,1,1,1,3,1,3,0,1,6,1
11751,1,2,1,1,1,0,1,1,1,3,2,1,0,1,6,1
11752,1,2,1,1,1,0,1,1,1,3,2,2,0,1,6,1
11753,1,2,1,1,1,0,1,1,1,3,2,3,0,1,6,1
11754,1,2,1,1,1,0,1,1,1,4,1,1,0,1,6,1
11755,1,2,1,1,1,0,1,1,1,4,1,2,0,1,6,1
11756,1,2,1,1,1,0,1,1,1,4,1,3,0,1,6,1
11757,1,2,1,1,1,0,1,1,1,4,2,1,0,1,6,1
11758,1,2,1,1,1,0,1,1,1,4,2,2,0,1,6,1
11759,1,2,1,1,1,0,1,1,1,4,2,3,0,1,6,1
11760,1,2,1,1,1,1,0,0,0,0,1,1,,0,4,0
11761,1,2,1,1,1,1,0,0,0,0,1,2,,0,4,0
11762,1,2,1,1,1,1,0,0,0,0,1,3,,0,4,0
11763,1,2,1,1,1,1,0,0,0,0,2,1,,0,4,0
11764,1,2,1,1,1,1,0,0,0,0,2,2,,0,4,0
11765,1,2,1,1,1,1,0,0,0,0,2,3,,0,4,0
11766,1,2,1,1,1,1,0,0,0,1,1,1,1,1,4,1
11767,1,2,1,1,1,1,0,0,0,1,1,2,1,1,4,1
11768,1,2,1,1,1,1,0,0,0,1,1,3,1,1,4,1
11769,1,2,1,1,1,1,0,0,0,1,2,1,1,1,4,1
11770,1,2,1,1,1,1,0,0,0,1,2,2,1,1,4,1
11771,1,2,1,1,1,1,0,0,0,1,2,3,1,1,4,1
11772,1,2,1,1,1,1,0,0,0,2,1,1,1,1,5,1
11773,1,2,1,1,1,1,0,0,0,2,1,2,1,1,5,1
11774,1,2,1,1,1,1,0,0,0,2,1,3,1,1,5,1
11775,1,2,1,1,1,1,0,0,0,2,2,1,1,1,5,1
11776,1,2,1,1,1,1,0,0,0,2,2,2,1,1,5,1
11777,1,2,1,1,1,1,0,0,0,2,2,3,1,1,5,1
11778,1,2,1,1,1,1,0,0,0,3,1,1,1,1,5,1
11779,1,2,1,1,1,1,0,0,0,3,1,2,1,1,5,1
11780,1,2,1,1,1,1,0,0,0,3,1,3,1,1,5,1
11781,1,2,1,1,1,1,0,0,0,3,2,1,1,1,5,1
11782,1,2,1,1,1,1,0,0,0,3,2,2,1,1,5,1
11783,1,2,1,1,1,1,0,0,0,3,2,3,1,1,5,1
11784,1,2,1,1,1,1,0,0,0,4,1,1,1,1,5,1
11785,1,2,1,1,1,1,0,0,0,4,1,2,1,1,5,1
11786,1,2,1,1,1,1,0,0,0,4,1,3,1,1,5,1
11787,1,2,1,1,1,1,0,0,0,4,2,1,1,1,5,1
11788,1,2,1,1,1,1,0,0,0,4,2,2,1,1,5,1
11789,1,2,1,1,1,1,0,0,0,4,2,3,1,1,5,1
11790,1,2,1,1,1,1,0,0,1,0,1,1,0,1,4,1
11791,1,2,1,1,1,1,0,0,1,0,1,2,0,1,4,1
11792,1,2,1,1,1,1,0,0,1,0,1,3,0,1,4,1
11793,1,2,1,1,1,1,0,0,1,0,2,1,0,1,4,1
11794,1,2,1,1,1,1,0,0,1,0,2,2,0,1,4,1
11795,1,2,1,1,1,1,0,0,1,0,2,3,0,1,4,1
11796,1,2,1,1,1,1,0,0,1,1,1,1,0,1,4,1
11797,1,2,1,1,1,1,0,0,1,1,1,2,0,1,4,1
11798,1,2,1,1,1,1,0,0,1,1,1,3,0,1,4,1
11799,1,2,1,1,1,1,0,0,1,1,2,1,0,1,4,1
11800,1,2,1,1,1,1,0,0,1,1,2,2,0,1,4,1
11801,1,2,1,1,1,1,0,0,1,1,2,3,0,1,4,1
11802,1,2,1,1,1,1,0,0,1,2,1,1,0,1,5,1
11803,1,2,1,1,1,1,0,0,1,2,1,2,0,1,5,1
11804,1,2,1,1,1,1,0,0,1,2,1,3,0,1,5,1
11805,1,2,1,1,1,1,0,0,1,2,2,1,0,1,5,1
11806,1,2,1,1,1,1,0,0,1,2,2,2,0,1,5,1
11807,1,2,1,1,1,1,0,0,1,2,2,3,0,1,5,1
11808,1,2,1,1,1,1,0,0,1,3,1,1,0,1,5,1
11809,1,2,1,1,1,1,0,0,1,3,1,2,0,1,5,1
11810,1,2,1,1,1,1,0,0,1,3,1,3,0,1,5,1
11811,1,2,1,1,1,1,0,0,1,3,2,1,0,1,5,1
11812,1,2,1,1,1,1,0,0,1,3,2,2,0,1,5,1
11813,1,2,1,1,1,1,0,0,1,3,2,3,0,1,5,1
11814,1,2,1,1,1,1,0,0,1,4,1,1,0,1,5,1
11815,1,2,1,1,1,1,0,0,1,4,1,2,0,1,5,1
11816,1,2,1,1,1,1,0,0,1,4,1,3,0,1,5,1
11817,1,2,1,1,1,1,0,0,1,4,2,1,0,1,5,1
11818,1,2,1,1,1,1,0,0,1,4,2,2,0,1,5,1
11819,1,2,1,1,1,1,0,0,1,4,2,3,0,1,5,1
11820,1,2,1,1,1,1,0,1,0,0,1,1,,0,4,0
11821,1,2,1,1,1,1,0,1,0,0,1,2,,0,4,0
11822,1,2,1,1,1,1,0,1,0,0,1,3,,0,4,0
11823,1,2,1,1,1,1,0,1,0,0,2,1,,0,4,0
11824,1,2,1,1,1,1,0,1,0,0,2,2,,0,4,0
11825,1,2,1,1,1,1,0,1,0,0,2,3,,0,4,0
11826,1,2,1,1,1,1,0,1,0,1,1,1,1,1,4,1
11827,1,2,1,1,1,1,0,1,0,1,1,2,1,1,4,1
11828,1,2,1,1,1,1,0,1,0,1,1,3,1,1,4,1
11829,1,2,1,1,1,1,0,1,0,1,2,1,1,1,4,1
11830,1,2,1,1,1,1,0,1,0,1,2,2,1,1,4,1
11831,1,2,1,1,1,1,0,1,0,1,2,3,1,1,4,1
11832,1,2,1,1,1,1,0,1,0,2,1,1,1,1,5,1
11833,1,2,1,1,1,1,0,1,0,2,1,2,1,1,5,1
11834,1,2,1,1,1,1,0,1,0,2,1,3,1,1,5,1
11835,1,2,1,1,1,1,0,1,0,2,2,1,1,1,5,1
11836,1,2,1,1,1,1,0,1,0,2,2,2,1,1,5,1
11837,1,2,1,1,1,1,0,1,0,2,2,3,1,1,5,1
11838,1,2,1,1,1,1,0,1,0,3,1,1,1,1,5,1
11839,1,2,1,1,1,1,0,1,0,3,1,2,1,1,5,1
11840,1,2,1,1,1,1,0,1,0,3,1,3,1,1,5,1
11841,1,2,1,1,1,1,0,1,0,3,2,1,1,1,5,1
11842,1,2,1,1,1,1,0,1,0,3,2,2,1,1,5,1
11843,1,2,1,1,1,1,0,1,0,3,2,3,1,1,5,1
11844,1,2,1,1,1,1,0,1,0,4,1,1,1,1,5,1
11845,1,2,1,1,1,1,0,1,0,4,1,2,1,1,5,1
11846,1,2,1,1,1,1,0,1,0,4,1,3,1,1,5,1
11847,1,2,1,1,1,1,0,1,0,4,2,1,1,1,5,1
11848,1,2,1,1,1,1,0,1,0,4,2,2,1,1,5,1
11849,1,2,1,1,1,1,0,1,0,4,2,3,1,1,5,1
11850,1,2,1,1,1,1,0,1,1,0,1,1,0,1,4,1
11851,1,2,1,1,1,1,0,1,1,0,1,2,0,1,4,1
11852,1,2,1,1,1,1,0,1,1,0,1,3,0,1,4,1
11853,1,2,1,1,1,1,0,1,1,0,2,1,0,1,4,1
11854,1,2,1,1,1,1,0,1,1,0,2,2,0,1,4,1
11855,1,2,1,1,1,1,0,1,1,0,2,3,0,1,4,1
11856,1,2,1,1,1,1,0,1,1,1,1,1,0,1,4,1
11857,1,2,1,1,1,1,0,1,1,1,1,2,0,1,4,1
11858,1,2,1,1,1,1,0,1,1,1,1,3,0,1,4,1
11859,1,2,1,1,1,1,0,1,1,1,2,1,0,1,4,1
11860,1,2,1,1,1,1,0,1,1,1,2,2,0,1,4,1
11861,1,2,1,1,1,1,0,1,1,1,2,3,0,1,4,1
11862,1,2,1,1,1,1,0,1,1,2,1,1,0,1,5,1
11863,1,2,1,1,1,1,0,1,1,2,1,2,0,1,5,1
11864,1,2,1,1,1,1,0,1,1,2,1,3,0,1,5,1
11865,1,2,1,1,1,1,0,1,1,2,2,1,0,1,5,1
11866,1,2,1,1,1,1,0,1,1,2,2,2,0,1,5,1
11867,1,2,1,1,1,1,0,1,1,2,2,3,0,1,5,1
11868,1,2,1,1,1,1,0,1,1,3,1,1,0,1,5,1
11869,1,2,1,1,1,1,0,1,1,3,1,2,0,1,5,1
11870,1,2,1,1,1,1,0,1,1,3,1,3,0,1,5,1
11871,1,2,1,1,1,1,0,1,1,3,2,1,0,1,5,1
11872,1,2,1,1,1,1,0,1,1,3,2,2,0,1,5,1
11873,1,2,1,1,1,1,0,1,1,3,2,3,0,1,5,1
11874,1,2,1,1,1,1,0,1,1,4,1,1,0,1,5,1
11875,1,2,1,1,1,1,0,1,1,4,1,2,0,1,5,1
11876,1,2,1,1,1,1,0,1,1,4,1,3,0,1,5,1
11877,1,2,1,1,1,1,0,1,1,4,2,1,0,1,5,1
11878,1,2,1,1,1,1,0,1,1,4,2,2,0,1,5,1
11879,1,2,1,1,1,1,0,1,1,4,2,3,0,1,5,1
11880,1,2,1,1,1,1,1,0,0,0,1,1,,0,4,0
11881,1,2,1,1,1,1,1,0,0,0,1,2,,0,4,0
11882,1,2,1,1,1,1,1,0,0,0,1,3,,0,4,0
11883,1,2,1,1,1,1,1,0,0,0,2,1,,0,4,0
11884,1,2,1,1,1,1,1,0,0,0,2,2,,0,4,0
11885,1,2,1,1,1,1,1,0,0,0,2,3,,0,4,0
11886,1,2,1,1,1,1,1,0,0,1,1,1,,0,5,0
11887,1,2,1,1,1,1,1,0,0,1,1,2,1,1,5,1
11888,1,2,1,1,1,1,1,0,0,1,1,3,1,1,5,1
11889,1,2,1,1,1,1,1,0,0,1,2,1,,0,5,0
11890,1,2,1,1,1,1,1,0,0,1,2,2,,0,5,0
11891,1,2,1,1,1,1,1,0,0,1,2,3,1,1,5,1
11892,1,2,1,1,1,1,1,0,0,2,1,1,,0,6,0
11893,1,2,1,1,1,1,1,0,0,2,1,2,1,1,7,1
11894,1,2,1,1,1,1,1,0,0,2,1,3,1,1,7,1
11895,1,2,1,1,1,1,1,0,0,2,2,1,,0,6,0
11896,1,2,1,1,1,1,1,0,0,2,2,2,,0,6,0
11897,1,2,1,1,1,1,1,0,0,2,2,3,1,1,7,1
11898,1,2,1,1,1,1,1,0,0,3,1,1,,0,6,0
11899,1,2,1,1,1,1,1,0,0,3,1,2,1,1,7,1
11900,1,2,1,1,1,1,1,0,0,3,1,3,1,1,7,1
11901,1,2,1,1,1,1,1,0,0,3,2,1,,0,6,0
11902,1,2,1,1,1,1,1,0,0,3,2,2,,0,6,0
11903,1,2,1,1,1,1,1,0,0,3,2,3,1,1,7,1
11904,1,2,1,1,1,1,1,0,0,4,1,1,,0,6,0
11905,1,2,1,1,1,1,1,0,0,4,1,2,1,1,7,1
11906,1,2,1,1,1,1,1,0,0,4,1,3,1,1,7,1
11907,1,2,1,1,1,1,1,0,0,4,2,1,,0,6,0
11908,1,2,1,1,1,1,1,0,0,4,2,2,,0,6,0
11909,1,2,1,1,1,1,1,0,0,4,2,3,1,1,7,1
11910,1,2,1,1,1,1,1,0,1,0,1,1,0,1,4,1
11911,1,2,1,1,1,1,1,0,1,0,1,2,0,1,4,1
11912,1,2,1,1,1,1,1,0,1,0,1,3,0,1,4,1
11913,1,2,1,1,1,1,1,0,1,0,2,1,0,1,4,1
11914,1,2,1,1,1,1,1,0,1,0,2,2,0,1,4,1
11915,1,2,1,1,1,1,1,0,1,0,2,3,0,1,4,1
11916,1,2,1,1,1,1,1,0,1,1,1,1,0,1,5,1
11917,1,2,1,1,1,1,1,0,1,1,1,2,0,1,5,1
11918,1,2,1,1,1,1,1,0,1,1,1,3,0,1,5,1
11919,1,2,1,1,1,1,1,0,1,1,2,1,0,1,5,1
11920,1,2,1,1,1,1,1,0,1,1,2,2,0,1,5,1
11921,1,2,1,1,1,1,1,0,1,1,2,3,0,1,5,1
11922,1,2,1,1,1,1,1,0,1,2,1,1,0,1,7,1
11923,1,2,1,1,1,1,1,0,1,2,1,2,0,1,7,1
11924,1,2,1,1,1,1,1,0,1,2,1,3,0,1,7,1
11925,1,2,1,1,1,1,1,0,1,2,2,1,0,1,7,1
11926,1,2,1,1,1,1,1,0,1,2,2,2,0,1,7,1
11927,1,2,1,1,1,1,1,0,1,2,2,3,0,1,7,1
11928,1,2,1,1,1,1,1,0,1,3,1,1,0,1,7,1
11929,1,2,1,1,1,1,1,0,1,3,1,2,0,1,7,1
11930,1,2,1,1,1,1,1,0,1,3,1,3,0,1,7,1
11931,1,2,1,1,1,1,1,0,1,3,2,1,0,1,7,1
11932,1,2,1,1,1,1,1,0,1,3,2,2,0,1,7,1
11933,1,2,1,1,1,1,1,0,1,3,2,3,0,1,7,1
11934,1,2,1,1,1,1,1,0,1,4,1,1,0,1,7,1
11935,1,2,1,1,1,1,1,0,1,4,1,2,0,1,7,1
11936,1,2,1,1,1,1,1,0,1,4,1,3,0,1,7,1
11937,1,2,1,1,1,1,1,0,1,4,2,1,0,1,7,1
11938,1,2,1,1,1,1,1,0,1,4,2,2,0,1,7,1
11939,1,2,1,1,1,1,1,0,1,4,2,3,0,1,7,1
11940,1,2,1,1,1,1,1,1,0,0,1,1,,0,4,0
11941,1,2,1,1,1,1,1,1,0,0,1,2,,0,4,0
11942,1,2,1,1,1,1,1,1,0,0,1,3,,0,4,0
11943,1,2,1,1,1,1,1,1,0,0,2,1,,0,4,0
11944,1,2,1,1,1,1,1,1,0,0,2,2,,0,4,0
11945,1,2,1,1,1,1,1,1,0,0,2,3,,0,4,0
11946,1,2,1,1,1,1,1,1,0,1,1,1,,0,5,0
11947,1,2,1,1,1,1,1,1,0,1,1,2,1,1,5,1
11948,1,2,1,1,1,1,1,1,0,1,1,3,1,1,5,1
11949,1,2,1,1,1,1,1,1,0,1,2,1,,0,5,0
11950,1,2,1,1,1,1,1,1,0,1,2,2,,0,5,0
11951,1,2,1,1,1,1,1,1,0,1,2,3,1,1,5,1
11952,1,2,1,1,1,1,1,1,0,2,1,1,,0,6,0
11953,1,2,1,1,1,1,1,1,0,2,1,2,1,1,8,1
11954,1,2,1,1,1,1,1,1,0,2,1,3,1,1,8,1
11955,1,2,1,1,1,1,1,1,0,2,2,1,,0,6,0
11956,1,2,1,1,1,1,1,1,0,2,2,2,,0,6,0
11957,1,2,1,1,1,1,1,1,0,2,2,3,1,1,8,1
11958,1,2,1,1,1,1,1,1,0,3,1,1,,0,6,0
11959,1,2,1,1,1,1,1,1,0,3,1,2,1,1,8,1
11960,1,2,1,1,1,1,1,1,0,3,1,3,1,1,8,1
11961,1,2,1,1,1,1,1,1,0,3,2,1,,0,6,0
11962,1,2,1,1,1,1,1,1,0,3,2,2,,0,6,0
11963,1,2,1,1,1,1,1,1,0,3,2,3,1,1,8,1
11964,1,2,1,1,1,1,1,1,0,4,1,1,,0,6,0
11965,1,2,1,1,1,1,1,1,0,4,1,2,1,1,8,1
11966,1,2,1,1,1,1,1,1,0,4,1,3,1,1,8,1
11967,1,2,1,1,1,1,1,1,0,4,2,1,,0,6,0
11968,1,2,1,1,1,1,1,1,0,4,2,2,,0,6,0
11969,1,2,1,1,1,1,1,1,0,4,2,3,1,1,8,1
11970,1,2,1,1,1,1,1,1,1,0,1,1,0,1,4,1
11971,1,2,1,1,1,1,1,1,1,0,1,2,0,1,4,1
11972,1,2,1,1,1,1,1,1,1,0,1,3,0,1,4,1
11973,1,2,1,1,1,1,1,1,1,0,2,1,0,1,4,1
11974,1,2,1,1,1,1,1,1,1,0,2,2,0,1,4,1
11975,1,2,1,1,1,1,1,1,1,0,2,3,0,1,4,1
11976,1,2,1,1,1,1,1,1,1,1,1,1,0,1,5,1
11977,1,2,1,1,1,1,1,1,1,1,1,2,0,1,5,1
11978,1,2,1,1,1,1,1,1,1,1,1,3,0,1,5,1
11979,1,2,1,1,1,1,1,1,1,1,2,1,0,1,5,1
11980,1,2,1,1,1,1,1,1,1,1,2,2,0,1,5,1
11981,1,2,1,1,1,1,1,1,1,1,2,3,0,1,5,1
11982,1,2,1,1,1,1,1,1,1,2,1,1,0,1,8,1
11983,1,2,1,1,1,1,1,1,1,2,1,2,0,1,8,1
11984,1,2,1,1,1,1,1,1,1,2,1,3,0,1,8,1
11985,1,2,1,1,1,1,1,1,1,2,2,1,0,1,8,1
11986,1,2,1,1,1,1,1,1,1,2,2,2,0,1,8,1
11987,1,2,1,1,1,1,1,1,1,2,2,3,0,1,8,1
11988,1,2,1,1,1,1,1,1,1,3,1,1,0,1,8,1
11989,1,2,1,1,1,1,1,1,1,3,1,2,0,1,8,1
11990,1,2,1,1,1,1,1,1,1,3,1,3,0,1,8,1
11991,1,2,1,1,1,1,1,1,1,3,2,1,0,1,8,1
11992,1,2,1,1,1,1,1,1,1,3,2,2,0,1,8,1
11993,1,2,1,1,1,1,1,1,1,3,2,3,0,1,8,1
11994,1,2,1,1,1,1,1,1,1,4,1,1,0,1,8,1
11995,1,2,1,1,1,1,1,1,1,4,1,2,0,1,8,1
11996,1,2,1,1,1,1,1,1,1,4,1,3,0,1,8,1
11997,1,2,1,1,1,1,1,1,1,4,2,1,0,1,8,1
11998,1,2,1,1,1,1,1,1,1,4,2,2,0,1,8,1
11999,1,2,1,1,1,1,1,1,1,4,2,3,0,1,8,1
12000,1,2,1,1,2,0,0,0,0,0,1,1,,0,4,0
12001,1,2,1,1,2,0,0,0,0,0,1,2,,0,4,0
12002,1,2,1,1,2,0,0,0,0,0,1,3,,0,4,0
12003,1,2,1,1,2,0,0,0,0,0,2,1,,0,4,0
12004,1,2,1,1,2,0,0,0,0,0,2,2,,0,4,0
12005,1,2,1,1,2,0,0,0,0,0,2,3,,0,4,0
12006,1,2,1,1,2,0,0,0,0,1,1,1,,0,4,0
12007,1,2,1,1,2,0,0,0,0,1,1,2,1,1,4,1
12008,1,2,1,1,2,0,0,0,0,1,1,3,1,1,4,1
12009,1,2,1,1,2,0,0,0,0,1,2,1,,0,4,0
12010,1,2,1,1,2,0,0,0,0,1,2,2,1,1,4,1
12011,1,2,1,1,2,0,0,0,0,1,2,3,1,1,4,1
12012,1,2,1,1,2,0,0,0,0,2,1,1,2,1,4,1
12013,1,2,1,1,2,0,0,0,0,2,1,2,1,1,4,1
12014,1,2,1,1,2,0,0,0,0,2,1,3,1,1,4,1
12015,1,2,1,1,2,0,0,0,0,2,2,1,2,1,4,1
12016,1,2,1,1,2,0,0,0,0,2,2,2,1,1,4,1
12017,1,2,1,1,2,0,0,0,0,2,2,3,1,1,4,1
12018,1,2,1,1,2,0,0,0,0,3,1,1,2,1,4,1
12019,1,2,1,1,2,0,0,0,0,3,1,2,1,1,4,1
12020,1,2,1,1,2,0,0,0,0,3,1,3,1,1,4,1
12021,1,2,1,1,2,0,0,0,0,3,2,1,2,1,4,1
12022,1,2,1,1,2,0,0,0,0,3,2,2,1,1,4,1
12023,1,2,1,1,2,0,0,0,0,3,2,3,1,1,4,1
12024,1,2,1,1,2,0,0,0,0,4,1,1,2,1,4,1
12025,1,2,1,1,2,0,0,0,0,4,1,2,1,1,4,1
12026,1,2,1,1,2,0,0,0,0,4,1,3,1,1,4,1
12027,1,2,1,1,2,0,0,0,0,4,2,1,2,1,4,1
12028,1,2,1,1,2,0,0,0,0,4,2,2,1,1,4,1
12029,1,2,1,1,2,0,0,0,0,4,2,3,1,1,4,1
12030,1,2,1,1,2,0,0,0,1,0,1,1,0,1,4,1
12031,1,2,1,1,2,0,0,0,1,0,1,2,0,1,4,1
12032,1,2,1,1,2,0,0,0,1,0,1,3,0,1,4,1
12033,1,2,1,1,2,0,0,0,1,0,2,1,0,1,4,1
12034,1,2,1,1,2,0,0,0,1,0,2,2,0,1,4,1
12035,1,2,1,1,2,0,0,0,1,0,2,3,0,1,4,1
12036,1,2,1,1,2,0,0,0,1,1,1,1,0,1,4,1
12037,1,2,1,1,2,0,0,0,1,1,1,2,0,1,4,1
12038,1,2,1,1,2,0,0,0,1,1,1,3,0,1,4,1
12039,1,2,1,1,2,0,0,0,1,1,2,1,0,1,4,1
12040,1,2,1,1,2,0,0,0,1,1,2,2,0,1,4,1
12041,1,2,1,1,2,0,0,0,1,1,2,3,0,1,4,1
12042,1,2,1,1,2,0,0,0,1,2,1,1,0,1,4,1
12043,1,2,1,1,2,0,0,0,1,2,1,2,0,1,4,1
12044,1,2,1,1,2,0,0,0,1,2,1,3,0,1,4,1
12045,1,2,1,1,2,0,0,0,1,2,2,1,0,1,4,1
12046,1,2,1,1,2,0,0,0,1,2,2,2,0,1,4,1
12047,1,2,1,1,2,0,0,0,1,2,2,3,0,1,4,1
12048,1,2,1,1,2,0,0,0,1,3,1,1,0,1,4,1
12049,1,2,1,1,2,0,0,0,1,3,1,2,0,1,4,1
12050,1,2,1,1,2,0,0,0,1,3,1,3,0,1,4,1
12051,1,2,1,1,2,0,0,0,1,3,2,1,0,1,4,1
12052,1,2,1,1,2,0,0,0,1,3,2,2,0,1,4,1
12053,1,2,1,1,2,0,0,0,1,3,2,3,0,1,4,1
12054,1,2,1,1,2,0,0,0,1,4,1,1,0,1,4,1
12055,1,2,1,1,2,0,0,0,1,4,1,2,0,1,4,1
12056,1,2,1,1,2,0,0,0,1,4,1,3,0,1,4,1
12057,1,2,1,1,2,0,0,0,1,4,2,1,0,1,4,1
12058,1,2,1,1,2,0,0,0,1,4,2,2,0,1,4,1
12059,1,2,1,1,2,0,0,0,1,4,2,3,0,1,4,1
12060,1,2,1,1,2,0,0,1,0,0,1,1,,0,4,0
12061,1,2,1,1,2,0,0,1,0,0,1,2,,0,4,0
12062,1,2,1,1,2,0,0,1,0,0,1,3,,0,4,0
12063,1,2,1,1,2,0,0,1,0,0,2,1,,0,4,0
12064,1,2,1,1,2,0,0,1,0,0,2,2,,0,4,0
12065,1,2,1,1,2,0,0,1,0,0,2,3,,0,4,0
12066,1,2,1,1,2,0,0,1,0,1,1,1,,0,4,0
12067,1,2,1,1,2,0,0,1,0,1,1,2,1,1,4,1
12068,1,2,1,1,2,0,0,1,0,1,1,3,1,1,4,1
12069,1,2,1,1,2,0,0,1,0,1,2,1,,0,4,0
12070,1,2,1,1,2,0,0,1,0,1,2,2,1,1,4,1
12071,1,2,1,1,2,0,0,1,0,1,2,3,1,1,4,1
12072,1,2,1,1,2,0,0,1,0,2,1,1,2,1,4,1
12073,1,2,1,1,2,0,0,1,0,2,1,2,1,1,4,1
12074,1,2,1,1,2,0,0,1,0,2,1,3,1,1,4,1
12075,1,2,1,1,2,0,0,1,0,2,2,1,2,1,4,1
12076,1,2,1,1,2,0,0,1,0,2,2,2,1,1,4,1
12077,1,2,1,1,2,0,0,1,0,2,2,3,1,1,4,1
12078,1,2,1,1,2,0,0,1,0,3,1,1,2,1,4,1
12079,1,2,1,1,2,0,0,1,0,3,1,2,1,1,4,1
12080,1,2,1,1,2,0,0,1,0,3,1,3,1,1,4,1
12081,1,2,1,1,2,0,0,1,0,3,2,1,2,1,4,1
12082,1,2,1,1,2,0,0,1,0,3,2,2,1,1,4,1
12083,1,2,1,1,2,0,0,1,0,3,2,3,1,1,4,1
12084,1,2,1,1,2,0,0,1,0,4,1,1,2,1,4,1
12085,1,2,1,1,2,0,0,1,0,4,1,2,1,1,4,1
12086,1,2,1,1,2,0,0,1,0,4,1,3,1,1,4,1
12087,1,2,1,1,2,0,0,1,0,4,2,1,2,1,4,1
12088,1,2,1,1,2,0,0,1,0,4,2,2,1,1,4,1
12089,1,2,1,1,2,0,0,1,0,4,2,3,1,1,4,1
12090,1,2,1,1,2,0,0,1,1,0,1,1,0,1,4,1
12091,1,2,1,1,2,0,0,1,1,0,1,2,0,1,4,1
12092,1,2,1,1,2,0,0,1,1,0,1,3,0,1,4,1
12093,1,2,1,1,2,0,0,1,1,0,2,1,0,1,4,1
12094,1,2,1,1,2,0,0,1,1,0,2,2,0,1,4,1
12095,1,2,1,1,2,0,0,1,1,0,2,3,0,1,4,1
12096,1,2,1,1,2,0,0,1,1,1,1,1,0,1,4,1
12097,1,2,1,1,2,0,0,1,1,1,1,2,0,1,4,1
12098,1,2,1,1,2,0,0,1,1,1,1,3,0,1,4,1
12099,1,2,1,1,2,0,0,1,1,1,2,1,0,1,4,1
12100,1,2,1,1,2,0,0,1,1,1,2,2,0,1,4,1
12101,1,2,1,1,2,0,0,1,1,1,2,3,0,1,4,1
12102,1,2,1,1,2,0,0,1,1,2,1,1,0,1,4,1
12103,1,2,1,1,2,0,0,1,1,2,1,2,0,1,4,1
12104,1,2,1,1,2,0,0,1,1,2,1,3,0,1,4,1
12105,1,2,1,1,2,0,0,1,1,2,2,1,0,1,4,1
12106,1,2,1,1,2,0,0,1,1,2,2,2,0,1,4,1
12107,1,2,1,1,2,0,0,1,1,2,2,3,0,1,4,1
12108,1,2,1,1,2,0,0,1,1,3,1,1,0,1,4,1
12109,1,2,1,1,2,0,0,1,1,3,1,2,0,1,4,1
12110,1,2,1,1,2,0,0,1,1,3,1,3,0,1,4,1
12111,1,2,1,1,2,0,0,1,1,3,2,1,0,1,4,1
12112,1,2,1,1,2,0,0,1,1,3,2,2,0,1,4,1
12113,1,2,1,1,2,0,0,1,1,3,2,3,0,1,4,1
12114,1,2,1,1,2,0,0,1,1,4,1,1,0,1,4,1
12115,1,2,1,1,2,0,0,1,1,4,1,2,0,1,4,1
12116,1,2,1,1,2,0,0,1,1,4,1,3,0,1,4,1
12117,1,2,1,1,2,0,0,1,1,4,2,1,0,1,4,1
12118,1,2,1,1,2,0,0,1,1,4,2,2,0,1,4,1
12119,1,2,1,1,2,0,0,1,1,4,2,3,0,1,4,1
12120,1,2,1,1,2,0,1,0,0,0,1,1,,0,4,0
12121,1,2,1,1,2,0,1,0,0,0,1,2,,0,4,0
12122,1,2,1,1,2,0,1,0,0,0,1,3,,0,4,0
12123,1,2,1,1,2,0,1,0,0,0,2,1,,0,4,0
12124,1,2,1,1,2,0,1,0,0,0,2,2,,0,4,0
12125,1,2,1,1,2,0,1,0,0,0,2,3,,0,4,0
12126,1,2,1,1,2,0,1,0,0,1,1,1,,0,4,0
12127,1,2,1,1,2,0,1,0,0,1,1,2,,0,5,0
12128,1,2,1,1,2,0,1,0,0,1,1,3,1,1,5,1
12129,1,2,1,1,2,0,1,0,0,1,2,1,,0,4,0
12130,1,2,1,1,2,0,1,0,0,1,2,2,,0,5,0
12131,1,2,1,1,2,0,1,0,0,1,2,3,,0,5,0
12132,1,2,1,1,2,0,1,0,0,2,1,1,,0,5,0
12133,1,2,1,1,2,0,1,0,0,2,1,2,2,1,6,1
12134,1,2,1,1,2,0,1,0,0,2,1,3,1,1,6,1
12135,1,2,1,1,2,0,1,0,0,2,2,1,,0,5,0
12136,1,2,1,1,2,0,1,0,0,2,2,2,,0,6,0
12137,1,2,1,1,2,0,1,0,0,2,2,3,2,1,6,1
12138,1,2,1,1,2,0,1,0,0,3,1,1,,0,5,0
12139,1,2,1,1,2,0,1,0,0,3,1,2,2,1,6,1
12140,1,2,1,1,2,0,1,0,0,3,1,3,1,1,6,1
12141,1,2,1,1,2,0,1,0,0,3,2,1,,0,5,0
12142,1,2,1,1,2,0,1,0,0,3,2,2,,0,6,0
12143,1,2,1,1,2,0,1,0,0,3,2,3,2,1,6,1
12144,1,2,1,1,2,0,1,0,0,4,1,1,,0,5,0
12145,1,2,1,1,2,0,1,0,0,4,1,2,2,1,6,1
12146,1,2,1,1,2,0,1,0,0,4,1,3,1,1,6,1
12147,1,2,1,1,2,0,1,0,0,4,2,1,,0,5,0
12148,1,2,1,1,2,0,1,0,0,4,2,2,,0,6,0
12149,1,2,1,1,2,0,1,0,0,4,2,3,2,1,6,1
12150,1,2,1,1,2,0,1,0,1,0,1,1,0,1,4,1
12151,1,2,1,1,2,0,1,0,1,0,1,2,0,1,4,1
12152,1,2,1,1,2,0,1,0,1,0,1,3,0,1,4,1
12153,1,2,1,1,2,0,1,0,1,0,2,1,0,1,4,1
12154,1,2,1,1,2,0,1,0,1,0,2,2,0,1,4,1
12155,1,2,1,1,2,0,1,0,1,0,2,3,0,1,4,1
12156,1,2,1,1,2,0,1,0,1,1,1,1,0,1,5,1
12157,1,2,1,1,2,0,1,0,1,1,1,2,0,1,5,1
12158,1,2,1,1,2,0,1,0,1,1,1,3,0,1,5,1
12159,1,2,1,1,2,0,1,0,1,1,2,1,0,1,5,1
12160,1,2,1,1,2,0,1,0,1,1,2,2,0,1,5,1
12161,1,2,1,1,2,0,1,0,1,1,2,3,0,1,5,1
12162,1,2,1,1,2,0,1,0,1,2,1,1,0,1,6,1
12163,1,2,1,1,2,0,1,0,1,2,1,2,0,1,6,1
12164,1,2,1,1,2,0,1,0,1,2,1,3,0,1,6,1
12165,1,2,1,1,2,0,1,0,1,2,2,1,0,1,6,1
12166,1,2,1,1,2,0,1,0,1,2,2,2,0,1,6,1
12167,1,2,1,1,2,0,1,0,1,2,2,3,0,1,6,1
12168,1,2,1,1,2,0,1,0,1,3,1,1,0,1,6,1
12169,1,2,1,1,2,0,1,0,1,3,1,2,0,1,6,1
12170,1,2,1,1,2,0,1,0,1,3,1,3,0,1,6,1
12171,1,2,1,1,2,0,1,0,1,3,2,1,0,1,6,1
12172,1,2,1,1,2,0,1,0,1,3,2,2,0,1,6,1
12173,1,2,1,1,2,0,1,0,1,3,2,3,0,1,6,1
12174,1,2,1,1,2,0,1,0,1,4,1,1,0,1,6,1
12175,1,2,1,1,2,0,1,0,1,4,1,2,0,1,6,1
12176,1,2,1,1,2,0,1,0,1,4,1,3,0,1,6,1
12177,1,2,1,1,2,0,1,0,1,4,2,1,0,1,6,1
12178,1,2,1,1,2,0,1,0,1,4,2,2,0,1,6,1
12179,1,2,1,1,2,0,1,0,1,4,2,3,0,1,6,1
12180,1,2,1,1,2,0,1,1,0,0,1,1,,0,4,0
12181,1,2,1,1,2,0,1,1,0,0,1,2,,0,4,0
12182,1,2,1,1,2,0,1,1,0,0,1,3,,0,4,0
12183,1,2,1,1,2,0,1,1,0,0,2,1,,0,4,0
12184,1,2,1,1,2,0,1,1,0,0,2,2,,0,4,0
12185,1,2,1,1,2,0,1,1,0,0,2,3,,0,4,0
12186,1,2,1,1,2,0,1,1,0,1,1,1,,0,4,0
12187,1,2,1,1,2,0,1,1,0,1,1,2,,0,5,0
12188,1,2,1,1,2,0,1,1,0,1,1,3,1,1,5,1
12189,1,2,1,1,2,0,1,1,0,1,2,1,,0,4,0
12190,1,2,1,1,2,0,1,1,0,1,2,2,,0,5,0
12191,1,2,1,1,2,0,1,1,0,1,2,3,,0,5,0
12192,1,2,1,1,2,0,1,1,0,2,1,1,,0,5,0
12193,1,2,1,1,2,0,1,1,0,2,1,2,2,1,6,1
12194,1,2,1,1,2,0,1,1,0,2,1,3,1,1,6,1
12195,1,2,1,1,2,0,1,1,0,2,2,1,,0,5,0
12196,1,2,1,1,2,0,1,1,0,2,2,2,,0,6,0
12197,1,2,1,1,2,0,1,1,0,2,2,3,2,1,6,1
12198,1,2,1,1,2,0,1,1,0,3,1,1,,0,5,0
12199,1,2,1,1,2,0,1,1,0,3,1,2,2,1,6,1
12200,1,2,1,1,2,0,1,1,0,3,1,3,1,1,6,1
12201,1,2,1,1,2,0,1,1,0,3,2,1,,0,5,0
12202,1,2,1,1,2,0,1,1,0,3,2,2,,0,6,0
12203,1,2,1,1,2,0,1,1,0,3,2,3,2,1,6,1
12204,1,2,1,1,2,0,1,1,0,4,1,1,,0,5,0
12205,1,2,1,1,2,0,1,1,0,4,1,2,2,1,6,1
12206,1,2,1,1,2,0,1,1,0,4,1,3,1,1,6,1
12207,1,2,1,1,2,0,1,1,0,4,2,1,,0,5,0
12208,1,2,1,1,2,0,1,1,0,4,2,2,,0,6,0
12209,1,2,1,1,2,0,1,1,0,4,2,3,2,1,6,1
12210,1,2,1,1,2,0,1,1,1,0,1,1,0,1,4,1
12211,1,2,1,1,2,0,1,1,1,0,1,2,0,1,4,1
12212,1,2,1,1,2,0,1,1,1,0,1,3,0,1,4,1
12213,1,2,1,1,2,0,1,1,1,0,2,1,0,1,4,1
12214,1,2,1,1,2,0,1,1,1,0,2,2,0,1,4,1
12215,1,2,1,1,2,0,1,1,1,0,2,3,0,1,4,1
12216,1,2,1,1,2,0,1,1,1,1,1,1,0,1,5,1
12217,1,2,1,1,2,0,1,1,1,1,1,2,0,1,5,1
12218,1,2,1,1,2,0,1,1,1,1,1,3,0,1,5,1
12219,1,2,1,1,2,0,1,1,1,1,2,1,0,1,5,1
12220,1,2,1,1,2,0,1,1,1,1,2,2,0,1,5,1
12221,1,2,1,1,2,0,1,1,1,1,2,3,0,1,5,1
12222,1,2,1,1,2,0,1,1,1,2,1,1,0,1,6,1
12223,1,2,1,1,2,0,1,1,1,2,1,2,0,1,6,1
12224,1,2,1,1,2,0,1,1,1,2,1,3,0,1,6,1
12225,1,2,1,1,2,0,1,1,1,2,2,1,0,1,6,1
12226,1,2,1,1,2,0,1,1,1,2,2,2,0,1,6,1
12227,1,2,1,1,2,0,1,1,1,2,2,3,0,1,6,1
12228,1,2,1,1,2,0,1,1,1,3,1,1,0,1,6,1
12229,1,2,1,1,2,0,1,1,1,3,1,2,0,1,6,1
12230,1,2,1,1,2,0,1,1,1,3,1,3,0,1,6,1
12231,1,2,1,1,2,0,1,1,1,3,2,1,0,1,6,1
12232,1,2,1,1,2,0,1,1,1,3,2,2,0,1,6,1
12233,1,2,1,1,2,0,1,1,1,3,2,3,0,1,6,1
12234,1,2,1,1,2,0,1,1,1,4,1,1,0,1,6,1
12235,1,2,1,1,2,0,1,1,1,4,1,2,0,1,6,1
12236,1,2,1,1,2,0,1,1,1,4,1,3,0,1,6,1
12237,1,2,1,1,2,0,1,1,1,4,2,1,0,1,6,1
12238,1,2,1,1,2,0,1,1,1,4,2,2,0,1,6,1
12239,1,2,1,1,2,0,1,1,1,4,2,3,0,1,6,1
12240,1,2,1,1,2,1,0,0,0,0,1,1,,0,4,0
12241,1,2,1,1,2,1,0,0,0,0,1,2,,0,4,0
12242,1,2,1,1,2,1,0,0,0,0,1,3,,0,4,0
12243,1,2,1,1,2,1,0,0,0,0,2,1,,0,4,0
12244,1,2,1,1,2,1,0,0,0,0,2,2,,0,4,0
12245,1,2,1,1,2,1,0,0,0,0,2,3,,0,4,0
12246,1,2,1,1,2,1,0,0,0,1,1,1,,0,4,0
12247,1,2,1,1,2,1,0,0,0,1,1,2,1,1,4,1
12248,1,2,1,1,2,1,0,0,0,1,1,3,1,1,4,1
12249,1,2,1,1,2,1,0,0,0,1,2,1,,0,4,0
12250,1,2,1,1,2,1,0,0,0,1,2,2,1,1,4,1
12251,1,2,1,1,2,1,0,0,0,1,2,3,1,1,4,1
12252,1,2,1,1,2,1,0,0,0,2,1,1,,0,5,0
12253,1,2,1,1,2,1,0,0,0,2,1,2,1,1,5,1
12254,1,2,1,1,2,1,0,0,0,2,1,3,1,1,5,1
12255,1,2,1,1,2,1,0,0,0,2,2,1,,0,5,0
12256,1,2,1,1,2,1,0,0,0,2,2,2,1,1,5,1
12257,1,2,1,1,2,1,0,0,0,2,2,3,1,1,5,1
12258,1,2,1,1,2,1,0,0,0,3,1,1,,0,5,0
12259,1,2,1,1,2,1,0,0,0,3,1,2,1,1,5,1
12260,1,2,1,1,2,1,0,0,0,3,1,3,1,1,5,1
12261,1,2,1,1,2,1,0,0,0,3,2,1,,0,5,0
12262,1,2,1,1,2,1,0,0,0,3,2,2,1,1,5,1
12263,1,2,1,1,2,1,0,0,0,3,2,3,1,1,5,1
12264,1,2,1,1,2,1,0,0,0,4,1,1,,0,5,0
12265,1,2,1,1,2,1,0,0,0,4,1,2,1,1,5,1
12266,1,2,1,1,2,1,0,0,0,4,1,3,1,1,5,1
12267,1,2,1,1,2,1,0,0,0,4,2,1,,0,5,0
12268,1,2,1,1,2,1,0,0,0,4,2,2,1,1,5,1
12269,1,2,1,1,2,1,0,0,0,4,2,3,1,1,5,1
12270,1,2,1,1,2,1,0,0,1,0,1,1,0,1,4,1
12271,1,2,1,1,2,1,0,0,1,0,1,2,0,1,4,1
12272,1,2,1,1,2,1,0,0,1,0,1,3,0,1,4,1
12273,1,2,1,1,2,1,0,0,1,0,2,1,0,1,4,1
12274,1,2,1,1,2,1,0,0,1,0,2,2,0,1,4,1
12275,1,2,1,1,2,1,0,0,1,0,2,3,0,1,4,1
12276,1,2,1,1,2,1,0,0,1,1,1,1,0,1,4,1
12277,1,2,1,1,2,1,0,0,1,1,1,2,0,1,4,1
12278,1,2,1,1,2,1,0,0,1,1,1,3,0,1,4,1
12279,1,2,1,1,2,1,0,0,1,1,2,1,0,1,4,1
12280,1,2,1,1,2,1,0,0,1,1,2,2,0,1,4,1
12281,1,2,1,1,2,1,0,0,1,1,2,3,0,1,4,1
12282,1,2,1,1,2,1,0,0,1,2,1,1,0,1,5,1
12283,1,2,1,1,2,1,0,0,1,2,1,2,0,1,5,1
12284,1,2,1,1,2,1,0,0,1,2,1,3,0,1,5,1
12285,1,2,1,1,2,1,0,0,1,2,2,1,0,1,5,1
12286,1,2,1,1,2,1,0,0,1,2,2,2,0,1,5,1
12287,1,2,1,1,2,1,0,0,1,2,2,3,0,1,5,1
12288,1,2,1,1,2,1,0,0,1,3,1,1,0,1,5,1
12289,1,2,1,1,2,1,0,0,1,3,1,2,0,1,5,1
12290,1,2,1,1,2,1,0,0,1,3,1,3,0,1,5,1
12291,1,2,1,1,2,1,0,0,1,3,2,1,0,1,5,1
12292,1,2,1,1,2,1,0,0,1,3,2,2,0,1,5,1
12293,1,2,1,1,2,1,0,0,1,3,2,3,0,1,5,1
12294,1,2,1,1,2,1,0,0,1,4,1,1,0,1,5,1
12295,1,2,1,1,2,1,0,0,1,4,1,2,0,1,5,1
12296,1,2,1,1,2,1,0,0,1,4,1,3,0,1,5,1
12297,1,2,1,1,2,1,0,0,1,4,2,1,0,1,5,1
12298,1,2,1,1,2,1,0,0,1,4,2,2,0,1,5,1
12299,1,2,1,1,2,1,0,0,1,4,2,3,0,1,5,1
12300,1,2,1,1,2,1,0,1,0,0,1,1,,0,4,0
12301,1,2,1,1,2,1,0,1,0,0,1,2,,0,4,0
12302,1,2,1,1,2,1,0,1,0,0,1,3,,0,4,0
12303,1,2,1,1,2,1,0,1,0,0,2,1,,0,4,0
12304,1,2,1,1,2,1,0,1,0,0,2,2,,0,4,0
12305,1,2,1,1,2,1,0,1,0,0,2,3,,0,4,0
12306,1,2,1,1,2,1,0,1,0,1,1,1,,0,4,0
12307,1,2,1,1,2,1,0,1,0,1,1,2,1,1,4,1
12308,1,2,1,1,2,1,0,1,0,1,1,3,1,1,4,1
12309,1,2,1,1,2,1,0,1,0,1,2,1,,0,4,0
12310,1,2,1,1,2,1,0,1,0,1,2,2,1,1,4,1
12311,1,2,1,1,2,1,0,1,0,1,2,3,1,1,4,1
12312,1,2,1,1,2,1,0,1,0,2,1,1,2,1,5,1
12313,1,2,1,1,2,1,0,1,0,2,1,2,1,1,5,1
12314,1,2,1,1,2,1,0,1,0,2,1,3,1,1,5,1
12315,1,2,1,1,2,1,0,1,0,2,2,1,2,1,5,1
12316,1,2,1,1,2,1,0,1,0,2,2,2,1,1,5,1
12317,1,2,1,1,2,1,0,1,0,2,2,3,1,1,5,1
12318,1,2,1,1,2,1,0,1,0,3,1,1,2,1,5,1
12319,1,2,1,1,2,1,0,1,0,3,1,2,1,1,5,1
12320,1,2,1,1,2,1,0,1,0,3,1,3,1,1,5,1
12321,1,2,1,1,2,1,0,1,0,3,2,1,2,1,5,1
12322,1,2,1,1,2,1,0,1,0,3,2,2,1,1,5,1
12323,1,2,1,1,2,1,0,1,0,3,2,3,1,1,5,1
12324,1,2,1,1,2,1,0,1,0,4,1,1,2,1,5,1
12325,1,2,1,1,2,1,0,1,0,4,1,2,1,1,5,1
12326,1,2,1,1,2,1,0,1,0,4,1,3,1,1,5,1
12327,1,2,1,1,2,1,0,1,0,4,2,1,2,1,5,1
12328,1,2,1,1,2,1,0,1,0,4,2,2,1,1,5,1
12329,1,2,1,1,2,1,0,1,0,4,2,3,1,1,5,1
12330,1,2,1,1,2,1,0,1,1,0,1,1,0,1,4,1
12331,1,2,1,1,2,1,0,1,1,0,1,2,0,1,4,1
12332,1,2,1,1,2,1,0,1,1,0,1,3,0,1,4,1
12333,1,2,1,1,2,1,0,1,1,0,2,1,0,1,4,1
12334,1,2,1,1,2,1,0,1,1,0,2,2,0,1,4,1
12335,1,2,1,1,2,1,0,1,1,0,2,3,0,1,4,1
12336,1,2,1,1,2,1,0,1,1,1,1,1,0,1,4,1
12337,1,2,1,1,2,1,0,1,1,1,1,2,0,1,4,1
12338,1,2,1,1,2,1,0,1,1,1,1,3,0,1,4,1
12339,1,2,1,1,2,1,0,1,1,1,2,1,0,1,4,1
12340,1,2,1,1,2,1,0,1,1,1,2,2,0,1,4,1
12341,1,2,1,1,2,1,0,1,1,1,2,3,0,1,4,1
12342,1,2,1,1,2,1,0,1,1,2,1,1,0,1,5,1
12343,1,2,1,1,2,1,0,1,1,2,1,2,0,1,5,1
12344,1,2,1,1,2,1,0,1,1,2,1,3,0,1,5,1
12345,1,2,1,1,2,1,0,1,1,2,2,1,0,1,5,1
12346,1,2,1,1,2,1,0,1,1,2,2,2,0,1,5,1
12347,1,2,1,1,2,1,0,1,1,2,2,3,0,1,5,1
12348,1,2,1,1,2,1,0,1,1,3,1,1,0,1,5,1
12349,1,2,1,1,2,1,0,1,1,3,1,2,0,1,5,1
12350,1,2,1,1,2,1,0,1,1,3,1,3,0,1,5,1
12351,1,2,1,1,2,1,0,1,1,3,2,1,0,1,5,1
12352,1,2,1,1,2,1,0,1,1,3,2,2,0,1,5,1
12353,1,2,1,1,2,1,0,1,1,3,2,3,0,1,5,1
12354,1,2,1,1,2,1,0,1,1,4,1,1,0,1,5,1
12355,1,2,1,1,2,1,0,1,1,4,1,2,0,1,5,1
12356,1,2,1,1,2,1,0,1,1,4,1,3,0,1,5,1
12357,1,2,1,1,2,1,0,1,1,4,2,1,0,1,5,1
12358,1,2,1,1,2,1,0,1,1,4,2,2,0,1,5,1
12359,1,2,1,1,2,1,0,1,1,4,2,3,0,1,5,1
12360,1,2,1,1,2,1,1,0,0,0,1,1,,0,4,0
12361,1,2,1,1,2,1,1,0,0,0,1,2,,0,4,0
12362,1,2,1,1,2,1,1,0,0,0,1,3,,0,4,0
12363,1,2,1,1,2,1,1,0,0,0,2,1,,0,4,0
12364,1,2,1,1,2,1,1,0,0,0,2,2,,0,4,0
12365,1,2,1,1,2,1,1,0,0,0,2,3,,0,4,0
12366,1,2,1,1,2,1,1,0,0,1,1,1,,0,4,0
12367,1,2,1,1,2,1,1,0,0,1,1,2,,0,5,0
12368,1,2,1,1,2,1,1,0,0,1,1,3,1,1,5,1
12369,1,2,1,1,2,1,1,0,0,1,2,1,,0,4,0
12370,1,2,1,1,2,1,1,0,0,1,2,2,,0,5,0
12371,1,2,1,1,2,1,1,0,0,1,2,3,,0,5,0
12372,1,2,1,1,2,1,1,0,0,2,1,1,,0,5,0
12373,1,2,1,1,2,1,1,0,0,2,1,2,,0,7,0
12374,1,2,1,1,2,1,1,0,0,2,1,3,1,1,7,1
12375,1,2,1,1,2,1,1,0,0,2,2,1,,0,5,0
12376,1,2,1,1,2,1,1,0,0,2,2,2,,0,6,0
12377,1,2,1,1,2,1,1,0,0,2,2,3,,0,7,0
12378,1,2,1,1,2,1,1,0,0,3,1,1,,0,5,0
12379,1,2,1,1,2,1,1,0,0,3,1,2,,0,7,0
12380,1,2,1,1,2,1,1,0,0,3,1,3,1,1,7,1
12381,1,2,1,1,2,1,1,0,0,3,2,1,,0,5,0
12382,1,2,1,1,2,1,1,0,0,3,2,2,,0,6,0
12383,1,2,1,1,2,1,1,0,0,3,2,3,,0,7,0
12384,1,2,1,1,2,1,1,0,0,4,1,1,,0,5,0
12385,1,2,1,1,2,1,1,0,0,4,1,2,,0,7,0
12386,1,2,1,1,2,1,1,0,0,4,1,3,1,1,7,1
12387,1,2,1,1,2,1,1,0,0,4,2,1,,0,5,0
12388,1,2,1,1,2,1,1,0,0,4,2,2,,0,6,0
12389,1,2,1,1,2,1,1,0,0,4,2,3,,0,7,0
12390,1,2,1,1,2,1,1,0,1,0,1,1,0,1,4,1
12391,1,2,1,1,2,1,1,0,1,0,1,2,0,1,4,1
12392,1,2,1,1,2,1,1,0,1,0,1,3,0,1,4,1
12393,1,2,1,1,2,1,1,0,1,0,2,1,0,1,4,1
12394,1,2,1,1,2,1,1,0,1,0,2,2,0,1,4,1
12395,1,2,1,1,2,1,1,0,1,0,2,3,0,1,4,1
12396,1,2,1,1,2,1,1,0,1,1,1,1,0,1,5,1
12397,1,2,1,1,2,1,1,0,1,1,1,2,0,1,5,1
12398,1,2,1,1,2,1,1,0,1,1,1,3,0,1,5,1
12399,1,2,1,1,2,1,1,0,1,1,2,1,0,1,5,1
12400,1,2,1,1,2,1,1,0,1,1,2,2,0,1,5,1
12401,1,2,1,1,2,1,1,0,1,1,2,3,0,1,5,1
12402,1,2,1,1,2,1,1,0,1,2,1,1,0,1,7,1
12403,1,2,1,1,2,1,1,0,1,2,1,2,0,1,7,1
12404,1,2,1,1,2,1,1,0,1,2,1,3,0,1,7,1
12405,1,2,1,1,2,1,1,0,1,2,2,1,0,1,7,1
12406,1,2,1,1,2,1,1,0,1,2,2,2,0,1,7,1
12407,1,2,1,1,2,1,1,0,1,2,2,3,0,1,7,1
12408,1,2,1,1,2,1,1,0,1,3,1,1,0,1,7,1
12409,1,2,1,1,2,1,1,0,1,3,1,2,0,1,7,1
12410,1,2,1,1,2,1,1,0,1,3,1,3,0,1,7,1
12411,1,2,1,1,2,1,1,0,1,3,2,1,0,1,7,1
12412,1,2,1,1,2,1,1,0,1,3,2,2,0,1,7,1
12413,1,2,1,1,2,1,1,0,1,3,2,3,0,1,7,1
12414,1,2,1,1,2,1,1,0,1,4,1,1,0,1,7,1
12415,1,2,1,1,2,1,1,0,1,4,1,2,0,1,7,1
12416,1,2,1,1,2,1,1,0,1,4,1,3,0,1,7,1
12417,1,2,1,1,2,1,1,0,1,4,2,1,0,1,7,1
12418,1,2,1,1,2,1,1,0,1,4,2,2,0,1,7,1
12419,1,2,1,1,2,1,1,0,1,4,2,3,0,1,7,1
12420,1,2,1,1,2,1,1,1,0,0,1,1,,0,4,0
12421,1,2,1,1,2,1,1,1,0,0,1,2,,0,4,0
12422,1,2,1,1,2,1,1,1,0,0,1,3,,0,4,0
12423,1,2,1,1,2,1,1,1,0,0,2,1,,0,4,0
12424,1,2,1,1,2,1,1,1,0,0,2,2,,0,4,0
12425,1,2,1,1,2,1,1,1,0,0,2,3,,0,4,0
12426,1,2,1,1,2,1,1,1,0,1,1,1,,0,4,0
12427,1,2,1,1,2,1,1,1,0,1,1,2,,0,5,0
12428,1,2,1,1,2,1,1,1,0,1,1,3,1,1,5,1
12429,1,2,1,1,2,1,1,1,0,1,2,1,,0,4,0
12430,1,2,1,1,2,1,1,1,0,1,2,2,,0,5,0
12431,1,2,1,1,2,1,1,1,0,1,2,3,,0,5,0
12432,1,2,1,1,2,1,1,1,0,2,1,1,,0,5,0
12433,1,2,1,1,2,1,1,1,0,2,1,2,2,1,8,1
12434,1,2,1,1,2,1,1,1,0,2,1,3,1,1,8,1
12435,1,2,1,1,2,1,1,1,0,2,2,1,,0,5,0
12436,1,2,1,1,2,1,1,1,0,2,2,2,,0,6,0
12437,1,2,1,1,2,1,1,1,0,2,2,3,2,1,8,1
12438,1,2,1,1,2,1,1,1,0,3,1,1,,0,5,0
12439,1,2,1,1,2,1,1,1,0,3,1,2,2,1,8,1
12440,1,2,1,1,2,1,1,1,0,3,1,3,1,1,8,1
12441,1,2,1,1,2,1,1,1,0,3,2,1,,0,5,0
12442,1,2,1,1,2,1,1,1,0,3,2,2,,0,6,0
12443,1,2,1,1,2,1,1,1,0,3,2,3,2,1,8,1
12444,1,2,1,1,2,1,1,1,0,4,1,1,,0,5,0
12445,1,2,1,1,2,1,1,1,0,4,1,2,2,1,8,1
12446,1,2,1,1,2,1,1,1,0,4,1,3,1,1,8,1
12447,1,2,1,1,2,1,1,1,0,4,2,1,,0,5,0
12448,1,2,1,1,2,1,1,1,0,4,2,2,,0,6,0
12449,1,2,1,1,2,1,1,1,0,4,2,3,2,1,8,1
12450,1,2,1,1,2,1,1,1,1,0,1,1,0,1,4,1
12451,1,2,1,1,2,1,1,1,1,0,1,2,0,1,4,1
12452,1,2,1,1,2,1,1,1,1,0,1,3,0,1,4,1
12453,1,2,1,1,2,1,1,1,1,0,2,1,0,1,4,1
12454,1,2,1,1,2,1,1,1,1,0,2,2,0,1,4,1
12455,1,2,1,1,2,1,1,1,1,0,2,3,0,1,4,1
12456,1,2,1,1,2,1,1,1,1,1,1,1,0,1,5,1
12457,1,2,1,1,2,1,1,1,1,1,1,2,0,1,5,1
12458,1,2,1,1,2,1,1,1,1,1,1,3,0,1,5,1
12459,1,2,1,1,2,1,1,1,1,1,2,1,0,1,5,1
12460,1,2,1,1,2,1,1,1,1,1,2,2,0,1,5,1
12461,1,2,1,1,2,1,1,1,1,1,2,3,0,1,5,1
12462,1,2,1,1,2,1,1,1,1,2,1,1,0,1,8,1
12463,1,2,1,1,2,1,1,1,1,2,1,2,0,1,8,1
12464,1,2,1,1,2,1,1,1,1,2,1,3,0,1,8,1
12465,1,2,1,1,2,1,1,1,1,2,2,1,0,1,8,1
12466,1,2,1,1,2,1,1,1,1,2,2,2,0,1,8,1
12467,1,2,1,1,2,1,1,1,1,2,2,3,0,1,8,1
12468,1,2,1,1,2,1,1,1,1,3,1,1,0,1,8,1
12469,1,2,1,1,2,1,1,1,1,3,1,2,0,1,8,1
12470,1,2,1,1,2,1,1,1,1,3,1,3,0,1,8,1
12471,1,2,1,1,2,1,1,1,1,3,2,1,0,1,8,1
12472,1,2,1,1,2,1,1,1,1,3,2,2,0,1,8,1
12473,1,2,1,1,2,1,1,1,1,3,2,3,0,1,8,1
12474,1,2,1,1,2,1,1,1,1,4,1,1,0,1,8,1
12475,1,2,1,1,2,1,1,1,1,4,1,2,0,1,8,1
12476,1,2,1,1,2,1,1,1,1,4,1,3,0,1,8,1
12477,1,2,1,1,2,1,1,1,1,4,2,1,0,1,8,1
12478,1,2,1,1,2,1,1,1,1,4,2,2,0,1,8,1
12479,1,2,1,1,2,1,1,1,1,4,2,3,0,1,8,1
12480,1,2,1,2,1,0,0,0,0,0,1,1,,0,4,0
12481,1,2,1,2,1,0,0,0,0,0,1,2,,0,4,0
12482,1,2,1,2,1,0,0,0,0,0,1,3,,0,4,0
12483,1,2,1,2,1,0,0,0,0,0,2,1,,0,4,0
12484,1,2,1,2,1,0,0,0,0,0,2,2,,0,4,0
12485,1,2,1,2,1,0,0,0,0,0,2,3,,0,4,0
12486,1,2,1,2,1,0,0,0,0,1,1,1,1,1,4,1
12487,1,2,1,2,1,0,0,0,0,1,1,2,1,1,4,1
12488,1,2,1,2,1,0,0,0,0,1,1,3,1,1,4,1
12489,1,2,1,2,1,0,0,0,0,1,2,1,1,1,4,1
12490,1,2,1,2,1,0,0,0,0,1,2,2,1,1,4,1
12491,1,2,1,2,1,0,0,0,0,1,2,3,1,1,4,1
12492,1,2,1,2,1,0,0,0,0,2,1,1,1,1,4,1
12493,1,2,1,2,1,0,0,0,0,2,1,2,1,1,4,1
12494,1,2,1,2,1,0,0,0,0,2,1,3,1,1,4,1
12495,1,2,1,2,1,0,0,0,0,2,2,1,1,1,4,1
12496,1,2,1,2,1,0,0,0,0,2,2,2,1,1,4,1
12497,1,2,1,2,1,0,0,0,0,2,2,3,1,1,4,1
12498,1,2,1,2,1,0,0,0,0,3,1,1,1,1,4,1
12499,1,2,1,2,1,0,0,0,0,3,1,2,1,1,4,1
12500,1,2,1,2,1,0,0,0,0,3,1,3,1,1,4,1
12501,1,2,1,2,1,0,0,0,0,3,2,1,1,1,4,1
12502,1,2,1,2,1,0,0,0,0,3,2,2,1,1,4,1
12503,1,2,1,2,1,0,0,0,0,3,2,3,1,1,4,1
12504,1,2,1,2,1,0,0,0,0,4,1,1,1,1,4,1
12505,1,2,1,2,1,0,0,0,0,4,1,2,1,1,4,1
12506,1,2,1,2,1,0,0,0,0,4,1,3,1,1,4,1
12507,1,2,1,2,1,0,0,0,0,4,2,1,1,1,4,1
12508,1,2,1,2,1,0,0,0,0,4,2,2,1,1,4,1
12509,1,2,1,2,1,0,0,0,0,4,2,3,1,1,4,1
12510,1,2,1,2,1,0,0,0,1,0,1,1,0,1,4,1
12511,1,2,1,2,1,0,0,0,1,0,1,2,0,1,4,1
12512,1,2,1,2,1,0,0,0,1,0,1,3,0,1,4,1
12513,1,2,1,2,1,0,0,0,1,0,2,1,0,1,4,1
12514,1,2,1,2,1,0,0,0,1,0,2,2,0,1,4,1
12515,1,2,1,2,1,0,0,0,1,0,2,3,0,1,4,1
12516,1,2,1,2,1,0,0,0,1,1,1,1,0,1,4,1
12517,1,2,1,2,1,0,0,0,1,1,1,2,0,1,4,1
12518,1,2,1,2,1,0,0,0,1,1,1,3,0,1,4,1
12519,1,2,1,2,1,0,0,0,1,1,2,1,0,1,4,1
12520,1,2,1,2,1,0,0,0,1,1,2,2,0,1,4,1
12521,1,2,1,2,1,0,0,0,1,1,2,3,0,1,4,1
12522,1,2,1,2,1,0,0,0,1,2,1,1,0,1,4,1
12523,1,2,1,2,1,0,0,0,1,2,1,2,0,1,4,1
12524,1,2,1,2,1,0,0,0,1,2,1,3,0,1,4,1
12525,1,2,1,2,1,0,0,0,1,2,2,1,0,1,4,1
12526,1,2,1,2,1,0,0,0,1,2,2,2,0,1,4,1
12527,1,2,1,2,1,0,0,0,1,2,2,3,0,1,4,1
12528,1,2,1,2,1,0,0,0,1,3,1,1,0,1,4,1
12529,1,2,1,2,1,0,0,0,1,3,1,2,0,1,4,1
12530,1,2,1,2,1,0,0,0,1,3,1,3,0,1,4,1
12531,1,2,1,2,1,0,0,0,1,3,2,1,0,1,4,1
12532,1,2,1,2,1,0,0,0,1,3,2,2,0,1,4,1
12533,1,2,1,2,1,0,0,0,1,3,2,3,0,1,4,1
12534,1,2,1,2,1,0,0,0,1,4,1,1,0,1,4,1
12535,1,2,1,2,1,0,0,0,1,4,1,2,0,1,4,1
12536,1,2,1,2,1,0,0,0,1,4,1,3,0,1,4,1
12537,1,2,1,2,1,0,0,0,1,4,2,1,0,1,4,1
12538,1,2,1,2,1,0,0,0,1,4,2,2,0,1,4,1
12539,1,2,1,2,1,0,0,0,1,4,2,3,0,1,4,1
12540,1,2,1,2,1,0,0,1,0,0,1,1,,0,4,0
12541,1,2,1,2,1,0,0,1,0,0,1,2,,0,4,0
12542,1,2,1,2,1,0,0,1,0,0,1,3,,0,4,0
12543,1,2,1,2,1,0,0,1,0,0,2,1,,0,4,0
12544,1,2,1,2,1,0,0,1,0,0,2,2,,0,4,0
12545,1,2,1,2,1,0,0,1,0,0,2,3,,0,4,0
12546,1,2,1,2,1,0,0,1,0,1,1,1,1,1,4,1
12547,1,2,1,2,1,0,0,1,0,1,1,2,1,1,4,1
12548,1,2,1,2,1,0,0,1,0,1,1,3,1,1,4,1
12549,1,2,1,2,1,0,0,1,0,1,2,1,1,1,4,1
12550,1,2,1,2,1,0,0,1,0,1,2,2,1,1,4,1
12551,1,2,1,2,1,0,0,1,0,1,2,3,1,1,4,1
12552,1,2,1,2,1,0,0,1,0,2,1,1,1,1,4,1
12553,1,2,1,2,1,0,0,1,0,2,1,2,1,1,4,1
12554,1,2,1,2,1,0,0,1,0,2,1,3,1,1,4,1
12555,1,2,1,2,1,0,0,1,0,2,2,1,1,1,4,1
12556,1,2,1,2,1,0,0,1,0,2,2,2,1,1,4,1
12557,1,2,1,2,1,0,0,1,0,2,2,3,1,1,4,1
12558,1,2,1,2,1,0,0,1,0,3,1,1,1,1,4,1
12559,1,2,1,2,1,0,0,1,0,3,1,2,1,1,4,1
12560,1,2,1,2,1,0,0,1,0,3,1,3,1,1,4,1
12561,1,2,1,2,1,0,0,1,0,3,2,1,1,1,4,1
12562,1,2,1,2,1,0,0,1,0,3,2,2,1,1,4,1
12563,1,2,1,2,1,0,0,1,0,3,2,3,1,1,4,1
12564,1,2,1,2,1,0,0,1,0,4,1,1,1,1,4,1
12565,1,2,1,2,1,0,0,1,0,4,1,2,1,1,4,1
12566,1,2,1,2,1,0,0,1,0,4,1,3,1,1,4,1
12567,1,2,1,2,1,0,0,1,0,4,2,1,1,1,4,1
12568,1,2,1,2,1,0,0,1,0,4,2,2,1,1,4,1
12569,1,2,1,2,1,0,0,1,0,4,2,3,1,1,4,1
12570,1,2,1,2,1,0,0,1,1,0,1,1,0,1,4,1
12571,1,2,1,2,1,0,0,1,1,0,1,2,0,1,4,1
12572,1,2,1,2,1,0,0,1,1,0,1,3,0,1,4,1
12573,1,2,1,2,1,0,0,1,1,0,2,1,0,1,4,1
12574,1,2,1,2,1,0,0,1,1,0,2,2,0,1,4,1
12575,1,2,1,2,1,0,0,1,1,0,2,3,0,1,4,1
12576,1,2,1,2,1,0,0,1,1,1,1,1,0,1,4,1
12577,1,2,1,2,1,0,0,1,1,1,1,2,0,1,4,1
12578,1,2,1,2,1,0,0,1,1,1,1,3,0,1,4,1
12579,1,2,1,2,1,0,0,1,1,1,2,1,0,1,4,1
12580,1,2,1,2,1,0,0,1,1,1,2,2,0,1,4,1
12581,1,2,1,2,1,0,0,1,1,1,2,3,0,1,4,1
12582,1,2,1,2,1,0,0,1,1,2,1,1,0,1,4,1
12583,1,2,1,2,1,0,0,1,1,2,1,2,0,1,4,1
12584,1,2,1,2,1,0,0,1,1,2,1,3,0,1,4,1
12585,1,2,1,2,1,0,0,1,1,2,2,1,0,1,4,1
12586,1,2,1,2,1,0,0,1,1,2,2,2,0,1,4,1
12587,1,2,1,2,1,0,0,1,1,2,2,3,0,1,4,1
12588,1,2,1,2,1,0,0,1,1,3,1,1,0,1,4,1
12589,1,2,1,2,1,0,0,1,1,3,1,2,0,1,4,1
12590,1,2,1,2,1,0,0,1,1,3,1,3,0,1,4,1
12591,1,2,1,2,1,0,0,1,1,3,2,1,0,1,4,1
12592,1,2,1,2,1,0,0,1,1,3,2,2,0,1,4,1
12593,1,2,1,2,1,0,0,1,1,3,2,3,0,1,4,1
12594,1,2,1,2,1,0,0,1,1,4,1,1,0,1,4,1
12595,1,2,1,2,1,0,0,1,1,4,1,2,0,1,4,1
12596,1,2,1,2,1,0,0,1,1,4,1,3,0,1,4,1
12597,1,2,1,2,1,0,0,1,1,4,2,1,0,1,4,1
12598,1,2,1,2,1,0,0,1,1,4,2,2,0,1,4,1
12599,1,2,1,2,1,0,0,1,1,4,2,3,0,1,4,1
12600,1,2,1,2,1,0,1,0,0,0,1,1,,0,4,0
12601,1,2,1,2,1,0,1,0,0,0,1,2,,0,4,0
12602,1,2,1,2,1,0,1,0,0,0,1,3,,0,4,0
12603,1,2,1,2,1,0,1,0,0,0,2,1,,0,4,0
12604,1,2,1,2,1,0,1,0,0,0,2,2,,0,4,0
12605,1,2,1,2,1,0,1,0,0,0,2,3,,0,4,0
12606,1,2,1,2,1,0,1,0,0,1,1,1,,0,5,0
12607,1,2,1,2,1,0,1,0,0,1,1,2,1,1,5,1
12608,1,2,1,2,1,0,1,0,0,1,1,3,1,1,5,1
12609,1,2,1,2,1,0,1,0,0,1,2,1,,0,5,0
12610,1,2,1,2,1,0,1,0,0,1,2,2,,0,5,0
12611,1,2,1,2,1,0,1,0,0,1,2,3,1,1,5,1
12612,1,2,1,2,1,0,1,0,0,2,1,1,,0,5,0
12613,1,2,1,2,1,0,1,0,0,2,1,2,1,1,6,1
12614,1,2,1,2,1,0,1,0,0,2,1,3,1,1,6,1
12615,1,2,1,2,1,0,1,0,0,2,2,1,,0,5,0
12616,1,2,1,2,1,0,1,0,0,2,2,2,,0,6,0
12617,1,2,1,2,1,0,1,0,0,2,2,3,1,1,6,1
12618,1,2,1,2,1,0,1,0,0,3,1,1,,0,5,0
12619,1,2,1,2,1,0,1,0,0,3,1,2,1,1,6,1
12620,1,2,1,2,1,0,1,0,0,3,1,3,1,1,6,1
12621,1,2,1,2,1,0,1,0,0,3,2,1,,0,5,0
12622,1,2,1,2,1,0,1,0,0,3,2,2,,0,6,0
12623,1,2,1,2,1,0,1,0,0,3,2,3,1,1,6,1
12624,1,2,1,2,1,0,1,0,0,4,1,1,,0,5,0
12625,1,2,1,2,1,0,1,0,0,4,1,2,1,1,6,1
12626,1,2,1,2,1,0,1,0,0,4,1,3,1,1,6,1
12627,1,2,1,2,1,0,1,0,0,4,2,1,,0,5,0
12628,1,2,1,2,1,0,1,0,0,4,2,2,,0,6,0
12629,1,2,1,2,1,0,1,0,0,4,2,3,1,1,6,1
12630,1,2,1,2,1,0,1,0,1,0,1,1,0,1,4,1
12631,1,2,1,2,1,0,1,0,1,0,1,2,0,1,4,1
12632,1,2,1,2,1,0,1,0,1,0,1,3,0,1,4,1
12633,1,2,1,2,1,0,1,0,1,0,2,1,0,1,4,1
12634,1,2,1,2,1,0,1,0,1,0,2,2,0,1,4,1
12635,1,2,1,2,1,0,1,0,1,0,2,3,0,1,4,1
12636,1,2,1,2,1,0,1,0,1,1,1,1,0,1,5,1
12637,1,2,1,2,1,0,1,0,1,1,1,2,0,1,5,1
12638,1,2,1,2,1,0,1,0,1,1,1,3,0,1,5,1
12639,1,2,1,2,1,0,1,0,1,1,2,1,0,1,5,1
12640,1,2,1,2,1,0,1,0,1,1,2,2,0,1,5,1
12641,1,2,1,2,1,0,1,0,1,1,2,3,0,1,5,1
12642,1,2,1,2,1,0,1,0,1,2,1,1,0,1,6,1
12643,1,2,1,2,1,0,1,0,1,2,1,2,0,1,6,1
12644,1,2,1,2,1,0,1,0,1,2,1,3,0,1,6,1
12645,1,2,1,2,1,0,1,0,1,2,2,1,0,1,6,1
12646,1,2,1,2,1,0,1,0,1,2,2,2,0,1,6,1
12647,1,2,1,2,1,0,1,0,1,2,2,3,0,1,6,1
12648,1,2,1,2,1,0,1,0,1,3,1,1,0,1,6,1
12649,1,2,1,2,1,0,1,0,1,3,1,2,0,1,6,1
12650,1,2,1,2,1,0,1,0,1,3,1,3,0,1,6,1
12651,1,2,1,2,1,0,1,0,1,3,2,1,0,1,6,1
12652,1,2,1,2,1,0,1,0,1,3,2,2,0,1,6,1
12653,1,2,1,2,1,0,1,0,1,3,2,3,0,1,6,1
12654,1,2,1,2,1,0,1,0,1,4,1,1,0,1,6,1
12655,1,2,1,2,1,0,1,0,1,4,1,2,0,1,6,1
12656,1,2,1,2,1,0,1,0,1,4,1,3,0,1,6,1
12657,1,2,1,2,1,0,1,0,1,4,2,1,0,1,6,1
12658,1,2,1,2,1,0,1,0,1,4,2,2,0,1,6,1
12659,1,2,1,2,1,0,1,0,1,4,2,3,0,1,6,1
12660,1,2,1,2,1,0,1,1,0,0,1,1,,0,4,0
12661,1,2,1,2,1,0,1,1,0,0,1,2,,0,4,0
12662,1,2,1,2,1,0,1,1,0,0,1,3,,0,4,0
12663,1,2,1,2,1,0,1,1,0,0,2,1,,0,4,0
12664,1,2,1,2,1,0,1,1,0,0,2,2,,0,4,0
12665,1,2,1,2,1,0,1,1,0,0,2,3,,0,4,0
12666,1,2,1,2,1,0,1,1,0,1,1,1,,0,5,0
12667,1,2,1,2,1,0,1,1,0,1,1,2,1,1,5,1
12668,1,2,1,2,1,0,1,1,0,1,1,3,1,1,5,1
12669,1,2,1,2,1,0,1,1,0,1,2,1,,0,5,0
12670,1,2,1,2,1,0,1,1,0,1,2,2,,0,5,0
12671,1,2,1,2,1,0,1,1,0,1,2,3,1,1,5,1
12672,1,2,1,2,1,0,1,1,0,2,1,1,,0,5,0
12673,1,2,1,2,1,0,1,1,0,2,1,2,1,1,6,1
12674,1,2,1,2,1,0,1,1,0,2,1,3,1,1,6,1
12675,1,2,1,2,1,0,1,1,0,2,2,1,,0,5,0
12676,1,2,1,2,1,0,1,1,0,2,2,2,,0,6,0
12677,1,2,1,2,1,0,1,1,0,2,2,3,1,1,6,1
12678,1,2,1,2,1,0,1,1,0,3,1,1,,0,5,0
12679,1,2,1,2,1,0,1,1,0,3,1,2,1,1,6,1
12680,1,2,1,2,1,0,1,1,0,3,1,3,1,1,6,1
12681,1,2,1,2,1,0,1,1,0,3,2,1,,0,5,0
12682,1,2,1,2,1,0,1,1,0,3,2,2,,0,6,0
12683,1,2,1,2,1,0,1,1,0,3,2,3,1,1,6,1
12684,1,2,1,2,1,0,1,1,0,4,1,1,,0,5,0
12685,1,2,1,2,1,0,1,1,0,4,1,2,1,1,6,1
12686,1,2,1,2,1,0,1,1,0,4,1,3,1,1,6,1
12687,1,2,1,2,1,0,1,1,0,4,2,1,,0,5,0
12688,1,2,1,2,1,0,1,1,0,4,2,2,,0,6,0
12689,1,2,1,2,1,0,1,1,0,4,2,3,1,1,6,1
12690,1,2,1,2,1,0,1,1,1,0,1,1,0,1,4,1
12691,1,2,1,2,1,0,1,1,1,0,1,2,0,1,4,1
12692,1,2,1,2,1,0,1,1,1,0,1,3,0,1,4,1
12693,1,2,1,2,1,0,1,1,1,0,2,1,0,1,4,1
12694,1,2,1,2,1,0,1,1,1,0,2,2,0,1,4,1
12695,1,2,1,2,1,0,1,1,1,0,2,3,0,1,4,1
12696,1,2,1,2,1,0,1,1,1,1,1,1,0,1,5,1
12697,1,2,1,2,1,0,1,1,1,1,1,2,0,1,5,1
12698,1,2,1,2,1,0,1,1,1,1,1,3,0,1,5,1
12699,1,2,1,2,1,0,1,1,1,1,2,1,0,1,5,1
12700,1,2,1,2,1,0,1,1,1,1,2,2,0,1,5,1
12701,1,2,1,2,1,0,1,1,1,1,2,3,0,1,5,1
12702,1,2,1,2,1,0,1,1,1,2,1,1,0,1,6,1
12703,1,2,1,2,1,0,1,1,1,2,1,2,0,1,6,1
12704,1,2,1,2,1,0,1,1,1,2,1,3,0,1,6,1
12705,1,2,1,2,1,0,1,1,1,2,2,1,0,1,6,1
12706,1,2,1,2,1,0,1,1,1,2,2,2,0,1,6,1
12707,1,2,1,2,1,0,1,1,1,2,2,3,0,1,6,1
12708,1,2,1,2,1,0,1,1,1,3,1,1,0,1,6,1
12709,1,2,1,2,1,0,1,1,1,3,1,2,0,1,6,1
12710,1,2,1,2,1,0,1,1,1,3,1,3,0,1,6,1
12711,1,2,1,2,1,0,1,1,1,3,2,1,0,1,6,1
12712,1,2,1,2,1,0,1,1,1,3,2,2,0,1,6,1
12713,1,2,1,2,1,0,1,1,1,3,2,3,0,1,6,1
12714,1,2,1,2,1,0,1,1,1,4,1,1,0,1,6,1
12715,1,2,1,2,1,0,1,1,1,4,1,2,0,1,6,1
12716,1,2,1,2,1,0,1,1,1,4,1,3,0,1,6,1
12717,1,2,1,2,1,0,1,1,1,4,2,1,0,1,6,1
12718,1,2,1,2,1,0,1,1,1,4,2,2,0,1,6,1
12719,1,2,1,2,1,0,1,1,1,4,2,3,0,1,6,1
12720,1,2,1,2,1,1,0,0,0,0,1,1,,0,4,0
12721,1,2,1,2,1,1,0,0,0,0,1,2,,0,4,0
12722,1,2,1,2,1,1,0,0,0,0,1,3,,0,4,0
12723,1,2,1,2,1,1,0,0,0,0,2,1,,0,4,0
12724,1,2,1,2,1,1,0,0,0,0,2,2,,0,4,0
12725,1,2,1,2,1,1,0,0,0,0,2,3,,0,4,0
12726,1,2,1,2,1,1,0,0,0,1,1,1,1,1,4,1
12727,1,2,1,2,1,1,0,0,0,1,1,2,1,1,4,1
12728,1,2,1,2,1,1,0,0,0,1,1,3,1,1,4,1
12729,1,2,1,2,1,1,0,0,0,1,2,1,1,1,4,1
12730,1,2,1,2,1,1,0,0,0,1,2,2,1,1,4,1
12731,1,2,1,2,1,1,0,0,0,1,2,3,1,1,4,1
12732,1,2,1,2,1,1,0,0,0,2,1,1,1,1,4,1
12733,1,2,1,2,1,1,0,0,0,2,1,2,1,1,5,1
12734,1,2,1,2,1,1,0,0,0,2,1,3,1,1,5,1
12735,1,2,1,2,1,1,0,0,0,2,2,1,1,1,4,1
12736,1,2,1,2,1,1,0,0,0,2,2,2,1,1,5,1
12737,1,2,1,2,1,1,0,0,0,2,2,3,1,1,5,1
12738,1,2,1,2,1,1,0,0,0,3,1,1,1,1,4,1
12739,1,2,1,2,1,1,0,0,0,3,1,2,1,1,5,1
12740,1,2,1,2,1,1,0,0,0,3,1,3,1,1,5,1
12741,1,2,1,2,1,1,0,0,0,3,2,1,1,1,4,1
12742,1,2,1,2,1,1,0,0,0,3,2,2,1,1,5,1
12743,1,2,1,2,1,1,0,0,0,3,2,3,1,1,5,1
12744,1,2,1,2,1,1,0,0,0,4,1,1,1,1,4,1
12745,1,2,1,2,1,1,0,0,0,4,1,2,1,1,5,1
12746,1,2,1,2,1,1,0,0,0,4,1,3,1,1,5,1
12747,1,2,1,2,1,1,0,0,0,4,2,1,1,1,4,1
12748,1,2,1,2,1,1,0,0,0,4,2,2,1,1,5,1
12749,1,2,1,2,1,1,0,0,0,4,2,3,1,1,5,1
12750,1,2,1,2,1,1,0,0,1,0,1,1,0,1,4,1
12751,1,2,1,2,1,1,0,0,1,0,1,2,0,1,4,1
12752,1,2,1,2,1,1,0,0,1,0,1,3,0,1,4,1
12753,1,2,1,2,1,1,0,0,1,0,2,1,0,1,4,1
12754,1,2,1,2,1,1,0,0,1,0,2,2,0,1,4,1
12755,1,2,1,2,1,1,0,0,1,0,2,3,0,1,4,1
12756,1,2,1,2,1,1,0,0,1,1,1,1,0,1,4,1
12757,1,2,1,2,1,1,0,0,1,1,1,2,0,1,4,1
12758,1,2,1,2,1,1,0,0,1,1,1,3,0,1,4,1
12759,1,2,1,2,1,1,0,0,1,1,2,1,0,1,4,1
12760,1,2,1,2,1,1,0,0,1,1,2,2,0,1,4,1
12761,1,2,1,2,1,1,0,0,1,1,2,3,0,1,4,1
12762,1,2,1,2,1,1,0,0,1,2,1,1,0,1,5,1
12763,1,2,1,2,1,1,0,0,1,2,1,2,0,1,5,1
12764,1,2,1,2,1,1,0,0,1,2,1,3,0,1,5,1
12765,1,2,1,2,1,1,0,0,1,2,2,1,0,1,5,1
12766,1,2,1,2,1,1,0,0,1,2,2,2,0,1,5,1
12767,1,2,1,2,1,1,0,0,1,2,2,3,0,1,5,1
12768,1,2,1,2,1,1,0,0,1,3,1,1,0,1,5,1
12769,1,2,1,2,1,1,0,0,1,3,1,2,0,1,5,1
12770,1,2,1,2,1,1,0,0,1,3,1,3,0,1,5,1
12771,1,2,1,2,1,1,0,0,1,3,2,1,0,1,5,1
12772,1,2,1,2,1,1,0,0,1,3,2,2,0,1,5,1
12773,1,2,1,2,1,1,0,0,1,3,2,3,0,1,5,1
12774,1,2,1,2,1,1,0,0,1,4,1,1,0,1,5,1
12775,1,2,1,2,1,1,0,0,1,4,1,2,0,1,5,1
12776,1,2,1,2,1,1,0,0,1,4,1,3,0,1,5,1
12777,1,2,1,2,1,1,0,0,1,4,2,1,0,1,5,1
12778,1,2,1,2,1,1,0,0,1,4,2,2,0,1,5,1
12779,1,2,1,2,1,1,0,0,1,4,2,3,0,1,5,1
12780,1,2,1,2,1,1,0,1,0,0,1,1,,0,4,0
12781,1,2,1,2,1,1,0,1,0,0,1,2,,0,4,0
12782,1,2,1,2,1,1,0,1,0,0,1,3,,0,4,0
12783,1,2,1,2,1,1,0,1,0,0,2,1,,0,4,0
12784,1,2,1,2,1,1,0,1,0,0,2,2,,0,4,0
12785,1,2,1,2,1,1,0,1,0,0,2,3,,0,4,0
12786,1,2,1,2,1,1,0,1,0,1,1,1,1,1,4,1
12787,1,2,1,2,1,1,0,1,0,1,1,2,1,1,4,1
12788,1,2,1,2,1,1,0,1,0,1,1,3,1,1,4,1
12789,1,2,1,2,1,1,0,1,0,1,2,1,1,1,4,1
12790,1,2,1,2,1,1,0,1,0,1,2,2,1,1,4,1
12791,1,2,1,2,1,1,0,1,0,1,2,3,1,1,4,1
12792,1,2,1,2,1,1,0,1,0,2,1,1,1,1,4,1
12793,1,2,1,2,1,1,0,1,0,2,1,2,1,1,5,1
12794,1,2,1,2,1,1,0,1,0,2,1,3,1,1,5,1
12795,1,2,1,2,1,1,0,1,0,2,2,1,1,1,4,1
12796,1,2,1,2,1,1,0,1,0,2,2,2,1,1,5,1
12797,1,2,1,2,1,1,0,1,0,2,2,3,1,1,5,1
12798,1,2,1,2,1,1,0,1,0,3,1,1,1,1,4,1
12799,1,2,1,2,1,1,0,1,0,3,1,2,1,1,5,1
12800,1,2,1,2,1,1,0,1,0,3,1,3,1,1,5,1
12801,1,2,1,2,1,1,0,1,0,3,2,1,1,1,4,1
12802,1,2,1,2,1,1,0,1,0,3,2,2,1,1,5,1
12803,1,2,1,2,1,1,0,1,0,3,2,3,1,1,5,1
12804,1,2,1,2,1,1,0,1,0,4,1,1,1,1,4,1
12805,1,2,1,2,1,1,0,1,0,4,1,2,1,1,5,1
12806,1,2,1,2,1,1,0,1,0,4,1,3,1,1,5,1
12807,1,2,1,2,1,1,0,1,0,4,2,1,1,1,4,1
12808,1,2,1,2,1,1,0,1,0,4,2,2,1,1,5,1
12809,1,2,1,2,1,1,0,1,0,4,2,3,1,1,5,1
12810,1,2,1,2,1,1,0,1,1,0,1,1,0,1,4,1
12811,1,2,1,2,1,1,0,1,1,0,1,2,0,1,4,1
12812,1,2,1,2,1,1,0,1,1,0,1,3,0,1,4,1
12813,1,2,1,2,1,1,0,1,1,0,2,1,0,1,4,1
12814,1,2,1,2,1,1,0,1,1,0,2,2,0,1,4,1
12815,1,2,1,2,1,1,0,1,1,0,2,3,0,1,4,1
12816,1,2,1,2,1,1,0,1,1,1,1,1,0,1,4,1
12817,1,2,1,2,1,1,0,1,1,1,1,2,0,1,4,1
12818,1,2,1,2,1,1,0,1,1,1,1,3,0,1,4,1
12819,1,2,1,2,1,1,0,1,1,1,2,1,0,1,4,1
12820,1,2,1,2,1,1,0,1,1,1,2,2,0,1,4,1
12821,1,2,1,2,1,1,0,1,1,1,2,3,0,1,4,1
12822,1,2,1,2,1,1,0,1,1,2,1,1,0,1,5,1
12823,1,2,1,2,1,1,0,1,1,2,1,2,0,1,5,1
12824,1,2,1,2,1,1,0,1,1,2,1,3,0,1,5,1
12825,1,2,1,2,1,1,0,1,1,2,2,1,0,1,5,1
12826,1,2,1,2,1,1,0,1,1,2,2,2,0,1,5,1
12827,1,2,1,2,1,1,0,1,1,2,2,3,0,1,5,1
12828,1,2,1,2,1,1,0,1,1,3,1,1,0,1,5,1
12829,1,2,1,2,1,1,0,1,1,3,1,2,0,1,5,1
12830,1,2,1,2,1,1,0,1,1,3,1,3,0,1,5,1
12831,1,2,1,2,1,1,0,1,1,3,2,1,0,1,5,1
12832,1,2,1,2,1,1,0,1,1,3,2,2,0,1,5,1
12833,1,2,1,2,1,1,0,1,1,3,2,3,0,1,5,1
12834,1,2,1,2,1,1,0,1,1,4,1,1,0,1,5,1
12835,1,2,1,2,1,1,0,1,1,4,1,2,0,1,5,1
12836,1,2,1,2,1,1,0,1,1,4,1,3,0,1,5,1
12837,1,2,1,2,1,1,0,1,1,4,2,1,0,1,5,1
12838,1,2,1,2,1,1,0,1,1,4,2,2,0,1,5,1
12839,1,2,1,2,1,1,0,1,1,4,2,3,0,1,5,1
12840,1,2,1,2,1,1,1,0,0,0,1,1,,0,4,0
12841,1,2,1,2,1,1,1,0,0,0,1,2,,0,4,0
12842,1,2,1,2,1,1,1,0,0,0,1,3,,0,4,0
12843,1,2,1,2,1,1,1,0,0,0,2,1,,0,4,0
12844,1,2,1,2,1,1,1,0,0,0,2,2,,0,4,0
12845,1,2,1,2,1,1,1,0,0,0,2,3,,0,4,0
12846,1,2,1,2,1,1,1,0,0,1,1,1,,0,5,0
12847,1,2,1,2,1,1,1,0,0,1,1,2,1,1,5,1
12848,1,2,1,2,1,1,1,0,0,1,1,3,1,1,5,1
12849,1,2,1,2,1,1,1,0,0,1,2,1,,0,5,0
12850,1,2,1,2,1,1,1,0,0,1,2,2,,0,5,0
12851,1,2,1,2,1,1,1,0,0,1,2,3,1,1,5,1
12852,1,2,1,2,1,1,1,0,0,2,1,1,,0,5,0
12853,1,2,1,2,1,1,1,0,0,2,1,2,1,1,6,1
12854,1,2,1,2,1,1,1,0,0,2,1,3,1,1,7,1
12855,1,2,1,2,1,1,1,0,0,2,2,1,,0,5,0
12856,1,2,1,2,1,1,1,0,0,2,2,2,,0,6,0
12857,1,2,1,2,1,1,1,0,0,2,2,3,1,1,6,1
12858,1,2,1,2,1,1,1,0,0,3,1,1,,0,5,0
12859,1,2,1,2,1,1,1,0,0,3,1,2,1,1,6,1
12860,1,2,1,2,1,1,1,0,0,3,1,3,1,1,7,1
12861,1,2,1,2,1,1,1,0,0,3,2,1,,0,5,0
12862,1,2,1,2,1,1,1,0,0,3,2,2,,0,6,0
12863,1,2,1,2,1,1,1,0,0,3,2,3,1,1,6,1
12864,1,2,1,2,1,1,1,0,0,4,1,1,,0,5,0
12865,1,2,1,2,1,1,1,0,0,4,1,2,1,1,6,1
12866,1,2,1,2,1,1,1,0,0,4,1,3,1,1,7,1
12867,1,2,1,2,1,1,1,0,0,4,2,1,,0,5,0
12868,1,2,1,2,1,1,1,0,0,4,2,2,,0,6,0
12869,1,2,1,2,1,1,1,0,0,4,2,3,1,1,6,1
12870,1,2,1,2,1,1,1,0,1,0,1,1,0,1,4,1
12871,1,2,1,2,1,1,1,0,1,0,1,2,0,1,4,1
12872,1,2,1,2,1,1,1,0,1,0,1,3,0,1,4,1
12873,1,2,1,2,1,1,1,0,1,0,2,1,0,1,4,1
12874,1,2,1,2,1,1,1,0,1,0,2,2,0,1,4,1
12875,1,2,1,2,1,1,1,0,1,0,2,3,0,1,4,1
12876,1,2,1,2,1,1,1,0,1,1,1,1,0,1,5,1
12877,1,2,1,2,1,1,1,0,1,1,1,2,0,1,5,1
12878,1,2,1,2,1,1,1,0,1,1,1,3,0,1,5,1
12879,1,2,1,2,1,1,1,0,1,1,2,1,0,1,5,1
12880,1,2,1,2,1,1,1,0,1,1,2,2,0,1,5,1
12881,1,2,1,2,1,1,1,0,1,1,2,3,0,1,5,1
12882,1,2,1,2,1,1,1,0,1,2,1,1,0,1,7,1
12883,1,2,1,2,1,1,1,0,1,2,1,2,0,1,7,1
12884,1,2,1,2,1,1,1,0,1,2,1,3,0,1,7,1
12885,1,2,1,2,1,1,1,0,1,2,2,1,0,1,7,1
12886,1,2,1,2,1,1,1,0,1,2,2,2,0,1,7,1
12887,1,2,1,2,1,1,1,0,1,2,2,3,0,1,7,1
12888,1,2,1,2,1,1,1,0,1,3,1,1,0,1,7,1
12889,1,2,1,2,1,1,1,0,1,3,1,2,0,1,7,1
12890,1,2,1,2,1,1,1,0,1,3,1,3,0,1,7,1
12891,1,2,1,2,1,1,1,0,1,3,2,1,0,1,7,1
12892,1,2,1,2,1,1,1,0,1,3,2,2,0,1,7,1
12893,1,2,1,2,1,1,1,0,1,3,2,3,0,1,7,1
12894,1,2,1,2,1,1,1,0,1,4,1,1,0,1,7,1
12895,1,2,1,2,1,1,1,0,1,4,1,2,0,1,7,1
12896,1,2,1,2,1,1,1,0,1,4,1,3,0,1,7,1
12897,1,2,1,2,1,1,1,0,1,4,2,1,0,1,7,1
12898,1,2,1,2,1,1,1,0,1,4,2,2,0,1,7,1
12899,1,2,1,2,1,1,1,0,1,4,2,3,0,1,7,1
12900,1,2,1,2,1,1,1,1,0,0,1,1,,0,4,0
12901,1,2,1,2,1,1,1,1,0,0,1,2,,0,4,0
12902,1,2,1,2,1,1,1,1,0,0,1,3,,0,4,0
12903,1,2,1,2,1,1,1,1,0,0,2,1,,0,4,0
12904,1,2,1,2,1,1,1,1,0,0,2,2,,0,4,0
12905,1,2,1,2,1,1,1,1,0,0,2,3,,0,4,0
12906,1,2,1,2,1,1,1,1,0,1,1,1,,0,5,0
12907,1,2,1,2,1,1,1,1,0,1,1,2,1,1,5,1
12908,1,2,1,2,1,1,1,1,0,1,1,3,1,1,5,1
12909,1,2,1,2,1,1,1,1,0,1,2,1,,0,5,0
12910,1,2,1,2,1,1,1,1,0,1,2,2,,0,5,0
12911,1,2,1,2,1,1,1,1,0,1,2,3,1,1,5,1
12912,1,2,1,2,1,1,1,1,0,2,1,1,,0,5,0
12913,1,2,1,2,1,1,1,1,0,2,1,2,1,1,6,1
12914,1,2,1,2,1,1,1,1,0,2,1,3,1,1,8,1
12915,1,2,1,2,1,1,1,1,0,2,2,1,,0,5,0
12916,1,2,1,2,1,1,1,1,0,2,2,2,,0,6,0
12917,1,2,1,2,1,1,1,1,0,2,2,3,1,1,6,1
12918,1,2,1,2,1,1,1,1,0,3,1,1,,0,5,0
12919,1,2,1,2,1,1,1,1,0,3,1,2,1,1,6,1
12920,1,2,1,2,1,1,1,1,0,3,1,3,1,1,8,1
12921,1,2,1,2,1,1,1,1,0,3,2,1,,0,5,0
12922,1,2,1,2,1,1,1,1,0,3,2,2,,0,6,0
12923,1,2,1,2,1,1,1,1,0,3,2,3,1,1,6,1
12924,1,2,1,2,1,1,1,1,0,4,1,1,,0,5,0
12925,1,2,1,2,1,1,1,1,0,4,1,2,1,1,6,1
12926,1,2,1,2,1,1,1,1,0,4,1,3,1,1,8,1
12927,1,2,1,2,1,1,1,1,0,4,2,1,,0,5,0
12928,1,2,1,2,1,1,1,1,0,4,2,2,,0,6,0
12929,1,2,1,2,1,1,1,1,0,4,2,3,1,1,6,1
12930,1,2,1,2,1,1,1,1,1,0,1,1,0,1,4,1
12931,1,2,1,2,1,1,1,1,1,0,1,2,0,1,4,1
12932,1,2,1,2,1,1,1,1,1,0,1,3,0,1,4,1
12933,1,2,1,2,1,1,1,1,1,0,2,1,0,1,4,1
12934,1,2,1,2,1,1,1,1,1,0,2,2,0,1,4,1
12935,1,2,1,2,1,1,1,1,1,0,2,3,0,1,4,1
12936,1,2,1,2,1,1,1,1,1,1,1,1,0,1,5,1
12937,1,2,1,2,1,1,1,1,1,1,1,2,0,1,5,1
12938,1,2,1,2,1,1,1,1,1,1,1,3,0,1,5,1
12939,1,2,1,2,1,1,1,1,1,1,2,1,0,1,5,1
12940,1,2,1,2,1,1,1,1,1,1,2,2,0,1,5,1
12941,1,2,1,2,1,1,1,1,1,1,2,3,0,1,5,1
12942,1,2,1,2,1,1,1,1,1,2,1,1,0,1,8,1
12943,1,2,1,2,1,1,1,1,1,2,1,2,0,1,8,1
12944,1,2,1,2,1,1,1,1,1,2,1,3,0,1,8,1
12945,1,2,1,2,1,1,1,1,1,2,2,1,0,1,8,1
12946,1,2,1,2,1,1,1,1,1,2,2,2,0,1,8,1
12947,1,2,1,2,1,1,1,1,1,2,2,3,0,1,8,1
12948,1,2,1,2,1,1,1,1,1,3,1,1,0,1,8,1
12949,1,2,1,2,1,1,1,1,1,3,1,2,0,1,8,1
12950,1,2,1,2,1,1,1,1,1,3,1,3,0,1,8,1
12951,1,2,1,2,1,1,1,1,1,3,2,1,0,1,8,1
12952,1,2,1,2,1,1,1,1,1,3,2,2,0,1,8,1
12953,1,2,1,2,1,1,1,1,1,3,2,3,0,1,8,1
12954,1,2,1,2,1,1,1,1,1,4,1,1,0,1,8,1
12955,1,2,1,2,1,1,1,1,1,4,1,2,0,1,8,1
12956,1,2,1,2,1,1,1,1,1,4,1,3,0,1,8,1
12957,1,2,1,2,1,1,1,1,1,4,2,1,0,1,8,1
12958,1,2,1,2,1,1,1,1,1,4,2,2,0,1,8,1
12959,1,2,1,2,1,1,1,1,1,4,2,3,0,1,8,1
12960,1,2,1,2,2,0,0,0,0,0,1,1,,0,4,0
12961,1,2,1,2,2,0,0,0,0,0,1,2,,0,4,0
12962,1,2,1,2,2,0,0,0,0,0,1,3,,0,4,0
12963,1,2,1,2,2,0,0,0,0,0,2,1,,0,4,0
12964,1,2,1,2,2,0,0,0,0,0,2,2,,0,4,0
12965,1,2,1,2,2,0,0,0,0,0,2,3,,0,4,0
12966,1,2,1,2,2,0,0,0,0,1,1,1,,0,4,0
12967,1,2,1,2,2,0,0,0,0,1,1,2,1,1,4,1
12968,1,2,1,2,2,0,0,0,0,1,1,3,1,1,4,1
12969,1,2,1,2,2,0,0,0,0,1,2,1,,0,4,0
12970,1,2,1,2,2,0,0,0,0,1,2,2,1,1,4,1
12971,1,2,1,2,2,0,0,0,0,1,2,3,1,1,4,1
12972,1,2,1,2,2,0,0,0,0,2,1,1,,0,4,0
12973,1,2,1,2,2,0,0,0,0,2,1,2,1,1,4,1
12974,1,2,1,2,2,0,0,0,0,2,1,3,1,1,4,1
12975,1,2,1,2,2,0,0,0,0,2,2,1,,0,4,0
12976,1,2,1,2,2,0,0,0,0,2,2,2,1,1,4,1
12977,1,2,1,2,2,0,0,0,0,2,2,3,1,1,4,1
12978,1,2,1,2,2,0,0,0,0,3,1,1,,0,4,0
12979,1,2,1,2,2,0,0,0,0,3,1,2,1,1,4,1
12980,1,2,1,2,2,0,0,0,0,3,1,3,1,1,4,1
12981,1,2,1,2,2,0,0,0,0,3,2,1,,0,4,0
12982,1,2,1,2,2,0,0,0,0,3,2,2,1,1,4,1
12983,1,2,1,2,2,0,0,0,0,3,2,3,1,1,4,1
12984,1,2,1,2,2,0,0,0,0,4,1,1,,0,4,0
12985,1,2,1,2,2,0,0,0,0,4,1,2,1,1,4,1
12986,1,2,1,2,2,0,0,0,0,4,1,3,1,1,4,1
12987,1,2,1,2,2,0,0,0,0,4,2,1,,0,4,0
12988,1,2,1,2,2,0,0,0,0,4,2,2,1,1,4,1
12989,1,2,1,2,2,0,0,0,0,4,2,3,1,1,4,1
12990,1,2,1,2,2,0,0,0,1,0,1,1,0,1,4,1
12991,1,2,1,2,2,0,0,0,1,0,1,2,0,1,4,1
12992,1,2,1,2,2,0,0,0,1,0,1,3,0,1,4,1
12993,1,2,1,2,2,0,0,0,1,0,2,1,0,1,4,1
12994,1,2,1,2,2,0,0,0,1,0,2,2,0,1,4,1
12995,1,2,1,2,2,0,0,0,1,0,2,3,0,1,4,1
12996,1,2,1,2,2,0,0,0,1,1,1,1,0,1,4,1
12997,1,2,1,2,2,0,0,0,1,1,1,2,0,1,4,1
12998,1,2,1,2,2,0,0,0,1,1,1,3,0,1,4,1
12999,1,2,1,2,2,0,0,0,1,1,2,1,0,1,4,1
13000,1,2,1,2,2,0,0,0,1,1,2,2,0,1,4,1
13001,1,2,1,2,2,0,0,0,1,1,2,3,0,1,4,1
13002,1,2,1,2,2,0,0,0,1,2,1,1,0,1,4,1
13003,1,2,1,2,2,0,0,0,1,2,1,2,0,1,4,1
13004,1,2,1,2,2,0,0,0,1,2,1,3,0,1,4,1
13005,1,2,1,2,2,0,0,0,1,2,2,1,0,1,4,1
13006,1,2,1,2,2,0,0,0,1,2,2,2,0,1,4,1
13007,1,2,1,2,2,0,0,0,1,2,2,3,0,1,4,1
13008,1,2,1,2,2,0,0,0,1,3,1,1,0,1,4,1
13009,1,2,1,2,2,0,0,0,1,3,1,2,0,1,4,1
13010,1,2,1,2,2,0,0,0,1,3,1,3,0,1,4,1
13011,1,2,1,2,2,0,0,0,1,3,2,1,0,1,4,1
13012,1,2,1,2,2,0,0,0,1,3,2,2,0,1,4,1
13013,1,2,1,2,2,0,0,0,1,3,2,3,0,1,4,1
13014,1,2,1,2,2,0,0,0,1,4,1,1,0,1,4,1
13015,1,2,1,2,2,0,0,0,1,4,1,2,0,1,4,1
13016,1,2,1,2,2,0,0,0,1,4,1,3,0,1,4,1
13017,1,2,1,2,2,0,0,0,1,4,2,1,0,1,4,1
13018,1,2,1,2,2,0,0,0,1,4,2,2,0,1,4,1
13019,1,2,1,2,2,0,0,0,1,4,2,3,0,1,4,1
13020,1,2,1,2,2,0,0,1,0,0,1,1,,0,4,0
13021,1,2,1,2,2,0,0,1,0,0,1,2,,0,4,0
13022,1,2,1,2,2,0,0,1,0,0,1,3,,0,4,0
13023,1,2,1,2,2,0,0,1,0,0,2,1,,0,4,0
13024,1,2,1,2,2,0,0,1,0,0,2,2,,0,4,0
13025,1,2,1,2,2,0,0,1,0,0,2,3,,0,4,0
13026,1,2,1,2,2,0,0,1,0,1,1,1,,0,4,0
13027,1,2,1,2,2,0,0,1,0,1,1,2,1,1,4,1
13028,1,2,1,2,2,0,0,1,0,1,1,3,1,1,4,1
13029,1,2,1,2,2,0,0,1,0,1,2,1,,0,4,0
13030,1,2,1,2,2,0,0,1,0,1,2,2,1,1,4,1
13031,1,2,1,2,2,0,0,1,0,1,2,3,1,1,4,1
13032,1,2,1,2,2,0,0,1,0,2,1,1,,0,4,0
13033,1,2,1,2,2,0,0,1,0,2,1,2,1,1,4,1
13034,1,2,1,2,2,0,0,1,0,2,1,3,1,1,4,1
13035,1,2,1,2,2,0,0,1,0,2,2,1,,0,4,0
13036,1,2,1,2,2,0,0,1,0,2,2,2,1,1,4,1
13037,1,2,1,2,2,0,0,1,0,2,2,3,1,1,4,1
13038,1,2,1,2,2,0,0,1,0,3,1,1,,0,4,0
13039,1,2,1,2,2,0,0,1,0,3,1,2,1,1,4,1
13040,1,2,1,2,2,0,0,1,0,3,1,3,1,1,4,1
13041,1,2,1,2,2,0,0,1,0,3,2,1,,0,4,0
13042,1,2,1,2,2,0,0,1,0,3,2,2,1,1,4,1
13043,1,2,1,2,2,0,0,1,0,3,2,3,1,1,4,1
13044,1,2,1,2,2,0,0,1,0,4,1,1,,0,4,0
13045,1,2,1,2,2,0,0,1,0,4,1,2,1,1,4,1
13046,1,2,1,2,2,0,0,1,0,4,1,3,1,1,4,1
13047,1,2,1,2,2,0,0,1,0,4,2,1,,0,4,0
13048,1,2,1,2,2,0,0,1,0,4,2,2,1,1,4,1
13049,1,2,1,2,2,0,0,1,0,4,2,3,1,1,4,1
13050,1,2,1,2,2,0,0,1,1,0,1,1,0,1,4,1
13051,1,2,1,2,2,0,0,1,1,0,1,2,0,1,4,1
13052,1,2,1,2,2,0,0,1,1,0,1,3,0,1,4,1
13053,1,2,1,2,2,0,0,1,1,0,2,1,0,1,4,1
13054,1,2,1,2,2,0,0,1,1,0,2,2,0,1,4,1
13055,1,2,1,2,2,0,0,1,1,0,2,3,0,1,4,1
13056,1,2,1,2,2,0,0,1,1,1,1,1,0,1,4,1
13057,1,2,1,2,2,0,0,1,1,1,1,2,0,1,4,1
13058,1,2,1,2,2,0,0,1,1,1,1,3,0,1,4,1
13059,1,2,1,2,2,0,0,1,1,1,2,1,0,1,4,1
13060,1,2,1,2,2,0,0,1,1,1,2,2,0,1,4,1
13061,1,2,1,2,2,0,0,1,1,1,2,3,0,1,4,1
13062,1,2,1,2,2,0,0,1,1,2,1,1,0,1,4,1
13063,1,2,1,2,2,0,0,1,1,2,1,2,0,1,4,1
13064,1,2,1,2,2,0,0,1,1,2,1,3,0,1,4,1
13065,1,2,1,2,2,0,0,1,1,2,2,1,0,1,4,1
13066,1,2,1,2,2,0,0,1,1,2,2,2,0,1,4,1
13067,1,2,1,2,2,0,0,1,1,2,2,3,0,1,4,1
13068,1,2,1,2,2,0,0,1,1,3,1,1,0,1,4,1
13069,1,2,1,2,2,0,0,1,1,3,1,2,0,1,4,1
13070,1,2,1,2,2,0,0,1,1,3,1,3,0,1,4,1
13071,1,2,1,2,2,0,0,1,1,3,2,1,0,1,4,1
13072,1,2,1,2,2,0,0,1,1,3,2,2,0,1,4,1
13073,1,2,1,2,2,0,0,1,1,3,2,3,0,1,4,1
13074,1,2,1,2,2,0,0,1,1,4,1,1,0,1,4,1
13075,1,2,1,2,2,0,0,1,1,4,1,2,0,1,4,1
13076,1,2,1,2,2,0,0,1,1,4,1,3,0,1,4,1
13077,1,2,1,2,2,0,0,1,1,4,2,1,0,1,4,1
13078,1,2,1,2,2,0,0,1,1,4,2,2,0,1,4,1
13079,1,2,1,2,2,0,0,1,1,4,2,3,0,1,4,1
13080,1,2,1,2,2,0,1,0,0,0,1,1,,0,4,0
13081,1,2,1,2,2,0,1,0,0,0,1,2,,0,4,0
13082,1,2,1,2,2,0,1,0,0,0,1,3,,0,4,0
13083,1,2,1,2,2,0,1,0,0,0,2,1,,0,4,0
13084,1,2,1,2,2,0,1,0,0,0,2,2,,0,4,0
13085,1,2,1,2,2,0,1,0,0,0,2,3,,0,4,0
13086,1,2,1,2,2,0,1,0,0,1,1,1,,0,4,0
13087,1,2,1,2,2,0,1,0,0,1,1,2,,0,5,0
13088,1,2,1,2,2,0,1,0,0,1,1,3,1,1,5,1
13089,1,2,1,2,2,0,1,0,0,1,2,1,,0,4,0
13090,1,2,1,2,2,0,1,0,0,1,2,2,,0,5,0
13091,1,2,1,2,2,0,1,0,0,1,2,3,,0,5,0
13092,1,2,1,2,2,0,1,0,0,2,1,1,,0,4,0
13093,1,2,1,2,2,0,1,0,0,2,1,2,,0,6,0
13094,1,2,1,2,2,0,1,0,0,2,1,3,1,1,6,1
13095,1,2,1,2,2,0,1,0,0,2,2,1,,0,4,0
13096,1,2,1,2,2,0,1,0,0,2,2,2,,0,6,0
13097,1,2,1,2,2,0,1,0,0,2,2,3,,0,6,0
13098,1,2,1,2,2,0,1,0,0,3,1,1,,0,4,0
13099,1,2,1,2,2,0,1,0,0,3,1,2,,0,6,0
13100,1,2,1,2,2,0,1,0,0,3,1,3,1,1,6,1
13101,1,2,1,2,2,0,1,0,0,3,2,1,,0,4,0
13102,1,2,1,2,2,0,1,0,0,3,2,2,,0,6,0
13103,1,2,1,2,2,0,1,0,0,3,2,3,,0,6,0
13104,1,2,1,2,2,0,1,0,0,4,1,1,,0,4,0
13105,1,2,1,2,2,0,1,0,0,4,1,2,,0,6,0
13106,1,2,1,2,2,0,1,0,0,4,1,3,1,1,6,1
13107,1,2,1,2,2,0,1,0,0,4,2,1,,0,4,0
13108,1,2,1,2,2,0,1,0,0,4,2,2,,0,6,0
13109,1,2,1,2,2,0,1,0,0,4,2,3,,0,6,0
13110,1,2,1,2,2,0,1,0,1,0,1,1,0,1,4,1
13111,1,2,1,2,2,0,1,0,1,0,1,2,0,1,4,1
13112,1,2,1,2,2,0,1,0,1,0,1,3,0,1,4,1
13113,1,2,1,2,2,0,1,0,1,0,2,1,0,1,4,1
13114,1,2,1,2,2,0,1,0,1,0,2,2,0,1,4,1
13115,1,2,1,2,2,0,1,0,1,0,2,3,0,1,4,1
13116,1,2,1,2,2,0,1,0,1,1,1,1,0,1,5,1
13117,1,2,1,2,2,0,1,0,1,1,1,2,0,1,5,1
13118,1,2,1,2,2,0,1,0,1,1,1,3,0,1,5,1
13119,1,2,1,2,2,0,1,0,1,1,2,1,0,1,5,1
13120,1,2,1,2,2,0,1,0,1,1,2,2,0,1,5,1
13121,1,2,1,2,2,0,1,0,1,1,2,3,0,1,5,1
13122,1,2,1,2,2,0,1,0,1,2,1,1,0,1,6,1
13123,1,2,1,2,2,0,1,0,1,2,1,2,0,1,6,1
13124,1,2,1,2,2,0,1,0,1,2,1,3,0,1,6,1
13125,1,2,1,2,2,0,1,0,1,2,2,1,0,1,6,1
13126,1,2,1,2,2,0,1,0,1,2,2,2,0,1,6,1
13127,1,2,1,2,2,0,1,0,1,2,2,3,0,1,6,1
13128,1,2,1,2,2,0,1,0,1,3,1,1,0,1,6,1
13129,1,2,1,2,2,0,1,0,1,3,1,2,0,1,6,1
13130,1,2,1,2,2,0,1,0,1,3,1,3,0,1,6,1
13131,1,2,1,2,2,0,1,0,1,3,2,1,0,1,6,1
13132,1,2,1,2,2,0,1,0,1,3,2,2,0,1,6,1
13133,1,2,1,2,2,0,1,0,1,3,2,3,0,1,6,1
13134,1,2,1,2,2,0,1,0,1,4,1,1,0,1,6,1
13135,1,2,1,2,2,0,1,0,1,4,1,2,0,1,6,1
13136,1,2,1,2,2,0,1,0,1,4,1,3,0,1,6,1
13137,1,2,1,2,2,0,1,0,1,4,2,1,0,1,6,1
13138,1,2,1,2,2,0,1,0,1,4,2,2,0,1,6,1
13139,1,2,1,2,2,0,1,0,1,4,2,3,0,1,6,1
13140,1,2,1,2,2,0,1,1,0,0,1,1,,0,4,0
13141,1,2,1,2,2,0,1,1,0,0,1,2,,0,4,0
13142,1,2,1,2,2,0,1,1,0,0,1,3,,0,4,0
13143,1,2,1,2,2,0,1,1,0,0,2,1,,0,4,0
13144,1,2,1,2,2,0,1,1,0,0,2,2,,0,4,0
13145,1,2,1,2,2,0,1,1,0,0,2,3,,0,4,0
13146,1,2,1,2,2,0,1,1,0,1,1,1,,0,4,0
13147,1,2,1,2,2,0,1,1,0,1,1,2,,0,5,0
13148,1,2,1,2,2,0,1,1,0,1,1,3,1,1,5,1
13149,1,2,1,2,2,0,1,1,0,1,2,1,,0,4,0
13150,1,2,1,2,2,0,1,1,0,1,2,2,,0,5,0
13151,1,2,1,2,2,0,1,1,0,1,2,3,,0,5,0
13152,1,2,1,2,2,0,1,1,0,2,1,1,,0,4,0
13153,1,2,1,2,2,0,1,1,0,2,1,2,,0,6,0
13154,1,2,1,2,2,0,1,1,0,2,1,3,1,1,6,1
13155,1,2,1,2,2,0,1,1,0,2,2,1,,0,4,0
13156,1,2,1,2,2,0,1,1,0,2,2,2,,0,6,0
13157,1,2,1,2,2,0,1,1,0,2,2,3,,0,6,0
13158,1,2,1,2,2,0,1,1,0,3,1,1,,0,4,0
13159,1,2,1,2,2,0,1,1,0,3,1,2,,0,6,0
13160,1,2,1,2,2,0,1,1,0,3,1,3,1,1,6,1
13161,1,2,1,2,2,0,1,1,0,3,2,1,,0,4,0
13162,1,2,1,2,2,0,1,1,0,3,2,2,,0,6,0
13163,1,2,1,2,2,0,1,1,0,3,2,3,,0,6,0
13164,1,2,1,2,2,0,1,1,0,4,1,1,,0,4,0
13165,1,2,1,2,2,0,1,1,0,4,1,2,,0,6,0
13166,1,2,1,2,2,0,1,1,0,4,1,3,1,1,6,1
13167,1,2,1,2,2,0,1,1,0,4,2,1,,0,4,0
13168,1,2,1,2,2,0,1,1,0,4,2,2,,0,6,0
13169,1,2,1,2,2,0,1,1,0,4,2,3,,0,6,0
13170,1,2,1,2,2,0,1,1,1,0,1,1,0,1,4,1
13171,1,2,1,2,2,0,1,1,1,0,1,2,0,1,4,1
13172,1,2,1,2,2,0,1,1,1,0,1,3,0,1,4,1
13173,1,2,1,2,2,0,1,1,1,0,2,1,0,1,4,1
13174,1,2,1,2,2,0,1,1,1,0,2,2,0,1,4,1
13175,1,2,1,2,2,0,1,1,1,0,2,3,0,1,4,1
13176,1,2,1,2,2,0,1,1,1,1,1,1,0,1,5,1
13177,1,2,1,2,2,0,1,1,1,1,1,2,0,1,5,1
13178,1,2,1,2,2,0,1,1,1,1,1,3,0,1,5,1
13179,1,2,1,2,2,0,1,1,1,1,2,1,0,1,5,1
13180,1,2,1,2,2,0,1,1,1,1,2,2,0,1,5,1
13181,1,2,1,2,2,0,1,1,1,1,2,3,0,1,5,1
13182,1,2,1,2,2,0,1,1,1,2,1,1,0,1,6,1
13183,1,2,1,2,2,0,1,1,1,2,1,2,0,1,6,1
13184,1,2,1,2,2,0,1,1,1,2,1,3,0,1,6,1
13185,1,2,1,2,2,0,1,1,1,2,2,1,0,1,6,1
13186,1,2,1,2,2,0,1,1,1,2,2,2,0,1,6,1
13187,1,2,1,2,2,0,1,1,1,2,2,3,0,1,6,1
13188,1,2,1,2,2,0,1,1,1,3,1,1,0,1,6,1
13189,1,2,1,2,2,0,1,1,1,3,1,2,0,1,6,1
13190,1,2,1,2,2,0,1,1,1,3,1,3,0,1,6,1
13191,1,2,1,2,2,0,1,1,1,3,2,1,0,1,6,1
13192,1,2,1,2,2,0,1,1,1,3,2,2,0,1,6,1
13193,1,2,1,2,2,0,1,1,1,3,2,3,0,1,6,1
13194,1,2,1,2,2,0,1,1,1,4,1,1,0,1,6,1
13195,1,2,1,2,2,0,1,1,1,4,1,2,0,1,6,1
13196,1,2,1,2,2,0,1,1,1,4,1,3,0,1,6,1
13197,1,2,1,2,2,0,1,1,1,4,2,1,0,1,6,1
13198,1,2,1,2,2,0,1,1,1,4,2,2,0,1,6,1
13199,1,2,1,2,2,0,1,1,1,4,2,3,0,1,6,1
13200,1,2,1,2,2,1,0,0,0,0,1,1,,0,4,0
13201,1,2,1,2,2,1,0,0,0,0,1,2,,0,4,0
13202,1,2,1,2,2,1,0,0,0,0,1,3,,0,4,0
13203,1,2,1,2,2,1,0,0,0,0,2,1,,0,4,0
13204,1,2,1,2,2,1,0,0,0,0,2,2,,0,4,0
13205,1,2,1,2,2,1,0,0,0,0,2,3,,0,4,0
13206,1,2,1,2,2,1,0,0,0,1,1,1,,0,4,0
13207,1,2,1,2,2,1,0,0,0,1,1,2,1,1,4,1
13208,1,2,1,2,2,1,0,0,0,1,1,3,1,1,4,1
13209,1,2,1,2,2,1,0,0,0,1,2,1,,0,4,0
13210,1,2,1,2,2,1,0,0,0,1,2,2,1,1,4,1
13211,1,2,1,2,2,1,0,0,0,1,2,3,1,1,4,1
13212,1,2,1,2,2,1,0,0,0,2,1,1,,0,4,0
13213,1,2,1,2,2,1,0,0,0,2,1,2,1,1,5,1
13214,1,2,1,2,2,1,0,0,0,2,1,3,1,1,5,1
13215,1,2,1,2,2,1,0,0,0,2,2,1,,0,4,0
13216,1,2,1,2,2,1,0,0,0,2,2,2,1,1,5,1
13217,1,2,1,2,2,1,0,0,0,2,2,3,1,1,5,1
13218,1,2,1,2,2,1,0,0,0,3,1,1,,0,4,0
13219,1,2,1,2,2,1,0,0,0,3,1,2,1,1,5,1
13220,1,2,1,2,2,1,0,0,0,3,1,3,1,1,5,1
13221,1,2,1,2,2,1,0,0,0,3,2,1,,0,4,0
13222,1,2,1,2,2,1,0,0,0,3,2,2,1,1,5,1
13223,1,2,1,2,2,1,0,0,0,3,2,3,1,1,5,1
13224,1,2,1,2,2,1,0,0,0,4,1,1,,0,4,0
13225,1,2,1,2,2,1,0,0,0,4,1,2,1,1,5,1
13226,1,2,1,2,2,1,0,0,0,4,1,3,1,1,5,1
13227,1,2,1,2,2,1,0,0,0,4,2,1,,0,4,0
13228,1,2,1,2,2,1,0,0,0,4,2,2,1,1,5,1
13229,1,2,1,2,2,1,0,0,0,4,2,3,1,1,5,1
13230,1,2,1,2,2,1,0,0,1,0,1,1,0,1,4,1
13231,1,2,1,2,2,1,0,0,1,0,1,2,0,1,4,1
13232,1,2,1,2,2,1,0,0,1,0,1,3,0,1,4,1
13233,1,2,1,2,2,1,0,0,1,0,2,1,0,1,4,1
13234,1,2,1,2,2,1,0,0,1,0,2,2,0,1,4,1
13235,1,2,1,2,2,1,0,0,1,0,2,3,0,1,4,1
13236,1,2,1,2,2,1,0,0,1,1,1,1,0,1,4,1
13237,1,2,1,2,2,1,0,0,1,1,1,2,0,1,4,1
13238,1,2,1,2,2,1,0,0,1,1,1,3,0,1,4,1
13239,1,2,1,2,2,1,0,0,1,1,2,1,0,1,4,1
13240,1,2,1,2,2,1,0,0,1,1,2,2,0,1,4,1
13241,1,2,1,2,2,1,0,0,1,1,2,3,0,1,4,1
13242,1,2,1,2,2,1,0,0,1,2,1,1,0,1,5,1
13243,1,2,1,2,2,1,0,0,1,2,1,2,0,1,5,1
13244,1,2,1,2,2,1,0,0,1,2,1,3,0,1,5,1
13245,1,2,1,2,2,1,0,0,1,2,2,1,0,1,5,1
13246,1,2,1,2,2,1,0,0,1,2,2,2,0,1,5,1
13247,1,2,1,2,2,1,0,0,1,2,2,3,0,1,5,1
13248,1,2,1,2,2,1,0,0,1,3,1,1,0,1,5,1
13249,1,2,1,2,2,1,0,0,1,3,1,2,0,1,5,1
13250,1,2,1,2,2,1,0,0,1,3,1,3,0,1,5,1
13251,1,2,1,2,2,1,0,0,1,3,2,1,0,1,5,1
13252,1,2,1,2,2,1,0,0,1,3,2,2,0,1,5,1
13253,1,2,1,2,2,1,0,0,1,3,2,3,0,1,5,1
13254,1,2,1,2,2,1,0,0,1,4,1,1,0,1,5,1
13255,1,2,1,2,2,1,0,0,1,4,1,2,0,1,5,1
13256,1,2,1,2,2,1,0,0,1,4,1,3,0,1,5,1
13257,1,2,1,2,2,1,0,0,1,4,2,1,0,1,5,1
13258,1,2,1,2,2,1,0,0,1,4,2,2,0,1,5,1
13259,1,2,1,2,2,1,0,0,1,4,2,3,0,1,5,1
13260,1,2,1,2,2,1,0,1,0,0,1,1,,0,4,0
13261,1,2,1,2,2,1,0,1,0,0,1,2,,0,4,0
13262,1,2,1,2,2,1,0,1,0,0,1,3,,0,4,0
13263,1,2,1,2,2,1,0,1,0,0,2,1,,0,4,0
13264,1,2,1,2,2,1,0,1,0,0,2,2,,0,4,0
13265,1,2,1,2,2,1,0,1,0,0,2,3,,0,4,0
13266,1,2,1,2,2,1,0,1,0,1,1,1,,0,4,0
13267,1,2,1,2,2,1,0,1,0,1,1,2,1,1,4,1
13268,1,2,1,2,2,1,0,1,0,1,1,3,1,1,4,1
13269,1,2,1,2,2,1,0,1,0,1,2,1,,0,4,0
13270,1,2,1,2,2,1,0,1,0,1,2,2,1,1,4,1
13271,1,2,1,2,2,1,0,1,0,1,2,3,1,1,4,1
13272,1,2,1,2,2,1,0,1,0,2,1,1,,0,4,0
13273,1,2,1,2,2,1,0,1,0,2,1,2,1,1,5,1
13274,1,2,1,2,2,1,0,1,0,2,1,3,1,1,5,1
13275,1,2,1,2,2,1,0,1,0,2,2,1,,0,4,0
13276,1,2,1,2,2,1,0,1,0,2,2,2,1,1,5,1
13277,1,2,1,2,2,1,0,1,0,2,2,3,1,1,5,1
13278,1,2,1,2,2,1,0,1,0,3,1,1,,0,4,0
13279,1,2,1,2,2,1,0,1,0,3,1,2,1,1,5,1
13280,1,2,1,2,2,1,0,1,0,3,1,3,1,1,5,1
13281,1,2,1,2,2,1,0,1,0,3,2,1,,0,4,0
13282,1,2,1,2,2,1,0,1,0,3,2,2,1,1,5,1
13283,1,2,1,2,2,1,0,1,0,3,2,3,1,1,5,1
13284,1,2,1,2,2,1,0,1,0,4,1,1,,0,4,0
13285,1,2,1,2,2,1,0,1,0,4,1,2,1,1,5,1
13286,1,2,1,2,2,1,0,1,0,4,1,3,1,1,5,1
13287,1,2,1,2,2,1,0,1,0,4,2,1,,0,4,0
13288,1,2,1,2,2,1,0,1,0,4,2,2,1,1,5,1
13289,1,2,1,2,2,1,0,1,0,4,2,3,1,1,5,1
13290,1,2,1,2,2,1,0,1,1,0,1,1,0,1,4,1
13291,1,2,1,2,2,1,0,1,1,0,1,2,0,1,4,1
13292,1,2,1,2,2,1,0,1,1,0,1,3,0,1,4,1
13293,1,2,1,2,2,1,0,1,1,0,2,1,0,1,4,1
13294,1,2,1,2,2,1,0,1,1,0,2,2,0,1,4,1
13295,1,2,1,2,2,1,0,1,1,0,2,3,0,1,4,1
13296,1,2,1,2,2,1,0,1,1,1,1,1,0,1,4,1
13297,1,2,1,2,2,1,0,1,1,1,1,2,0,1,4,1
13298,1,2,1,2,2,1,0,1,1,1,1,3,0,1,4,1
13299,1,2,1,2,2,1,0,1,1,1,2,1,0,1,4,1
13300,1,2,1,2,2,1,0,1,1,1,2,2,0,1,4,1
13301,1,2,1,2,2,1,0,1,1,1,2,3,0,1,4,1
13302,1,2,1,2,2,1,0,1,1,2,1,1,0,1,5,1
13303,1,2,1,2,2,1,0,1,1,2,1,2,0,1,5,1
13304,1,2,1,2,2,1,0,1,1,2,1,3,0,1,5,1
13305,1,2,1,2,2,1,0,1,1,2,2,1,0,1,5,1
13306,1,2,1,2,2,1,0,1,1,2,2,2,0,1,5,1
13307,1,2,1,2,2,1,0,1,1,2,2,3,0,1,5,1
13308,1,2,1,2,2,1,0,1,1,3,1,1,0,1,5,1
13309,1,2,1,2,2,1,0,1,1,3,1,2,0,1,5,1
13310,1,2,1,2,2,1,0,1,1,3,1,3,0,1,5,1
13311,1,2,1,2,2,1,0,1,1,3,2,1,0,1,5,1
13312,1,2,1,2,2,1,0,1,1,3,2,2,0,1,5,1
13313,1,2,1,2,2,1,0,1,1,3,2,3,0,1,5,1
13314,1,2,1,2,2,1,0,1,1,4,1,1,0,1,5,1
13315,1,2,1,2,2,1,0,1,1,4,1,2,0,1,5,1
13316,1,2,1,2,2,1,0,1,1,4,1,3,0,1,5,1
13317,1,2,1,2,2,1,0,1,1,4,2,1,0,1,5,1
13318,1,2,1,2,2,1,0,1,1,4,2,2,0,1,5,1
13319,1,2,1,2,2,1,0,1,1,4,2,3,0,1,5,1
13320,1,2,1,2,2,1,1,0,0,0,1,1,,0,4,0
13321,1,2,1,2,2,1,1,0,0,0,1,2,,0,4,0
13322,1,2,1,2,2,1,1,0,0,0,1,3,,0,4,0
13323,1,2,1,2,2,1,1,0,0,0,2,1,,0,4,0
13324,1,2,1,2,2,1,1,0,0,0,2,2,,0,4,0
13325,1,2,1,2,2,1,1,0,0,0,2,3,,0,4,0
13326,1,2,1,2,2,1,1,0,0,1,1,1,,0,4,0
13327,1,2,1,2,2,1,1,0,0,1,1,2,,0,5,0
13328,1,2,1,2,2,1,1,0,0,1,1,3,1,1,5,1
13329,1,2,1,2,2,1,1,0,0,1,2,1,,0,4,0
13330,1,2,1,2,2,1,1,0,0,1,2,2,,0,5,0
13331,1,2,1,2,2,1,1,0,0,1,2,3,,0,5,0
13332,1,2,1,2,2,1,1,0,0,2,1,1,,0,4,0
13333,1,2,1,2,2,1,1,0,0,2,1,2,,0,6,0
13334,1,2,1,2,2,1,1,0,0,2,1,3,1,1,7,1
13335,1,2,1,2,2,1,1,0,0,2,2,1,,0,4,0
13336,1,2,1,2,2,1,1,0,0,2,2,2,,0,6,0
13337,1,2,1,2,2,1,1,0,0,2,2,3,,0,6,0
13338,1,2,1,2,2,1,1,0,0,3,1,1,,0,4,0
13339,1,2,1,2,2,1,1,0,0,3,1,2,,0,6,0
13340,1,2,1,2,2,1,1,0,0,3,1,3,1,1,7,1
13341,1,2,1,2,2,1,1,0,0,3,2,1,,0,4,0
13342,1,2,1,2,2,1,1,0,0,3,2,2,,0,6,0
13343,1,2,1,2,2,1,1,0,0,3,2,3,,0,6,0
13344,1,2,1,2,2,1,1,0,0,4,1,1,,0,4,0
13345,1,2,1,2,2,1,1,0,0,4,1,2,,0,6,0
13346,1,2,1,2,2,1,1,0,0,4,1,3,1,1,7,1
13347,1,2,1,2,2,1,1,0,0,4,2,1,,0,4,0
13348,1,2,1,2,2,1,1,0,0,4,2,2,,0,6,0
13349,1,2,1,2,2,1,1,0,0,4,2,3,,0,6,0
13350,1,2,1,2,2,1,1,0,1,0,1,1,0,1,4,1
13351,1,2,1,2,2,1,1,0,1,0,1,2,0,1,4,1
13352,1,2,1,2,2,1,1,0,1,0,1,3,0,1,4,1
13353,1,2,1,2,2,1,1,0,1,0,2,1,0,1,4,1
13354,1,2,1,2,2,1,1,0,1,0,2,2,0,1,4,1
13355,1,2,1,2,2,1,1,0,1,0,2,3,0,1,4,1
13356,1,2,1,2,2,1,1,0,1,1,1,1,0,1,5,1
13357,1,2,1,2,2,1,1,0,1,1,1,2,0,1,5,1
13358,1,2,1,2,2,1,1,0,1,1,1,3,0,1,5,1
13359,1,2,1,2,2,1,1,0,1,1,2,1,0,1,5,1
13360,1,2,1,2,2,1,1,0,1,1,2,2,0,1,5,1
13361,1,2,1,2,2,1,1,0,1,1,2,3,0,1,5,1
13362,1,2,1,2,2,1,1,0,1,2,1,1,0,1,7,1
13363,1,2,1,2,2,1,1,0,1,2,1,2,0,1,7,1
13364,1,2,1,2,2,1,1,0,1,2,1,3,0,1,7,1
13365,1,2,1,2,2,1,1,0,1,2,2,1,0,1,7,1
13366,1,2,1,2,2,1,1,0,1,2,2,2,0,1,7,1
13367,1,2,1,2,2,1,1,0,1,2,2,3,0,1,7,1
13368,1,2,1,2,2,1,1,0,1,3,1,1,0,1,7,1
13369,1,2,1,2,2,1,1,0,1,3,1,2,0,1,7,1
13370,1,2,1,2,2,1,1,0,1,3,1,3,0,1,7,1
13371,1,2,1,2,2,1,1,0,1,3,2,1,0,1,7,1
13372,1,2,1,2,2,1,1,0,1,3,2,2,0,1,7,1
13373,1,2,1,2,2,1,1,0,1,3,2,3,0,1,7,1
13374,1,2,1,2,2,1,1,0,1,4,1,1,0,1,7,1
13375,1,2,1,2,2,1,1,0,1,4,1,2,0,1,7,1
13376,1,2,1,2,2,1,1,0,1,4,1,3,0,1,7,1
13377,1,2,1,2,2,1,1,0,1,4,2,1,0,1,7,1
13378,1,2,1,2,2,1,1,0,1,4,2,2,0,1,7,1
13379,1,2,1,2,2,1,1,0,1,4,2,3,0,1,7,1
13380,1,2,1,2,2,1,1,1,0,0,1,1,,0,4,0
13381,1,2,1,2,2,1,1,1,0,0,1,2,,0,4,0
13382,1,2,1,2,2,1,1,1,0,0,1,3,,0,4,0
13383,1,2,1,2,2,1,1,1,0,0,2,1,,0,4,0
13384,1,2,1,2,2,1,1,1,0,0,2,2,,0,4,0
13385,1,2,1,2,2,1,1,1,0,0,2,3,,0,4,0
13386,1,2,1,2,2,1,1,1,0,1,1,1,,0,4,0
13387,1,2,1,2,2,1,1,1,0,1,1,2,,0,5,0
13388,1,2,1,2,2,1,1,1,0,1,1,3,1,1,5,1
13389,1,2,1,2,2,1,1,1,0,1,2,1,,0,4,0
13390,1,2,1,2,2,1,1,1,0,1,2,2,,0,5,0
13391,1,2,1,2,2,1,1,1,0,1,2,3,,0,5,0
13392,1,2,1,2,2,1,1,1,0,2,1,1,,0,4,0
13393,1,2,1,2,2,1,1,1,0,2,1,2,,0,6,0
13394,1,2,1,2,2,1,1,1,0,2,1,3,1,1,8,1
13395,1,2,1,2,2,1,1,1,0,2,2,1,,0,4,0
13396,1,2,1,2,2,1,1,1,0,2,2,2,,0,6,0
13397,1,2,1,2,2,1,1,1,0,2,2,3,,0,6,0
13398,1,2,1,2,2,1,1,1,0,3,1,1,,0,4,0
13399,1,2,1,2,2,1,1,1,0,3,1,2,,0,6,0
13400,1,2,1,2,2,1,1,1,0,3,1,3,1,1,8,1
13401,1,2,1,2,2,1,1,1,0,3,2,1,,0,4,0
13402,1,2,1,2,2,1,1,1,0,3,2,2,,0,6,0
13403,1,2,1,2,2,1,1,1,0,3,2,3,,0,6,0
13404,1,2,1,2,2,1,1,1,0,4,1,1,,0,4,0
13405,1,2,1,2,2,1,1,1,0,4,1,2,,0,6,0
13406,1,2,1,2,2,1,1,1,0,4,1,3,1,1,8,1
13407,1,2,1,2,2,1,1,1,0,4,2,1,,0,4,0
13408,1,2,1,2,2,1,1,1,0,4,2,2,,0,6,0
13409,1,2,1,2,2,1,1,1,0,4,2,3,,0,6,0
13410,1,2,1,2,2,1,1,1,1,0,1,1,0,1,4,1
13411,1,2,1,2,2,1,1,1,1,0,1,2,0,1,4,1
13412,1,2,1,2,2,1,1,1,1,0,1,3,0,1,4,1
13413,1,2,1,2,2,1,1,1,1,0,2,1,0,1,4,1
13414,1,2,1,2,2,1,1,1,1,0,2,2,0,1,4,1
13415,1,2,1,2,2,1,1,1,1,0,2,3,0,1,4,1
13416,1,2,1,2,2,1,1,1,1,1,1,1,0,1,5,1
13417,1,2,1,2,2,1,1,1,1,1,1,2,0,1,5,1
13418,1,2,1,2,2,1,1,1,1,1,1,3,0,1,5,1
13419,1,2,1,2,2,1,1,1,1,1,2,1,0,1,5,1
13420,1,2,1,2,2,1,1,1,1,1,2,2,0,1,5,1
13421,1,2,1,2,2,1,1,1,1,1,2,3,0,1,5,1
13422,1,2,1,2,2,1,1,1,1,2,1,1,0,1,8,1
13423,1,2,1,2,2,1,1,1,1,2,1,2,0,1,8,1
13424,1,2,1,2,2,1,1,1,1,2,1,3,0,1,8,1
13425,1,2,1,2,2,1,1,1,1,2,2,1,0,1,8,1
13426,1,2,1,2,2,1,1,1,1,2,2,2,0,1,8,1
13427,1,2,1,2,2,1,1,1,1,2,2,3,0,1,8,1
13428,1,2,1,2,2,1,1,1,1,3,1,1,0,1,8,1
13429,1,2,1,2,2,1,1,1,1,3,1,2,0,1,8,1
13430,1,2,1,2,2,1,1,1,1,3,1,3,0,1,8,1
13431,1,2,1,2,2,1,1,1,1,3,2,1,0,1,8,1
13432,1,2,1,2,2,1,1,1,1,3,2,2,0,1,8,1
13433,1,2,1,2,2,1,1,1,1,3,2,3,0,1,8,1
13434,1,2,1,2,2,1,1,1,1,4,1,1,0,1,8,1
13435,1,2,1,2,2,1,1,1,1,4,1,2,0,1,8,1
13436,1,2,1,2,2,1,1,1,1,4,1,3,0,1,8,1
13437,1,2,1,2,2,1,1,1,1,4,2,1,0,1,8,1
13438,1,2,1,2,2,1,1,1,1,4,2,2,0,1,8,1
13439,1,2,1,2,2,1,1,1,1,4,2,3,0,1,8,1
13440,1,2,2,1,1,0,0,0,0,0,1,1,,0,3,0
13441,1,2,2,1,1,0,0,0,0,0,1,2,,0,3,0
13442,1,2,2,1,1,0,0,0,0,0,1,3,,0,3,0
13443,1,2,2,1,1,0,0,0,0,0,2,1,,0,3,0
13444,1,2,2,1,1,0,0,0,0,0,2,2,,0,3,0
13445,1,2,2,1,1,0,0,0,0,0,2,3,,0,3,0
13446,1,2,2,1,1,0,0,0,0,1,1,1,,0,3,0
13447,1,2,2,1,1,0,0,0,0,1,1,2,,0,3,0
13448,1,2,2,1,1,0,0,0,0,1,1,3,,0,3,0
13449,1,2,2,1,1,0,0,0,0,1,2,1,,0,3,0
13450,1,2,2,1,1,0,0,0,0,1,2,2,,0,3,0
13451,1,2,2,1,1,0,0,0,0,1,2,3,,0,3,0
13452,1,2,2,1,1,0,0,0,0,2,1,1,2,1,3,1
13453,1,2,2,1,1,0,0,0,0,2,1,2,2,1,3,1
13454,1,2,2,1,1,0,0,0,0,2,1,3,2,1,3,1
13455,1,2,2,1,1,0,0,0,0,2,2,1,2,1,3,1
13456,1,2,2,1,1,0,0,0,0,2,2,2,2,1,3,1
13457,1,2,2,1,1,0,0,0,0,2,2,3,2,1,3,1
13458,1,2,2,1,1,0,0,0,0,3,1,1,2,1,3,1
13459,1,2,2,1,1,0,0,0,0,3,1,2,2,1,3,1
13460,1,2,2,1,1,0,0,0,0,3,1,3,2,1,3,1
13461,1,2,2,1,1,0,0,0,0,3,2,1,2,1,3,1
13462,1,2,2,1,1,0,0,0,0,3,2,2,2,1,3,1
13463,1,2,2,1,1,0,0,0,0,3,2,3,2,1,3,1
13464,1,2,2,1,1,0,0,0,0,4,1,1,2,1,3,1
13465,1,2,2,1,1,0,0,0,0,4,1,2,2,1,3,1
13466,1,2,2,1,1,0,0,0,0,4,1,3,2,1,3,1
13467,1,2,2,1,1,0,0,0,0,4,2,1,2,1,3,1
13468,1,2,2,1,1,0,0,0,0,4,2,2,2,1,3,1
13469,1,2,2,1,1,0,0,0,0,4,2,3,2,1,3,1
13470,1,2,2,1,1,0,0,0,1,0,1,1,0,1,3,1
13471,1,2,2,1,1,0,0,0,1,0,1,2,0,1,3,1
13472,1,2,2,1,1,0,0,0,1,0,1,3,0,1,3,1
13473,1,2,2,1,1,0,0,0,1,0,2,1,0,1,3,1
13474,1,2,2,1,1,0,0,0,1,0,2,2,0,1,3,1
13475,1,2,2,1,1,0,0,0,1,0,2,3,0,1,3,1
13476,1,2,2,1,1,0,0,0,1,1,1,1,0,1,3,1
13477,1,2,2,1,1,0,0,0,1,1,1,2,0,1,3,1
13478,1,2,2,1,1,0,0,0,1,1,1,3,0,1,3,1
13479,1,2,2,1,1,0,0,0,1,1,2,1,0,1,3,1
13480,1,2,2,1,1,0,0,0,1,1,2,2,0,1,3,1
13481,1,2,2,1,1,0,0,0,1,1,2,3,0,1,3,1
13482,1,2,2,1,1,0,0,0,1,2,1,1,0,1,3,1
13483,1,2,2,1,1,0,0,0,1,2,1,2,0,1,3,1
13484,1,2,2,1,1,0,0,0,1,2,1,3,0,1,3,1
13485,1,2,2,1,1,0,0,0,1,2,2,1,0,1,3,1
13486,1,2,2,1,1,0,0,0,1,2,2,2,0,1,3,1
13487,1,2,2,1,1,0,0,0,1,2,2,3,0,1,3,1
13488,1,2,2,1,1,0,0,0,1,3,1,1,0,1,3,1
13489,1,2,2,1,1,0,0,0,1,3,1,2,0,1,3,1
13490,1,2,2,1,1,0,0,0,1,3,1,3,0,1,3,1
13491,1,2,2,1,1,0,0,0,1,3,2,1,0,1,3,1
13492,1,2,2,1,1,0,0,0,1,3,2,2,0,1,3,1
13493,1,2,2,1,1,0,0,0,1,3,2,3,0,1,3,1
13494,1,2,2,1,1,0,0,0,1,4,1,1,0,1,3,1
13495,1,2,2,1,1,0,0,0,1,4,1,2,0,1,3,1
13496,1,2,2,1,1,0,0,0,1,4,1,3,0,1,3,1
13497,1,2,2,1,1,0,0,0,1,4,2,1,0,1,3,1
13498,1,2,2,1,1,0,0,0,1,4,2,2,0,1,3,1
13499,1,2,2,1,1,0,0,0,1,4,2,3,0,1,3,1
13500,1,2,2,1,1,0,0,1,0,0,1,1,,0,3,0
13501,1,2,2,1,1,0,0,1,0,0,1,2,,0,3,0
13502,1,2,2,1,1,0,0,1,0,0,1,3,,0,3,0
13503,1,2,2,1,1,0,0,1,0,0,2,1,,0,3,0
13504,1,2,2,1,1,0,0,1,0,0,2,2,,0,3,0
13505,1,2,2,1,1,0,0,1,0,0,2,3,,0,3,0
13506,1,2,2,1,1,0,0,1,0,1,1,1,,0,3,0
13507,1,2,2,1,1,0,0,1,0,1,1,2,,0,3,0
13508,1,2,2,1,1,0,0,1,0,1,1,3,,0,3,0
13509,1,2,2,1,1,0,0,1,0,1,2,1,,0,3,0
13510,1,2,2,1,1,0,0,1,0,1,2,2,,0,3,0
13511,1,2,2,1,1,0,0,1,0,1,2,3,,0,3,0
13512,1,2,2,1,1,0,0,1,0,2,1,1,2,1,3,1
13513,1,2,2,1,1,0,0,1,0,2,1,2,2,1,3,1
13514,1,2,2,1,1,0,0,1,0,2,1,3,2,1,3,1
13515,1,2,2,1,1,0,0,1,0,2,2,1,2,1,3,1
13516,1,2,2,1,1,0,0,1,0,2,2,2,2,1,3,1
13517,1,2,2,1,1,0,0,1,0,2,2,3,2,1,3,1
13518,1,2,2,1,1,0,0,1,0,3,1,1,2,1,3,1
13519,1,2,2,1,1,0,0,1,0,3,1,2,2,1,3,1
13520,1,2,2,1,1,0,0,1,0,3,1,3,2,1,3,1
13521,1,2,2,1,1,0,0,1,0,3,2,1,2,1,3,1
13522,1,2,2,1,1,0,0,1,0,3,2,2,2,1,3,1
13523,1,2,2,1,1,0,0,1,0,3,2,3,2,1,3,1
13524,1,2,2,1,1,0,0,1,0,4,1,1,2,1,3,1
13525,1,2,2,1,1,0,0,1,0,4,1,2,2,1,3,1
13526,1,2,2,1,1,0,0,1,0,4,1,3,2,1,3,1
13527,1,2,2,1,1,0,0,1,0,4,2,1,2,1,3,1
13528,1,2,2,1,1,0,0,1,0,4,2,2,2,1,3,1
13529,1,2,2,1,1,0,0,1,0,4,2,3,2,1,3,1
13530,1,2,2,1,1,0,0,1,1,0,1,1,0,1,3,1
13531,1,2,2,1,1,0,0,1,1,0,1,2,0,1,3,1
13532,1,2,2,1,1,0,0,1,1,0,1,3,0,1,3,1
13533,1,2,2,1,1,0,0,1,1,0,2,1,0,1,3,1
13534,1,2,2,1,1,0,0,1,1,0,2,2,0,1,3,1
13535,1,2,2,1,1,0,0,1,1,0,2,3,0,1,3,1
13536,1,2,2,1,1,0,0,1,1,1,1,1,0,1,3,1
13537,1,2,2,1,1,0,0,1,1,1,1,2,0,1,3,1
13538,1,2,2,1,1,0,0,1,1,1,1,3,0,1,3,1
13539,1,2,2,1,1,0,0,1,1,1,2,1,0,1,3,1
13540,1,2,2,1,1,0,0,1,1,1,2,2,0,1,3,1
13541,1,2,2,1,1,0,0,1,1,1,2,3,0,1,3,1
13542,1,2,2,1,1,0,0,1,1,2,1,1,0,1,3,1
13543,1,2,2,1,1,0,0,1,1,2,1,2,0,1,3,1
13544,1,2,2,1,1,0,0,1,1,2,1,3,0,1,3,1
13545,1,2,2,1,1,0,0,1,1,2,2,1,0,1,3,1
13546,1,2,2,1,1,0,0,1,1,2,2,2,0,1,3,1
13547,1,2,2,1,1,0,0,1,1,2,2,3,0,1,3,1
13548,1,2,2,1,1,0,0,1,1,3,1,1,0,1,3,1
13549,1,2,2,1,1,0,0,1,1,3,1,2,0,1,3,1
13550,1,2,2,1,1,0,0,1,1,3,1,3,0,1,3,1
13551,1,2,2,1,1,0,0,1,1,3,2,1,0,1,3,1
13552,1,2,2,1,1,0,0,1,1,3,2,2,0,1,3,1
13553,1,2,2,1,1,0,0,1,1,3,2,3,0,1,3,1
13554,1,2,2,1,1,0,0,1,1,4,1,1,0,1,3,1
13555,1,2,2,1,1,0,0,1,1,4,1,2,0,1,3,1
13556,1,2,2,1,1,0,0,1,1,4,1,3,0,1,3,1
13557,1,2,2,1,1,0,0,1,1,4,2,1,0,1,3,1
13558,1,2,2,1,1,0,0,1,1,4,2,2,0,1,3,1
13559,1,2,2,1,1,0,0,1,1,4,2,3,0,1,3,1
13560,1,2,2,1,1,0,1,0,0,0,1,1,,0,3,0
13561,1,2,2,1,1,0,1,0,0,0,1,2,,0,3,0
13562,1,2,2,1,1,0,1,0,0,0,1,3,,0,3,0
13563,1,2,2,1,1,0,1,0,0,0,2,1,,0,3,0
13564,1,2,2,1,1,0,1,0,0,0,2,2,,0,3,0
13565,1,2,2,1,1,0,1,0,0,0,2,3,,0,3,0
13566,1,2,2,1,1,0,1,0,0,1,1,1,,0,3,0
13567,1,2,2,1,1,0,1,0,0,1,1,2,,0,3,0
13568,1,2,2,1,1,0,1,0,0,1,1,3,,0,3,0
13569,1,2,2,1,1,0,1,0,0,1,2,1,,0,3,0
13570,1,2,2,1,1,0,1,0,0,1,2,2,,0,3,0
13571,1,2,2,1,1,0,1,0,0,1,2,3,,0,3,0
13572,1,2,2,1,1,0,1,0,0,2,1,1,,0,4,0
13573,1,2,2,1,1,0,1,0,0,2,1,2,2,1,4,1
13574,1,2,2,1,1,0,1,0,0,2,1,3,2,1,4,1
13575,1,2,2,1,1,0,1,0,0,2,2,1,,0,4,0
13576,1,2,2,1,1,0,1,0,0,2,2,2,,0,4,0
13577,1,2,2,1,1,0,1,0,0,2,2,3,2,1,4,1
13578,1,2,2,1,1,0,1,0,0,3,1,1,,0,4,0
13579,1,2,2,1,1,0,1,0,0,3,1,2,2,1,4,1
13580,1,2,2,1,1,0,1,0,0,3,1,3,2,1,4,1
13581,1,2,2,1,1,0,1,0,0,3,2,1,,0,4,0
13582,1,2,2,1,1,0,1,0,0,3,2,2,,0,4,0
13583,1,2,2,1,1,0,1,0,0,3,2,3,2,1,4,1
13584,1,2,2,1,1,0,1,0,0,4,1,1,,0,4,0
13585,1,2,2,1,1,0,1,0,0,4,1,2,2,1,4,1
13586,1,2,2,1,1,0,1,0,0,4,1,3,2,1,4,1
13587,1,2,2,1,1,0,1,0,0,4,2,1,,0,4,0
13588,1,2,2,1,1,0,1,0,0,4,2,2,,0,4,0
13589,1,2,2,1,1,0,1,0,0,4,2,3,2,1,4,1
13590,1,2,2,1,1,0,1,0,1,0,1,1,0,1,3,1
13591,1,2,2,1,1,0,1,0,1,0,1,2,0,1,3,1
13592,1,2,2,1,1,0,1,0,1,0,1,3,0,1,3,1
13593,1,2,2,1,1,0,1,0,1,0,2,1,0,1,3,1
13594,1,2,2,1,1,0,1,0,1,0,2,2,0,1,3,1
13595,1,2,2,1,1,0,1,0,1,0,2,3,0,1,3,1
13596,1,2,2,1,1,0,1,0,1,1,1,1,0,1,3,1
13597,1,2,2,1,1,0,1,0,1,1,1,2,0,1,3,1
13598,1,2,2,1,1,0,1,0,1,1,1,3,0,1,3,1
13599,1,2,2,1,1,0,1,0,1,1,2,1,0,1,3,1
13600,1,2,2,1,1,0,1,0,1,1,2,2,0,1,3,1
13601,1,2,2,1,1,0,1,0,1,1,2,3,0,1,3,1
13602,1,2,2,1,1,0,1,0,1,2,1,1,0,1,4,1
13603,1,2,2,1,1,0,1,0,1,2,1,2,0,1,4,1
13604,1,2,2,1,1,0,1,0,1,2,1,3,0,1,4,1
13605,1,2,2,1,1,0,1,0,1,2,2,1,0,1,4,1
13606,1,2,2,1,1,0,1,0,1,2,2,2,0,1,4,1
13607,1,2,2,1,1,0,1,0,1,2,2,3,0,1,4,1
13608,1,2,2,1,1,0,1,0,1,3,1,1,0,1,4,1
13609,1,2,2,1,1,0,1,0,1,3,1,2,0,1,4,1
13610,1,2,2,1,1,0,1,0,1,3,1,3,0,1,4,1
13611,1,2,2,1,1,0,1,0,1,3,2,1,0,1,4,1
13612,1,2,2,1,1,0,1,0,1,3,2,2,0,1,4,1
13613,1,2,2,1,1,0,1,0,1,3,2,3,0,1,4,1
13614,1,2,2,1,1,0,1,0,1,4,1,1,0,1,4,1
13615,1,2,2,1,1,0,1,0,1,4,1,2,0,1,4,1
13616,1,2,2,1,1,0,1,0,1,4,1,3,0,1,4,1
13617,1,2,2,1,1,0,1,0,1,4,2,1,0,1,4,1
13618,1,2,2,1,1,0,1,0,1,4,2,2,0,1,4,1
13619,1,2,2,1,1,0,1,0,1,4,2,3,0,1,4,1
13620,1,2,2,1,1,0,1,1,0,0,1,1,,0,3,0
13621,1,2,2,1,1,0,1,1,0,0,1,2,,0,3,0
13622,1,2,2,1,1,0,1,1,0,0,1,3,,0,3,0
13623,1,2,2,1,1,0,1,1,0,0,2,1,,0,3,0
13624,1,2,2,1,1,0,1,1,0,0,2,2,,0,3,0
13625,1,2,2,1,1,0,1,1,0,0,2,3,,0,3,0
13626,1,2,2,1,1,0,1,1,0,1,1,1,,0,3,0
13627,1,2,2,1,1,0,1,1,0,1,1,2,,0,3,0
13628,1,2,2,1,1,0,1,1,0,1,1,3,,0,3,0
13629,1,2,2,1,1,0,1,1,0,1,2,1,,0,3,0
13630,1,2,2,1,1,0,1,1,0,1,2,2,,0,3,0
13631,1,2,2,1,1,0,1,1,0,1,2,3,,0,3,0
13632,1,2,2,1,1,0,1,1,0,2,1,1,,0,4,0
13633,1,2,2,1,1,0,1,1,0,2,1,2,2,1,4,1
13634,1,2,2,1,1,0,1,1,0,2,1,3,2,1,4,1
13635,1,2,2,1,1,0,1,1,0,2,2,1,,0,4,0
13636,1,2,2,1,1,0,1,1,0,2,2,2,,0,4,0
13637,1,2,2,1,1,0,1,1,0,2,2,3,2,1,4,1
13638,1,2,2,1,1,0,1,1,0,3,1,1,,0,4,0
13639,1,2,2,1,1,0,1,1,0,3,1,2,2,1,4,1
13640,1,2,2,1,1,0,1,1,0,3,1,3,2,1,4,1
13641,1,2,2,1,1,0,1,1,0,3,2,1,,0,4,0
13642,1,2,2,1,1,0,1,1,0,3,2,2,,0,4,0
13643,1,2,2,1,1,0,1,1,0,3,2,3,2,1,4,1
13644,1,2,2,1,1,0,1,1,0,4,1,1,,0,4,0
13645,1,2,2,1,1,0,1,1,0,4,1,2,2,1,4,1
13646,1,2,2,1,1,0,1,1,0,4,1,3,2,1,4,1
13647,1,2,2,1,1,0,1,1,0,4,2,1,,0,4,0
13648,1,2,2,1,1,0,1,1,0,4,2,2,,0,4,0
13649,1,2,2,1,1,0,1,1,0,4,2,3,2,1,4,1
13650,1,2,2,1,1,0,1,1,1,0,1,1,0,1,3,1
13651,1,2,2,1,1,0,1,1,1,0,1,2,0,1,3,1
13652,1,2,2,1,1,0,1,1,1,0,1,3,0,1,3,1
13653,1,2,2,1,1,0,1,1,1,0,2,1,0,1,3,1
13654,1,2,2,1,1,0,1,1,1,0,2,2,0,1,3,1
13655,1,2,2,1,1,0,1,1,1,0,2,3,0,1,3,1
13656,1,2,2,1,1,0,1,1,1,1,1,1,0,1,3,1
13657,1,2,2,1,1,0,1,1,1,1,1,2,0,1,3,1
13658,1,2,2,1,1,0,1,1,1,1,1,3,0,1,3,1
13659,1,2,2,1,1,0,1,1,1,1,2,1,0,1,3,1
13660,1,2,2,1,1,0,1,1,1,1,2,2,0,1,3,1
13661,1,2,2,1,1,0,1,1,1,1,2,3,0,1,3,1
13662,1,2,2,1,1,0,1,1,1,2,1,1,0,1,4,1
13663,1,2,2,1,1,0,1,1,1,2,1,2,0,1,4,1
13664,1,2,2,1,1,0,1,1,1,2,1,3,0,1,4,1
13665,1,2,2,1,1,0,1,1,1,2,2,1,0,1,4,1
13666,1,2,2,1,1,0,1,1,1,2,2,2,0,1,4,1
13667,1,2,2,1,1,0,1,1,1,2,2,3,0,1,4,1
13668,1,2,2,1,1,0,1,1,1,3,1,1,0,1,4,1
13669,1,2,2,1,1,0,1,1,1,3,1,2,0,1,4,1
13670,1,2,2,1,1,0,1,1,1,3,1,3,0,1,4,1
13671,1,2,2,1,1,0,1,1,1,3,2,1,0,1,4,1
13672,1,2,2,1,1,0,1,1,1,3,2,2,0,1,4,1
13673,1,2,2,1,1,0,1,1,1,3,2,3,0,1,4,1
13674,1,2,2,1,1,0,1,1,1,4,1,1,0,1,4,1
13675,1,2,2,1,1,0,1,1,1,4,1,2,0,1,4,1
13676,1,2,2,1,1,0,1,1,1,4,1,3,0,1,4,1
13677,1,2,2,1,1,0,1,1,1,4,2,1,0,1,4,1
13678,1,2,2,1,1,0,1,1,1,4,2,2,0,1,4,1
13679,1,2,2,1,1,0,1,1,1,4,2,3,0,1,4,1
13680,1,2,2,1,1,1,0,0,0,0,1,1,,0,3,0
13681,1,2,2,1,1,1,0,0,0,0,1,2,,0,3,0
13682,1,2,2,1,1,1,0,0,0,0,1,3,,0,3,0
13683,1,2,2,1,1,1,0,0,0,0,2,1,,0,3,0
13684,1,2,2,1,1,1,0,0,0,0,2,2,,0,3,0
13685,1,2,2,1,1,1,0,0,0,0,2,3,,0,3,0
13686,1,2,2,1,1,1,0,0,0,1,1,1,,0,3,0
13687,1,2,2,1,1,1,0,0,0,1,1,2,,0,3,0
13688,1,2,2,1,1,1,0,0,0,1,1,3,,0,3,0
13689,1,2,2,1,1,1,0,0,0,1,2,1,,0,3,0
13690,1,2,2,1,1,1,0,0,0,1,2,2,,0,3,0
13691,1,2,2,1,1,1,0,0,0,1,2,3,,0,3,0
13692,1,2,2,1,1,1,0,0,0,2,1,1,2,1,4,1
13693,1,2,2,1,1,1,0,0,0,2,1,2,2,1,4,1
13694,1,2,2,1,1,1,0,0,0,2,1,3,2,1,4,1
13695,1,2,2,1,1,1,0,0,0,2,2,1,2,1,4,1
13696,1,2,2,1,1,1,0,0,0,2,2,2,2,1,4,1
13697,1,2,2,1,1,1,0,0,0,2,2,3,2,1,4,1
13698,1,2,2,1,1,1,0,0,0,3,1,1,2,1,4,1
13699,1,2,2,1,1,1,0,0,0,3,1,2,2,1,4,1
13700,1,2,2,1,1,1,0,0,0,3,1,3,2,1,4,1
13701,1,2,2,1,1,1,0,0,0,3,2,1,2,1,4,1
13702,1,2,2,1,1,1,0,0,0,3,2,2,2,1,4,1
13703,1,2,2,1,1,1,0,0,0,3,2,3,2,1,4,1
13704,1,2,2,1,1,1,0,0,0,4,1,1,2,1,4,1
13705,1,2,2,1,1,1,0,0,0,4,1,2,2,1,4,1
13706,1,2,2,1,1,1,0,0,0,4,1,3,2,1,4,1
13707,1,2,2,1,1,1,0,0,0,4,2,1,2,1,4,1
13708,1,2,2,1,1,1,0,0,0,4,2,2,2,1,4,1
13709,1,2,2,1,1,1,0,0,0,4,2,3,2,1,4,1
13710,1,2,2,1,1,1,0,0,1,0,1,1,0,1,3,1
13711,1,2,2,1,1,1,0,0,1,0,1,2,0,1,3,1
13712,1,2,2,1,1,1,0,0,1,0,1,3,0,1,3,1
13713,1,2,2,1,1,1,0,0,1,0,2,1,0,1,3,1
13714,1,2,2,1,1,1,0,0,1,0,2,2,0,1,3,1
13715,1,2,2,1,1,1,0,0,1,0,2,3,0,1,3,1
13716,1,2,2,1,1,1,0,0,1,1,1,1,0,1,3,1
13717,1,2,2,1,1,1,0,0,1,1,1,2,0,1,3,1
13718,1,2,2,1,1,1,0,0,1,1,1,3,0,1,3,1
13719,1,2,2,1,1,1,0,0,1,1,2,1,0,1,3,1
13720,1,2,2,1,1,1,0,0,1,1,2,2,0,1,3,1
13721,1,2,2,1,1,1,0,0,1,1,2,3,0,1,3,1
13722,1,2,2,1,1,1,0,0,1,2,1,1,0,1,4,1
13723,1,2,2,1,1,1,0,0,1,2,1,2,0,1,4,1
13724,1,2,2,1,1,1,0,0,1,2,1,3,0,1,4,1
13725,1,2,2,1,1,1,0,0,1,2,2,1,0,1,4,1
13726,1,2,2,1,1,1,0,0,1,2,2,2,0,1,4,1
13727,1,2,2,1,1,1,0,0,1,2,2,3,0,1,4,1
13728,1,2,2,1,1,1,0,0,1,3,1,1,0,1,4,1
13729,1,2,2,1,1,1,0,0,1,3,1,2,0,1,4,1
13730,1,2,2,1,1,1,0,0,1,3,1,3,0,1,4,1
13731,1,2,2,1,1,1,0,0,1,3,2,1,0,1,4,1
13732,1,2,2,1,1,1,0,0,1,3,2,2,0,1,4,1
13733,1,2,2,1,1,1,0,0,1,3,2,3,0,1,4,1
13734,1,2,2,1,1,1,0,0,1,4,1,1,0,1,4,1
13735,1,2,2,1,1,1,0,0,1,4,1,2,0,1,4,1
13736,1,2,2,1,1,1,0,0,1,4,1,3,0,1,4,1
13737,1,2,2,1,1,1,0,0,1,4,2,1,0,1,4,1
13738,1,2,2,1,1,1,0,0,1,4,2,2,0,1,4,1
13739,1,2,2,1,1,1,0,0,1,4,2,3,0,1,4,1
13740,1,2,2,1,1,1,0,1,0,0,1,1,,0,3,0
13741,1,2,2,1,1,1,0,1,0,0,1,2,,0,3,0
13742,1,2,2,1,1,1,0,1,0,0,1,3,,0,3,0
13743,1,2,2,1,1,1,0,1,0,0,2,1,,0,3,0
13744,1,2,2,1,1,1,0,1,0,0,2,2,,0,3,0
13745,1,2,2,1,1,1,0,1,0,0,2,3,,0,3,0
13746,1,2,2,1,1,1,0,1,0,1,1,1,,0,3,0
13747,1,2,2,1,1,1,0,1,0,1,1,2,,0,3,0
13748,1,2,2,1,1,1,0,1,0,1,1,3,,0,3,0
13749,1,2,2,1,1,1,0,1,0,1,2,1,,0,3,0
13750,1,2,2,1,1,1,0,1,0,1,2,2,,0,3,0
13751,1,2,2,1,1,1,0,1,0,1,2,3,,0,3,0
13752,1,2,2,1,1,1,0,1,0,2,1,1,2,1,4,1
13753,1,2,2,1,1,1,0,1,0,2,1,2,2,1,4,1
13754,1,2,2,1,1,1,0,1,0,2,1,3,2,1,4,1
13755,1,2,2,1,1,1,0,1,0,2,2,1,2,1,4,1
13756,1,2,2,1,1,1,0,1,0,2,2,2,2,1,4,1
13757,1,2,2,1,1,1,0,1,0,2,2,3,2,1,4,1
13758,1,2,2,1,1,1,0,1,0,3,1,1,2,1,4,1
13759,1,2,2,1,1,1,0,1,0,3,1,2,2,1,4,1
13760,1,2,2,1,1,1,0,1,0,3,1,3,2,1,4,1
13761,1,2,2,1,1,1,0,1,0,3,2,1,2,1,4,1
13762,1,2,2,1,1,1,0,1,0,3,2,2,2,1,4,1
13763,1,2,2,1,1,1,0,1,0,3,2,3,2,1,4,1
13764,1,2,2,1,1,1,0,1,0,4,1,1,2,1,4,1
13765,1,2,2,1,1,1,0,1,0,4,1,2,2,1,4,1
13766,1,2,2,1,1,1,0,1,0,4,1,3,2,1,4,1
13767,1,2,2,1,1,1,0,1,0,4,2,1,2,1,4,1
13768,1,2,2,1,1,1,0,1,0,4,2,2,2,1,4,1
13769,1,2,2,1,1,1,0,1,0,4,2,3,2,1,4,1
13770,1,2,2,1,1,1,0,1,1,0,1,1,0,1,3,1
13771,1,2,2,1,1,1,0,1,1,0,1,2,0,1,3,1
13772,1,2,2,1,1,1,0,1,1,0,1,3,0,1,3,1
13773,1,2,2,1,1,1,0,1,1,0,2,1,0,1,3,1
13774,1,2,2,1,1,1,0,1,1,0,2,2,0,1,3,1
13775,1,2,2,1,1,1,0,1,1,0,2,3,0,1,3,1
13776,1,2,2,1,1,1,0,1,1,1,1,1,0,1,3,1
13777,1,2,2,1,1,1,0,1,1,1,1,2,0,1,3,1
13778,1,2,2,1,1,1,0,1,1,1,1,3,0,1,3,1
13779,1,2,2,1,1,1,0,1,1,1,2,1,0,1,3,1
13780,1,2,2,1,1,1,0,1,1,1,2,2,0,1,3,1
13781,1,2,2,1,1,1,0,1,1,1,2,3,0,1,3,1
13782,1,2,2,1,1,1,0,1,1,2,1,1,0,1,4,1
13783,1,2,2,1,1,1,0,1,1,2,1,2,0,1,4,1
13784,1,2,2,1,1,1,0,1,1,2,1,3,0,1,4,1
13785,1,2,2,1,1,1,0,1,1,2,2,1,0,1,4,1
13786,1,2,2,1,1,1,0,1,1,2,2,2,0,1,4,1
13787,1,2,2,1,1,1,0,1,1,2,2,3,0,1,4,1
13788,1,2,2,1,1,1,0,1,1,3,1,1,0,1,4,1
13789,1,2,2,1,1,1,0,1,1,3,1,2,0,1,4,1
13790,1,2,2,1,1,1,0,1,1,3,1,3,0,1,4,1
13791,1,2,2,1,1,1,0,1,1,3,2,1,0,1,4,1
13792,1,2,2,1,1,1,0,1,1,3,2,2,0,1,4,1
13793,1,2,2,1,1,1,0,1,1,3,2,3,0,1,4,1
13794,1,2,2,1,1,1,0,1,1,4,1,1,0,1,4,1
13795,1,2,2,1,1,1,0,1,1,4,1,2,0,1,4,1
13796,1,2,2,1,1,1,0,1,1,4,1,3,0,1,4,1
13797,1,2,2,1,1,1,0,1,1,4,2,1,0,1,4,1
13798,1,2,2,1,1,1,0,1,1,4,2,2,0,1,4,1
13799,1,2,2,1,1,1,0,1,1,4,2,3,0,1,4,1
13800,1,2,2,1,1,1,1,0,0,0,1,1,,0,3,0
13801,1,2,2,1,1,1,1,0,0,0,1,2,,0,3,0
13802,1,2,2,1,1,1,1,0,0,0,1,3,,0,3,0
13803,1,2,2,1,1,1,1,0,0,0,2,1,,0,3,0
13804,1,2,2,1,1,1,1,0,0,0,2,2,,0,3,0
13805,1,2,2,1,1,1,1,0,0,0,2,3,,0,3,0
13806,1,2,2,1,1,1,1,0,0,1,1,1,,0,3,0
13807,1,2,2,1,1,1,1,0,0,1,1,2,,0,3,0
13808,1,2,2,1,1,1,1,0,0,1,1,3,,0,3,0
13809,1,2,2,1,1,1,1,0,0,1,2,1,,0,3,0
13810,1,2,2,1,1,1,1,0,0,1,2,2,,0,3,0
13811,1,2,2,1,1,1,1,0,0,1,2,3,,0,3,0
13812,1,2,2,1,1,1,1,0,0,2,1,1,,0,4,0
13813,1,2,2,1,1,1,1,0,0,2,1,2,2,1,5,1
13814,1,2,2,1,1,1,1,0,0,2,1,3,2,1,5,1
13815,1,2,2,1,1,1,1,0,0,2,2,1,,0,4,0
13816,1,2,2,1,1,1,1,0,0,2,2,2,,0,4,0
13817,1,2,2,1,1,1,1,0,0,2,2,3,2,1,5,1
13818,1,2,2,1,1,1,1,0,0,3,1,1,,0,4,0
13819,1,2,2,1,1,1,1,0,0,3,1,2,2,1,5,1
13820,1,2,2,1,1,1,1,0,0,3,1,3,2,1,5,1
13821,1,2,2,1,1,1,1,0,0,3,2,1,,0,4,0
13822,1,2,2,1,1,1,1,0,0,3,2,2,,0,4,0
13823,1,2,2,1,1,1,1,0,0,3,2,3,2,1,5,1
13824,1,2,2,1,1,1,1,0,0,4,1,1,,0,4,0
13825,1,2,2,1,1,1,1,0,0,4,1,2,2,1,5,1
13826,1,2,2,1,1,1,1,0,0,4,1,3,2,1,5,1
13827,1,2,2,1,1,1,1,0,0,4,2,1,,0,4,0
13828,1,2,2,1,1,1,1,0,0,4,2,2,,0,4,0
13829,1,2,2,1,1,1,1,0,0,4,2,3,2,1,5,1
13830,1,2,2,1,1,1,1,0,1,0,1,1,0,1,3,1
13831,1,2,2,1,1,1,1,0,1,0,1,2,0,1,3,1
13832,1,2,2,1,1,1,1,0,1,0,1,3,0,1,3,1
13833,1,2,2,1,1,1,1,0,1,0,2,1,0,1,3,1
13834,1,2,2,1,1,1,1,0,1,0,2,2,0,1,3,1
13835,1,2,2,1,1,1,1,0,1,0,2,3,0,1,3,1
13836,1,2,2,1,1,1,1,0,1,1,1,1,0,1,3,1
13837,1,2,2,1,1,1,1,0,1,1,1,2,0,1,3,1
13838,1,2,2,1,1,1,1,0,1,1,1,3,0,1,3,1
13839,1,2,2,1,1,1,1,0,1,1,2,1,0,1,3,1
13840,1,2,2,1,1,1,1,0,1,1,2,2,0,1,3,1
13841,1,2,2,1,1,1,1,0,1,1,2,3,0,1,3,1
13842,1,2,2,1,1,1,1,0,1,2,1,1,0,1,5,1
13843,1,2,2,1,1,1,1,0,1,2,1,2,0,1,5,1
13844,1,2,2,1,1,1,1,0,1,2,1,3,0,1,5,1
13845,1,2,2,1,1,1,1,0,1,2,2,1,0,1,5,1
13846,1,2,2,1,1,1,1,0,1,2,2,2,0,1,5,1
13847,1,2,2,1,1,1,1,0,1,2,2,3,0,1,5,1
13848,1,2,2,1,1,1,1,0,1,3,1,1,0,1,5,1
13849,1,2,2,1,1,1,1,0,1,3,1,2,0,1,5,1
13850,1,2,2,1,1,1,1,0,1,3,1,3,0,1,5,1
13851,1,2,2,1,1,1,1,0,1,3,2,1,0,1,5,1
13852,1,2,2,1,1,1,1,0,1,3,2,2,0,1,5,1
13853,1,2,2,1,1,1,1,0,1,3,2,3,0,1,5,1
13854,1,2,2,1,1,1,1,0,1,4,1,1,0,1,5,1
13855,1,2,2,1,1,1,1,0,1,4,1,2,0,1,5,1
13856,1,2,2,1,1,1,1,0,1,4,1,3,0,1,5,1
13857,1,2,2,1,1,1,1,0,1,4,2,1,0,1,5,1
13858,1,2,2,1,1,1,1,0,1,4,2,2,0,1,5,1
13859,1,2,2,1,1,1,1,0,1,4,2,3,0,1,5,1
13860,1,2,2,1,1,1,1,1,0,0,1,1,,0,3,0
13861,1,2,2,1,1,1,1,1,0,0,1,2,,0,3,0
13862,1,2,2,1,1,1,1,1,0,0,1,3,,0,3,0
13863,1,2,2,1,1,1,1,1,0,0,2,1,,0,3,0
13864,1,2,2,1,1,1,1,1,0,0,2,2,,0,3,0
13865,1,2,2,1,1,1,1,1,0,0,2,3,,0,3,0
13866,1,2,2,1,1,1,1,1,0,1,1,1,,0,3,0
13867,1,2,2,1,1,1,1,1,0,1,1,2,,0,3,0
13868,1,2,2,1,1,1,1,1,0,1,1,3,,0,3,0
13869,1,2,2,1,1,1,1,1,0,1,2,1,,0,3,0
13870,1,2,2,1,1,1,1,1,0,1,2,2,,0,3,0
13871,1,2,2,1,1,1,1,1,0,1,2,3,,0,3,0
13872,1,2,2,1,1,1,1,1,0,2,1,1,,0,4,0
13873,1,2,2,1,1,1,1,1,0,2,1,2,2,1,6,1
13874,1,2,2,1,1,1,1,1,0,2,1,3,2,1,6,1
13875,1,2,2,1,1,1,1,1,0,2,2,1,,0,4,0
13876,1,2,2,1,1,1,1,1,0,2,2,2,,0,4,0
13877,1,2,2,1,1,1,1,1,0,2,2,3,2,1,6,1
13878,1,2,2,1,1,1,1,1,0,3,1,1,,0,4,0
13879,1,2,2,1,1,1,1,1,0,3,1,2,2,1,6,1
13880,1,2,2,1,1,1,1,1,0,3,1,3,2,1,6,1
13881,1,2,2,1,1,1,1,1,0,3,2,1,,0,4,0
13882,1,2,2,1,1,1,1,1,0,3,2,2,,0,4,0
13883,1,2,2,1,1,1,1,1,0,3,2,3,2,1,6,1
13884,1,2,2,1,1,1,1,1,0,4,1,1,,0,4,0
13885,1,2,2,1,1,1,1,1,0,4,1,2,2,1,6,1
13886,1,2,2,1,1,1,1,1,0,4,1,3,2,1,6,1
13887,1,2,2,1,1,1,1,1,0,4,2,1,,0,4,0
13888,1,2,2,1,1,1,1,1,0,4,2,2,,0,4,0
13889,1,2,2,1,1,1,1,1,0,4,2,3,2,1,6,1
13890,1,2,2,1,1,1,1,1,1,0,1,1,0,1,3,1
13891,1,2,2,1,1,1,1,1,1,0,1,2,0,1,3,1
13892,1,2,2,1,1,1,1,1,1,0,1,3,0,1,3,1
13893,1,2,2,1,1,1,1,1,1,0,2,1,0,1,3,1
13894,1,2,2,1,1,1,1,1,1,0,2,2,0,1,3,1
13895,1,2,2,1,1,1,1,1,1,0,2,3,0,1,3,1
13896,1,2,2,1,1,1,1,1,1,1,1,1,0,1,3,1
13897,1,2,2,1,1,1,1,1,1,1,1,2,0,1,3,1
13898,1,2,2,1,1,1,1,1,1,1,1,3,0,1,3,1
13899,1,2,2,1,1,1,1,1,1,1,2,1,0,1,3,1
13900,1,2,2,1,1,1,1,1,1,1,2,2,0,1,3,1
13901,1,2,2,1,1,1,1,1,1,1,2,3,0,1,3,1
13902,1,2,2,1,1,1,1,1,1,2,1,1,0,1,6,1
13903,1,2,2,1,1,1,1,1,1,2,1,2,0,1,6,1
13904,1,2,2,1,1,1,1,1,1,2,1,3,0,1,6,1
13905,1,2,2,1,1,1,1,1,1,2,2,1,0,1,6,1
13906,1,2,2,1,1,1,1,1,1,2,2,2,0,1,6,1
13907,1,2,2,1,1,1,1,1,1,2,2,3,0,1,6,1
13908,1,2,2,1,1,1,1,1,1,3,1,1,0,1,6,1
13909,1,2,2,1,1,1,1,1,1,3,1,2,0,1,6,1
13910,1,2,2,1,1,1,1,1,1,3,1,3,0,1,6,1
13911,1,2,2,1,1,1,1,1,1,3,2,1,0,1,6,1
13912,1,2,2,1,1,1,1,1,1,3,2,2,0,1,6,1
13913,1,2,2,1,1,1,1,1,1,3,2,3,0,1,6,1
13914,1,2,2,1,1,1,1,1,1,4,1,1,0,1,6,1
13915,1,2,2,1,1,1,1,1,1,4,1,2,0,1,6,1
13916,1,2,2,1,1,1,1,1,1,4,1,3,0,1,6,1
13917,1,2,2,1,1,1,1,1,1,4,2,1,0,1,6,1
13918,1,2,2,1,1,1,1,1,1,4,2,2,0,1,6,1
13919,1,2,2,1,1,1,1,1,1,4,2,3,0,1,6,1
13920,1,2,2,1,2,0,0,0,0,0,1,1,,0,4,0
13921,1,2,2,1,2,0,0,0,0,0,1,2,,0,3,0
13922,1,2,2,1,2,0,0,0,0,0,1,3,,0,3,0
13923,1,2,2,1,2,0,0,0,0,0,2,1,,0,4,0
13924,1,2,2,1,2,0,0,0,0,0,2,2,,0,3,0
13925,1,2,2,1,2,0,0,0,0,0,2,3,,0,3,0
13926,1,2,2,1,2,0,0,0,0,1,1,1,,0,4,0
13927,1,2,2,1,2,0,0,0,0,1,1,2,,0,3,0
13928,1,2,2,1,2,0,0,0,0,1,1,3,,0,3,0
13929,1,2,2,1,2,0,0,0,0,1,2,1,,0,4,0
13930,1,2,2,1,2,0,0,0,0,1,2,2,,0,3,0
13931,1,2,2,1,2,0,0,0,0,1,2,3,,0,3,0
13932,1,2,2,1,2,0,0,0,0,2,1,1,2,1,4,1
13933,1,2,2,1,2,0,0,0,0,2,1,2,2,1,3,1
13934,1,2,2,1,2,0,0,0,0,2,1,3,2,1,3,1
13935,1,2,2,1,2,0,0,0,0,2,2,1,2,1,4,1
13936,1,2,2,1,2,0,0,0,0,2,2,2,2,1,3,1
13937,1,2,2,1,2,0,0,0,0,2,2,3,2,1,3,1
13938,1,2,2,1,2,0,0,0,0,3,1,1,2,1,4,1
13939,1,2,2,1,2,0,0,0,0,3,1,2,2,1,3,1
13940,1,2,2,1,2,0,0,0,0,3,1,3,2,1,3,1
13941,1,2,2,1,2,0,0,0,0,3,2,1,2,1,4,1
13942,1,2,2,1,2,0,0,0,0,3,2,2,2,1,3,1
13943,1,2,2,1,2,0,0,0,0,3,2,3,2,1,3,1
13944,1,2,2,1,2,0,0,0,0,4,1,1,2,1,4,1
13945,1,2,2,1,2,0,0,0,0,4,1,2,2,1,3,1
13946,1,2,2,1,2,0,0,0,0,4,1,3,2,1,3,1
13947,1,2,2,1,2,0,0,0,0,4,2,1,2,1,4,1
13948,1,2,2,1,2,0,0,0,0,4,2,2,2,1,3,1
13949,1,2,2,1,2,0,0,0,0,4,2,3,2,1,3,1
13950,1,2,2,1,2,0,0,0,1,0,1,1,0,1,4,1
13951,1,2,2,1,2,0,0,0,1,0,1,2,0,1,3,1
13952,1,2,2,1,2,0,0,0,1,0,1,3,0,1,3,1
13953,1,2,2,1,2,0,0,0,1,0,2,1,0,1,4,1
13954,1,2,2,1,2,0,0,0,1,0,2,2,0,1,3,1
13955,1,2,2,1,2,0,0,0,1,0,2,3,0,1,3,1
13956,1,2,2,1,2,0,0,0,1,1,1,1,0,1,4,1
13957,1,2,2,1,2,0,0,0,1,1,1,2,0,1,3,1
13958,1,2,2,1,2,0,0,0,1,1,1,3,0,1,3,1
13959,1,2,2,1,2,0,0,0,1,1,2,1,0,1,4,1
13960,1,2,2,1,2,0,0,0,1,1,2,2,0,1,3,1
13961,1,2,2,1,2,0,0,0,1,1,2,3,0,1,3,1
13962,1,2,2,1,2,0,0,0,1,2,1,1,0,1,4,1
13963,1,2,2,1,2,0,0,0,1,2,1,2,0,1,3,1
13964,1,2,2,1,2,0,0,0,1,2,1,3,0,1,3,1
13965,1,2,2,1,2,0,0,0,1,2,2,1,0,1,4,1
13966,1,2,2,1,2,0,0,0,1,2,2,2,0,1,3,1
13967,1,2,2,1,2,0,0,0,1,2,2,3,0,1,3,1
13968,1,2,2,1,2,0,0,0,1,3,1,1,0,1,4,1
13969,1,2,2,1,2,0,0,0,1,3,1,2,0,1,3,1
13970,1,2,2,1,2,0,0,0,1,3,1,3,0,1,3,1
13971,1,2,2,1,2,0,0,0,1,3,2,1,0,1,4,1
13972,1,2,2,1,2,0,0,0,1,3,2,2,0,1,3,1
13973,1,2,2,1,2,0,0,0,1,3,2,3,0,1,3,1
13974,1,2,2,1,2,0,0,0,1,4,1,1,0,1,4,1
13975,1,2,2,1,2,0,0,0,1,4,1,2,0,1,3,1
13976,1,2,2,1,2,0,0,0,1,4,1,3,0,1,3,1
13977,1,2,2,1,2,0,0,0,1,4,2,1,0,1,4,1
13978,1,2,2,1,2,0,0,0,1,4,2,2,0,1,3,1
13979,1,2,2,1,2,0,0,0,1,4,2,3,0,1,3,1
13980,1,2,2,1,2,0,0,1,0,0,1,1,,0,4,0
13981,1,2,2,1,2,0,0,1,0,0,1,2,,0,3,0
13982,1,2,2,1,2,0,0,1,0,0,1,3,,0,3,0
13983,1,2,2,1,2,0,0,1,0,0,2,1,,0,4,0
13984,1,2,2,1,2,0,0,1,0,0,2,2,,0,3,0
13985,1,2,2,1,2,0,0,1,0,0,2,3,,0,3,0
13986,1,2,2,1,2,0,0,1,0,1,1,1,,0,4,0
13987,1,2,2,1,2,0,0,1,0,1,1,2,,0,3,0
13988,1,2,2,1,2,0,0,1,0,1,1,3,,0,3,0
13989,1,2,2,1,2,0,0,1,0,1,2,1,,0,4,0
13990,1,2,2,1,2,0,0,1,0,1,2,2,,0,3,0
13991,1,2,2,1,2,0,0,1,0,1,2,3,,0,3,0
13992,1,2,2,1,2,0,0,1,0,2,1,1,2,1,4,1
13993,1,2,2,1,2,0,0,1,0,2,1,2,2,1,3,1
13994,1,2,2,1,2,0,0,1,0,2,1,3,2,1,3,1
13995,1,2,2,1,2,0,0,1,0,2,2,1,2,1,4,1
13996,1,2,2,1,2,0,0,1,0,2,2,2,2,1,3,1
13997,1,2,2,1,2,0,0,1,0,2,2,3,2,1,3,1
13998,1,2,2,1,2,0,0,1,0,3,1,1,2,1,4,1
13999,1,2,2,1,2,0,0,1,0,3,1,2,2,1,3,1
14000,1,2,2,1,2,0,0,1,0,3,1,3,2,1,3,1
14001,1,2,2,1,2,0,0,1,0,3,2,1,2,1,4,1
14002,1,2,2,1,2,0,0,1,0,3,2,2,2,1,3,1
14003,1,2,2,1,2,0,0,1,0,3,2,3,2,1,3,1
14004,1,2,2,1,2,0,0,1,0,4,1,1,2,1,4,1
14005,1,2,2,1,2,0,0,1,0,4,1,2,2,1,3,1
14006,1,2,2,1,2,0,0,1,0,4,1,3,2,1,3,1
14007,1,2,2,1,2,0,0,1,0,4,2,1,2,1,4,1
14008,1,2,2,1,2,0,0,1,0,4,2,2,2,1,3,1
14009,1,2,2,1,2,0,0,1,0,4,2,3,2,1,3,1
14010,1,2,2,1,2,0,0,1,1,0,1,1,0,1,4,1
14011,1,2,2,1,2,0,0,1,1,0,1,2,0,1,3,1
14012,1,2,2,1,2,0,0,1,1,0,1,3,0,1,3,1
14013,1,2,2,1,2,0,0,1,1,0,2,1,0,1,4,1
14014,1,2,2,1,2,0,0,1,1,0,2,2,0,1,3,1
14015,1,2,2,1,2,0,0,1,1,0,2,3,0,1,3,1
14016,1,2,2,1,2,0,0,1,1,1,1,1,0,1,4,1
14017,1,2,2,1,2,0,0,1,1,1,1,2,0,1,3,1
14018,1,2,2,1,2,0,0,1,1,1,1,3,0,1,3,1
14019,1,2,2,1,2,0,0,1,1,1,2,1,0,1,4,1
14020,1,2,2,1,2,0,0,1,1,1,2,2,0,1,3,1
14021,1,2,2,1,2,0,0,1,1,1,2,3,0,1,3,1
14022,1,2,2,1,2,0,0,1,1,2,1,1,0,1,4,1
14023,1,2,2,1,2,0,0,1,1,2,1,2,0,1,3,1
14024,1,2,2,1,2,0,0,1,1,2,1,3,0,1,3,1
14025,1,2,2,1,2,0,0,1,1,2,2,1,0,1,4,1
14026,1,2,2,1,2,0,0,1,1,2,2,2,0,1,3,1
14027,1,2,2,1,2,0,0,1,1,2,2,3,0,1,3,1
14028,1,2,2,1,2,0,0,1,1,3,1,1,0,1,4,1
14029,1,2,2,1,2,0,0,1,1,3,1,2,0,1,3,1
14030,1,2,2,1,2,0,0,1,1,3,1,3,0,1,3,1
14031,1,2,2,1,2,0,0,1,1,3,2,1,0,1,4,1
14032,1,2,2,1,2,0,0,1,1,3,2,2,0,1,3,1
14033,1,2,2,1,2,0,0,1,1,3,2,3,0,1,3,1
14034,1,2,2,1,2,0,0,1,1,4,1,1,0,1,4,1
14035,1,2,2,1,2,0,0,1,1,4,1,2,0,1,3,1
14036,1,2,2,1,2,0,0,1,1,4,1,3,0,1,3,1
14037,1,2,2,1,2,0,0,1,1,4,2,1,0,1,4,1
14038,1,2,2,1,2,0,0,1,1,4,2,2,0,1,3,1
14039,1,2,2,1,2,0,0,1,1,4,2,3,0,1,3,1
14040,1,2,2,1,2,0,1,0,0,0,1,1,,0,4,0
14041,1,2,2,1,2,0,1,0,0,0,1,2,,0,3,0
14042,1,2,2,1,2,0,1,0,0,0,1,3,,0,3,0
14043,1,2,2,1,2,0,1,0,0,0,2,1,,0,4,0
14044,1,2,2,1,2,0,1,0,0,0,2,2,,0,3,0
14045,1,2,2,1,2,0,1,0,0,0,2,3,,0,3,0
14046,1,2,2,1,2,0,1,0,0,1,1,1,,0,4,0
14047,1,2,2,1,2,0,1,0,0,1,1,2,,0,3,0
14048,1,2,2,1,2,0,1,0,0,1,1,3,,0,3,0
14049,1,2,2,1,2,0,1,0,0,1,2,1,,0,4,0
14050,1,2,2,1,2,0,1,0,0,1,2,2,,0,3,0
14051,1,2,2,1,2,0,1,0,0,1,2,3,,0,3,0
14052,1,2,2,1,2,0,1,0,0,2,1,1,,0,5,0
14053,1,2,2,1,2,0,1,0,0,2,1,2,2,1,5,1
14054,1,2,2,1,2,0,1,0,0,2,1,3,2,1,4,1
14055,1,2,2,1,2,0,1,0,0,2,2,1,,0,5,0
14056,1,2,2,1,2,0,1,0,0,2,2,2,,0,4,0
14057,1,2,2,1,2,0,1,0,0,2,2,3,2,1,5,1
14058,1,2,2,1,2,0,1,0,0,3,1,1,,0,5,0
14059,1,2,2,1,2,0,1,0,0,3,1,2,2,1,5,1
14060,1,2,2,1,2,0,1,0,0,3,1,3,2,1,4,1
14061,1,2,2,1,2,0,1,0,0,3,2,1,,0,5,0
14062,1,2,2,1,2,0,1,0,0,3,2,2,,0,4,0
14063,1,2,2,1,2,0,1,0,0,3,2,3,2,1,5,1
14064,1,2,2,1,2,0,1,0,0,4,1,1,,0,5,0
14065,1,2,2,1,2,0,1,0,0,4,1,2,2,1,5,1
14066,1,2,2,1,2,0,1,0,0,4,1,3,2,1,4,1
14067,1,2,2,1,2,0,1,0,0,4,2,1,,0,5,0
14068,1,2,2,1,2,0,1,0,0,4,2,2,,0,4,0
14069,1,2,2,1,2,0,1,0,0,4,2,3,2,1,5,1
14070,1,2,2,1,2,0,1,0,1,0,1,1,0,1,4,1
14071,1,2,2,1,2,0,1,0,1,0,1,2,0,1,3,1
14072,1,2,2,1,2,0,1,0,1,0,1,3,0,1,3,1
14073,1,2,2,1,2,0,1,0,1,0,2,1,0,1,4,1
14074,1,2,2,1,2,0,1,0,1,0,2,2,0,1,3,1
14075,1,2,2,1,2,0,1,0,1,0,2,3,0,1,3,1
14076,1,2,2,1,2,0,1,0,1,1,1,1,0,1,4,1
14077,1,2,2,1,2,0,1,0,1,1,1,2,0,1,3,1
14078,1,2,2,1,2,0,1,0,1,1,1,3,0,1,3,1
14079,1,2,2,1,2,0,1,0,1,1,2,1,0,1,4,1
14080,1,2,2,1,2,0,1,0,1,1,2,2,0,1,3,1
14081,1,2,2,1,2,0,1,0,1,1,2,3,0,1,3,1
14082,1,2,2,1,2,0,1,0,1,2,1,1,0,1,5,1
14083,1,2,2,1,2,0,1,0,1,2,1,2,0,1,5,1
14084,1,2,2,1,2,0,1,0,1,2,1,3,0,1,4,1
14085,1,2,2,1,2,0,1,0,1,2,2,1,0,1,5,1
14086,1,2,2,1,2,0,1,0,1,2,2,2,0,1,4,1
14087,1,2,2,1,2,0,1,0,1,2,2,3,0,1,5,1
14088,1,2,2,1,2,0,1,0,1,3,1,1,0,1,5,1
14089,1,2,2,1,2,0,1,0,1,3,1,2,0,1,5,1
14090,1,2,2,1,2,0,1,0,1,3,1,3,0,1,4,1
14091,1,2,2,1,2,0,1,0,1,3,2,1,0,1,5,1
14092,1,2,2,1,2,0,1,0,1,3,2,2,0,1,4,1
14093,1,2,2,1,2,0,1,0,1,3,2,3,0,1,5,1
14094,1,2,2,1,2,0,1,0,1,4,1,1,0,1,5,1
14095,1,2,2,1,2,0,1,0,1,4,1,2,0,1,5,1
14096,1,2,2,1,2,0,1,0,1,4,1,3,0,1,4,1
14097,1,2,2,1,2,0,1,0,1,4,2,1,0,1,5,1
14098,1,2,2,1,2,0,1,0,1,4,2,2,0,1,4,1
14099,1,2,2,1,2,0,1,0,1,4,2,3,0,1,5,1
14100,1,2,2,1,2,0,1,1,0,0,1,1,,0,4,0
14101,1,2,2,1,2,0,1,1,0,0,1,2,,0,3,0
14102,1,2,2,1,2,0,1,1,0,0,1,3,,0,3,0
14103,1,2,2,1,2,0,1,1,0,0,2,1,,0,4,0
14104,1,2,2,1,2,0,1,1,0,0,2,2,,0,3,0
14105,1,2,2,1,2,0,1,1,0,0,2,3,,0,3,0
14106,1,2,2,1,2,0,1,1,0,1,1,1,,0,4,0
14107,1,2,2,1,2,0,1,1,0,1,1,2,,0,3,0
14108,1,2,2,1,2,0,1,1,0,1,1,3,,0,3,0
14109,1,2,2,1,2,0,1,1,0,1,2,1,,0,4,0
14110,1,2,2,1,2,0,1,1,0,1,2,2,,0,3,0
14111,1,2,2,1,2,0,1,1,0,1,2,3,,0,3,0
14112,1,2,2,1,2,0,1,1,0,2,1,1,,0,5,0
14113,1,2,2,1,2,0,1,1,0,2,1,2,2,1,5,1
14114,1,2,2,1,2,0,1,1,0,2,1,3,2,1,4,1
14115,1,2,2,1,2,0,1,1,0,2,2,1,,0,5,0
14116,1,2,2,1,2,0,1,1,0,2,2,2,,0,4,0
14117,1,2,2,1,2,0,1,1,0,2,2,3,2,1,5,1
14118,1,2,2,1,2,0,1,1,0,3,1,1,,0,5,0
14119,1,2,2,1,2,0,1,1,0,3,1,2,2,1,5,1
14120,1,2,2,1,2,0,1,1,0,3,1,3,2,1,4,1
14121,1,2,2,1,2,0,1,1,0,3,2,1,,0,5,0
14122,1,2,2,1,2,0,1,1,0,3,2,2,,0,4,0
14123,1,2,2,1,2,0,1,1,0,3,2,3,2,1,5,1
14124,1,2,2,1,2,0,1,1,0,4,1,1,,0,5,0
14125,1,2,2,1,2,0,1,1,0,4,1,2,2,1,5,1
14126,1,2,2,1,2,0,1,1,0,4,1,3,2,1,4,1
14127,1,2,2,1,2,0,1,1,0,4,2,1,,0,5,0
14128,1,2,2,1,2,0,1,1,0,4,2,2,,0,4,0
14129,1,2,2,1,2,0,1,1,0,4,2,3,2,1,5,1
14130,1,2,2,1,2,0,1,1,1,0,1,1,0,1,4,1
14131,1,2,2,1,2,0,1,1,1,0,1,2,0,1,3,1
14132,1,2,2,1,2,0,1,1,1,0,1,3,0,1,3,1
14133,1,2,2,1,2,0,1,1,1,0,2,1,0,1,4,1
14134,1,2,2,1,2,0,1,1,1,0,2,2,0,1,3,1
14135,1,2,2,1,2,0,1,1,1,0,2,3,0,1,3,1
14136,1,2,2,1,2,0,1,1,1,1,1,1,0,1,4,1
14137,1,2,2,1,2,0,1,1,1,1,1,2,0,1,3,1
14138,1,2,2,1,2,0,1,1,1,1,1,3,0,1,3,1
14139,1,2,2,1,2,0,1,1,1,1,2,1,0,1,4,1
14140,1,2,2,1,2,0,1,1,1,1,2,2,0,1,3,1
14141,1,2,2,1,2,0,1,1,1,1,2,3,0,1,3,1
14142,1,2,2,1,2,0,1,1,1,2,1,1,0,1,5,1
14143,1,2,2,1,2,0,1,1,1,2,1,2,0,1,5,1
14144,1,2,2,1,2,0,1,1,1,2,1,3,0,1,4,1
14145,1,2,2,1,2,0,1,1,1,2,2,1,0,1,5,1
14146,1,2,2,1,2,0,1,1,1,2,2,2,0,1,4,1
14147,1,2,2,1,2,0,1,1,1,2,2,3,0,1,5,1
14148,1,2,2,1,2,0,1,1,1,3,1,1,0,1,5,1
14149,1,2,2,1,2,0,1,1,1,3,1,2,0,1,5,1
14150,1,2,2,1,2,0,1,1,1,3,1,3,0,1,4,1
14151,1,2,2,1,2,0,1,1,1,3,2,1,0,1,5,1
14152,1,2,2,1,2,0,1,1,1,3,2,2,0,1,4,1
14153,1,2,2,1,2,0,1,1,1,3,2,3,0,1,5,1
14154,1,2,2,1,2,0,1,1,1,4,1,1,0,1,5,1
14155,1,2,2,1,2,0,1,1,1,4,1,2,0,1,5,1
14156,1,2,2,1,2,0,1,1,1,4,1,3,0,1,4,1
14157,1,2,2,1,2,0,1,1,1,4,2,1,0,1,5,1
14158,1,2,2,1,2,0,1,1,1,4,2,2,0,1,4,1
14159,1,2,2,1,2,0,1,1,1,4,2,3,0,1,5,1
14160,1,2,2,1,2,1,0,0,0,0,1,1,,0,4,0
14161,1,2,2,1,2,1,0,0,0,0,1,2,,0,3,0
14162,1,2,2,1,2,1,0,0,0,0,1,3,,0,3,0
14163,1,2,2,1,2,1,0,0,0,0,2,1,,0,4,0
14164,1,2,2,1,2,1,0,0,0,0,2,2,,0,3,0
14165,1,2,2,1,2,1,0,0,0,0,2,3,,0,3,0
14166,1,2,2,1,2,1,0,0,0,1,1,1,,0,4,0
14167,1,2,2,1,2,1,0,0,0,1,1,2,,0,3,0
14168,1,2,2,1,2,1,0,0,0,1,1,3,,0,3,0
14169,1,2,2,1,2,1,0,0,0,1,2,1,,0,4,0
14170,1,2,2,1,2,1,0,0,0,1,2,2,,0,3,0
14171,1,2,2,1,2,1,0,0,0,1,2,3,,0,3,0
14172,1,2,2,1,2,1,0,0,0,2,1,1,,0,5,0
14173,1,2,2,1,2,1,0,0,0,2,1,2,2,1,4,1
14174,1,2,2,1,2,1,0,0,0,2,1,3,2,1,4,1
14175,1,2,2,1,2,1,0,0,0,2,2,1,,0,5,0
14176,1,2,2,1,2,1,0,0,0,2,2,2,2,1,4,1
14177,1,2,2,1,2,1,0,0,0,2,2,3,2,1,4,1
14178,1,2,2,1,2,1,0,0,0,3,1,1,,0,5,0
14179,1,2,2,1,2,1,0,0,0,3,1,2,2,1,4,1
14180,1,2,2,1,2,1,0,0,0,3,1,3,2,1,4,1
14181,1,2,2,1,2,1,0,0,0,3,2,1,,0,5,0
14182,1,2,2,1,2,1,0,0,0,3,2,2,2,1,4,1
14183,1,2,2,1,2,1,0,0,0,3,2,3,2,1,4,1
14184,1,2,2,1,2,1,0,0,0,4,1,1,,0,5,0
14185,1,2,2,1,2,1,0,0,0,4,1,2,2,1,4,1
14186,1,2,2,1,2,1,0,0,0,4,1,3,2,1,4,1
14187,1,2,2,1,2,1,0,0,0,4,2,1,,0,5,0
14188,1,2,2,1,2,1,0,0,0,4,2,2,2,1,4,1
14189,1,2,2,1,2,1,0,0,0,4,2,3,2,1,4,1
14190,1,2,2,1,2,1,0,0,1,0,1,1,0,1,4,1
14191,1,2,2,1,2,1,0,0,1,0,1,2,0,1,3,1
14192,1,2,2,1,2,1,0,0,1,0,1,3,0,1,3,1
14193,1,2,2,1,2,1,0,0,1,0,2,1,0,1,4,1
14194,1,2,2,1,2,1,0,0,1,0,2,2,0,1,3,1
14195,1,2,2,1,2,1,0,0,1,0,2,3,0,1,3,1
14196,1,2,2,1,2,1,0,0,1,1,1,1,0,1,4,1
14197,1,2,2,1,2,1,0,0,1,1,1,2,0,1,3,1
14198,1,2,2,1,2,1,0,0,1,1,1,3,0,1,3,1
14199,1,2,2,1,2,1,0,0,1,1,2,1,0,1,4,1
14200,1,2,2,1,2,1,0,0,1,1,2,2,0,1,3,1
14201,1,2,2,1,2,1,0,0,1,1,2,3,0,1,3,1
14202,1,2,2,1,2,1,0,0,1,2,1,1,0,1,5,1
14203,1,2,2,1,2,1,0,0,1,2,1,2,0,1,4,1
14204,1,2,2,1,2,1,0,0,1,2,1,3,0,1,4,1
14205,1,2,2,1,2,1,0,0,1,2,2,1,0,1,5,1
14206,1,2,2,1,2,1,0,0,1,2,2,2,0,1,4,1
14207,1,2,2,1,2,1,0,0,1,2,2,3,0,1,4,1
14208,1,2,2,1,2,1,0,0,1,3,1,1,0,1,5,1
14209,1,2,2,1,2,1,0,0,1,3,1,2,0,1,4,1
14210,1,2,2,1,2,1,0,0,1,3,1,3,0,1,4,1
14211,1,2,2,1,2,1,0,0,1,3,2,1,0,1,5,1
14212,1,2,2,1,2,1,0,0,1,3,2,2,0,1,4,1
14213,1,2,2,1,2,1,0,0,1,3,2,3,0,1,4,1
14214,1,2,2,1,2,1,0,0,1,4,1,1,0,1,5,1
14215,1,2,2,1,2,1,0,0,1,4,1,2,0,1,4,1
14216,1,2,2,1,2,1,0,0,1,4,1,3,0,1,4,1
14217,1,2,2,1,2,1,0,0,1,4,2,1,0,1,5,1
14218,1,2,2,1,2,1,0,0,1,4,2,2,0,1,4,1
14219,1,2,2,1,2,1,0,0,1,4,2,3,0,1,4,1
14220,1,2,2,1,2,1,0,1,0,0,1,1,,0,4,0
14221,1,2,2,1,2,1,0,1,0,0,1,2,,0,3,0
14222,1,2,2,1,2,1,0,1,0,0,1,3,,0,3,0
14223,1,2,2,1,2,1,0,1,0,0,2,1,,0,4,0
14224,1,2,2,1,2,1,0,1,0,0,2,2,,0,3,0
14225,1,2,2,1,2,1,0,1,0,0,2,3,,0,3,0
14226,1,2,2,1,2,1,0,1,0,1,1,1,,0,4,0
14227,1,2,2,1,2,1,0,1,0,1,1,2,,0,3,0
14228,1,2,2,1,2,1,0,1,0,1,1,3,,0,3,0
14229,1,2,2,1,2,1,0,1,0,1,2,1,,0,4,0
14230,1,2,2,1,2,1,0,1,0,1,2,2,,0,3,0
14231,1,2,2,1,2,1,0,1,0,1,2,3,,0,3,0
14232,1,2,2,1,2,1,0,1,0,2,1,1,2,1,5,1
14233,1,2,2,1,2,1,0,1,0,2,1,2,2,1,4,1
14234,1,2,2,1,2,1,0,1,0,2,1,3,2,1,4,1
14235,1,2,2,1,2,1,0,1,0,2,2,1,2,1,5,1
14236,1,2,2,1,2,1,0,1,0,2,2,2,2,1,4,1
14237,1,2,2,1,2,1,0,1,0,2,2,3,2,1,4,1
14238,1,2,2,1,2,1,0,1,0,3,1,1,2,1,5,1
14239,1,2,2,1,2,1,0,1,0,3,1,2,2,1,4,1
14240,1,2,2,1,2,1,0,1,0,3,1,3,2,1,4,1
14241,1,2,2,1,2,1,0,1,0,3,2,1,2,1,5,1
14242,1,2,2,1,2,1,0,1,0,3,2,2,2,1,4,1
14243,1,2,2,1,2,1,0,1,0,3,2,3,2,1,4,1
14244,1,2,2,1,2,1,0,1,0,4,1,1,2,1,5,1
14245,1,2,2,1,2,1,0,1,0,4,1,2,2,1,4,1
14246,1,2,2,1,2,1,0,1,0,4,1,3,2,1,4,1
14247,1,2,2,1,2,1,0,1,0,4,2,1,2,1,5,1
14248,1,2,2,1,2,1,0,1,0,4,2,2,2,1,4,1
14249,1,2,2,1,2,1,0,1,0,4,2,3,2,1,4,1
14250,1,2,2,1,2,1,0,1,1,0,1,1,0,1,4,1
14251,1,2,2,1,2,1,0,1,1,0,1,2,0,1,3,1
14252,1,2,2,1,2,1,0,1,1,0,1,3,0,1,3,1
14253,1,2,2,1,2,1,0,1,1,0,2,1,0,1,4,1
14254,1,2,2,1,2,1,0,1,1,0,2,2,0,1,3,1
14255,1,2,2,1,2,1,0,1,1,0,2,3,0,1,3,1
14256,1,2,2,1,2,1,0,1,1,1,1,1,0,1,4,1
14257,1,2,2,1,2,1,0,1,1,1,1,2,0,1,3,1
14258,1,2,2,1,2,1,0,1,1,1,1,3,0,1,3,1
14259,1,2,2,1,2,1,0,1,1,1,2,1,0,1,4,1
14260,1,2,2,1,2,1,0,1,1,1,2,2,0,1,3,1
14261,1,2,2,1,2,1,0,1,1,1,2,3,0,1,3,1
14262,1,2,2,1,2,1,0,1,1,2,1,1,0,1,5,1
14263,1,2,2,1,2,1,0,1,1,2,1,2,0,1,4,1
14264,1,2,2,1,2,1,0,1,1,2,1,3,0,1,4,1
14265,1,2,2,1,2,1,0,1,1,2,2,1,0,1,5,1
14266,1,2,2,1,2,1,0,1,1,2,2,2,0,1,4,1
14267,1,2,2,1,2,1,0,1,1,2,2,3,0,1,4,1
14268,1,2,2,1,2,1,0,1,1,3,1,1,0,1,5,1
14269,1,2,2,1,2,1,0,1,1,3,1,2,0,1,4,1
14270,1,2,2,1,2,1,0,1,1,3,1,3,0,1,4,1
14271,1,2,2,1,2,1,0,1,1,3,2,1,0,1,5,1
14272,1,2,2,1,2,1,0,1,1,3,2,2,0,1,4,1
14273,1,2,2,1,2,1,0,1,1,3,2,3,0,1,4,1
14274,1,2,2,1,2,1,0,1,1,4,1,1,0,1,5,1
14275,1,2,2,1,2,1,0,1,1,4,1,2,0,1,4,1
14276,1,2,2,1,2,1,0,1,1,4,1,3,0,1,4,1
14277,1,2,2,1,2,1,0,1,1,4,2,1,0,1,5,1
14278,1,2,2,1,2,1,0,1,1,4,2,2,0,1,4,1
14279,1,2,2,1,2,1,0,1,1,4,2,3,0,1,4,1
14280,1,2,2,1,2,1,1,0,0,0,1,1,,0,4,0
14281,1,2,2,1,2,1,1,0,0,0,1,2,,0,3,0
14282,1,2,2,1,2,1,1,0,0,0,1,3,,0,3,0
14283,1,2,2,1,2,1,1,0,0,0,2,1,,0,4,0
14284,1,2,2,1,2,1,1,0,0,0,2,2,,0,3,0
14285,1,2,2,1,2,1,1,0,0,0,2,3,,0,3,0
14286,1,2,2,1,2,1,1,0,0,1,1,1,,0,4,0
14287,1,2,2,1,2,1,1,0,0,1,1,2,,0,3,0
14288,1,2,2,1,2,1,1,0,0,1,1,3,,0,3,0
14289,1,2,2,1,2,1,1,0,0,1,2,1,,0,4,0
14290,1,2,2,1,2,1,1,0,0,1,2,2,,0,3,0
14291,1,2,2,1,2,1,1,0,0,1,2,3,,0,3,0
14292,1,2,2,1,2,1,1,0,0,2,1,1,,0,5,0
14293,1,2,2,1,2,1,1,0,0,2,1,2,,0,6,0
14294,1,2,2,1,2,1,1,0,0,2,1,3,2,1,5,1
14295,1,2,2,1,2,1,1,0,0,2,2,1,,0,5,0
14296,1,2,2,1,2,1,1,0,0,2,2,2,,0,4,0
14297,1,2,2,1,2,1,1,0,0,2,2,3,,0,6,0
14298,1,2,2,1,2,1,1,0,0,3,1,1,,0,5,0
14299,1,2,2,1,2,1,1,0,0,3,1,2,,0,6,0
14300,1,2,2,1,2,1,1,0,0,3,1,3,2,1,5,1
14301,1,2,2,1,2,1,1,0,0,3,2,1,,0,5,0
14302,1,2,2,1,2,1,1,0,0,3,2,2,,0,4,0
14303,1,2,2,1,2,1,1,0,0,3,2,3,,0,6,0
14304,1,2,2,1,2,1,1,0,0,4,1,1,,0,5,0
14305,1,2,2,1,2,1,1,0,0,4,1,2,,0,6,0
14306,1,2,2,1,2,1,1,0,0,4,1,3,2,1,5,1
14307,1,2,2,1,2,1,1,0,0,4,2,1,,0,5,0
14308,1,2,2,1,2,1,1,0,0,4,2,2,,0,4,0
14309,1,2,2,1,2,1,1,0,0,4,2,3,,0,6,0
14310,1,2,2,1,2,1,1,0,1,0,1,1,0,1,4,1
14311,1,2,2,1,2,1,1,0,1,0,1,2,0,1,3,1
14312,1,2,2,1,2,1,1,0,1,0,1,3,0,1,3,1
14313,1,2,2,1,2,1,1,0,1,0,2,1,0,1,4,1
14314,1,2,2,1,2,1,1,0,1,0,2,2,0,1,3,1
14315,1,2,2,1,2,1,1,0,1,0,2,3,0,1,3,1
14316,1,2,2,1,2,1,1,0,1,1,1,1,0,1,4,1
14317,1,2,2,1,2,1,1,0,1,1,1,2,0,1,3,1
14318,1,2,2,1,2,1,1,0,1,1,1,3,0,1,3,1
14319,1,2,2,1,2,1,1,0,1,1,2,1,0,1,4,1
14320,1,2,2,1,2,1,1,0,1,1,2,2,0,1,3,1
14321,1,2,2,1,2,1,1,0,1,1,2,3,0,1,3,1
14322,1,2,2,1,2,1,1,0,1,2,1,1,0,1,6,1
14323,1,2,2,1,2,1,1,0,1,2,1,2,0,1,6,1
14324,1,2,2,1,2,1,1,0,1,2,1,3,0,1,5,1
14325,1,2,2,1,2,1,1,0,1,2,2,1,0,1,6,1
14326,1,2,2,1,2,1,1,0,1,2,2,2,0,1,5,1
14327,1,2,2,1,2,1,1,0,1,2,2,3,0,1,6,1
14328,1,2,2,1,2,1,1,0,1,3,1,1,0,1,6,1
14329,1,2,2,1,2,1,1,0,1,3,1,2,0,1,6,1
14330,1,2,2,1,2,1,1,0,1,3,1,3,0,1,5,1
14331,1,2,2,1,2,1,1,0,1,3,2,1,0,1,6,1
14332,1,2,2,1,2,1,1,0,1,3,2,2,0,1,5,1
14333,1,2,2,1,2,1,1,0,1,3,2,3,0,1,6,1
14334,1,2,2,1,2,1,1,0,1,4,1,1,0,1,6,1
14335,1,2,2,1,2,1,1,0,1,4,1,2,0,1,6,1
14336,1,2,2,1,2,1,1,0,1,4,1,3,0,1,5,1
14337,1,2,2,1,2,1,1,0,1,4,2,1,0,1,6,1
14338,1,2,2,1,2,1,1,0,1,4,2,2,0,1,5,1
14339,1,2,2,1,2,1,1,0,1,4,2,3,0,1,6,1
14340,1,2,2,1,2,1,1,1,0,0,1,1,,0,4,0
14341,1,2,2,1,2,1,1,1,0,0,1,2,,0,3,0
14342,1,2,2,1,2,1,1,1,0,0,1,3,,0,3,0
14343,1,2,2,1,2,1,1,1,0,0,2,1,,0,4,0
14344,1,2,2,1,2,1,1,1,0,0,2,2,,0,3,0
14345,1,2,2,1,2,1,1,1,0,0,2,3,,0,3,0
14346,1,2,2,1,2,1,1,1,0,1,1,1,,0,4,0
14347,1,2,2,1,2,1,1,1,0,1,1,2,,0,3,0
14348,1,2,2,1,2,1,1,1,0,1,1,3,,0,3,0
14349,1,2,2,1,2,1,1,1,0,1,2,1,,0,4,0
14350,1,2,2,1,2,1,1,1,0,1,2,2,,0,3,0
14351,1,2,2,1,2,1,1,1,0,1,2,3,,0,3,0
14352,1,2,2,1,2,1,1,1,0,2,1,1,,0,5,0
14353,1,2,2,1,2,1,1,1,0,2,1,2,2,1,7,1
14354,1,2,2,1,2,1,1,1,0,2,1,3,2,1,6,1
14355,1,2,2,1,2,1,1,1,0,2,2,1,,0,5,0
14356,1,2,2,1,2,1,1,1,0,2,2,2,,0,4,0
14357,1,2,2,1,2,1,1,1,0,2,2,3,2,1,7,1
14358,1,2,2,1,2,1,1,1,0,3,1,1,,0,5,0
14359,1,2,2,1,2,1,1,1,0,3,1,2,2,1,7,1
14360,1,2,2,1,2,1,1,1,0,3,1,3,2,1,6,1
14361,1,2,2,1,2,1,1,1,0,3,2,1,,0,5,0
14362,1,2,2,1,2,1,1,1,0,3,2,2,,0,4,0
14363,1,2,2,1,2,1,1,1,0,3,2,3,2,1,7,1
14364,1,2,2,1,2,1,1,1,0,4,1,1,,0,5,0
14365,1,2,2,1,2,1,1,1,0,4,1,2,2,1,7,1
14366,1,2,2,1,2,1,1,1,0,4,1,3,2,1,6,1
14367,1,2,2,1,2,1,1,1,0,4,2,1,,0,5,0
14368,1,2,2,1,2,1,1,1,0,4,2,2,,0,4,0
14369,1,2,2,1,2,1,1,1,0,4,2,3,2,1,7,1
14370,1,2,2,1,2,1,1,1,1,0,1,1,0,1,4,1
14371,1,2,2,1,2,1,1,1,1,0,1,2,0,1,3,1
14372,1,2,2,1,2,1,1,1,1,0,1,3,0,1,3,1
14373,1,2,2,1,2,1,1,1,1,0,2,1,0,1,4,1
14374,1,2,2,1,2,1,1,1,1,0,2,2,0,1,3,1
14375,1,2,2,1,2,1,1,1,1,0,2,3,0,1,3,1
14376,1,2,2,1,2,1,1,1,1,1,1,1,0,1,4,1
14377,1,2,2,1,2,1,1,1,1,1,1,2,0,1,3,1
14378,1,2,2,1,2,1,1,1,1,1,1,3,0,1,3,1
14379,1,2,2,1,2,1,1,1,1,1,2,1,0,1,4,1
14380,1,2,2,1,2,1,1,1,1,1,2,2,0,1,3,1
14381,1,2,2,1,2,1,1,1,1,1,2,3,0,1,3,1
14382,1,2,2,1,2,1,1,1,1,2,1,1,0,1,7,1
14383,1,2,2,1,2,1,1,1,1,2,1,2,0,1,7,1
14384,1,2,2,1,2,1,1,1,1,2,1,3,0,1,6,1
14385,1,2,2,1,2,1,1,1,1,2,2,1,0,1,7,1
14386,1,2,2,1,2,1,1,1,1,2,2,2,0,1,6,1
14387,1,2,2,1,2,1,1,1,1,2,2,3,0,1,7,1
14388,1,2,2,1,2,1,1,1,1,3,1,1,0,1,7,1
14389,1,2,2,1,2,1,1,1,1,3,1,2,0,1,7,1
14390,1,2,2,1,2,1,1,1,1,3,1,3,0,1,6,1
14391,1,2,2,1,2,1,1,1,1,3,2,1,0,1,7,1
14392,1,2,2,1,2,1,1,1,1,3,2,2,0,1,6,1
14393,1,2,2,1,2,1,1,1,1,3,2,3,0,1,7,1
14394,1,2,2,1,2,1,1,1,1,4,1,1,0,1,7,1
14395,1,2,2,1,2,1,1,1,1,4,1,2,0,1,7,1
14396,1,2,2,1,2,1,1,1,1,4,1,3,0,1,6,1
14397,1,2,2,1,2,1,1,1,1,4,2,1,0,1,7,1
14398,1,2,2,1,2,1,1,1,1,4,2,2,0,1,6,1
14399,1,2,2,1,2,1,1,1,1,4,2,3,0,1,7,1
14400,1,2,2,2,1,0,0,0,0,0,1,1,,0,4,0
14401,1,2,2,2,1,0,0,0,0,0,1,2,,0,3,0
14402,1,2,2,2,1,0,0,0,0,0,1,3,,0,3,0
14403,1,2,2,2,1,0,0,0,0,0,2,1,,0,4,0
14404,1,2,2,2,1,0,0,0,0,0,2,2,,0,3,0
14405,1,2,2,2,1,0,0,0,0,0,2,3,,0,3,0
14406,1,2,2,2,1,0,0,0,0,1,1,1,,0,4,0
14407,1,2,2,2,1,0,0,0,0,1,1,2,,0,3,0
14408,1,2,2,2,1,0,0,0,0,1,1,3,,0,3,0
14409,1,2,2,2,1,0,0,0,0,1,2,1,,0,4,0
14410,1,2,2,2,1,0,0,0,0,1,2,2,,0,3,0
14411,1,2,2,2,1,0,0,0,0,1,2,3,,0,3,0
14412,1,2,2,2,1,0,0,0,0,2,1,1,2,1,4,1
14413,1,2,2,2,1,0,0,0,0,2,1,2,2,1,3,1
14414,1,2,2,2,1,0,0,0,0,2,1,3,2,1,3,1
14415,1,2,2,2,1,0,0,0,0,2,2,1,2,1,4,1
14416,1,2,2,2,1,0,0,0,0,2,2,2,2,1,3,1
14417,1,2,2,2,1,0,0,0,0,2,2,3,2,1,3,1
14418,1,2,2,2,1,0,0,0,0,3,1,1,2,1,4,1
14419,1,2,2,2,1,0,0,0,0,3,1,2,2,1,3,1
14420,1,2,2,2,1,0,0,0,0,3,1,3,2,1,3,1
14421,1,2,2,2,1,0,0,0,0,3,2,1,2,1,4,1
14422,1,2,2,2,1,0,0,0,0,3,2,2,2,1,3,1
14423,1,2,2,2,1,0,0,0,0,3,2,3,2,1,3,1
14424,1,2,2,2,1,0,0,0,0,4,1,1,2,1,4,1
14425,1,2,2,2,1,0,0,0,0,4,1,2,2,1,3,1
14426,1,2,2,2,1,0,0,0,0,4,1,3,2,1,3,1
14427,1,2,2,2,1,0,0,0,0,4,2,1,2,1,4,1
14428,1,2,2,2,1,0,0,0,0,4,2,2,2,1,3,1
14429,1,2,2,2,1,0,0,0,0,4,2,3,2,1,3,1
14430,1,2,2,2,1,0,0,0,1,0,1,1,0,1,4,1
14431,1,2,2,2,1,0,0,0,1,0,1,2,0,1,3,1
14432,1,2,2,2,1,0,0,0,1,0,1,3,0,1,3,1
14433,1,2,2,2,1,0,0,0,1,0,2,1,0,1,4,1
14434,1,2,2,2,1,0,0,0,1,0,2,2,0,1,3,1
14435,1,2,2,2,1,0,0,0,1,0,2,3,0,1,3,1
14436,1,2,2,2,1,0,0,0,1,1,1,1,0,1,4,1
14437,1,2,2,2,1,0,0,0,1,1,1,2,0,1,3,1
14438,1,2,2,2,1,0,0,0,1,1,1,3,0,1,3,1
14439,1,2,2,2,1,0,0,0,1,1,2,1,0,1,4,1
14440,1,2,2,2,1,0,0,0,1,1,2,2,0,1,3,1
14441,1,2,2,2,1,0,0,0,1,1,2,3,0,1,3,1
14442,1,2,2,2,1,0,0,0,1,2,1,1,0,1,4,1
14443,1,2,2,2,1,0,0,0,1,2,1,2,0,1,3,1
14444,1,2,2,2,1,0,0,0,1,2,1,3,0,1,3,1
14445,1,2,2,2,1,0,0,0,1,2,2,1,0,1,4,1
14446,1,2,2,2,1,0,0,0,1,2,2,2,0,1,3,1
14447,1,2,2,2,1,0,0,0,1,2,2,3,0,1,3,1
14448,1,2,2,2,1,0,0,0,1,3,1,1,0,1,4,1
14449,1,2,2,2,1,0,0,0,1,3,1,2,0,1,3,1
14450,1,2,2,2,1,0,0,0,1,3,1,3,0,1,3,1
14451,1,2,2,2,1,0,0,0,1,3,2,1,0,1,4,1
14452,1,2,2,2,1,0,0,0,1,3,2,2,0,1,3,1
14453,1,2,2,2,1,0,0,0,1,3,2,3,0,1,3,1
14454,1,2,2,2,1,0,0,0,1,4,1,1,0,1,4,1
14455,1,2,2,2,1,0,0,0,1,4,1,2,0,1,3,1
14456,1,2,2,2,1,0,0,0,1,4,1,3,0,1,3,1
14457,1,2,2,2,1,0,0,0,1,4,2,1,0,1,4,1
14458,1,2,2,2,1,0,0,0,1,4,2,2,0,1,3,1
14459,1,2,2,2,1,0,0,0,1,4,2,3,0,1,3,1
14460,1,2,2,2,1,0,0,1,0,0,1,1,,0,4,0
14461,1,2,2,2,1,0,0,1,0,0,1,2,,0,3,0
14462,1,2,2,2,1,0,0,1,0,0,1,3,,0,3,0
14463,1,2,2,2,1,0,0,1,0,0,2,1,,0,4,0
14464,1,2,2,2,1,0,0,1,0,0,2,2,,0,3,0
14465,1,2,2,2,1,0,0,1,0,0,2,3,,0,3,0
14466,1,2,2,2,1,0,0,1,0,1,1,1,,0,4,0
14467,1,2,2,2,1,0,0,1,0,1,1,2,,0,3,0
14468,1,2,2,2,1,0,0,1,0,1,1,3,,0,3,0
14469,1,2,2,2,1,0,0,1,0,1,2,1,,0,4,0
14470,1,2,2,2,1,0,0,1,0,1,2,2,,0,3,0
14471,1,2,2,2,1,0,0,1,0,1,2,3,,0,3,0
14472,1,2,2,2,1,0,0,1,0,2,1,1,2,1,4,1
14473,1,2,2,2,1,0,0,1,0,2,1,2,2,1,3,1
14474,1,2,2,2,1,0,0,1,0,2,1,3,2,1,3,1
14475,1,2,2,2,1,0,0,1,0,2,2,1,2,1,4,1
14476,1,2,2,2,1,0,0,1,0,2,2,2,2,1,3,1
14477,1,2,2,2,1,0,0,1,0,2,2,3,2,1,3,1
14478,1,2,2,2,1,0,0,1,0,3,1,1,2,1,4,1
14479,1,2,2,2,1,0,0,1,0,3,1,2,2,1,3,1
14480,1,2,2,2,1,0,0,1,0,3,1,3,2,1,3,1
14481,1,2,2,2,1,0,0,1,0,3,2,1,2,1,4,1
14482,1,2,2,2,1,0,0,1,0,3,2,2,2,1,3,1
14483,1,2,2,2,1,0,0,1,0,3,2,3,2,1,3,1
14484,1,2,2,2,1,0,0,1,0,4,1,1,2,1,4,1
14485,1,2,2,2,1,0,0,1,0,4,1,2,2,1,3,1
14486,1,2,2,2,1,0,0,1,0,4,1,3,2,1,3,1
14487,1,2,2,2,1,0,0,1,0,4,2,1,2,1,4,1
14488,1,2,2,2,1,0,0,1,0,4,2,2,2,1,3,1
14489,1,2,2,2,1,0,0,1,0,4,2,3,2,1,3,1
14490,1,2,2,2,1,0,0,1,1,0,1,1,0,1,4,1
14491,1,2,2,2,1,0,0,1,1,0,1,2,0,1,3,1
14492,1,2,2,2,1,0,0,1,1,0,1,3,0,1,3,1
14493,1,2,2,2,1,0,0,1,1,0,2,1,0,1,4,1
14494,1,2,2,2,1,0,0,1,1,0,2,2,0,1,3,1
14495,1,2,2,2,1,0,0,1,1,0,2,3,0,1,3,1
14496,1,2,2,2,1,0,0,1,1,1,1,1,0,1,4,1
14497,1,2,2,2,1,0,0,1,1,1,1,2,0,1,3,1
14498,1,2,2,2,1,0,0,1,1,1,1,3,0,1,3,1
14499,1,2,2,2,1,0,0,1,1,1,2,1,0,1,4,1
14500,1,2,2,2,1,0,0,1,1,1,2,2,0,1,3,1
14501,1,2,2,2,1,0,0,1,1,1,2,3,0,1,3,1
14502,1,2,2,2,1,0,0,1,1,2,1,1,0,1,4,1
14503,1,2,2,2,1,0,0,1,1,2,1,2,0,1,3,1
14504,1,2,2,2,1,0,0,1,1,2,1,3,0,1,3,1
14505,1,2,2,2,1,0,0,1,1,2,2,1,0,1,4,1
14506,1,2,2,2,1,0,0,1,1,2,2,2,0,1,3,1
14507,1,2,2,2,1,0,0,1,1,2,2,3,0,1,3,1
14508,1,2,2,2,1,0,0,1,1,3,1,1,0,1,4,1
14509,1,2,2,2,1,0,0,1,1,3,1,2,0,1,3,1
14510,1,2,2,2,1,0,0,1,1,3,1,3,0,1,3,1
14511,1,2,2,2,1,0,0,1,1,3,2,1,0,1,4,1
14512,1,2,2,2,1,0,0,1,1,3,2,2,0,1,3,1
14513,1,2,2,2,1,0,0,1,1,3,2,3,0,1,3,1
14514,1,2,2,2,1,0,0,1,1,4,1,1,0,1,4,1
14515,1,2,2,2,1,0,0,1,1,4,1,2,0,1,3,1
14516,1,2,2,2,1,0,0,1,1,4,1,3,0,1,3,1
14517,1,2,2,2,1,0,0,1,1,4,2,1,0,1,4,1
14518,1,2,2,2,1,0,0,1,1,4,2,2,0,1,3,1
14519,1,2,2,2,1,0,0,1,1,4,2,3,0,1,3,1
14520,1,2,2,2,1,0,1,0,0,0,1,1,,0,4,0
14521,1,2,2,2,1,0,1,0,0,0,1,2,,0,3,0
14522,1,2,2,2,1,0,1,0,0,0,1,3,,0,3,0
14523,1,2,2,2,1,0,1,0,0,0,2,1,,0,4,0
14524,1,2,2,2,1,0,1,0,0,0,2,2,,0,3,0
14525,1,2,2,2,1,0,1,0,0,0,2,3,,0,3,0
14526,1,2,2,2,1,0,1,0,0,1,1,1,,0,4,0
14527,1,2,2,2,1,0,1,0,0,1,1,2,,0,3,0
14528,1,2,2,2,1,0,1,0,0,1,1,3,,0,3,0
14529,1,2,2,2,1,0,1,0,0,1,2,1,,0,4,0
14530,1,2,2,2,1,0,1,0,0,1,2,2,,0,3,0
14531,1,2,2,2,1,0,1,0,0,1,2,3,,0,3,0
14532,1,2,2,2,1,0,1,0,0,2,1,1,,0,5,0
14533,1,2,2,2,1,0,1,0,0,2,1,2,2,1,5,1
14534,1,2,2,2,1,0,1,0,0,2,1,3,2,1,4,1
14535,1,2,2,2,1,0,1,0,0,2,2,1,,0,5,0
14536,1,2,2,2,1,0,1,0,0,2,2,2,,0,4,0
14537,1,2,2,2,1,0,1,0,0,2,2,3,2,1,5,1
14538,1,2,2,2,1,0,1,0,0,3,1,1,,0,5,0
14539,1,2,2,2,1,0,1,0,0,3,1,2,2,1,5,1
14540,1,2,2,2,1,0,1,0,0,3,1,3,2,1,4,1
14541,1,2,2,2,1,0,1,0,0,3,2,1,,0,5,0
14542,1,2,2,2,1,0,1,0,0,3,2,2,,0,4,0
14543,1,2,2,2,1,0,1,0,0,3,2,3,2,1,5,1
14544,1,2,2,2,1,0,1,0,0,4,1,1,,0,5,0
14545,1,2,2,2,1,0,1,0,0,4,1,2,2,1,5,1
14546,1,2,2,2,1,0,1,0,0,4,1,3,2,1,4,1
14547,1,2,2,2,1,0,1,0,0,4,2,1,,0,5,0
14548,1,2,2,2,1,0,1,0,0,4,2,2,,0,4,0
14549,1,2,2,2,1,0,1,0,0,4,2,3,2,1,5,1
14550,1,2,2,2,1,0,1,0,1,0,1,1,0,1,4,1
14551,1,2,2,2,1,0,1,0,1,0,1,2,0,1,3,1
14552,1,2,2,2,1,0,1,0,1,0,1,3,0,1,3,1
14553,1,2,2,2,1,0,1,0,1,0,2,1,0,1,4,1
14554,1,2,2,2,1,0,1,0,1,0,2,2,0,1,3,1
14555,1,2,2,2,1,0,1,0,1,0,2,3,0,1,3,1
14556,1,2,2,2,1,0,1,0,1,1,1,1,0,1,4,1
14557,1,2,2,2,1,0,1,0,1,1,1,2,0,1,3,1
14558,1,2,2,2,1,0,1,0,1,1,1,3,0,1,3,1
14559,1,2,2,2,1,0,1,0,1,1,2,1,0,1,4,1
14560,1,2,2,2,1,0,1,0,1,1,2,2,0,1,3,1
14561,1,2,2,2,1,0,1,0,1,1,2,3,0,1,3,1
14562,1,2,2,2,1,0,1,0,1,2,1,1,0,1,5,1
14563,1,2,2,2,1,0,1,0,1,2,1,2,0,1,5,1
14564,1,2,2,2,1,0,1,0,1,2,1,3,0,1,4,1
14565,1,2,2,2,1,0,1,0,1,2,2,1,0,1,5,1
14566,1,2,2,2,1,0,1,0,1,2,2,2,0,1,4,1
14567,1,2,2,2,1,0,1,0,1,2,2,3,0,1,5,1
14568,1,2,2,2,1,0,1,0,1,3,1,1,0,1,5,1
14569,1,2,2,2,1,0,1,0,1,3,1,2,0,1,5,1
14570,1,2,2,2,1,0,1,0,1,3,1,3,0,1,4,1
14571,1,2,2,2,1,0,1,0,1,3,2,1,0,1,5,1
14572,1,2,2,2,1,0,1,0,1,3,2,2,0,1,4,1
14573,1,2,2,2,1,0,1,0,1,3,2,3,0,1,5,1
14574,1,2,2,2,1,0,1,0,1,4,1,1,0,1,5,1
14575,1,2,2,2,1,0,1,0,1,4,1,2,0,1,5,1
14576,1,2,2,2,1,0,1,0,1,4,1,3,0,1,4,1
14577,1,2,2,2,1,0,1,0,1,4,2,1,0,1,5,1
14578,1,2,2,2,1,0,1,0,1,4,2,2,0,1,4,1
14579,1,2,2,2,1,0,1,0,1,4,2,3,0,1,5,1
14580,1,2,2,2,1,0,1,1,0,0,1,1,,0,4,0
14581,1,2,2,2,1,0,1,1,0,0,1,2,,0,3,0
14582,1,2,2,2,1,0,1,1,0,0,1,3,,0,3,0
14583,1,2,2,2,1,0,1,1,0,0,2,1,,0,4,0
14584,1,2,2,2,1,0,1,1,0,0,2,2,,0,3,0
14585,1,2,2,2,1,0,1,1,0,0,2,3,,0,3,0
14586,1,2,2,2,1,0,1,1,0,1,1,1,,0,4,0
14587,1,2,2,2,1,0,1,1,0,1,1,2,,0,3,0
14588,1,2,2,2,1,0,1,1,0,1,1,3,,0,3,0
14589,1,2,2,2,1,0,1,1,0,1,2,1,,0,4,0
14590,1,2,2,2,1,0,1,1,0,1,2,2,,0,3,0
14591,1,2,2,2,1,0,1,1,0,1,2,3,,0,3,0
14592,1,2,2,2,1,0,1,1,0,2,1,1,,0,5,0
14593,1,2,2,2,1,0,1,1,0,2,1,2,2,1,5,1
14594,1,2,2,2,1,0,1,1,0,2,1,3,2,1,4,1
14595,1,2,2,2,1,0,1,1,0,2,2,1,,0,5,0
14596,1,2,2,2,1,0,1,1,0,2,2,2,,0,4,0
14597,1,2,2,2,1,0,1,1,0,2,2,3,2,1,5,1
14598,1,2,2,2,1,0,1,1,0,3,1,1,,0,5,0
14599,1,2,2,2,1,0,1,1,0,3,1,2,2,1,5,1
14600,1,2,2,2,1,0,1,1,0,3,1,3,2,1,4,1
14601,1,2,2,2,1,0,1,1,0,3,2,1,,0,5,0
14602,1,2,2,2,1,0,1,1,0,3,2,2,,0,4,0
14603,1,2,2,2,1,0,1,1,0,3,2,3,2,1,5,1
14604,1,2,2,2,1,0,1,1,0,4,1,1,,0,5,0
14605,1,2,2,2,1,0,1,1,0,4,1,2,2,1,5,1
14606,1,2,2,2,1,0,1,1,0,4,1,3,2,1,4,1
14607,1,2,2,2,1,0,1,1,0,4,2,1,,0,5,0
14608,1,2,2,2,1,0,1,1,0,4,2,2,,0,4,0
14609,1,2,2,2,1,0,1,1,0,4,2,3,2,1,5,1
14610,1,2,2,2,1,0,1,1,1,0,1,1,0,1,4,1
14611,1,2,2,2,1,0,1,1,1,0,1,2,0,1,3,1
14612,1,2,2,2,1,0,1,1,1,0,1,3,0,1,3,1
14613,1,2,2,2,1,0,1,1,1,0,2,1,0,1,4,1
14614,1,2,2,2,1,0,1,1,1,0,2,2,0,1,3,1
14615,1,2,2,2,1,0,1,1,1,0,2,3,0,1,3,1
14616,1,2,2,2,1,0,1,1,1,1,1,1,0,1,4,1
14617,1,2,2,2,1,0,1,1,1,1,1,2,0,1,3,1
14618,1,2,2,2,1,0,1,1,1,1,1,3,0,1,3,1
14619,1,2,2,2,1,0,1,1,1,1,2,1,0,1,4,1
14620,1,2,2,2,1,0,1,1,1,1,2,2,0,1,3,1
14621,1,2,2,2,1,0,1,1,1,1,2,3,0,1,3,1
14622,1,2,2,2,1,0,1,1,1,2,1,1,0,1,5,1
14623,1,2,2,2,1,0,1,1,1,2,1,2,0,1,5,1
14624,1,2,2,2,1,0,1,1,1,2,1,3,0,1,4,1
14625,1,2,2,2,1,0,1,1,1,2,2,1,0,1,5,1
14626,1,2,2,2,1,0,1,1,1,2,2,2,0,1,4,1
14627,1,2,2,2,1,0,1,1,1,2,2,3,0,1,5,1
14628,1,2,2,2,1,0,1,1,1,3,1,1,0,1,5,1
14629,1,2,2,2,1,0,1,1,1,3,1,2,0,1,5,1
14630,1,2,2,2,1,0,1,1,1,3,1,3,0,1,4,1
14631,1,2,2,2,1,0,1,1,1,3,2,1,0,1,5,1
14632,1,2,2,2,1,0,1,1,1,3,2,2,0,1,4,1
14633,1,2,2,2,1,0,1,1,1,3,2,3,0,1,5,1
14634,1,2,2,2,1,0,1,1,1,4,1,1,0,1,5,1
14635,1,2,2,2,1,0,1,1,1,4,1,2,0,1,5,1
14636,1,2,2,2,1,0,1,1,1,4,1,3,0,1,4,1
14637,1,2,2,2,1,0,1,1,1,4,2,1,0,1,5,1
14638,1,2,2,2,1,0,1,1,1,4,2,2,0,1,4,1
14639,1,2,2,2,1,0,1,1,1,4,2,3,0,1,5,1
14640,1,2,2,2,1,1,0,0,0,0,1,1,,0,4,0
14641,1,2,2,2,1,1,0,0,0,0,1,2,,0,3,0
14642,1,2,2,2,1,1,0,0,0,0,1,3,,0,3,0
14643,1,2,2,2,1,1,0,0,0,0,2,1,,0,4,0
14644,1,2,2,2,1,1,0,0,0,0,2,2,,0,3,0
14645,1,2,2,2,1,1,0,0,0,0,2,3,,0,3,0
14646,1,2,2,2,1,1,0,0,0,1,1,1,,0,4,0
14647,1,2,2,2,1,1,0,0,0,1,1,2,,0,3,0
14648,1,2,2,2,1,1,0,0,0,1,1,3,,0,3,0
14649,1,2,2,2,1,1,0,0,0,1,2,1,,0,4,0
14650,1,2,2,2,1,1,0,0,0,1,2,2,,0,3,0
14651,1,2,2,2,1,1,0,0,0,1,2,3,,0,3,0
14652,1,2,2,2,1,1,0,0,0,2,1,1,2,1,4,1
14653,1,2,2,2,1,1,0,0,0,2,1,2,2,1,4,1
14654,1,2,2,2,1,1,0,0,0,2,1,3,2,1,4,1
14655,1,2,2,2,1,1,0,0,0,2,2,1,2,1,4,1
14656,1,2,2,2,1,1,0,0,0,2,2,2,2,1,4,1
14657,1,2,2,2,1,1,0,0,0,2,2,3,2,1,4,1
14658,1,2,2,2,1,1,0,0,0,3,1,1,2,1,4,1
14659,1,2,2,2,1,1,0,0,0,3,1,2,2,1,4,1
14660,1,2,2,2,1,1,0,0,0,3,1,3,2,1,4,1
14661,1,2,2,2,1,1,0,0,0,3,2,1,2,1,4,1
14662,1,2,2,2,1,1,0,0,0,3,2,2,2,1,4,1
14663,1,2,2,2,1,1,0,0,0,3,2,3,2,1,4,1
14664,1,2,2,2,1,1,0,0,0,4,1,1,2,1,4,1
14665,1,2,2,2,1,1,0,0,0,4,1,2,2,1,4,1
14666,1,2,2,2,1,1,0,0,0,4,1,3,2,1,4,1
14667,1,2,2,2,1,1,0,0,0,4,2,1,2,1,4,1
14668,1,2,2,2,1,1,0,0,0,4,2,2,2,1,4,1
14669,1,2,2,2,1,1,0,0,0,4,2,3,2,1,4,1
14670,1,2,2,2,1,1,0,0,1,0,1,1,0,1,4,1
14671,1,2,2,2,1,1,0,0,1,0,1,2,0,1,3,1
14672,1,2,2,2,1,1,0,0,1,0,1,3,0,1,3,1
14673,1,2,2,2,1,1,0,0,1,0,2,1,0,1,4,1
14674,1,2,2,2,1,1,0,0,1,0,2,2,0,1,3,1
14675,1,2,2,2,1,1,0,0,1,0,2,3,0,1,3,1
14676,1,2,2,2,1,1,0,0,1,1,1,1,0,1,4,1
14677,1,2,2,2,1,1,0,0,1,1,1,2,0,1,3,1
14678,1,2,2,2,1,1,0,0,1,1,1,3,0,1,3,1
14679,1,2,2,2,1,1,0,0,1,1,2,1,0,1,4,1
14680,1,2,2,2,1,1,0,0,1,1,2,2,0,1,3,1
14681,1,2,2,2,1,1,0,0,1,1,2,3,0,1,3,1
14682,1,2,2,2,1,1,0,0,1,2,1,1,0,1,5,1
14683,1,2,2,2,1,1,0,0,1,2,1,2,0,1,4,1
14684,1,2,2,2,1,1,0,0,1,2,1,3,0,1,4,1
14685,1,2,2,2,1,1,0,0,1,2,2,1,0,1,5,1
14686,1,2,2,2,1,1,0,0,1,2,2,2,0,1,4,1
14687,1,2,2,2,1,1,0,0,1,2,2,3,0,1,4,1
14688,1,2,2,2,1,1,0,0,1,3,1,1,0,1,5,1
14689,1,2,2,2,1,1,0,0,1,3,1,2,0,1,4,1
14690,1,2,2,2,1,1,0,0,1,3,1,3,0,1,4,1
14691,1,2,2,2,1,1,0,0,1,3,2,1,0,1,5,1
14692,1,2,2,2,1,1,0,0,1,3,2,2,0,1,4,1
14693,1,2,2,2,1,1,0,0,1,3,2,3,0,1,4,1
14694,1,2,2,2,1,1,0,0,1,4,1,1,0,1,5,1
14695,1,2,2,2,1,1,0,0,1,4,1,2,0,1,4,1
14696,1,2,2,2,1,1,0,0,1,4,1,3,0,1,4,1
14697,1,2,2,2,1,1,0,0,1,4,2,1,0,1,5,1
14698,1,2,2,2,1,1,0,0,1,4,2,2,0,1,4,1
14699,1,2,2,2,1,1,0,0,1,4,2,3,0,1,4,1
14700,1,2,2,2,1,1,0,1,0,0,1,1,,0,4,0
14701,1,2,2,2,1,1,0,1,0,0,1,2,,0,3,0
14702,1,2,2,2,1,1,0,1,0,0,1,3,,0,3,0
14703,1,2,2,2,1,1,0,1,0,0,2,1,,0,4,0
14704,1,2,2,2,1,1,0,1,0,0,2,2,,0,3,0
14705,1,2,2,2,1,1,0,1,0,0,2,3,,0,3,0
14706,1,2,2,2,1,1,0,1,0,1,1,1,,0,4,0
14707,1,2,2,2,1,1,0,1,0,1,1,2,,0,3,0
14708,1,2,2,2,1,1,0,1,0,1,1,3,,0,3,0
14709,1,2,2,2,1,1,0,1,0,1,2,1,,0,4,0
14710,1,2,2,2,1,1,0,1,0,1,2,2,,0,3,0
14711,1,2,2,2,1,1,0,1,0,1,2,3,,0,3,0
14712,1,2,2,2,1,1,0,1,0,2,1,1,2,1,4,1
14713,1,2,2,2,1,1,0,1,0,2,1,2,2,1,4,1
14714,1,2,2,2,1,1,0,1,0,2,1,3,2,1,4,1
14715,1,2,2,2,1,1,0,1,0,2,2,1,2,1,4,1
14716,1,2,2,2,1,1,0,1,0,2,2,2,2,1,4,1
14717,1,2,2,2,1,1,0,1,0,2,2,3,2,1,4,1
14718,1,2,2,2,1,1,0,1,0,3,1,1,2,1,4,1
14719,1,2,2,2,1,1,0,1,0,3,1,2,2,1,4,1
14720,1,2,2,2,1,1,0,1,0,3,1,3,2,1,4,1
14721,1,2,2,2,1,1,0,1,0,3,2,1,2,1,4,1
14722,1,2,2,2,1,1,0,1,0,3,2,2,2,1,4,1
14723,1,2,2,2,1,1,0,1,0,3,2,3,2,1,4,1
14724,1,2,2,2,1,1,0,1,0,4,1,1,2,1,4,1
14725,1,2,2,2,1,1,0,1,0,4,1,2,2,1,4,1
14726,1,2,2,2,1,1,0,1,0,4,1,3,2,1,4,1
14727,1,2,2,2,1,1,0,1,0,4,2,1,2,1,4,1
14728,1,2,2,2,1,1,0,1,0,4,2,2,2,1,4,1
14729,1,2,2,2,1,1,0,1,0,4,2,3,2,1,4,1
14730,1,2,2,2,1,1,0,1,1,0,1,1,0,1,4,1
14731,1,2,2,2,1,1,0,1,1,0,1,2,0,1,3,1
14732,1,2,2,2,1,1,0,1,1,0,1,3,0,1,3,1
14733,1,2,2,2,1,1,0,1,1,0,2,1,0,1,4,1
14734,1,2,2,2,1,1,0,1,1,0,2,2,0,1,3,1
14735,1,2,2,2,1,1,0,1,1,0,2,3,0,1,3,1
14736,1,2,2,2,1,1,0,1,1,1,1,1,0,1,4,1
14737,1,2,2,2,1,1,0,1,1,1,1,2,0,1,3,1
14738,1,2,2,2,1,1,0,1,1,1,1,3,0,1,3,1
14739,1,2,2,2,1,1,0,1,1,1,2,1,0,1,4,1
14740,1,2,2,2,1,1,0,1,1,1,2,2,0,1,3,1
14741,1,2,2,2,1,1,0,1,1,1,2,3,0,1,3,1
14742,1,2,2,2,1,1,0,1,1,2,1,1,0,1,5,1
14743,1,2,2,2,1,1,0,1,1,2,1,2,0,1,4,1
14744,1,2,2,2,1,1,0,1,1,2,1,3,0,1,4,1
14745,1,2,2,2,1,1,0,1,1,2,2,1,0,1,5,1
14746,1,2,2,2,1,1,0,1,1,2,2,2,0,1,4,1
14747,1,2,2,2,1,1,0,1,1,2,2,3,0,1,4,1
14748,1,2,2,2,1,1,0,1,1,3,1,1,0,1,5,1
14749,1,2,2,2,1,1,0,1,1,3,1,2,0,1,4,1
14750,1,2,2,2,1,1,0,1,1,3,1,3,0,1,4,1
14751,1,2,2,2,1,1,0,1,1,3,2,1,0,1,5,1
14752,1,2,2,2,1,1,0,1,1,3,2,2,0,1,4,1
14753,1,2,2,2,1,1,0,1,1,3,2,3,0,1,4,1
14754,1,2,2,2,1,1,0,1,1,4,1,1,0,1,5,1
14755,1,2,2,2,1,1,0,1,1,4,1,2,0,1,4,1
14756,1,2,2,2,1,1,0,1,1,4,1,3,0,1,4,1
14757,1,2,2,2,1,1,0,1,1,4,2,1,0,1,5,1
14758,1,2,2,2,1,1,0,1,1,4,2,2,0,1,4,1
14759,1,2,2,2,1,1,0,1,1,4,2,3,0,1,4,1
14760,1,2,2,2,1,1,1,0,0,0,1,1,,0,4,0
14761,1,2,2,2,1,1,1,0,0,0,1,2,,0,3,0
14762,1,2,2,2,1,1,1,0,0,0,1,3,,0,3,0
14763,1,2,2,2,1,1,1,0,0,0,2,1,,0,4,0
14764,1,2,2,2,1,1,1,0,0,0,2,2,,0,3,0
14765,1,2,2,2,1,1,1,0,0,0,2,3,,0,3,0
14766,1,2,2,2,1,1,1,0,0,1,1,1,,0,4,0
14767,1,2,2,2,1,1,1,0,0,1,1,2,,0,3,0
14768,1,2,2,2,1,1,1,0,0,1,1,3,,0,3,0
14769,1,2,2,2,1,1,1,0,0,1,2,1,,0,4,0
14770,1,2,2,2,1,1,1,0,0,1,2,2,,0,3,0
14771,1,2,2,2,1,1,1,0,0,1,2,3,,0,3,0
14772,1,2,2,2,1,1,1,0,0,2,1,1,,0,5,0
14773,1,2,2,2,1,1,1,0,0,2,1,2,2,1,5,1
14774,1,2,2,2,1,1,1,0,0,2,1,3,2,1,5,1
14775,1,2,2,2,1,1,1,0,0,2,2,1,,0,5,0
14776,1,2,2,2,1,1,1,0,0,2,2,2,,0,4,0
14777,1,2,2,2,1,1,1,0,0,2,2,3,2,1,5,1
14778,1,2,2,2,1,1,1,0,0,3,1,1,,0,5,0
14779,1,2,2,2,1,1,1,0,0,3,1,2,2,1,5,1
14780,1,2,2,2,1,1,1,0,0,3,1,3,2,1,5,1
14781,1,2,2,2,1,1,1,0,0,3,2,1,,0,5,0
14782,1,2,2,2,1,1,1,0,0,3,2,2,,0,4,0
14783,1,2,2,2,1,1,1,0,0,3,2,3,2,1,5,1
14784,1,2,2,2,1,1,1,0,0,4,1,1,,0,5,0
14785,1,2,2,2,1,1,1,0,0,4,1,2,2,1,5,1
14786,1,2,2,2,1,1,1,0,0,4,1,3,2,1,5,1
14787,1,2,2,2,1,1,1,0,0,4,2,1,,0,5,0
14788,1,2,2,2,1,1,1,0,0,4,2,2,,0,4,0
14789,1,2,2,2,1,1,1,0,0,4,2,3,2,1,5,1
14790,1,2,2,2,1,1,1,0,1,0,1,1,0,1,4,1
14791,1,2,2,2,1,1,1,0,1,0,1,2,0,1,3,1
14792,1,2,2,2,1,1,1,0,1,0,1,3,0,1,3,1
14793,1,2,2,2,1,1,1,0,1,0,2,1,0,1,4,1
14794,1,2,2,2,1,1,1,0,1,0,2,2,0,1,3,1
14795,1,2,2,2,1,1,1,0,1,0,2,3,0,1,3,1
14796,1,2,2,2,1,1,1,0,1,1,1,1,0,1,4,1
14797,1,2,2,2,1,1,1,0,1,1,1,2,0,1,3,1
14798,1,2,2,2,1,1,1,0,1,1,1,3,0,1,3,1
14799,1,2,2,2,1,1,1,0,1,1,2,1,0,1,4,1
14800,1,2,2,2,1,1,1,0,1,1,2,2,0,1,3,1
14801,1,2,2,2,1,1,1,0,1,1,2,3,0,1,3,1
14802,1,2,2,2,1,1,1,0,1,2,1,1,0,1,6,1
14803,1,2,2,2,1,1,1,0,1,2,1,2,0,1,6,1
14804,1,2,2,2,1,1,1,0,1,2,1,3,0,1,5,1
14805,1,2,2,2,1,1,1,0,1,2,2,1,0,1,6,1
14806,1,2,2,2,1,1,1,0,1,2,2,2,0,1,5,1
14807,1,2,2,2,1,1,1,0,1,2,2,3,0,1,6,1
14808,1,2,2,2,1,1,1,0,1,3,1,1,0,1,6,1
14809,1,2,2,2,1,1,1,0,1,3,1,2,0,1,6,1
14810,1,2,2,2,1,1,1,0,1,3,1,3,0,1,5,1
14811,1,2,2,2,1,1,1,0,1,3,2,1,0,1,6,1
14812,1,2,2,2,1,1,1,0,1,3,2,2,0,1,5,1
14813,1,2,2,2,1,1,1,0,1,3,2,3,0,1,6,1
14814,1,2,2,2,1,1,1,0,1,4,1,1,0,1,6,1
14815,1,2,2,2,1,1,1,0,1,4,1,2,0,1,6,1
14816,1,2,2,2,1,1,1,0,1,4,1,3,0,1,5,1
14817,1,2,2,2,1,1,1,0,1,4,2,1,0,1,6,1
14818,1,2,2,2,1,1,1,0,1,4,2,2,0,1,5,1
14819,1,2,2,2,1,1,1,0,1,4,2,3,0,1,6,1
14820,1,2,2,2,1,1,1,1,0,0,1,1,,0,4,0
14821,1,2,2,2,1,1,1,1,0,0,1,2,,0,3,0
14822,1,2,2,2,1,1,1,1,0,0,1,3,,0,3,0
14823,1,2,2,2,1,1,1,1,0,0,2,1,,0,4,0
14824,1,2,2,2,1,1,1,1,0,0,2,2,,0,3,0
14825,1,2,2,2,1,1,1,1,0,0,2,3,,0,3,0
14826,1,2,2,2,1,1,1,1,0,1,1,1,,0,4,0
14827,1,2,2,2,1,1,1,1,0,1,1,2,,0,3,0
14828,1,2,2,2,1,1,1,1,0,1,1,3,,0,3,0
14829,1,2,2,2,1,1,1,1,0,1,2,1,,0,4,0
14830,1,2,2,2,1,1,1,1,0,1,2,2,,0,3,0
14831,1,2,2,2,1,1,1,1,0,1,2,3,,0,3,0
14832,1,2,2,2,1,1,1,1,0,2,1,1,,0,5,0
14833,1,2,2,2,1,1,1,1,0,2,1,2,2,1,5,1
14834,1,2,2,2,1,1,1,1,0,2,1,3,2,1,6,1
14835,1,2,2,2,1,1,1,1,0,2,2,1,,0,5,0
14836,1,2,2,2,1,1,1,1,0,2,2,2,,0,4,0
14837,1,2,2,2,1,1,1,1,0,2,2,3,2,1,5,1
14838,1,2,2,2,1,1,1,1,0,3,1,1,,0,5,0
14839,1,2,2,2,1,1,1,1,0,3,1,2,2,1,5,1
14840,1,2,2,2,1,1,1,1,0,3,1,3,2,1,6,1
14841,1,2,2,2,1,1,1,1,0,3,2,1,,0,5,0
14842,1,2,2,2,1,1,1,1,0,3,2,2,,0,4,0
14843,1,2,2,2,1,1,1,1,0,3,2,3,2,1,5,1
14844,1,2,2,2,1,1,1,1,0,4,1,1,,0,5,0
14845,1,2,2,2,1,1,1,1,0,4,1,2,2,1,5,1
14846,1,2,2,2,1,1,1,1,0,4,1,3,2,1,6,1
14847,1,2,2,2,1,1,1,1,0,4,2,1,,0,5,0
14848,1,2,2,2,1,1,1,1,0,4,2,2,,0,4,0
14849,1,2,2,2,1,1,1,1,0,4,2,3,2,1,5,1
14850,1,2,2,2,1,1,1,1,1,0,1,1,0,1,4,1
14851,1,2,2,2,1,1,1,1,1,0,1,2,0,1,3,1
14852,1,2,2,2,1,1,1,1,1,0,1,3,0,1,3,1
14853,1,2,2,2,1,1,1,1,1,0,2,1,0,1,4,1
14854,1,2,2,2,1,1,1,1,1,0,2,2,0,1,3,1
14855,1,2,2,2,1,1,1,1,1,0,2,3,0,1,3,1
14856,1,2,2,2,1,1,1,1,1,1,1,1,0,1,4,1
14857,1,2,2,2,1,1,1,1,1,1,1,2,0,1,3,1
14858,1,2,2,2,1,1,1,1,1,1,1,3,0,1,3,1
14859,1,2,2,2,1,1,1,1,1,1,2,1,0,1,4,1
14860,1,2,2,2,1,1,1,1,1,1,2,2,0,1,3,1
14861,1,2,2,2,1,1,1,1,1,1,2,3,0,1,3,1
14862,1,2,2,2,1,1,1,1,1,2,1,1,0,1,7,1
14863,1,2,2,2,1,1,1,1,1,2,1,2,0,1,7,1
14864,1,2,2,2,1,1,1,1,1,2,1,3,0,1,6,1
14865,1,2,2,2,1,1,1,1,1,2,2,1,0,1,7,1
14866,1,2,2,2,1,1,1,1,1,2,2,2,0,1,6,1
14867,1,2,2,2,1,1,1,1,1,2,2,3,0,1,7,1
14868,1,2,2,2,1,1,1,1,1,3,1,1,0,1,7,1
14869,1,2,2,2,1,1,1,1,1,3,1,2,0,1,7,1
14870,1,2,2,2,1,1,1,1,1,3,1,3,0,1,6,1
14871,1,2,2,2,1,1,1,1,1,3,2,1,0,1,7,1
14872,1,2,2,2,1,1,1,1,1,3,2,2,0,1,6,1
14873,1,2,2,2,1,1,1,1,1,3,2,3,0,1,7,1
14874,1,2,2,2,1,1,1,1,1,4,1,1,0,1,7,1
14875,1,2,2,2,1,1,1,1,1,4,1,2,0,1,7,1
14876,1,2,2,2,1,1,1,1,1,4,1,3,0,1,6,1
14877,1,2,2,2,1,1,1,1,1,4,2,1,0,1,7,1
14878,1,2,2,2,1,1,1,1,1,4,2,2,0,1,6,1
14879,1,2,2,2,1,1,1,1,1,4,2,3,0,1,7,1
14880,1,2,2,2,2,0,0,0,0,0,1,1,,0,3,0
14881,1,2,2,2,2,0,0,0,0,0,1,2,,0,3,0
14882,1,2,2,2,2,0,0,0,0,0,1,3,,0,3,0
14883,1,2,2,2,2,0,0,0,0,0,2,1,,0,3,0
14884,1,2,2,2,2,0,0,0,0,0,2,2,,0,3,0
14885,1,2,2,2,2,0,0,0,0,0,2,3,,0,3,0
14886,1,2,2,2,2,0,0,0,0,1,1,1,,0,3,0
14887,1,2,2,2,2,0,0,0,0,1,1,2,,0,3,0
14888,1,2,2,2,2,0,0,0,0,1,1,3,,0,3,0
14889,1,2,2,2,2,0,0,0,0,1,2,1,,0,3,0
14890,1,2,2,2,2,0,0,0,0,1,2,2,,0,3,0
14891,1,2,2,2,2,0,0,0,0,1,2,3,,0,3,0
14892,1,2,2,2,2,0,0,0,0,2,1,1,,0,3,0
14893,1,2,2,2,2,0,0,0,0,2,1,2,2,1,3,1
14894,1,2,2,2,2,0,0,0,0,2,1,3,2,1,3,1
14895,1,2,2,2,2,0,0,0,0,2,2,1,,0,3,0
14896,1,2,2,2,2,0,0,0,0,2,2,2,2,1,3,1
14897,1,2,2,2,2,0,0,0,0,2,2,3,2,1,3,1
14898,1,2,2,2,2,0,0,0,0,3,1,1,,0,3,0
14899,1,2,2,2,2,0,0,0,0,3,1,2,2,1,3,1
14900,1,2,2,2,2,0,0,0,0,3,1,3,2,1,3,1
14901,1,2,2,2,2,0,0,0,0,3,2,1,,0,3,0
14902,1,2,2,2,2,0,0,0,0,3,2,2,2,1,3,1
14903,1,2,2,2,2,0,0,0,0,3,2,3,2,1,3,1
14904,1,2,2,2,2,0,0,0,0,4,1,1,,0,3,0
14905,1,2,2,2,2,0,0,0,0,4,1,2,2,1,3,1
14906,1,2,2,2,2,0,0,0,0,4,1,3,2,1,3,1
14907,1,2,2,2,2,0,0,0,0,4,2,1,,0,3,0
14908,1,2,2,2,2,0,0,0,0,4,2,2,2,1,3,1
14909,1,2,2,2,2,0,0,0,0,4,2,3,2,1,3,1
14910,1,2,2,2,2,0,0,0,1,0,1,1,0,1,3,1
14911,1,2,2,2,2,0,0,0,1,0,1,2,0,1,3,1
14912,1,2,2,2,2,0,0,0,1,0,1,3,0,1,3,1
14913,1,2,2,2,2,0,0,0,1,0,2,1,0,1,3,1
14914,1,2,2,2,2,0,0,0,1,0,2,2,0,1,3,1
14915,1,2,2,2,2,0,0,0,1,0,2,3,0,1,3,1
14916,1,2,2,2,2,0,0,0,1,1,1,1,0,1,3,1
14917,1,2,2,2,2,0,0,0,1,1,1,2,0,1,3,1
14918,1,2,2,2,2,0,0,0,1,1,1,3,0,1,3,1
14919,1,2,2,2,2,0,0,0,1,1,2,1,0,1,3,1
14920,1,2,2,2,2,0,0,0,1,1,2,2,0,1,3,1
14921,1,2,2,2,2,0,0,0,1,1,2,3,0,1,3,1
14922,1,2,2,2,2,0,0,0,1,2,1,1,0,1,3,1
14923,1,2,2,2,2,0,0,0,1,2,1,2,0,1,3,1
14924,1,2,2,2,2,0,0,0,1,2,1,3,0,1,3,1
14925,1,2,2,2,2,0,0,0,1,2,2,1,0,1,3,1
14926,1,2,2,2,2,0,0,0,1,2,2,2,0,1,3,1
14927,1,2,2,2,2,0,0,0,1,2,2,3,0,1,3,1
14928,1,2,2,2,2,0,0,0,1,3,1,1,0,1,3,1
14929,1,2,2,2,2,0,0,0,1,3,1,2,0,1,3,1
14930,1,2,2,2,2,0,0,0,1,3,1,3,0,1,3,1
14931,1,2,2,2,2,0,0,0,1,3,2,1,0,1,3,1
14932,1,2,2,2,2,0,0,0,1,3,2,2,0,1,3,1
14933,1,2,2,2,2,0,0,0,1,3,2,3,0,1,3,1
14934,1,2,2,2,2,0,0,0,1,4,1,1,0,1,3,1
14935,1,2,2,2,2,0,0,0,1,4,1,2,0,1,3,1
14936,1,2,2,2,2,0,0,0,1,4,1,3,0,1,3,1
14937,1,2,2,2,2,0,0,0,1,4,2,1,0,1,3,1
14938,1,2,2,2,2,0,0,0,1,4,2,2,0,1,3,1
14939,1,2,2,2,2,0,0,0,1,4,2,3,0,1,3,1
14940,1,2,2,2,2,0,0,1,0,0,1,1,,0,3,0
14941,1,2,2,2,2,0,0,1,0,0,1,2,,0,3,0
14942,1,2,2,2,2,0,0,1,0,0,1,3,,0,3,0
14943,1,2,2,2,2,0,0,1,0,0,2,1,,0,3,0
14944,1,2,2,2,2,0,0,1,0,0,2,2,,0,3,0
14945,1,2,2,2,2,0,0,1,0,0,2,3,,0,3,0
14946,1,2,2,2,2,0,0,1,0,1,1,1,,0,3,0
14947,1,2,2,2,2,0,0,1,0,1,1,2,,0,3,0
14948,1,2,2,2,2,0,0,1,0,1,1,3,,0,3,0
14949,1,2,2,2,2,0,0,1,0,1,2,1,,0,3,0
14950,1,2,2,2,2,0,0,1,0,1,2,2,,0,3,0
14951,1,2,2,2,2,0,0,1,0,1,2,3,,0,3,0
14952,1,2,2,2,2,0,0,1,0,2,1,1,,0,3,0
14953,1,2,2,2,2,0,0,1,0,2,1,2,2,1,3,1
14954,1,2,2,2,2,0,0,1,0,2,1,3,2,1,3,1
14955,1,2,2,2,2,0,0,1,0,2,2,1,,0,3,0
14956,1,2,2,2,2,0,0,1,0,2,2,2,2,1,3,1
14957,1,2,2,2,2,0,0,1,0,2,2,3,2,1,3,1
14958,1,2,2,2,2,0,0,1,0,3,1,1,,0,3,0
14959,1,2,2,2,2,0,0,1,0,3,1,2,2,1,3,1
14960,1,2,2,2,2,0,0,1,0,3,1,3,2,1,3,1
14961,1,2,2,2,2,0,0,1,0,3,2,1,,0,3,0
14962,1,2,2,2,2,0,0,1,0,3,2,2,2,1,3,1
14963,1,2,2,2,2,0,0,1,0,3,2,3,2,1,3,1
14964,1,2,2,2,2,0,0,1,0,4,1,1,,0,3,0
14965,1,2,2,2,2,0,0,1,0,4,1,2,2,1,3,1
14966,1,2,2,2,2,0,0,1,0,4,1,3,2,1,3,1
14967,1,2,2,2,2,0,0,1,0,4,2,1,,0,3,0
14968,1,2,2,2,2,0,0,1,0,4,2,2,2,1,3,1
14969,1,2,2,2,2,0,0,1,0,4,2,3,2,1,3,1
14970,1,2,2,2,2,0,0,1,1,0,1,1,0,1,3,1
14971,1,2,2,2,2,0,0,1,1,0,1,2,0,1,3,1
14972,1,2,2,2,2,0,0,1,1,0,1,3,0,1,3,1
14973,1,2,2,2,2,0,0,1,1,0,2,1,0,1,3,1
14974,1,2,2,2,2,0,0,1,1,0,2,2,0,1,3,1
14975,1,2,2,2,2,0,0,1,1,0,2,3,0,1,3,1
14976,1,2,2,2,2,0,0,1,1,1,1,1,0,1,3,1
14977,1,2,2,2,2,0,0,1,1,1,1,2,0,1,3,1
14978,1,2,2,2,2,0,0,1,1,1,1,3,0,1,3,1
14979,1,2,2,2,2,0,0,1,1,1,2,1,0,1,3,1
14980,1,2,2,2,2,0,0,1,1,1,2,2,0,1,3,1
14981,1,2,2,2,2,0,0,1,1,1,2,3,0,1,3,1
14982,1,2,2,2,2,0,0,1,1,2,1,1,0,1,3,1
14983,1,2,2,2,2,0,0,1,1,2,1,2,0,1,3,1
14984,1,2,2,2,2,0,0,1,1,2,1,3,0,1,3,1
14985,1,2,2,2,2,0,0,1,1,2,2,1,0,1,3,1
14986,1,2,2,2,2,0,0,1,1,2,2,2,0,1,3,1
14987,1,2,2,2,2,0,0,1,1,2,2,3,0,1,3,1
14988,1,2,2,2,2,0,0,1,1,3,1,1,0,1,3,1
14989,1,2,2,2,2,0,0,1,1,3,1,2,0,1,3,1
14990,1,2,2,2,2,0,0,1,1,3,1,3,0,1,3,1
14991,1,2,2,2,2,0,0,1,1,3,2,1,0,1,3,1
14992,1,2,2,2,2,0,0,1,1,3,2,2,0,1,3,1
14993,1,2,2,2,2,0,0,1,1,3,2,3,0,1,3,1
14994,1,2,2,2,2,0,0,1,1,4,1,1,0,1,3,1
14995,1,2,2,2,2,0,0,1,1,4,1,2,0,1,3,1
14996,1,2,2,2,2,0,0,1,1,4,1,3,0,1,3,1
14997,1,2,2,2,2,0,0,1,1,4,2,1,0,1,3,1
14998,1,2,2,2,2,0,0,1,1,4,2,2,0,1,3,1
14999,1,2,2,2,2,0,0,1,1,4,2,3,0,1,3,1
15000,1,2,2,2,2,0,1,0,0,0,1,1,,0,3,0
15001,1,2,2,2,2,0,1,0,0,0,1,2,,0,3,0
15002,1,2,2,2,2,0,1,0,0,0,1,3,,0,3,0
15003,1,2,2,2,2,0,1,0,0,0,2,1,,0,3,0
15004,1,2,2,2,2,0,1,0,0,0,2,2,,0,3,0
15005,1,2,2,2,2,0,1,0,0,0,2,3,,0,3,0
15006,1,2,2,2,2,0,1,0,0,1,1,1,,0,3,0
15007,1,2,2,2,2,0,1,0,0,1,1,2,,0,3,0
15008,1,2,2,2,2,0,1,0,0,1,1,3,,0,3,0
15009,1,2,2,2,2,0,1,0,0,1,2,1,,0,3,0
15010,1,2,2,2,2,0,1,0,0,1,2,2,,0,3,0
15011,1,2,2,2,2,0,1,0,0,1,2,3,,0,3,0
15012,1,2,2,2,2,0,1,0,0,2,1,1,,0,3,0
15013,1,2,2,2,2,0,1,0,0,2,1,2,,0,4,0
15014,1,2,2,2,2,0,1,0,0,2,1,3,2,1,4,1
15015,1,2,2,2,2,0,1,0,0,2,2,1,,0,3,0
15016,1,2,2,2,2,0,1,0,0,2,2,2,,0,4,0
15017,1,2,2,2,2,0,1,0,0,2,2,3,,0,4,0
15018,1,2,2,2,2,0,1,0,0,3,1,1,,0,3,0
15019,1,2,2,2,2,0,1,0,0,3,1,2,,0,4,0
15020,1,2,2,2,2,0,1,0,0,3,1,3,2,1,4,1
15021,1,2,2,2,2,0,1,0,0,3,2,1,,0,3,0
15022,1,2,2,2,2,0,1,0,0,3,2,2,,0,4,0
15023,1,2,2,2,2,0,1,0,0,3,2,3,,0,4,0
15024,1,2,2,2,2,0,1,0,0,4,1,1,,0,3,0
15025,1,2,2,2,2,0,1,0,0,4,1,2,,0,4,0
15026,1,2,2,2,2,0,1,0,0,4,1,3,2,1,4,1
15027,1,2,2,2,2,0,1,0,0,4,2,1,,0,3,0
15028,1,2,2,2,2,0,1,0,0,4,2,2,,0,4,0
15029,1,2,2,2,2,0,1,0,0,4,2,3,,0,4,0
15030,1,2,2,2,2,0,1,0,1,0,1,1,0,1,3,1
15031,1,2,2,2,2,0,1,0,1,0,1,2,0,1,3,1
15032,1,2,2,2,2,0,1,0,1,0,1,3,0,1,3,1
15033,1,2,2,2,2,0,1,0,1,0,2,1,0,1,3,1
15034,1,2,2,2,2,0,1,0,1,0,2,2,0,1,3,1
15035,1,2,2,2,2,0,1,0,1,0,2,3,0,1,3,1
15036,1,2,2,2,2,0,1,0,1,1,1,1,0,1,3,1
15037,1,2,2,2,2,0,1,0,1,1,1,2,0,1,3,1
15038,1,2,2,2,2,0,1,0,1,1,1,3,0,1,3,1
15039,1,2,2,2,2,0,1,0,1,1,2,1,0,1,3,1
15040,1,2,2,2,2,0,1,0,1,1,2,2,0,1,3,1
15041,1,2,2,2,2,0,1,0,1,1,2,3,0,1,3,1
15042,1,2,2,2,2,0,1,0,1,2,1,1,0,1,4,1
15043,1,2,2,2,2,0,1,0,1,2,1,2,0,1,4,1
15044,1,2,2,2,2,0,1,0,1,2,1,3,0,1,4,1
15045,1,2,2,2,2,0,1,0,1,2,2,1,0,1,4,1
15046,1,2,2,2,2,0,1,0,1,2,2,2,0,1,4,1
15047,1,2,2,2,2,0,1,0,1,2,2,3,0,1,4,1
15048,1,2,2,2,2,0,1,0,1,3,1,1,0,1,4,1
15049,1,2,2,2,2,0,1,0,1,3,1,2,0,1,4,1
15050,1,2,2,2,2,0,1,0,1,3,1,3,0,1,4,1
15051,1,2,2,2,2,0,1,0,1,3,2,1,0,1,4,1
15052,1,2,2,2,2,0,1,0,1,3,2,2,0,1,4,1
15053,1,2,2,2,2,0,1,0,1,3,2,3,0,1,4,1
15054,1,2,2,2,2,0,1,0,1,4,1,1,0,1,4,1
15055,1,2,2,2,2,0,1,0,1,4,1,2,0,1,4,1
15056,1,2,2,2,2,0,1,0,1,4,1,3,0,1,4,1
15057,1,2,2,2,2,0,1,0,1,4,2,1,0,1,4,1
15058,1,2,2,2,2,0,1,0,1,4,2,2,0,1,4,1
15059,1,2,2,2,2,0,1,0,1,4,2,3,0,1,4,1
15060,1,2,2,2,2,0,1,1,0,0,1,1,,0,3,0
15061,1,2,2,2,2,0,1,1,0,0,1,2,,0,3,0
15062,1,2,2,2,2,0,1,1,0,0,1,3,,0,3,0
15063,1,2,2,2,2,0,1,1,0,0,2,1,,0,3,0
15064,1,2,2,2,2,0,1,1,0,0,2,2,,0,3,0
15065,1,2,2,2,2,0,1,1,0,0,2,3,,0,3,0
15066,1,2,2,2,2,0,1,1,0,1,1,1,,0,3,0
15067,1,2,2,2,2,0,1,1,0,1,1,2,,0,3,0
15068,1,2,2,2,2,0,1,1,0,1,1,3,,0,3,0
15069,1,2,2,2,2,0,1,1,0,1,2,1,,0,3,0
15070,1,2,2,2,2,0,1,1,0,1,2,2,,0,3,0
15071,1,2,2,2,2,0,1,1,0,1,2,3,,0,3,0
15072,1,2,2,2,2,0,1,1,0,2,1,1,,0,3,0
15073,1,2,2,2,2,0,1,1,0,2,1,2,,0,4,0
15074,1,2,2,2,2,0,1,1,0,2,1,3,2,1,4,1
15075,1,2,2,2,2,0,1,1,0,2,2,1,,0,3,0
15076,1,2,2,2,2,0,1,1,0,2,2,2,,0,4,0
15077,1,2,2,2,2,0,1,1,0,2,2,3,,0,4,0
15078,1,2,2,2,2,0,1,1,0,3,1,1,,0,3,0
15079,1,2,2,2,2,0,1,1,0,3,1,2,,0,4,0
15080,1,2,2,2,2,0,1,1,0,3,1,3,2,1,4,1
15081,1,2,2,2,2,0,1,1,0,3,2,1,,0,3,0
15082,1,2,2,2,2,0,1,1,0,3,2,2,,0,4,0
15083,1,2,2,2,2,0,1,1,0,3,2,3,,0,4,0
15084,1,2,2,2,2,0,1,1,0,4,1,1,,0,3,0
15085,1,2,2,2,2,0,1,1,0,4,1,2,,0,4,0
15086,1,2,2,2,2,0,1,1,0,4,1,3,2,1,4,1
15087,1,2,2,2,2,0,1,1,0,4,2,1,,0,3,0
15088,1,2,2,2,2,0,1,1,0,4,2,2,,0,4,0
15089,1,2,2,2,2,0,1,1,0,4,2,3,,0,4,0
15090,1,2,2,2,2,0,1,1,1,0,1,1,0,1,3,1
15091,1,2,2,2,2,0,1,1,1,0,1,2,0,1,3,1
15092,1,2,2,2,2,0,1,1,1,0,1,3,0,1,3,1
15093,1,2,2,2,2,0,1,1,1,0,2,1,0,1,3,1
15094,1,2,2,2,2,0,1,1,1,0,2,2,0,1,3,1
15095,1,2,2,2,2,0,1,1,1,0,2,3,0,1,3,1
15096,1,2,2,2,2,0,1,1,1,1,1,1,0,1,3,1
15097,1,2,2,2,2,0,1,1,1,1,1,2,0,1,3,1
15098,1,2,2,2,2,0,1,1,1,1,1,3,0,1,3,1
15099,1,2,2,2,2,0,1,1,1,1,2,1,0,1,3,1
15100,1,2,2,2,2,0,1,1,1,1,2,2,0,1,3,1
15101,1,2,2,2,2,0,1,1,1,1,2,3,0,1,3,1
15102,1,2,2,2,2,0,1,1,1,2,1,1,0,1,4,1
15103,1,2,2,2,2,0,1,1,1,2,1,2,0,1,4,1
15104,1,2,2,2,2,0,1,1,1,2,1,3,0,1,4,1
15105,1,2,2,2,2,0,1,1,1,2,2,1,0,1,4,1
15106,1,2,2,2,2,0,1,1,1,2,2,2,0,1,4,1
15107,1,2,2,2,2,0,1,1,1,2,2,3,0,1,4,1
15108,1,2,2,2,2,0,1,1,1,3,1,1,0,1,4,1
15109,1,2,2,2,2,0,1,1,1,3,1,2,0,1,4,1
15110,1,2,2,2,2,0,1,1,1,3,1,3,0,1,4,1
15111,1,2,2,2,2,0,1,1,1,3,2,1,0,1,4,1
15112,1,2,2,2,2,0,1,1,1,3,2,2,0,1,4,1
15113,1,2,2,2,2,0,1,1,1,3,2,3,0,1,4,1
15114,1,2,2,2,2,0,1,1,1,4,1,1,0,1,4,1
15115,1,2,2,2,2,0,1,1,1,4,1,2,0,1,4,1
15116,1,2,2,2,2,0,1,1,1,4,1,3,0,1,4,1
15117,1,2,2,2,2,0,1,1,1,4,2,1,0,1,4,1
15118,1,2,2,2,2,0,1,1,1,4,2,2,0,1,4,1
15119,1,2,2,2,2,0,1,1,1,4,2,3,0,1,4,1
15120,1,2,2,2,2,1,0,0,0,0,1,1,,0,3,0
15121,1,2,2,2,2,1,0,0,0,0,1,2,,0,3,0
15122,1,2,2,2,2,1,0,0,0,0,1,3,,0,3,0
15123,1,2,2,2,2,1,0,0,0,0,2,1,,0,3,0
15124,1,2,2,2,2,1,0,0,0,0,2,2,,0,3,0
15125,1,2,2,2,2,1,0,0,0,0,2,3,,0,3,0
15126,1,2,2,2,2,1,0,0,0,1,1,1,,0,3,0
15127,1,2,2,2,2,1,0,0,0,1,1,2,,0,3,0
15128,1,2,2,2,2,1,0,0,0,1,1,3,,0,3,0
15129,1,2,2,2,2,1,0,0,0,1,2,1,,0,3,0
15130,1,2,2,2,2,1,0,0,0,1,2,2,,0,3,0
15131,1,2,2,2,2,1,0,0,0,1,2,3,,0,3,0
15132,1,2,2,2,2,1,0,0,0,2,1,1,,0,3,0
15133,1,2,2,2,2,1,0,0,0,2,1,2,2,1,4,1
15134,1,2,2,2,2,1,0,0,0,2,1,3,2,1,4,1
15135,1,2,2,2,2,1,0,0,0,2,2,1,,0,3,0
15136,1,2,2,2,2,1,0,0,0,2,2,2,2,1,4,1
15137,1,2,2,2,2,1,0,0,0,2,2,3,2,1,4,1
15138,1,2,2,2,2,1,0,0,0,3,1,1,,0,3,0
15139,1,2,2,2,2,1,0,0,0,3,1,2,2,1,4,1
15140,1,2,2,2,2,1,0,0,0,3,1,3,2,1,4,1
15141,1,2,2,2,2,1,0,0,0,3,2,1,,0,3,0
15142,1,2,2,2,2,1,0,0,0,3,2,2,2,1,4,1
15143,1,2,2,2,2,1,0,0,0,3,2,3,2,1,4,1
15144,1,2,2,2,2,1,0,0,0,4,1,1,,0,3,0
15145,1,2,2,2,2,1,0,0,0,4,1,2,2,1,4,1
15146,1,2,2,2,2,1,0,0,0,4,1,3,2,1,4,1
15147,1,2,2,2,2,1,0,0,0,4,2,1,,0,3,0
15148,1,2,2,2,2,1,0,0,0,4,2,2,2,1,4,1
15149,1,2,2,2,2,1,0,0,0,4,2,3,2,1,4,1
15150,1,2,2,2,2,1,0,0,1,0,1,1,0,1,3,1
15151,1,2,2,2,2,1,0,0,1,0,1,2,0,1,3,1
15152,1,2,2,2,2,1,0,0,1,0,1,3,0,1,3,1
15153,1,2,2,2,2,1,0,0,1,0,2,1,0,1,3,1
15154,1,2,2,2,2,1,0,0,1,0,2,2,0,1,3,1
15155,1,2,2,2,2,1,0,0,1,0,2,3,0,1,3,1
15156,1,2,2,2,2,1,0,0,1,1,1,1,0,1,3,1
15157,1,2,2,2,2,1,0,0,1,1,1,2,0,1,3,1
15158,1,2,2,2,2,1,0,0,1,1,1,3,0,1,3,1
15159,1,2,2,2,2,1,0,0,1,1,2,1,0,1,3,1
15160,1,2,2,2,2,1,0,0,1,1,2,2,0,1,3,1
15161,1,2,2,2,2,1,0,0,1,1,2,3,0,1,3,1
15162,1,2,2,2,2,1,0,0,1,2,1,1,0,1,4,1
15163,1,2,2,2,2,1,0,0,1,2,1,2,0,1,4,1
15164,1,2,2,2,2,1,0,0,1,2,1,3,0,1,4,1
15165,1,2,2,2,2,1,0,0,1,2,2,1,0,1,4,1
15166,1,2,2,2,2,1,0,0,1,2,2,2,0,1,4,1
15167,1,2,2,2,2,1,0,0,1,2,2,3,0,1,4,1
15168,1,2,2,2,2,1,0,0,1,3,1,1,0,1,4,1
15169,1,2,2,2,2,1,0,0,1,3,1,2,0,1,4,1
15170,1,2,2,2,2,1,0,0,1,3,1,3,0,1,4,1
15171,1,2,2,2,2,1,0,0,1,3,2,1,0,1,4,1
15172,1,2,2,2,2,1,0,0,1,3,2,2,0,1,4,1
15173,1,2,2,2,2,1,0,0,1,3,2,3,0,1,4,1
15174,1,2,2,2,2,1,0,0,1,4,1,1,0,1,4,1
15175,1,2,2,2,2,1,0,0,1,4,1,2,0,1,4,1
15176,1,2,2,2,2,1,0,0,1,4,1,3,0,1,4,1
15177,1,2,2,2,2,1,0,0,1,4,2,1,0,1,4,1
15178,1,2,2,2,2,1,0,0,1,4,2,2,0,1,4,1
15179,1,2,2,2,2,1,0,0,1,4,2,3,0,1,4,1
15180,1,2,2,2,2,1,0,1,0,0,1,1,,0,3,0
15181,1,2,2,2,2,1,0,1,0,0,1,2,,0,3,0
15182,1,2,2,2,2,1,0,1,0,0,1,3,,0,3,0
15183,1,2,2,2,2,1,0,1,0,0,2,1,,0,3,0
15184,1,2,2,2,2,1,0,1,0,0,2,2,,0,3,0
15185,1,2,2,2,2,1,0,1,0,0,2,3,,0,3,0
15186,1,2,2,2,2,1,0,1,0,1,1,1,,0,3,0
15187,1,2,2,2,2,1,0,1,0,1,1,2,,0,3,0
15188,1,2,2,2,2,1,0,1,0,1,1,3,,0,3,0
15189,1,2,2,2,2,1,0,1,0,1,2,1,,0,3,0
15190,1,2,2,2,2,1,0,1,0,1,2,2,,0,3,0
15191,1,2,2,2,2,1,0,1,0,1,2,3,,0,3,0
15192,1,2,2,2,2,1,0,1,0,2,1,1,,0,3,0
15193,1,2,2,2,2,1,0,1,0,2,1,2,2,1,4,1
15194,1,2,2,2,2,1,0,1,0,2,1,3,2,1,4,1
15195,1,2,2,2,2,1,0,1,0,2,2,1,,0,3,0
15196,1,2,2,2,2,1,0,1,0,2,2,2,2,1,4,1
15197,1,2,2,2,2,1,0,1,0,2,2,3,2,1,4,1
15198,1,2,2,2,2,1,0,1,0,3,1,1,,0,3,0
15199,1,2,2,2,2,1,0,1,0,3,1,2,2,1,4,1
15200,1,2,2,2,2,1,0,1,0,3,1,3,2,1,4,1
15201,1,2,2,2,2,1,0,1,0,3,2,1,,0,3,0
15202,1,2,2,2,2,1,0,1,0,3,2,2,2,1,4,1
15203,1,2,2,2,2,1,0,1,0,3,2,3,2,1,4,1
15204,1,2,2,2,2,1,0,1,0,4,1,1,,0,3,0
15205,1,2,2,2,2,1,0,1,0,4,1,2,2,1,4,1
15206,1,2,2,2,2,1,0,1,0,4,1,3,2,1,4,1
15207,1,2,2,2,2,1,0,1,0,4,2,1,,0,3,0
15208,1,2,2,2,2,1,0,1,0,4,2,2,2,1,4,1
15209,1,2,2,2,2,1,0,1,0,4,2,3,2,1,4,1
15210,1,2,2,2,2,1,0,1,1,0,1,1,0,1,3,1
15211,1,2,2,2,2,1,0,1,1,0,1,2,0,1,3,1
15212,1,2,2,2,2,1,0,1,1,0,1,3,0,1,3,1
15213,1,2,2,2,2,1,0,1,1,0,2,1,0,1,3,1
15214,1,2,2,2,2,1,0,1,1,0,2,2,0,1,3,1
15215,1,2,2,2,2,1,0,1,1,0,2,3,0,1,3,1
15216,1,2,2,2,2,1,0,1,1,1,1,1,0,1,3,1
15217,1,2,2,2,2,1,0,1,1,1,1,2,0,1,3,1
15218,1,2,2,2,2,1,0,1,1,1,1,3,0,1,3,1
15219,1,2,2,2,2,1,0,1,1,1,2,1,0,1,3,1
15220,1,2,2,2,2,1,0,1,1,1,2,2,0,1,3,1
15221,1,2,2,2,2,1,0,1,1,1,2,3,0,1,3,1
15222,1,2,2,2,2,1,0,1,1,2,1,1,0,1,4,1
15223,1,2,2,2,2,1,0,1,1,2,1,2,0,1,4,1
15224,1,2,2,2,2,1,0,1,1,2,1,3,0,1,4,1
15225,1,2,2,2,2,1,0,1,1,2,2,1,0,1,4,1
15226,1,2,2,2,2,1,0,1,1,2,2,2,0,1,4,1
15227,1,2,2,2,2,1,0,1,1,2,2,3,0,1,4,1
15228,1,2,2,2,2,1,0,1,1,3,1,1,0,1,4,1
15229,1,2,2,2,2,1,0,1,1,3,1,2,0,1,4,1
15230,1,2,2,2,2,1,0,1,1,3,1,3,0,1,4,1
15231,1,2,2,2,2,1,0,1,1,3,2,1,0,1,4,1
15232,1,2,2,2,2,1,0,1,1,3,2,2,0,1,4,1
15233,1,2,2,2,2,1,0,1,1,3,2,3,0,1,4,1
15234,1,2,2,2,2,1,0,1,1,4,1,1,0,1,4,1
15235,1,2,2,2,2,1,0,1,1,4,1,2,0,1,4,1
15236,1,2,2,2,2,1,0,1,1,4,1,3,0,1,4,1
15237,1,2,2,2,2,1,0,1,1,4,2,1,0,1,4,1
15238,1,2,2,2,2,1,0,1,1,4,2,2,0,1,4,1
15239,1,2,2,2,2,1,0,1,1,4,2,3,0,1,4,1
15240,1,2,2,2,2,1,1,0,0,0,1,1,,0,3,0
15241,1,2,2,2,2,1,1,0,0,0,1,2,,0,3,0
15242,1,2,2,2,2,1,1,0,0,0,1,3,,0,3,0
15243,1,2,2,2,2,1,1,0,0,0,2,1,,0,3,0
15244,1,2,2,2,2,1,1,0,0,0,2,2,,0,3,0
15245,1,2,2,2,2,1,1,0,0,0,2,3,,0,3,0
15246,1,2,2,2,2,1,1,0,0,1,1,1,,0,3,0
15247,1,2,2,2,2,1,1,0,0,1,1,2,,0,3,0
15248,1,2,2,2,2,1,1,0,0,1,1,3,,0,3,0
15249,1,2,2,2,2,1,1,0,0,1,2,1,,0,3,0
15250,1,2,2,2,2,1,1,0,0,1,2,2,,0,3,0
15251,1,2,2,2,2,1,1,0,0,1,2,3,,0,3,0
15252,1,2,2,2,2,1,1,0,0,2,1,1,,0,3,0
15253,1,2,2,2,2,1,1,0,0,2,1,2,,0,4,0
15254,1,2,2,2,2,1,1,0,0,2,1,3,2,1,5,1
15255,1,2,2,2,2,1,1,0,0,2,2,1,,0,3,0
15256,1,2,2,2,2,1,1,0,0,2,2,2,,0,4,0
15257,1,2,2,2,2,1,1,0,0,2,2,3,,0,4,0
15258,1,2,2,2,2,1,1,0,0,3,1,1,,0,3,0
15259,1,2,2,2,2,1,1,0,0,3,1,2,,0,4,0
15260,1,2,2,2,2,1,1,0,0,3,1,3,2,1,5,1
15261,1,2,2,2,2,1,1,0,0,3,2,1,,0,3,0
15262,1,2,2,2,2,1,1,0,0,3,2,2,,0,4,0
15263,1,2,2,2,2,1,1,0,0,3,2,3,,0,4,0
15264,1,2,2,2,2,1,1,0,0,4,1,1,,0,3,0
15265,1,2,2,2,2,1,1,0,0,4,1,2,,0,4,0
15266,1,2,2,2,2,1,1,0,0,4,1,3,2,1,5,1
15267,1,2,2,2,2,1,1,0,0,4,2,1,,0,3,0
15268,1,2,2,2,2,1,1,0,0,4,2,2,,0,4,0
15269,1,2,2,2,2,1,1,0,0,4,2,3,,0,4,0
15270,1,2,2,2,2,1,1,0,1,0,1,1,0,1,3,1
15271,1,2,2,2,2,1,1,0,1,0,1,2,0,1,3,1
15272,1,2,2,2,2,1,1,0,1,0,1,3,0,1,3,1
15273,1,2,2,2,2,1,1,0,1,0,2,1,0,1,3,1
15274,1,2,2,2,2,1,1,0,1,0,2,2,0,1,3,1
15275,1,2,2,2,2,1,1,0,1,0,2,3,0,1,3,1
15276,1,2,2,2,2,1,1,0,1,1,1,1,0,1,3,1
15277,1,2,2,2,2,1,1,0,1,1,1,2,0,1,3,1
15278,1,2,2,2,2,1,1,0,1,1,1,3,0,1,3,1
15279,1,2,2,2,2,1,1,0,1,1,2,1,0,1,3,1
15280,1,2,2,2,2,1,1,0,1,1,2,2,0,1,3,1
15281,1,2,2,2,2,1,1,0,1,1,2,3,0,1,3,1
15282,1,2,2,2,2,1,1,0,1,2,1,1,0,1,5,1
15283,1,2,2,2,2,1,1,0,1,2,1,2,0,1,5,1
15284,1,2,2,2,2,1,1,0,1,2,1,3,0,1,5,1
15285,1,2,2,2,2,1,1,0,1,2,2,1,0,1,5,1
15286,1,2,2,2,2,1,1,0,1,2,2,2,0,1,5,1
15287,1,2,2,2,2,1,1,0,1,2,2,3,0,1,5,1
15288,1,2,2,2,2,1,1,0,1,3,1,1,0,1,5,1
15289,1,2,2,2,2,1,1,0,1,3,1,2,0,1,5,1
15290,1,2,2,2,2,1,1,0,1,3,1,3,0,1,5,1
15291,1,2,2,2,2,1,1,0,1,3,2,1,0,1,5,1
15292,1,2,2,2,2,1,1,0,1,3,2,2,0,1,5,1
15293,1,2,2,2,2,1,1,0,1,3,2,3,0,1,5,1
15294,1,2,2,2,2,1,1,0,1,4,1,1,0,1,5,1
15295,1,2,2,2,2,1,1,0,1,4,1,2,0,1,5,1
15296,1,2,2,2,2,1,1,0,1,4,1,3,0,1,5,1
15297,1,2,2,2,2,1,1,0,1,4,2,1,0,1,5,1
15298,1,2,2,2,2,1,1,0,1,4,2,2,0,1,5,1
15299,1,2,2,2,2,1,1,0,1,4,2,3,0,1,5,1
15300,1,2,2,2,2,1,1,1,0,0,1,1,,0,3,0
15301,1,2,2,2,2,1,1,1,0,0,1,2,,0,3,0
15302,1,2,2,2,2,1,1,1,0,0,1,3,,0,3,0
15303,1,2,2,2,2,1,1,1,0,0,2,1,,0,3,0
15304,1,2,2,2,2,1,1,1,0,0,2,2,,0,3,0
15305,1,2,2,2,2,1,1,1,0,0,2,3,,0,3,0
15306,1,2,2,2,2,1,1,1,0,1,1,1,,0,3,0
15307,1,2,2,2,2,1,1,1,0,1,1,2,,0,3,0
15308,1,2,2,2,2,1,1,1,0,1,1,3,,0,3,0
15309,1,2,2,2,2,1,1,1,0,1,2,1,,0,3,0
15310,1,2,2,2,2,1,1,1,0,1,2,2,,0,3,0
15311,1,2,2,2,2,1,1,1,0,1,2,3,,0,3,0
15312,1,2,2,2,2,1,1,1,0,2,1,1,,0,3,0
15313,1,2,2,2,2,1,1,1,0,2,1,2,,0,4,0
15314,1,2,2,2,2,1,1,1,0,2,1,3,2,1,6,1
15315,1,2,2,2,2,1,1,1,0,2,2,1,,0,3,0
15316,1,2,2,2,2,1,1,1,0,2,2,2,,0,4,0
15317,1,2,2,2,2,1,1,1,0,2,2,3,,0,4,0
15318,1,2,2,2,2,1,1,1,0,3,1,1,,0,3,0
15319,1,2,2,2,2,1,1,1,0,3,1,2,,0,4,0
15320,1,2,2,2,2,1,1,1,0,3,1,3,2,1,6,1
15321,1,2,2,2,2,1,1,1,0,3,2,1,,0,3,0
15322,1,2,2,2,2,1,1,1,0,3,2,2,,0,4,0
15323,1,2,2,2,2,1,1,1,0,3,2,3,,0,4,0
15324,1,2,2,2,2,1,1,1,0,4,1,1,,0,3,0
15325,1,2,2,2,2,1,1,1,0,4,1,2,,0,4,0
15326,1,2,2,2,2,1,1,1,0,4,1,3,2,1,6,1
15327,1,2,2,2,2,1,1,1,0,4,2,1,,0,3,0
15328,1,2,2,2,2,1,1,1,0,4,2,2,,0,4,0
15329,1,2,2,2,2,1,1,1,0,4,2,3,,0,4,0
15330,1,2,2,2,2,1,1,1,1,0,1,1,0,1,3,1
15331,1,2,2,2,2,1,1,1,1,0,1,2,0,1,3,1
15332,1,2,2,2,2,1,1,1,1,0,1,3,0,1,3,1
15333,1,2,2,2,2,1,1,1,1,0,2,1,0,1,3,1
15334,1,2,2,2,2,1,1,1,1,0,2,2,0,1,3,1
15335,1,2,2,2,2,1,1,1,1,0,2,3,0,1,3,1
15336,1,2,2,2,2,1,1,1,1,1,1,1,0,1,3,1
15337,1,2,2,2,2,1,1,1,1,1,1,2,0,1,3,1
15338,1,2,2,2,2,1,1,1,1,1,1,3,0,1,3,1
15339,1,2,2,2,2,1,1,1,1,1,2,1,0,1,3,1
15340,1,2,2,2,2,1,1,1,1,1,2,2,0,1,3,1
15341,1,2,2,2,2,1,1,1,1,1,2,3,0,1,3,1
15342,1,2,2,2,2,1,1,1,1,2,1,1,0,1,6,1
15343,1,2,2,2,2,1,1,1,1,2,1,2,0,1,6,1
15344,1,2,2,2,2,1,1,1,1,2,1,3,0,1,6,1
15345,1,2,2,2,2,1,1,1,1,2,2,1,0,1,6,1
15346,1,2,2,2,2,1,1,1,1,2,2,2,0,1,6,1
15347,1,2,2,2,2,1,1,1,1,2,2,3,0,1,6,1
15348,1,2,2,2,2,1,1,1,1,3,1,1,0,1,6,1
15349,1,2,2,2,2,1,1,1,1,3,1,2,0,1,6,1
15350,1,2,2,2,2,1,1,1,1,3,1,3,0,1,6,1
15351,1,2,2,2,2,1,1,1,1,3,2,1,0,1,6,1
15352,1,2,2,2,2,1,1,1,1,3,2,2,0,1,6,1
15353,1,2,2,2,2,1,1,1,1,3,2,3,0,1,6,1
15354,1,2,2,2,2,1,1,1,1,4,1,1,0,1,6,1
15355,1,2,2,2,2,1,1,1,1,4,1,2,0,1,6,1
15356,1,2,2,2,2,1,1,1,1,4,1,3,0,1,6,1
15357,1,2,2,2,2,1,1,1,1,4,2,1,0,1,6,1
15358,1,2,2,2,2,1,1,1,1,4,2,2,0,1,6,1
15359,1,2,2,2,2,1,1,1,1,4,2,3,0,1,6,1
15360,2,1,1,1,1,0,0,0,0,0,1,1,,0,3,0
15361,2,1,1,1,1,0,0,0,0,0,1,2,,0,3,0
15362,2,1,1,1,1,0,0,0,0,0,1,3,,0,3,0
15363,2,1,1,1,1,0,0,0,0,0,2,1,,0,3,0
15364,2,1,1,1,1,0,0,0,0,0,2,2,,0,3,0
15365,2,1,1,1,1,0,0,0,0,0,2,3,,0,3,0
15366,2,1,1,1,1,0,0,0,0,1,1,1,1,1,3,1
15367,2,1,1,1,1,0,0,0,0,1,1,2,1,1,3,1
15368,2,1,1,1,1,0,0,0,0,1,1,3,1,1,3,1
15369,2,1,1,1,1,0,0,0,0,1,2,1,1,1,3,1
15370,2,1,1,1,1,0,0,0,0,1,2,2,1,1,3,1
15371,2,1,1,1,1,0,0,0,0,1,2,3,1,1,3,1
15372,2,1,1,1,1,0,0,0,0,2,1,1,1,1,3,1
15373,2,1,1,1,1,0,0,0,0,2,1,2,1,1,3,1
15374,2,1,1,1,1,0,0,0,0,2,1,3,1,1,3,1
15375,2,1,1,1,1,0,0,0,0,2,2,1,1,1,3,1
15376,2,1,1,1,1,0,0,0,0,2,2,2,1,1,3,1
15377,2,1,1,1,1,0,0,0,0,2,2,3,1,1,3,1
15378,2,1,1,1,1,0,0,0,0,3,1,1,1,1,3,1
15379,2,1,1,1,1,0,0,0,0,3,1,2,1,1,3,1
15380,2,1,1,1,1,0,0,0,0,3,1,3,1,1,3,1
15381,2,1,1,1,1,0,0,0,0,3,2,1,1,1,3,1
15382,2,1,1,1,1,0,0,0,0,3,2,2,1,1,3,1
15383,2,1,1,1,1,0,0,0,0,3,2,3,1,1,3,1
15384,2,1,1,1,1,0,0,0,0,4,1,1,1,1,3,1
15385,2,1,1,1,1,0,0,0,0,4,1,2,1,1,3,1
15386,2,1,1,1,1,0,0,0,0,4,1,3,1,1,3,1
15387,2,1,1,1,1,0,0,0,0,4,2,1,1,1,3,1
15388,2,1,1,1,1,0,0,0,0,4,2,2,1,1,3,1
15389,2,1,1,1,1,0,0,0,0,4,2,3,1,1,3,1
15390,2,1,1,1,1,0,0,0,1,0,1,1,0,1,3,1
15391,2,1,1,1,1,0,0,0,1,0,1,2,0,1,3,1
15392,2,1,1,1,1,0,0,0,1,0,1,3,0,1,3,1
15393,2,1,1,1,1,0,0,0,1,0,2,1,0,1,3,1
15394,2,1,1,1,1,0,0,0,1,0,2,2,0,1,3,1
15395,2,1,1,1,1,0,0,0,1,0,2,3,0,1,3,1
15396,2,1,1,1,1,0,0,0,1,1,1,1,0,1,3,1
15397,2,1,1,1,1,0,0,0,1,1,1,2,0,1,3,1
15398,2,1,1,1,1,0,0,0,1,1,1,3,0,1,3,1
15399,2,1,1,1,1,0,0,0,1,1,2,1,0,1,3,1
15400,2,1,1,1,1,0,0,0,1,1,2,2,0,1,3,1
15401,2,1,1,1,1,0,0,0,1,1,2,3,0,1,3,1
15402,2,1,1,1,1,0,0,0,1,2,1,1,0,1,3,1
15403,2,1,1,1,1,0,0,0,1,2,1,2,0,1,3,1
15404,2,1,1,1,1,0,0,0,1,2,1,3,0,1,3,1
15405,2,1,1,1,1,0,0,0,1,2,2,1,0,1,3,1
15406,2,1,1,1,1,0,0,0,1,2,2,2,0,1,3,1
15407,2,1,1,1,1,0,0,0,1,2,2,3,0,1,3,1
15408,2,1,1,1,1,0,0,0,1,3,1,1,0,1,3,1
15409,2,1,1,1,1,0,0,0,1,3,1,2,0,1,3,1
15410,2,1,1,1,1,0,0,0,1,3,1,3,0,1,3,1
15411,2,1,1,1,1,0,0,0,1,3,2,1,0,1,3,1
15412,2,1,1,1,1,0,0,0,1,3,2,2,0,1,3,1
15413,2,1,1,1,1,0,0,0,1,3,2,3,0,1,3,1
15414,2,1,1,1,1,0,0,0,1,4,1,1,0,1,3,1
15415,2,1,1,1,1,0,0,0,1,4,1,2,0,1,3,1
15416,2,1,1,1,1,0,0,0,1,4,1,3,0,1,3,1
15417,2,1,1,1,1,0,0,0,1,4,2,1,0,1,3,1
15418,2,1,1,1,1,0,0,0,1,4,2,2,0,1,3,1
15419,2,1,1,1,1,0,0,0,1,4,2,3,0,1,3,1
15420,2,1,1,1,1,0,0,1,0,0,1,1,,0,3,0
15421,2,1,1,1,1,0,0,1,0,0,1,2,,0,3,0
15422,2,1,1,1,1,0,0,1,0,0,1,3,,0,3,0
15423,2,1,1,1,1,0,0,1,0,0,2,1,,0,3,0
15424,2,1,1,1,1,0,0,1,0,0,2,2,,0,3,0
15425,2,1,1,1,1,0,0,1,0,0,2,3,,0,3,0
15426,2,1,1,1,1,0,0,1,0,1,1,1,1,1,3,1
15427,2,1,1,1,1,0,0,1,0,1,1,2,1,1,3,1
15428,2,1,1,1,1,0,0,1,0,1,1,3,1,1,3,1
15429,2,1,1,1,1,0,0,1,0,1,2,1,1,1,3,1
15430,2,1,1,1,1,0,0,1,0,1,2,2,1,1,3,1
15431,2,1,1,1,1,0,0,1,0,1,2,3,1,1,3,1
15432,2,1,1,1,1,0,0,1,0,2,1,1,1,1,3,1
15433,2,1,1,1,1,0,0,1,0,2,1,2,1,1,3,1
15434,2,1,1,1,1,0,0,1,0,2,1,3,1,1,3,1
15435,2,1,1,1,1,0,0,1,0,2,2,1,1,1,3,1
15436,2,1,1,1,1,0,0,1,0,2,2,2,1,1,3,1
15437,2,1,1,1,1,0,0,1,0,2,2,3,1,1,3,1
15438,2,1,1,1,1,0,0,1,0,3,1,1,1,1,3,1
15439,2,1,1,1,1,0,0,1,0,3,1,2,1,1,3,1
15440,2,1,1,1,1,0,0,1,0,3,1,3,1,1,3,1
15441,2,1,1,1,1,0,0,1,0,3,2,1,1,1,3,1
15442,2,1,1,1,1,0,0,1,0,3,2,2,1,1,3,1
15443,2,1,1,1,1,0,0,1,0,3,2,3,1,1,3,1
15444,2,1,1,1,1,0,0,1,0,4,1,1,1,1,3,1
15445,2,1,1,1,1,0,0,1,0,4,1,2,1,1,3,1
15446,2,1,1,1,1,0,0,1,0,4,1,3,1,1,3,1
15447,2,1,1,1,1,0,0,1,0,4,2,1,1,1,3,1
15448,2,1,1,1,1,0,0,1,0,4,2,2,1,1,3,1
15449,2,1,1,1,1,0,0,1,0,4,2,3,1,1,3,1
15450,2,1,1,1,1,0,0,1,1,0,1,1,0,1,3,1
15451,2,1,1,1,1,0,0,1,1,0,1,2,0,1,3,1
15452,2,1,1,1,1,0,0,1,1,0,1,3,0,1,3,1
15453,2,1,1,1,1,0,0,1,1,0,2,1,0,1,3,1
15454,2,1,1,1,1,0,0,1,1,0,2,2,0,1,3,1
15455,2,1,1,1,1,0,0,1,1,0,2,3,0,1,3,1
15456,2,1,1,1,1,0,0,1,1,1,1,1,0,1,3,1
15457,2,1,1,1,1,0,0,1,1,1,1,2,0,1,3,1
15458,2,1,1,1,1,0,0,1,1,1,1,3,0,1,3,1
15459,2,1,1,1,1,0,0,1,1,1,2,1,0,1,3,1
15460,2,1,1,1,1,0,0,1,1,1,2,2,0,1,3,1
15461,2,1,1,1,1,0,0,1,1,1,2,3,0,1,3,1
15462,2,1,1,1,1,0,0,1,1,2,1,1,0,1,3,1
15463,2,1,1,1,1,0,0,1,1,2,1,2,0,1,3,1
15464,2,1,1,1,1,0,0,1,1,2,1,3,0,1,3,1
15465,2,1,1,1,1,0,0,1,1,2,2,1,0,1,3,1
15466,2,1,1,1,1,0,0,1,1,2,2,2,0,1,3,1
15467,2,1,1,1,1,0,0,1,1,2,2,3,0,1,3,1
15468,2,1,1,1,1,0,0,1,1,3,1,1,0,1,3,1
15469,2,1,1,1,1,0,0,1,1,3,1,2,0,1,3,1
15470,2,1,1,1,1,0,0,1,1,3,1,3,0,1,3,1
15471,2,1,1,1,1,0,0,1,1,3,2,1,0,1,3,1
15472,2,1,1,1,1,0,0,1,1,3,2,2,0,1,3,1
15473,2,1,1,1,1,0,0,1,1,3,2,3,0,1,3,1
15474,2,1,1,1,1,0,0,1,1,4,1,1,0,1,3,1
15475,2,1,1,1,1,0,0,1,1,4,1,2,0,1,3,1
15476,2,1,1,1,1,0,0,1,1,4,1,3,0,1,3,1
15477,2,1,1,1,1,0,0,1,1,4,2,1,0,1,3,1
15478,2,1,1,1,1,0,0,1,1,4,2,2,0,1,3,1
15479,2,1,1,1,1,0,0,1,1,4,2,3,0,1,3,1
15480,2,1,1,1,1,0,1,0,0,0,1,1,,0,3,0
15481,2,1,1,1,1,0,1,0,0,0,1,2,,0,3,0
15482,2,1,1,1,1,0,1,0,0,0,1,3,,0,3,0
15483,2,1,1,1,1,0,1,0,0,0,2,1,,0,3,0
15484,2,1,1,1,1,0,1,0,0,0,2,2,,0,3,0
15485,2,1,1,1,1,0,1,0,0,0,2,3,,0,3,0
15486,2,1,1,1,1,0,1,0,0,1,1,1,,0,4,0
15487,2,1,1,1,1,0,1,0,0,1,1,2,1,1,4,1
15488,2,1,1,1,1,0,1,0,0,1,1,3,1,1,4,1
15489,2,1,1,1,1,0,1,0,0,1,2,1,,0,4,0
15490,2,1,1,1,1,0,1,0,0,1,2,2,,0,4,0
15491,2,1,1,1,1,0,1,0,0,1,2,3,1,1,4,1
15492,2,1,1,1,1,0,1,0,0,2,1,1,,0,4,0
15493,2,1,1,1,1,0,1,0,0,2,1,2,1,1,4,1
15494,2,1,1,1,1,0,1,0,0,2,1,3,1,1,4,1
15495,2,1,1,1,1,0,1,0,0,2,2,1,,0,4,0
15496,2,1,1,1,1,0,1,0,0,2,2,2,,0,4,0
15497,2,1,1,1,1,0,1,0,0,2,2,3,1,1,4,1
15498,2,1,1,1,1,0,1,0,0,3,1,1,,0,4,0
15499,2,1,1,1,1,0,1,0,0,3,1,2,1,1,4,1
15500,2,1,1,1,1,0,1,0,0,3,1,3,1,1,4,1
15501,2,1,1,1,1,0,1,0,0,3,2,1,,0,4,0
15502,2,1,1,1,1,0,1,0,0,3,2,2,,0,4,0
15503,2,1,1,1,1,0,1,0,0,3,2,3,1,1,4,1
15504,2,1,1,1,1,0,1,0,0,4,1,1,,0,4,0
15505,2,1,1,1,1,0,1,0,0,4,1,2,1,1,4,1
15506,2,1,1,1,1,0,1,0,0,4,1,3,1,1,4,1
15507,2,1,1,1,1,0,1,0,0,4,2,1,,0,4,0
15508,2,1,1,1,1,0,1,0,0,4,2,2,,0,4,0
15509,2,1,1,1,1,0,1,0,0,4,2,3,1,1,4,1
15510,2,1,1,1,1,0,1,0,1,0,1,1,0,1,3,1
15511,2,1,1,1,1,0,1,0,1,0,1,2,0,1,3,1
15512,2,1,1,1,1,0,1,0,1,0,1,3,0,1,3,1
15513,2,1,1,1,1,0,1,0,1,0,2,1,0,1,3,1
15514,2,1,1,1,1,0,1,0,1,0,2,2,0,1,3,1
15515,2,1,1,1,1,0,1,0,1,0,2,3,0,1,3,1
15516,2,1,1,1,1,0,1,0,1,1,1,1,0,1,4,1
15517,2,1,1,1,1,0,1,0,1,1,1,2,0,1,4,1
15518,2,1,1,1,1,0,1,0,1,1,1,3,0,1,4,1
15519,2,1,1,1,1,0,1,0,1,1,2,1,0,1,4,1
15520,2,1,1,1,1,0,1,0,1,1,2,2,0,1,4,1
15521,2,1,1,1,1,0,1,0,1,1,2,3,0,1,4,1
15522,2,1,1,1,1,0,1,0,1,2,1,1,0,1,4,1
15523,2,1,1,1,1,0,1,0,1,2,1,2,0,1,4,1
15524,2,1,1,1,1,0,1,0,1,2,1,3,0,1,4,1
15525,2,1,1,1,1,0,1,0,1,2,2,1,0,1,4,1
15526,2,1,1,1,1,0,1,0,1,2,2,2,0,1,4,1
15527,2,1,1,1,1,0,1,0,1,2,2,3,0,1,4,1
15528,2,1,1,1,1,0,1,0,1,3,1,1,0,1,4,1
15529,2,1,1,1,1,0,1,0,1,3,1,2,0,1,4,1
15530,2,1,1,1,1,0,1,0,1,3,1,3,0,1,4,1
15531,2,1,1,1,1,0,1,0,1,3,2,1,0,1,4,1
15532,2,1,1,1,1,0,1,0,1,3,2,2,0,1,4,1
15533,2,1,1,1,1,0,1,0,1,3,2,3,0,1,4,1
15534,2,1,1,1,1,0,1,0,1,4,1,1,0,1,4,1
15535,2,1,1,1,1,0,1,0,1,4,1,2,0,1,4,1
15536,2,1,1,1,1,0,1,0,1,4,1,3,0,1,4,1
15537,2,1,1,1,1,0,1,0,1,4,2,1,0,1,4,1
15538,2,1,1,1,1,0,1,0,1,4,2,2,0,1,4,1
15539,2,1,1,1,1,0,1,0,1,4,2,3,0,1,4,1
15540,2,1,1,1,1,0,1,1,0,0,1,1,,0,3,0
15541,2,1,1,1,1,0,1,1,0,0,1,2,,0,3,0
15542,2,1,1,1,1,0,1,1,0,0,1,3,,0,3,0
15543,2,1,1,1,1,0,1,1,0,0,2,1,,0,3,0
15544,2,1,1,1,1,0,1,1,0,0,2,2,,0,3,0
15545,2,1,1,1,1,0,1,1,0,0,2,3,,0,3,0
15546,2,1,1,1,1,0,1,1,0,1,1,1,,0,4,0
15547,2,1,1,1,1,0,1,1,0,1,1,2,1,1,4,1
15548,2,1,1,1,1,0,1,1,0,1,1,3,1,1,4,1
15549,2,1,1,1,1,0,1,1,0,1,2,1,,0,4,0
15550,2,1,1,1,1,0,1,1,0,1,2,2,,0,4,0
15551,2,1,1,1,1,0,1,1,0,1,2,3,1,1,4,1
15552,2,1,1,1,1,0,1,1,0,2,1,1,,0,4,0
15553,2,1,1,1,1,0,1,1,0,2,1,2,1,1,4,1
15554,2,1,1,1,1,0,1,1,0,2,1,3,1,1,4,1
15555,2,1,1,1,1,0,1,1,0,2,2,1,,0,4,0
15556,2,1,1,1,1,0,1,1,0,2,2,2,,0,4,0
15557,2,1,1,1,1,0,1,1,0,2,2,3,1,1,4,1
15558,2,1,1,1,1,0,1,1,0,3,1,1,,0,4,0
15559,2,1,1,1,1,0,1,1,0,3,1,2,1,1,4,1
15560,2,1,1,1,1,0,1,1,0,3,1,3,1,1,4,1
15561,2,1,1,1,1,0,1,1,0,3,2,1,,0,4,0
15562,2,1,1,1,1,0,1,1,0,3,2,2,,0,4,0
15563,2,1,1,1,1,0,1,1,0,3,2,3,1,1,4,1
15564,2,1,1,1,1,0,1,1,0,4,1,1,,0,4,0
15565,2,1,1,1,1,0,1,1,0,4,1,2,1,1,4,1
15566,2,1,1,1,1,0,1,1,0,4,1,3,1,1,4,1
15567,2,1,1,1,1,0,1,1,0,4,2,1,,0,4,0
15568,2,1,1,1,1,0,1,1,0,4,2,2,,0,4,0
15569,2,1,1,1,1,0,1,1,0,4,2,3,1,1,4,1
15570,2,1,1,1,1,0,1,1,1,0,1,1,0,1,3,1
15571,2,1,1,1,1,0,1,1,1,0,1,2,0,1,3,1
15572,2,1,1,1,1,0,1,1,1,0,1,3,0,1,3,1
15573,2,1,1,1,1,0,1,1,1,0,2,1,0,1,3,1
15574,2,1,1,1,1,0,1,1,1,0,2,2,0,1,3,1
15575,2,1,1,1,1,0,1,1,1,0,2,3,0,1,3,1
15576,2,1,1,1,1,0,1,1,1,1,1,1,0,1,4,1
15577,2,1,1,1,1,0,1,1,1,1,1,2,0,1,4,1
15578,2,1,1,1,1,0,1,1,1,1,1,3,0,1,4,1
15579,2,1,1,1,1,0,1,1,1,1,2,1,0,1,4,1
15580,2,1,1,1,1,0,1,1,1,1,2,2,0,1,4,1
15581,2,1,1,1,1,0,1,1,1,1,2,3,0,1,4,1
15582,2,1,1,1,1,0,1,1,1,2,1,1,0,1,4,1
15583,2,1,1,1,1,0,1,1,1,2,1,2,0,1,4,1
15584,2,1,1,1,1,0,1,1,1,2,1,3,0,1,4,1
15585,2,1,1,1,1,0,1,1,1,2,2,1,0,1,4,1
15586,2,1,1,1,1,0,1,1,1,2,2,2,0,1,4,1
15587,2,1,1,1,1,0,1,1,1,2,2,3,0,1,4,1
15588,2,1,1,1,1,0,1,1,1,3,1,1,0,1,4,1
15589,2,1,1,1,1,0,1,1,1,3,1,2,0,1,4,1
15590,2,1,1,1,1,0,1,1,1,3,1,3,0,1,4,1
15591,2,1,1,1,1,0,1,1,1,3,2,1,0,1,4,1
15592,2,1,1,1,1,0,1,1,1,3,2,2,0,1,4,1
15593,2,1,1,1,1,0,1,1,1,3,2,3,0,1,4,1
15594,2,1,1,1,1,0,1,1,1,4,1,1,0,1,4,1
15595,2,1,1,1,1,0,1,1,1,4,1,2,0,1,4,1
15596,2,1,1,1,1,0,1,1,1,4,1,3,0,1,4,1
15597,2,1,1,1,1,0,1,1,1,4,2,1,0,1,4,1
15598,2,1,1,1,1,0,1,1,1,4,2,2,0,1,4,1
15599,2,1,1,1,1,0,1,1,1,4,2,3,0,1,4,1
15600,2,1,1,1,1,1,0,0,0,0,1,1,,0,3,0
15601,2,1,1,1,1,1,0,0,0,0,1,2,,0,3,0
15602,2,1,1,1,1,1,0,0,0,0,1,3,,0,3,0
15603,2,1,1,1,1,1,0,0,0,0,2,1,,0,3,0
15604,2,1,1,1,1,1,0,0,0,0,2,2,,0,3,0
15605,2,1,1,1,1,1,0,0,0,0,2,3,,0,3,0
15606,2,1,1,1,1,1,0,0,0,1,1,1,1,1,4,1
15607,2,1,1,1,1,1,0,0,0,1,1,2,1,1,4,1
15608,2,1,1,1,1,1,0,0,0,1,1,3,1,1,4,1
15609,2,1,1,1,1,1,0,0,0,1,2,1,1,1,4,1
15610,2,1,1,1,1,1,0,0,0,1,2,2,1,1,4,1
15611,2,1,1,1,1,1,0,0,0,1,2,3,1,1,4,1
15612,2,1,1,1,1,1,0,0,0,2,1,1,1,1,4,1
15613,2,1,1,1,1,1,0,0,0,2,1,2,1,1,4,1
15614,2,1,1,1,1,1,0,0,0,2,1,3,1,1,4,1
15615,2,1,1,1,1,1,0,0,0,2,2,1,1,1,4,1
15616,2,1,1,1,1,1,0,0,0,2,2,2,1,1,4,1
15617,2,1,1,1,1,1,0,0,0,2,2,3,1,1,4,1
15618,2,1,1,1,1,1,0,0,0,3,1,1,1,1,4,1
15619,2,1,1,1,1,1,0,0,0,3,1,2,1,1,4,1
15620,2,1,1,1,1,1,0,0,0,3,1,3,1,1,4,1
15621,2,1,1,1,1,1,0,0,0,3,2,1,1,1,4,1
15622,2,1,1,1,1,1,0,0,0,3,2,2,1,1,4,1
15623,2,1,1,1,1,1,0,0,0,3,2,3,1,1,4,1
15624,2,1,1,1,1,1,0,0,0,4,1,1,1,1,4,1
15625,2,1,1,1,1,1,0,0,0,4,1,2,1,1,4,1
15626,2,1,1,1,1,1,0,0,0,4,1,3,1,1,4,1
15627,2,1,1,1,1,1,0,0,0,4,2,1,1,1,4,1
15628,2,1,1,1,1,1,0,0,0,4,2,2,1,1,4,1
15629,2,1,1,1,1,1,0,0,0,4,2,3,1,1,4,1
15630,2,1,1,1,1,1,0,0,1,0,1,1,0,1,3,1
15631,2,1,1,1,1,1,0,0,1,0,1,2,0,1,3,1
15632,2,1,1,1,1,1,0,0,1,0,1,3,0,1,3,1
15633,2,1,1,1,1,1,0,0,1,0,2,1,0,1,3,1
15634,2,1,1,1,1,1,0,0,1,0,2,2,0,1,3,1
15635,2,1,1,1,1,1,0,0,1,0,2,3,0,1,3,1
15636,2,1,1,1,1,1,0,0,1,1,1,1,0,1,4,1
15637,2,1,1,1,1,1,0,0,1,1,1,2,0,1,4,1
15638,2,1,1,1,1,1,0,0,1,1,1,3,0,1,4,1
15639,2,1,1,1,1,1,0,0,1,1,2,1,0,1,4,1
15640,2,1,1,1,1,1,0,0,1,1,2,2,0,1,4,1
15641,2,1,1,1,1,1,0,0,1,1,2,3,0,1,4,1
15642,2,1,1,1,1,1,0,0,1,2,1,1,0,1,4,1
15643,2,1,1,1,1,1,0,0,1,2,1,2,0,1,4,1
15644,2,1,1,1,1,1,0,0,1,2,1,3,0,1,4,1
15645,2,1,1,1,1,1,0,0,1,2,2,1,0,1,4,1
15646,2,1,1,1,1,1,0,0,1,2,2,2,0,1,4,1
15647,2,1,1,1,1,1,0,0,1,2,2,3,0,1,4,1
15648,2,1,1,1,1,1,0,0,1,3,1,1,0,1,4,1
15649,2,1,1,1,1,1,0,0,1,3,1,2,0,1,4,1
15650,2,1,1,1,1,1,0,0,1,3,1,3,0,1,4,1
15651,2,1,1,1,1,1,0,0,1,3,2,1,0,1,4,1
15652,2,1,1,1,1,1,0,0,1,3,2,2,0,1,4,1
15653,2,1,1,1,1,1,0,0,1,3,2,3,0,1,4,1
15654,2,1,1,1,1,1,0,0,1,4,1,1,0,1,4,1
15655,2,1,1,1,1,1,0,0,1,4,1,2,0,1,4,1
15656,2,1,1,1,1,1,0,0,1,4,1,3,0,1,4,1
15657,2,1,1,1,1,1,0,0,1,4,2,1,0,1,4,1
15658,2,1,1,1,1,1,0,0,1,4,2,2,0,1,4,1
15659,2,1,1,1,1,1,0,0,1,4,2,3,0,1,4,1
15660,2,1,1,1,1,1,0,1,0,0,1,1,,0,3,0
15661,2,1,1,1,1,1,0,1,0,0,1,2,,0,3,0
15662,2,1,1,1,1,1,0,1,0,0,1,3,,0,3,0
15663,2,1,1,1,1,1,0,1,0,0,2,1,,0,3,0
15664,2,1,1,1,1,1,0,1,0,0,2,2,,0,3,0
15665,2,1,1,1,1,1,0,1,0,0,2,3,,0,3,0
15666,2,1,1,1,1,1,0,1,0,1,1,1,1,1,4,1
15667,2,1,1,1,1,1,0,1,0,1,1,2,1,1,4,1
15668,2,1,1,1,1,1,0,1,0,1,1,3,1,1,4,1
15669,2,1,1,1,1,1,0,1,0,1,2,1,1,1,4,1
15670,2,1,1,1,1,1,0,1,0,1,2,2,1,1,4,1
15671,2,1,1,1,1,1,0,1,0,1,2,3,1,1,4,1
15672,2,1,1,1,1,1,0,1,0,2,1,1,1,1,4,1
15673,2,1,1,1,1,1,0,1,0,2,1,2,1,1,4,1
15674,2,1,1,1,1,1,0,1,0,2,1,3,1,1,4,1
15675,2,1,1,1,1,1,0,1,0,2,2,1,1,1,4,1
15676,2,1,1,1,1,1,0,1,0,2,2,2,1,1,4,1
15677,2,1,1,1,1,1,0,1,0,2,2,3,1,1,4,1
15678,2,1,1,1,1,1,0,1,0,3,1,1,1,1,4,1
15679,2,1,1,1,1,1,0,1,0,3,1,2,1,1,4,1
15680,2,1,1,1,1,1,0,1,0,3,1,3,1,1,4,1
15681,2,1,1,1,1,1,0,1,0,3,2,1,1,1,4,1
15682,2,1,1,1,1,1,0,1,0,3,2,2,1,1,4,1
15683,2,1,1,1,1,1,0,1,0,3,2,3,1,1,4,1
15684,2,1,1,1,1,1,0,1,0,4,1,1,1,1,4,1
15685,2,1,1,1,1,1,0,1,0,4,1,2,1,1,4,1
15686,2,1,1,1,1,1,0,1,0,4,1,3,1,1,4,1
15687,2,1,1,1,1,1,0,1,0,4,2,1,1,1,4,1
15688,2,1,1,1,1,1,0,1,0,4,2,2,1,1,4,1
15689,2,1,1,1,1,1,0,1,0,4,2,3,1,1,4,1
15690,2,1,1,1,1,1,0,1,1,0,1,1,0,1,3,1
15691,2,1,1,1,1,1,0,1,1,0,1,2,0,1,3,1
15692,2,1,1,1,1,1,0,1,1,0,1,3,0,1,3,1
15693,2,1,1,1,1,1,0,1,1,0,2,1,0,1,3,1
15694,2,1,1,1,1,1,0,1,1,0,2,2,0,1,3,1
15695,2,1,1,1,1,1,0,1,1,0,2,3,0,1,3,1
15696,2,1,1,1,1,1,0,1,1,1,1,1,0,1,4,1
15697,2,1,1,1,1,1,0,1,1,1,1,2,0,1,4,1
15698,2,1,1,1,1,1,0,1,1,1,1,3,0,1,4,1
15699,2,1,1,1,1,1,0,1,1,1,2,1,0,1,4,1
15700,2,1,1,1,1,1,0,1,1,1,2,2,0,1,4,1
15701,2,1,1,1,1,1,0,1,1,1,2,3,0,1,4,1
15702,2,1,1,1,1,1,0,1,1,2,1,1,0,1,4,1
15703,2,1,1,1,1,1,0,1,1,2,1,2,0,1,4,1
15704,2,1,1,1,1,1,0,1,1,2,1,3,0,1,4,1
15705,2,1,1,1,1,1,0,1,1,2,2,1,0,1,4,1
15706,2,1,1,1,1,1,0,1,1,2,2,2,0,1,4,1
15707,2,1,1,1,1,1,0,1,1,2,2,3,0,1,4,1
15708,2,1,1,1,1,1,0,1,1,3,1,1,0,1,4,1
15709,2,1,1,1,1,1,0,1,1,3,1,2,0,1,4,1
15710,2,1,1,1,1,1,0,1,1,3,1,3,0,1,4,1
15711,2,1,1,1,1,1,0,1,1,3,2,1,0,1,4,1
15712,2,1,1,1,1,1,0,1,1,3,2,2,0,1,4,1
15713,2,1,1,1,1,1,0,1,1,3,2,3,0,1,4,1
15714,2,1,1,1,1,1,0,1,1,4,1,1,0,1,4,1
15715,2,1,1,1,1,1,0,1,1,4,1,2,0,1,4,1
15716,2,1,1,1,1,1,0,1,1,4,1,3,0,1,4,1
15717,2,1,1,1,1,1,0,1,1,4,2,1,0,1,4,1
15718,2,1,1,1,1,1,0,1,1,4,2,2,0,1,4,1
15719,2,1,1,1,1,1,0,1,1,4,2,3,0,1,4,1
15720,2,1,1,1,1,1,1,0,0,0,1,1,,0,3,0
15721,2,1,1,1,1,1,1,0,0,0,1,2,,0,3,0
15722,2,1,1,1,1,1,1,0,0,0,1,3,,0,3,0
15723,2,1,1,1,1,1,1,0,0,0,2,1,,0,3,0
15724,2,1,1,1,1,1,1,0,0,0,2,2,,0,3,0
15725,2,1,1,1,1,1,1,0,0,0,2,3,,0,3,0
15726,2,1,1,1,1,1,1,0,0,1,1,1,,0,4,0
15727,2,1,1,1,1,1,1,0,0,1,1,2,1,1,5,1
15728,2,1,1,1,1,1,1,0,0,1,1,3,1,1,5,1
15729,2,1,1,1,1,1,1,0,0,1,2,1,,0,4,0
15730,2,1,1,1,1,1,1,0,0,1,2,2,,0,4,0
15731,2,1,1,1,1,1,1,0,0,1,2,3,1,1,5,1
15732,2,1,1,1,1,1,1,0,0,2,1,1,,0,4,0
15733,2,1,1,1,1,1,1,0,0,2,1,2,1,1,5,1
15734,2,1,1,1,1,1,1,0,0,2,1,3,1,1,5,1
15735,2,1,1,1,1,1,1,0,0,2,2,1,,0,4,0
15736,2,1,1,1,1,1,1,0,0,2,2,2,,0,4,0
15737,2,1,1,1,1,1,1,0,0,2,2,3,1,1,5,1
15738,2,1,1,1,1,1,1,0,0,3,1,1,,0,4,0
15739,2,1,1,1,1,1,1,0,0,3,1,2,1,1,5,1
15740,2,1,1,1,1,1,1,0,0,3,1,3,1,1,5,1
15741,2,1,1,1,1,1,1,0,0,3,2,1,,0,4,0
15742,2,1,1,1,1,1,1,0,0,3,2,2,,0,4,0
15743,2,1,1,1,1,1,1,0,0,3,2,3,1,1,5,1
15744,2,1,1,1,1,1,1,0,0,4,1,1,,0,4,0
15745,2,1,1,1,1,1,1,0,0,4,1,2,1,1,5,1
15746,2,1,1,1,1,1,1,0,0,4,1,3,1,1,5,1
15747,2,1,1,1,1,1,1,0,0,4,2,1,,0,4,0
15748,2,1,1,1,1,1,1,0,0,4,2,2,,0,4,0
15749,2,1,1,1,1,1,1,0,0,4,2,3,1,1,5,1
15750,2,1,1,1,1,1,1,0,1,0,1,1,0,1,3,1
15751,2,1,1,1,1,1,1,0,1,0,1,2,0,1,3,1
15752,2,1,1,1,1,1,1,0,1,0,1,3,0,1,3,1
15753,2,1,1,1,1,1,1,0,1,0,2,1,0,1,3,1
15754,2,1,1,1,1,1,1,0,1,0,2,2,0,1,3,1
15755,2,1,1,1,1,1,1,0,1,0,2,3,0,1,3,1
15756,2,1,1,1,1,1,1,0,1,1,1,1,0,1,5,1
15757,2,1,1,1,1,1,1,0,1,1,1,2,0,1,5,1
15758,2,1,1,1,1,1,1,0,1,1,1,3,0,1,5,1
15759,2,1,1,1,1,1,1,0,1,1,2,1,0,1,5,1
15760,2,1,1,1,1,1,1,0,1,1,2,2,0,1,5,1
15761,2,1,1,1,1,1,1,0,1,1,2,3,0,1,5,1
15762,2,1,1,1,1,1,1,0,1,2,1,1,0,1,5,1
15763,2,1,1,1,1,1,1,0,1,2,1,2,0,1,5,1
15764,2,1,1,1,1,1,1,0,1,2,1,3,0,1,5,1
15765,2,1,1,1,1,1,1,0,1,2,2,1,0,1,5,1
15766,2,1,1,1,1,1,1,0,1,2,2,2,0,1,5,1
15767,2,1,1,1,1,1,1,0,1,2,2,3,0,1,5,1
15768,2,1,1,1,1,1,1,0,1,3,1,1,0,1,5,1
15769,2,1,1,1,1,1,1,0,1,3,1,2,0,1,5,1
15770,2,1,1,1,1,1,1,0,1,3,1,3,0,1,5,1
15771,2,1,1,1,1,1,1,0,1,3,2,1,0,1,5,1
15772,2,1,1,1,1,1,1,0,1,3,2,2,0,1,5,1
15773,2,1,1,1,1,1,1,0,1,3,2,3,0,1,5,1
15774,2,1,1,1,1,1,1,0,1,4,1,1,0,1,5,1
15775,2,1,1,1,1,1,1,0,1,4,1,2,0,1,5,1
15776,2,1,1,1,1,1,1,0,1,4,1,3,0,1,5,1
15777,2,1,1,1,1,1,1,0,1,4,2,1,0,1,5,1
15778,2,1,1,1,1,1,1,0,1,4,2,2,0,1,5,1
15779,2,1,1,1,1,1,1,0,1,4,2,3,0,1,5,1
15780,2,1,1,1,1,1,1,1,0,0,1,1,,0,3,0
15781,2,1,1,1,1,1,1,1,0,0,1,2,,0,3,0
15782,2,1,1,1,1,1,1,1,0,0,1,3,,0,3,0
15783,2,1,1,1,1,1,1,1,0,0,2,1,,0,3,0
15784,2,1,1,1,1,1,1,1,0,0,2,2,,0,3,0
15785,2,1,1,1,1,1,1,1,0,0,2,3,,0,3,0
15786,2,1,1,1,1,1,1,1,0,1,1,1,,0,4,0
15787,2,1,1,1,1,1,1,1,0,1,1,2,1,1,6,1
15788,2,1,1,1,1,1,1,1,0,1,1,3,1,1,6,1
15789,2,1,1,1,1,1,1,1,0,1,2,1,,0,4,0
15790,2,1,1,1,1,1,1,1,0,1,2,2,,0,4,0
15791,2,1,1,1,1,1,1,1,0,1,2,3,1,1,6,1
15792,2,1,1,1,1,1,1,1,0,2,1,1,,0,4,0
15793,2,1,1,1,1,1,1,1,0,2,1,2,1,1,6,1
15794,2,1,1,1,1,1,1,1,0,2,1,3,1,1,6,1
15795,2,1,1,1,1,1,1,1,0,2,2,1,,0,4,0
15796,2,1,1,1,1,1,1,1,0,2,2,2,,0,4,0
15797,2,1,1,1,1,1,1,1,0,2,2,3,1,1,6,1
15798,2,1,1,1,1,1,1,1,0,3,1,1,,0,4,0
15799,2,1,1,1,1,1,1,1,0,3,1,2,1,1,6,1
15800,2,1,1,1,1,1,1,1,0,3,1,3,1,1,6,1
15801,2,1,1,1,1,1,1,1,0,3,2,1,,0,4,0
15802,2,1,1,1,1,1,1,1,0,3,2,2,,0,4,0
15803,2,1,1,1,1,1,1,1,0,3,2,3,1,1,6,1
15804,2,1,1,1,1,1,1,1,0,4,1,1,,0,4,0
15805,2,1,1,1,1,1,1,1,0,4,1,2,1,1,6,1
15806,2,1,1,1,1,1,1,1,0,4,1,3,1,1,6,1
15807,2,1,1,1,1,1,1,1,0,4,2,1,,0,4,0
15808,2,1,1,1,1,1,1,1,0,4,2,2,,0,4,0
15809,2,1,1,1,1,1,1,1,0,4,2,3,1,1,6,1
15810,2,1,1,1,1,1,1,1,1,0,1,1,0,1,3,1
15811,2,1,1,1,1,1,1,1,1,0,1,2,0,1,3,1
15812,2,1,1,1,1,1,1,1,1,0,1,3,0,1,3,1
15813,2,1,1,1,1,1,1,1,1,0,2,1,0,1,3,1
15814,2,1,1,1,1,1,1,1,1,0,2,2,0,1,3,1
15815,2,1,1,1,1,1,1,1,1,0,2,3,0,1,3,1
15816,2,1,1,1,1,1,1,1,1,1,1,1,0,1,6,1
15817,2,1,1,1,1,1,1,1,1,1,1,2,0,1,6,1
15818,2,1,1,1,1,1,1,1,1,1,1,3,0,1,6,1
15819,2,1,1,1,1,1,1,1,1,1,2,1,0,1,6,1
15820,2,1,1,1,1,1,1,1,1,1,2,2,0,1,6,1
15821,2,1,1,1,1,1,1,1,1,1,2,3,0,1,6,1
15822,2,1,1,1,1,1,1,1,1,2,1,1,0,1,6,1
15823,2,1,1,1,1,1,1,1,1,2,1,2,0,1,6,1
15824,2,1,1,1,1,1,1,1,1,2,1,3,0,1,6,1
15825,2,1,1,1,1,1,1,1,1,2,2,1,0,1,6,1
15826,2,1,1,1,1,1,1,1,1,2,2,2,0,1,6,1
15827,2,1,1,1,1,1,1,1,1,2,2,3,0,1,6,1
15828,2,1,1,1,1,1,1,1,1,3,1,1,0,1,6,1
15829,2,1,1,1,1,1,1,1,1,3,1,2,0,1,6,1
15830,2,1,1,1,1,1,1,1,1,3,1,3,0,1,6,1
15831,2,1,1,1,1,1,1,1,1,3,2,1,0,1,6,1
15832,2,1,1,1,1,1,1,1,1,3,2,2,0,1,6,1
15833,2,1,1,1,1,1,1,1,1,3,2,3,0,1,6,1
15834,2,1,1,1,1,1,1,1,1,4,1,1,0,1,6,1
15835,2,1,1,1,1,1,1,1,1,4,1,2,0,1,6,1
15836,2,1,1,1,1,1,1,1,1,4,1,3,0,1,6,1
15837,2,1,1,1,1,1,1,1,1,4,2,1,0,1,6,1
15838,2,1,1,1,1,1,1,1,1,4,2,2,0,1,6,1
15839,2,1,1,1,1,1,1,1,1,4,2,3,0,1,6,1
15840,2,1,1,1,2,0,0,0,0,0,1,1,,0,4,0
15841,2,1,1,1,2,0,0,0,0,0,1,2,,0,3,0
15842,2,1,1,1,2,0,0,0,0,0,1,3,,0,3,0
15843,2,1,1,1,2,0,0,0,0,0,2,1,,0,4,0
15844,2,1,1,1,2,0,0,0,0,0,2,2,,0,3,0
15845,2,1,1,1,2,0,0,0,0,0,2,3,,0,3,0
15846,2,1,1,1,2,0,0,0,0,1,1,1,1,1,4,1
15847,2,1,1,1,2,0,0,0,0,1,1,2,1,1,3,1
15848,2,1,1,1,2,0,0,0,0,1,1,3,1,1,3,1
15849,2,1,1,1,2,0,0,0,0,1,2,1,1,1,4,1
15850,2,1,1,1,2,0,0,0,0,1,2,2,1,1,3,1
15851,2,1,1,1,2,0,0,0,0,1,2,3,1,1,3,1
15852,2,1,1,1,2,0,0,0,0,2,1,1,1,1,4,1
15853,2,1,1,1,2,0,0,0,0,2,1,2,1,1,3,1
15854,2,1,1,1,2,0,0,0,0,2,1,3,1,1,3,1
15855,2,1,1,1,2,0,0,0,0,2,2,1,1,1,4,1
15856,2,1,1,1,2,0,0,0,0,2,2,2,1,1,3,1
15857,2,1,1,1,2,0,0,0,0,2,2,3,1,1,3,1
15858,2,1,1,1,2,0,0,0,0,3,1,1,1,1,4,1
15859,2,1,1,1,2,0,0,0,0,3,1,2,1,1,3,1
15860,2,1,1,1,2,0,0,0,0,3,1,3,1,1,3,1
15861,2,1,1,1,2,0,0,0,0,3,2,1,1,1,4,1
15862,2,1,1,1,2,0,0,0,0,3,2,2,1,1,3,1
15863,2,1,1,1,2,0,0,0,0,3,2,3,1,1,3,1
15864,2,1,1,1,2,0,0,0,0,4,1,1,1,1,4,1
15865,2,1,1,1,2,0,0,0,0,4,1,2,1,1,3,1
15866,2,1,1,1,2,0,0,0,0,4,1,3,1,1,3,1
15867,2,1,1,1,2,0,0,0,0,4,2,1,1,1,4,1
15868,2,1,1,1,2,0,0,0,0,4,2,2,1,1,3,1
15869,2,1,1,1,2,0,0,0,0,4,2,3,1,1,3,1
15870,2,1,1,1,2,0,0,0,1,0,1,1,0,1,4,1
15871,2,1,1,1,2,0,0,0,1,0,1,2,0,1,3,1
15872,2,1,1,1,2,0,0,0,1,0,1,3,0,1,3,1
15873,2,1,1,1,2,0,0,0,1,0,2,1,0,1,4,1
15874,2,1,1,1,2,0,0,0,1,0,2,2,0,1,3,1
15875,2,1,1,1,2,0,0,0,1,0,2,3,0,1,3,1
15876,2,1,1,1,2,0,0,0,1,1,1,1,0,1,4,1
15877,2,1,1,1,2,0,0,0,1,1,1,2,0,1,3,1
15878,2,1,1,1,2,0,0,0,1,1,1,3,0,1,3,1
15879,2,1,1,1,2,0,0,0,1,1,2,1,0,1,4,1
15880,2,1,1,1,2,0,0,0,1,1,2,2,0,1,3,1
15881,2,1,1,1,2,0,0,0,1,1,2,3,0,1,3,1
15882,2,1,1,1,2,0,0,0,1,2,1,1,0,1,4,1
15883,2,1,1,1,2,0,0,0,1,2,1,2,0,1,3,1
15884,2,1,1,1,2,0,0,0,1,2,1,3,0,1,3,1
15885,2,1,1,1,2,0,0,0,1,2,2,1,0,1,4,1
15886,2,1,1,1,2,0,0,0,1,2,2,2,0,1,3,1
15887,2,1,1,1,2,0,0,0,1,2,2,3,0,1,3,1
15888,2,1,1,1,2,0,0,0,1,3,1,1,0,1,4,1
15889,2,1,1,1,2,0,0,0,1,3,1,2,0,1,3,1
15890,2,1,1,1,2,0,0,0,1,3,1,3,0,1,3,1
15891,2,1,1,1,2,0,0,0,1,3,2,1,0,1,4,1
15892,2,1,1,1,2,0,0,0,1,3,2,2,0,1,3,1
15893,2,1,1,1,2,0,0,0,1,3,2,3,0,1,3,1
15894,2,1,1,1,2,0,0,0,1,4,1,1,0,1,4,1
15895,2,1,1,1,2,0,0,0,1,4,1,2,0,1,3,1
15896,2,1,1,1,2,0,0,0,1,4,1,3,0,1,3,1
15897,2,1,1,1,2,0,0,0,1,4,2,1,0,1,4,1
15898,2,1,1,1,2,0,0,0,1,4,2,2,0,1,3,1
15899,2,1,1,1,2,0,0,0,1,4,2,3,0,1,3,1
15900,2,1,1,1,2,0,0,1,0,0,1,1,,0,4,0
15901,2,1,1,1,2,0,0,1,0,0,1,2,,0,3,0
15902,2,1,1,1,2,0,0,1,0,0,1,3,,0,3,0
15903,2,1,1,1,2,0,0,1,0,0,2,1,,0,4,0
15904,2,1,1,1,2,0,0,1,0,0,2,2,,0,3,0
15905,2,1,1,1,2,0,0,1,0,0,2,3,,0,3,0
15906,2,1,1,1,2,0,0,1,0,1,1,1,1,1,4,1
15907,2,1,1,1,2,0,0,1,0,1,1,2,1,1,3,1
15908,2,1,1,1,2,0,0,1,0,1,1,3,1,1,3,1
15909,2,1,1,1,2,0,0,1,0,1,2,1,1,1,4,1
15910,2,1,1,1,2,0,0,1,0,1,2,2,1,1,3,1
15911,2,1,1,1,2,0,0,1,0,1,2,3,1,1,3,1
15912,2,1,1,1,2,0,0,1,0,2,1,1,1,1,4,1
15913,2,1,1,1,2,0,0,1,0,2,1,2,1,1,3,1
15914,2,1,1,1,2,0,0,1,0,2,1,3,1,1,3,1
15915,2,1,1,1,2,0,0,1,0,2,2,1,1,1,4,1
15916,2,1,1,1,2,0,0,1,0,2,2,2,1,1,3,1
15917,2,1,1,1,2,0,0,1,0,2,2,3,1,1,3,1
15918,2,1,1,1,2,0,0,1,0,3,1,1,1,1,4,1
15919,2,1,1,1,2,0,0,1,0,3,1,2,1,1,3,1
15920,2,1,1,1,2,0,0,1,0,3,1,3,1,1,3,1
15921,2,1,1,1,2,0,0,1,0,3,2,1,1,1,4,1
15922,2,1,1,1,2,0,0,1,0,3,2,2,1,1,3,1
15923,2,1,1,1,2,0,0,1,0,3,2,3,1,1,3,1
15924,2,1,1,1,2,0,0,1,0,4,1,1,1,1,4,1
15925,2,1,1,1,2,0,0,1,0,4,1,2,1,1,3,1
15926,2,1,1,1,2,0,0,1,0,4,1,3,1,1,3,1
15927,2,1,1,1,2,0,0,1,0,4,2,1,1,1,4,1
15928,2,1,1,1,2,0,0,1,0,4,2,2,1,1,3,1
15929,2,1,1,1,2,0,0,1,0,4,2,3,1,1,3,1
15930,2,1,1,1,2,0,0,1,1,0,1,1,0,1,4,1
15931,2,1,1,1,2,0,0,1,1,0,1,2,0,1,3,1
15932,2,1,1,1,2,0,0,1,1,0,1,3,0,1,3,1
15933,2,1,1,1,2,0,0,1,1,0,2,1,0,1,4,1
15934,2,1,1,1,2,0,0,1,1,0,2,2,0,1,3,1
15935,2,1,1,1,2,0,0,1,1,0,2,3,0,1,3,1
15936,2,1,1,1,2,0,0,1,1,1,1,1,0,1,4,1
15937,2,1,1,1,2,0,0,1,1,1,1,2,0,1,3,1
15938,2,1,1,1,2,0,0,1,1,1,1,3,0,1,3,1
15939,2,1,1,1,2,0,0,1,1,1,2,1,0,1,4,1
15940,2,1,1,1,2,0,0,1,1,1,2,2,0,1,3,1
15941,2,1,1,1,2,0,0,1,1,1,2,3,0,1,3,1
15942,2,1,1,1,2,0,0,1,1,2,1,1,0,1,4,1
15943,2,1,1,1,2,0,0,1,1,2,1,2,0,1,3,1
15944,2,1,1,1,2,0,0,1,1,2,1,3,0,1,3,1
15945,2,1,1,1,2,0,0,1,1,2,2,1,0,1,4,1
15946,2,1,1,1,2,0,0,1,1,2,2,2,0,1,3,1
15947,2,1,1,1,2,0,0,1,1,2,2,3,0,1,3,1
15948,2,1,1,1,2,0,0,1,1,3,1,1,0,1,4,1
15949,2,1,1,1,2,0,0,1,1,3,1,2,0,1,3,1
15950,2,1,1,1,2,0,0,1,1,3,1,3,0,1,3,1
15951,2,1,1,1,2,0,0,1,1,3,2,1,0,1,4,1
15952,2,1,1,1,2,0,0,1,1,3,2,2,0,1,3,1
15953,2,1,1,1,2,0,0,1,1,3,2,3,0,1,3,1
15954,2,1,1,1,2,0,0,1,1,4,1,1,0,1,4,1
15955,2,1,1,1,2,0,0,1,1,4,1,2,0,1,3,1
15956,2,1,1,1,2,0,0,1,1,4,1,3,0,1,3,1
15957,2,1,1,1,2,0,0,1,1,4,2,1,0,1,4,1
15958,2,1,1,1,2,0,0,1,1,4,2,2,0,1,3,1
15959,2,1,1,1,2,0,0,1,1,4,2,3,0,1,3,1
15960,2,1,1,1,2,0,1,0,0,0,1,1,,0,4,0
15961,2,1,1,1,2,0,1,0,0,0,1,2,,0,3,0
15962,2,1,1,1,2,0,1,0,0,0,1,3,,0,3,0
15963,2,1,1,1,2,0,1,0,0,0,2,1,,0,4,0
15964,2,1,1,1,2,0,1,0,0,0,2,2,,0,3,0
15965,2,1,1,1,2,0,1,0,0,0,2,3,,0,3,0
15966,2,1,1,1,2,0,1,0,0,1,1,1,,0,5,0
15967,2,1,1,1,2,0,1,0,0,1,1,2,1,1,5,1
15968,2,1,1,1,2,0,1,0,0,1,1,3,1,1,4,1
15969,2,1,1,1,2,0,1,0,0,1,2,1,,0,5,0
15970,2,1,1,1,2,0,1,0,0,1,2,2,,0,4,0
15971,2,1,1,1,2,0,1,0,0,1,2,3,1,1,5,1
15972,2,1,1,1,2,0,1,0,0,2,1,1,,0,5,0
15973,2,1,1,1,2,0,1,0,0,2,1,2,1,1,5,1
15974,2,1,1,1,2,0,1,0,0,2,1,3,1,1,4,1
15975,2,1,1,1,2,0,1,0,0,2,2,1,,0,5,0
15976,2,1,1,1,2,0,1,0,0,2,2,2,,0,4,0
15977,2,1,1,1,2,0,1,0,0,2,2,3,1,1,5,1
15978,2,1,1,1,2,0,1,0,0,3,1,1,,0,5,0
15979,2,1,1,1,2,0,1,0,0,3,1,2,1,1,5,1
15980,2,1,1,1,2,0,1,0,0,3,1,3,1,1,4,1
15981,2,1,1,1,2,0,1,0,0,3,2,1,,0,5,0
15982,2,1,1,1,2,0,1,0,0,3,2,2,,0,4,0
15983,2,1,1,1,2,0,1,0,0,3,2,3,1,1,5,1
15984,2,1,1,1,2,0,1,0,0,4,1,1,,0,5,0
15985,2,1,1,1,2,0,1,0,0,4,1,2,1,1,5,1
15986,2,1,1,1,2,0,1,0,0,4,1,3,1,1,4,1
15987,2,1,1,1,2,0,1,0,0,4,2,1,,0,5,0
15988,2,1,1,1,2,0,1,0,0,4,2,2,,0,4,0
15989,2,1,1,1,2,0,1,0,0,4,2,3,1,1,5,1
15990,2,1,1,1,2,0,1,0,1,0,1,1,0,1,4,1
15991,2,1,1,1,2,0,1,0,1,0,1,2,0,1,3,1
15992,2,1,1,1,2,0,1,0,1,0,1,3,0,1,3,1
15993,2,1,1,1,2,0,1,0,1,0,2,1,0,1,4,1
15994,2,1,1,1,2,0,1,0,1,0,2,2,0,1,3,1
15995,2,1,1,1,2,0,1,0,1,0,2,3,0,1,3,1
15996,2,1,1,1,2,0,1,0,1,1,1,1,0,1,5,1
15997,2,1,1,1,2,0,1,0,1,1,1,2,0,1,5,1
15998,2,1,1,1,2,0,1,0,1,1,1,3,0,1,4,1
15999,2,1,1,1,2,0,1,0,1,1,2,1,0,1,5,1
16000,2,1,1,1,2,0,1,0,1,1,2,2,0,1,4,1
16001,2,1,1,1,2,0,1,0,1,1,2,3,0,1,5,1
16002,2,1,1,1,2,0,1,0,1,2,1,1,0,1,5,1
16003,2,1,1,1,2,0,1,0,1,2,1,2,0,1,5,1
16004,2,1,1,1,2,0,1,0,1,2,1,3,0,1,4,1
16005,2,1,1,1,2,0,1,0,1,2,2,1,0,1,5,1
16006,2,1,1,1,2,0,1,0,1,2,2,2,0,1,4,1
16007,2,1,1,1,2,0,1,0,1,2,2,3,0,1,5,1
16008,2,1,1,1,2,0,1,0,1,3,1,1,0,1,5,1
16009,2,1,1,1,2,0,1,0,1,3,1,2,0,1,5,1
16010,2,1,1,1,2,0,1,0,1,3,1,3,0,1,4,1
16011,2,1,1,1,2,0,1,0,1,3,2,1,0,1,5,1
16012,2,1,1,1,2,0,1,0,1,3,2,2,0,1,4,1
16013,2,1,1,1,2,0,1,0,1,3,2,3,0,1,5,1
16014,2,1,1,1,2,0,1,0,1,4,1,1,0,1,5,1
16015,2,1,1,1,2,0,1,0,1,4,1,2,0,1,5,1
16016,2,1,1,1,2,0,1,0,1,4,1,3,0,1,4,1
16017,2,1,1,1,2,0,1,0,1,4,2,1,0,1,5,1
16018,2,1,1,1,2,0,1,0,1,4,2,2,0,1,4,1
16019,2,1,1,1,2,0,1,0,1,4,2,3,0,1,5,1
16020,2,1,1,1,2,0,1,1,0,0,1,1,,0,4,0
16021,2,1,1,1,2,0,1,1,0,0,1,2,,0,3,0
16022,2,1,1,1,2,0,1,1,0,0,1,3,,0,3,0
16023,2,1,1,1,2,0,1,1,0,0,2,1,,0,4,0
16024,2,1,1,1,2,0,1,1,0,0,2,2,,0,3,0
16025,2,1,1,1,2,0,1,1,0,0,2,3,,0,3,0
16026,2,1,1,1,2,0,1,1,0,1,1,1,,0,5,0
16027,2,1,1,1,2,0,1,1,0,1,1,2,1,1,5,1
16028,2,1,1,1,2,0,1,1,0,1,1,3,1,1,4,1
16029,2,1,1,1,2,0,1,1,0,1,2,1,,0,5,0
16030,2,1,1,1,2,0,1,1,0,1,2,2,,0,4,0
16031,2,1,1,1,2,0,1,1,0,1,2,3,1,1,5,1
16032,2,1,1,1,2,0,1,1,0,2,1,1,,0,5,0
16033,2,1,1,1,2,0,1,1,0,2,1,2,1,1,5,1
16034,2,1,1,1,2,0,1,1,0,2,1,3,1,1,4,1
16035,2,1,1,1,2,0,1,1,0,2,2,1,,0,5,0
16036,2,1,1,1,2,0,1,1,0,2,2,2,,0,4,0
16037,2,1,1,1,2,0,1,1,0,2,2,3,1,1,5,1
16038,2,1,1,1,2,0,1,1,0,3,1,1,,0,5,0
16039,2,1,1,1,2,0,1,1,0,3,1,2,1,1,5,1
16040,2,1,1,1,2,0,1,1,0,3,1,3,1,1,4,1
16041,2,1,1,1,2,0,1,1,0,3,2,1,,0,5,0
16042,2,1,1,1,2,0,1,1,0,3,2,2,,0,4,0
16043,2,1,1,1,2,0,1,1,0,3,2,3,1,1,5,1
16044,2,1,1,1,2,0,1,1,0,4,1,1,,0,5,0
16045,2,1,1,1,2,0,1,1,0,4,1,2,1,1,5,1
16046,2,1,1,1,2,0,1,1,0,4,1,3,1,1,4,1
16047,2,1,1,1,2,0,1,1,0,4,2,1,,0,5,0
16048,2,1,1,1,2,0,1,1,0,4,2,2,,0,4,0
16049,2,1,1,1,2,0,1,1,0,4,2,3,1,1,5,1
16050,2,1,1,1,2,0,1,1,1,0,1,1,0,1,4,1
16051,2,1,1,1,2,0,1,1,1,0,1,2,0,1,3,1
16052,2,1,1,1,2,0,1,1,1,0,1,3,0,1,3,1
16053,2,1,1,1,2,0,1,1,1,0,2,1,0,1,4,1
16054,2,1,1,1,2,0,1,1,1,0,2,2,0,1,3,1
16055,2,1,1,1,2,0,1,1,1,0,2,3,0,1,3,1
16056,2,1,1,1,2,0,1,1,1,1,1,1,0,1,5,1
16057,2,1,1,1,2,0,1,1,1,1,1,2,0,1,5,1
16058,2,1,1,1,2,0,1,1,1,1,1,3,0,1,4,1
16059,2,1,1,1,2,0,1,1,1,1,2,1,0,1,5,1
16060,2,1,1,1,2,0,1,1,1,1,2,2,0,1,4,1
16061,2,1,1,1,2,0,1,1,1,1,2,3,0,1,5,1
16062,2,1,1,1,2,0,1,1,1,2,1,1,0,1,5,1
16063,2,1,1,1,2,0,1,1,1,2,1,2,0,1,5,1
16064,2,1,1,1,2,0,1,1,1,2,1,3,0,1,4,1
16065,2,1,1,1,2,0,1,1,1,2,2,1,0,1,5,1
16066,2,1,1,1,2,0,1,1,1,2,2,2,0,1,4,1
16067,2,1,1,1,2,0,1,1,1,2,2,3,0,1,5,1
16068,2,1,1,1,2,0,1,1,1,3,1,1,0,1,5,1
16069,2,1,1,1,2,0,1,1,1,3,1,2,0,1,5,1
16070,2,1,1,1,2,0,1,1,1,3,1,3,0,1,4,1
16071,2,1,1,1,2,0,1,1,1,3,2,1,0,1,5,1
16072,2,1,1,1,2,0,1,1,1,3,2,2,0,1,4,1
16073,2,1,1,1,2,0,1,1,1,3,2,3,0,1,5,1
16074,2,1,1,1,2,0,1,1,1,4,1,1,0,1,5,1
16075,2,1,1,1,2,0,1,1,1,4,1,2,0,1,5,1
16076,2,1,1,1,2,0,1,1,1,4,1,3,0,1,4,1
16077,2,1,1,1,2,0,1,1,1,4,2,1,0,1,5,1
16078,2,1,1,1,2,0,1,1,1,4,2,2,0,1,4,1
16079,2,1,1,1,2,0,1,1,1,4,2,3,0,1,5,1
16080,2,1,1,1,2,1,0,0,0,0,1,1,,0,4,0
16081,2,1,1,1,2,1,0,0,0,0,1,2,,0,3,0
16082,2,1,1,1,2,1,0,0,0,0,1,3,,0,3,0
16083,2,1,1,1,2,1,0,0,0,0,2,1,,0,4,0
16084,2,1,1,1,2,1,0,0,0,0,2,2,,0,3,0
16085,2,1,1,1,2,1,0,0,0,0,2,3,,0,3,0
16086,2,1,1,1,2,1,0,0,0,1,1,1,,0,5,0
16087,2,1,1,1,2,1,0,0,0,1,1,2,1,1,4,1
16088,2,1,1,1,2,1,0,0,0,1,1,3,1,1,4,1
16089,2,1,1,1,2,1,0,0,0,1,2,1,,0,5,0
16090,2,1,1,1,2,1,0,0,0,1,2,2,1,1,4,1
16091,2,1,1,1,2,1,0,0,0,1,2,3,1,1,4,1
16092,2,1,1,1,2,1,0,0,0,2,1,1,,0,5,0
16093,2,1,1,1,2,1,0,0,0,2,1,2,1,1,4,1
16094,2,1,1,1,2,1,0,0,0,2,1,3,1,1,4,1
16095,2,1,1,1,2,1,0,0,0,2,2,1,,0,5,0
16096,2,1,1,1,2,1,0,0,0,2,2,2,1,1,4,1
16097,2,1,1,1,2,1,0,0,0,2,2,3,1,1,4,1
16098,2,1,1,1,2,1,0,0,0,3,1,1,,0,5,0
16099,2,1,1,1,2,1,0,0,0,3,1,2,1,1,4,1
16100,2,1,1,1,2,1,0,0,0,3,1,3,1,1,4,1
16101,2,1,1,1,2,1,0,0,0,3,2,1,,0,5,0
16102,2,1,1,1,2,1,0,0,0,3,2,2,1,1,4,1
16103,2,1,1,1,2,1,0,0,0,3,2,3,1,1,4,1
16104,2,1,1,1,2,1,0,0,0,4,1,1,,0,5,0
16105,2,1,1,1,2,1,0,0,0,4,1,2,1,1,4,1
16106,2,1,1,1,2,1,0,0,0,4,1,3,1,1,4,1
16107,2,1,1,1,2,1,0,0,0,4,2,1,,0,5,0
16108,2,1,1,1,2,1,0,0,0,4,2,2,1,1,4,1
16109,2,1,1,1,2,1,0,0,0,4,2,3,1,1,4,1
16110,2,1,1,1,2,1,0,0,1,0,1,1,0,1,4,1
16111,2,1,1,1,2,1,0,0,1,0,1,2,0,1,3,1
16112,2,1,1,1,2,1,0,0,1,0,1,3,0,1,3,1
16113,2,1,1,1,2,1,0,0,1,0,2,1,0,1,4,1
16114,2,1,1,1,2,1,0,0,1,0,2,2,0,1,3,1
16115,2,1,1,1,2,1,0,0,1,0,2,3,0,1,3,1
16116,2,1,1,1,2,1,0,0,1,1,1,1,0,1,5,1
16117,2,1,1,1,2,1,0,0,1,1,1,2,0,1,4,1
16118,2,1,1,1,2,1,0,0,1,1,1,3,0,1,4,1
16119,2,1,1,1,2,1,0,0,1,1,2,1,0,1,5,1
16120,2,1,1,1,2,1,0,0,1,1,2,2,0,1,4,1
16121,2,1,1,1,2,1,0,0,1,1,2,3,0,1,4,1
16122,2,1,1,1,2,1,0,0,1,2,1,1,0,1,5,1
16123,2,1,1,1,2,1,0,0,1,2,1,2,0,1,4,1
16124,2,1,1,1,2,1,0,0,1,2,1,3,0,1,4,1
16125,2,1,1,1,2,1,0,0,1,2,2,1,0,1,5,1
16126,2,1,1,1,2,1,0,0,1,2,2,2,0,1,4,1
16127,2,1,1,1,2,1,0,0,1,2,2,3,0,1,4,1
16128,2,1,1,1,2,1,0,0,1,3,1,1,0,1,5,1
16129,2,1,1,1,2,1,0,0,1,3,1,2,0,1,4,1
16130,2,1,1,1,2,1,0,0,1,3,1,3,0,1,4,1
16131,2,1,1,1,2,1,0,0,1,3,2,1,0,1,5,1
16132,2,1,1,1,2,1,0,0,1,3,2,2,0,1,4,1
16133,2,1,1,1,2,1,0,0,1,3,2,3,0,1,4,1
16134,2,1,1,1,2,1,0,0,1,4,1,1,0,1,5,1
16135,2,1,1,1,2,1,0,0,1,4,1,2,0,1,4,1
16136,2,1,1,1,2,1,0,0,1,4,1,3,0,1,4,1
16137,2,1,1,1,2,1,0,0,1,4,2,1,0,1,5,1
16138,2,1,1,1,2,1,0,0,1,4,2,2,0,1,4,1
16139,2,1,1,1,2,1,0,0,1,4,2,3,0,1,4,1
16140,2,1,1,1,2,1,0,1,0,0,1,1,,0,4,0
16141,2,1,1,1,2,1,0,1,0,0,1,2,,0,3,0
16142,2,1,1,1,2,1,0,1,0,0,1,3,,0,3,0
16143,2,1,1,1,2,1,0,1,0,0,2,1,,0,4,0
16144,2,1,1,1,2,1,0,1,0,0,2,2,,0,3,0
16145,2,1,1,1,2,1,0,1,0,0,2,3,,0,3,0
16146,2,1,1,1,2,1,0,1,0,1,1,1,1,1,5,1
16147,2,1,1,1,2,1,0,1,0,1,1,2,1,1,4,1
16148,2,1,1,1,2,1,0,1,0,1,1,3,1,1,4,1
16149,2,1,1,1,2,1,0,1,0,1,2,1,1,1,5,1
16150,2,1,1,1,2,1,0,1,0,1,2,2,1,1,4,1
16151,2,1,1,1,2,1,0,1,0,1,2,3,1,1,4,1
16152,2,1,1,1,2,1,0,1,0,2,1,1,1,1,5,1
16153,2,1,1,1,2,1,0,1,0,2,1,2,1,1,4,1
16154,2,1,1,1,2,1,0,1,0,2,1,3,1,1,4,1
16155,2,1,1,1,2,1,0,1,0,2,2,1,1,1,5,1
16156,2,1,1,1,2,1,0,1,0,2,2,2,1,1,4,1
16157,2,1,1,1,2,1,0,1,0,2,2,3,1,1,4,1
16158,2,1,1,1,2,1,0,1,0,3,1,1,1,1,5,1
16159,2,1,1,1,2,1,0,1,0,3,1,2,1,1,4,1
16160,2,1,1,1,2,1,0,1,0,3,1,3,1,1,4,1
16161,2,1,1,1,2,1,0,1,0,3,2,1,1,1,5,1
16162,2,1,1,1,2,1,0,1,0,3,2,2,1,1,4,1
16163,2,1,1,1,2,1,0,1,0,3,2,3,1,1,4,1
16164,2,1,1,1,2,1,0,1,0,4,1,1,1,1,5,1
16165,2,1,1,1,2,1,0,1,0,4,1,2,1,1,4,1
16166,2,1,1,1,2,1,0,1,0,4,1,3,1,1,4,1
16167,2,1,1,1,2,1,0,1,0,4,2,1,1,1,5,1
16168,2,1,1,1,2,1,0,1,0,4,2,2,1,1,4,1
16169,2,1,1,1,2,1,0,1,0,4,2,3,1,1,4,1
16170,2,1,1,1,2,1,0,1,1,0,1,1,0,1,4,1
16171,2,1,1,1,2,1,0,1,1,0,1,2,0,1,3,1
16172,2,1,1,1,2,1,0,1,1,0,1,3,0,1,3,1
16173,2,1,1,1,2,1,0,1,1,0,2,1,0,1,4,1
16174,2,1,1,1,2,1,0,1,1,0,2,2,0,1,3,1
16175,2,1,1,1,2,1,0,1,1,0,2,3,0,1,3,1
16176,2,1,1,1,2,1,0,1,1,1,1,1,0,1,5,1
16177,2,1,1,1,2,1,0,1,1,1,1,2,0,1,4,1
16178,2,1,1,1,2,1,0,1,1,1,1,3,0,1,4,1
16179,2,1,1,1,2,1,0,1,1,1,2,1,0,1,5,1
16180,2,1,1,1,2,1,0,1,1,1,2,2,0,1,4,1
16181,2,1,1,1,2,1,0,1,1,1,2,3,0,1,4,1
16182,2,1,1,1,2,1,0,1,1,2,1,1,0,1,5,1
16183,2,1,1,1,2,1,0,1,1,2,1,2,0,1,4,1
16184,2,1,1,1,2,1,0,1,1,2,1,3,0,1,4,1
16185,2,1,1,1,2,1,0,1,1,2,2,1,0,1,5,1
16186,2,1,1,1,2,1,0,1,1,2,2,2,0,1,4,1
16187,2,1,1,1,2,1,0,1,1,2,2,3,0,1,4,1
16188,2,1,1,1,2,1,0,1,1,3,1,1,0,1,5,1
16189,2,1,1,1,2,1,0,1,1,3,1,2,0,1,4,1
16190,2,1,1,1,2,1,0,1,1,3,1,3,0,1,4,1
16191,2,1,1,1,2,1,0,1,1,3,2,1,0,1,5,1
16192,2,1,1,1,2,1,0,1,1,3,2,2,0,1,4,1
16193,2,1,1,1,2,1,0,1,1,3,2,3,0,1,4,1
16194,2,1,1,1,2,1,0,1,1,4,1,1,0,1,5,1
16195,2,1,1,1,2,1,0,1,1,4,1,2,0,1,4,1
16196,2,1,1,1,2,1,0,1,1,4,1,3,0,1,4,1
16197,2,1,1,1,2,1,0,1,1,4,2,1,0,1,5,1
16198,2,1,1,1,2,1,0,1,1,4,2,2,0,1,4,1
16199,2,1,1,1,2,1,0,1,1,4,2,3,0,1,4,1
16200,2,1,1,1,2,1,1,0,0,0,1,1,,0,4,0
16201,2,1,1,1,2,1,1,0,0,0,1,2,,0,3,0
16202,2,1,1,1,2,1,1,0,0,0,1,3,,0,3,0
16203,2,1,1,1,2,1,1,0,0,0,2,1,,0,4,0
16204,2,1,1,1,2,1,1,0,0,0,2,2,,0,3,0
16205,2,1,1,1,2,1,1,0,0,0,2,3,,0,3,0
16206,2,1,1,1,2,1,1,0,0,1,1,1,,0,5,0
16207,2,1,1,1,2,1,1,0,0,1,1,2,,0,6,0
16208,2,1,1,1,2,1,1,0,0,1,1,3,1,1,5,1
16209,2,1,1,1,2,1,1,0,0,1,2,1,,0,5,0
16210,2,1,1,1,2,1,1,0,0,1,2,2,,0,4,0
16211,2,1,1,1,2,1,1,0,0,1,2,3,,0,6,0
16212,2,1,1,1,2,1,1,0,0,2,1,1,,0,5,0
16213,2,1,1,1,2,1,1,0,0,2,1,2,,0,6,0
16214,2,1,1,1,2,1,1,0,0,2,1,3,1,1,5,1
16215,2,1,1,1,2,1,1,0,0,2,2,1,,0,5,0
16216,2,1,1,1,2,1,1,0,0,2,2,2,,0,4,0
16217,2,1,1,1,2,1,1,0,0,2,2,3,,0,6,0
16218,2,1,1,1,2,1,1,0,0,3,1,1,,0,5,0
16219,2,1,1,1,2,1,1,0,0,3,1,2,,0,6,0
16220,2,1,1,1,2,1,1,0,0,3,1,3,1,1,5,1
16221,2,1,1,1,2,1,1,0,0,3,2,1,,0,5,0
16222,2,1,1,1,2,1,1,0,0,3,2,2,,0,4,0
16223,2,1,1,1,2,1,1,0,0,3,2,3,,0,6,0
16224,2,1,1,1,2,1,1,0,0,4,1,1,,0,5,0
16225,2,1,1,1,2,1,1,0,0,4,1,2,,0,6,0
16226,2,1,1,1,2,1,1,0,0,4,1,3,1,1,5,1
16227,2,1,1,1,2,1,1,0,0,4,2,1,,0,5,0
16228,2,1,1,1,2,1,1,0,0,4,2,2,,0,4,0
16229,2,1,1,1,2,1,1,0,0,4,2,3,,0,6,0
16230,2,1,1,1,2,1,1,0,1,0,1,1,0,1,4,1
16231,2,1,1,1,2,1,1,0,1,0,1,2,0,1,3,1
16232,2,1,1,1,2,1,1,0,1,0,1,3,0,1,3,1
16233,2,1,1,1,2,1,1,0,1,0,2,1,0,1,4,1
16234,2,1,1,1,2,1,1,0,1,0,2,2,0,1,3,1
16235,2,1,1,1,2,1,1,0,1,0,2,3,0,1,3,1
16236,2,1,1,1,2,1,1,0,1,1,1,1,0,1,6,1
16237,2,1,1,1,2,1,1,0,1,1,1,2,0,1,6,1
16238,2,1,1,1,2,1,1,0,1,1,1,3,0,1,5,1
16239,2,1,1,1,2,1,1,0,1,1,2,1,0,1,6,1
16240,2,1,1,1,2,1,1,0,1,1,2,2,0,1,5,1
16241,2,1,1,1,2,1,1,0,1,1,2,3,0,1,6,1
16242,2,1,1,1,2,1,1,0,1,2,1,1,0,1,6,1
16243,2,1,1,1,2,1,1,0,1,2,1,2,0,1,6,1
16244,2,1,1,1,2,1,1,0,1,2,1,3,0,1,5,1
16245,2,1,1,1,2,1,1,0,1,2,2,1,0,1,6,1
16246,2,1,1,1,2,1,1,0,1,2,2,2,0,1,5,1
16247,2,1,1,1,2,1,1,0,1,2,2,3,0,1,6,1
16248,2,1,1,1,2,1,1,0,1,3,1,1,0,1,6,1
16249,2,1,1,1,2,1,1,0,1,3,1,2,0,1,6,1
16250,2,1,1,1,2,1,1,0,1,3,1,3,0,1,5,1
16251,2,1,1,1,2,1,1,0,1,3,2,1,0,1,6,1
16252,2,1,1,1,2,1,1,0,1,3,2,2,0,1,5,1
16253,2,1,1,1,2,1,1,0,1,3,2,3,0,1,6,1
16254,2,1,1,1,2,1,1,0,1,4,1,1,0,1,6,1
16255,2,1,1,1,2,1,1,0,1,4,1,2,0,1,6,1
16256,2,1,1,1,2,1,1,0,1,4,1,3,0,1,5,1
16257,2,1,1,1,2,1,1,0,1,4,2,1,0,1,6,1
16258,2,1,1,1,2,1,1,0,1,4,2,2,0,1,5,1
16259,2,1,1,1,2,1,1,0,1,4,2,3,0,1,6,1
16260,2,1,1,1,2,1,1,1,0,0,1,1,,0,4,0
16261,2,1,1,1,2,1,1,1,0,0,1,2,,0,3,0
16262,2,1,1,1,2,1,1,1,0,0,1,3,,0,3,0
16263,2,1,1,1,2,1,1,1,0,0,2,1,,0,4,0
16264,2,1,1,1,2,1,1,1,0,0,2,2,,0,3,0
16265,2,1,1,1,2,1,1,1,0,0,2,3,,0,3,0
16266,2,1,1,1,2,1,1,1,0,1,1,1,,0,5,0
16267,2,1,1,1,2,1,1,1,0,1,1,2,1,1,7,1
16268,2,1,1,1,2,1,1,1,0,1,1,3,1,1,6,1
16269,2,1,1,1,2,1,1,1,0,1,2,1,,0,5,0
16270,2,1,1,1,2,1,1,1,0,1,2,2,,0,4,0
16271,2,1,1,1,2,1,1,1,0,1,2,3,1,1,7,1
16272,2,1,1,1,2,1,1,1,0,2,1,1,,0,5,0
16273,2,1,1,1,2,1,1,1,0,2,1,2,1,1,7,1
16274,2,1,1,1,2,1,1,1,0,2,1,3,1,1,6,1
16275,2,1,1,1,2,1,1,1,0,2,2,1,,0,5,0
16276,2,1,1,1,2,1,1,1,0,2,2,2,,0,4,0
16277,2,1,1,1,2,1,1,1,0,2,2,3,1,1,7,1
16278,2,1,1,1,2,1,1,1,0,3,1,1,,0,5,0
16279,2,1,1,1,2,1,1,1,0,3,1,2,1,1,7,1
16280,2,1,1,1,2,1,1,1,0,3,1,3,1,1,6,1
16281,2,1,1,1,2,1,1,1,0,3,2,1,,0,5,0
16282,2,1,1,1,2,1,1,1,0,3,2,2,,0,4,0
16283,2,1,1,1,2,1,1,1,0,3,2,3,1,1,7,1
16284,2,1,1,1,2,1,1,1,0,4,1,1,,0,5,0
16285,2,1,1,1,2,1,1,1,0,4,1,2,1,1,7,1
16286,2,1,1,1,2,1,1,1,0,4,1,3,1,1,6,1
16287,2,1,1,1,2,1,1,1,0,4,2,1,,0,5,0
16288,2,1,1,1,2,1,1,1,0,4,2,2,,0,4,0
16289,2,1,1,1,2,1,1,1,0,4,2,3,1,1,7,1
16290,2,1,1,1,2,1,1,1,1,0,1,1,0,1,4,1
16291,2,1,1,1,2,1,1,1,1,0,1,2,0,1,3,1
16292,2,1,1,1,2,1,1,1,1,0,1,3,0,1,3,1
16293,2,1,1,1,2,1,1,1,1,0,2,1,0,1,4,1
16294,2,1,1,1,2,1,1,1,1,0,2,2,0,1,3,1
16295,2,1,1,1,2,1,1,1,1,0,2,3,0,1,3,1
16296,2,1,1,1,2,1,1,1,1,1,1,1,0,1,7,1
16297,2,1,1,1,2,1,1,1,1,1,1,2,0,1,7,1
16298,2,1,1,1,2,1,1,1,1,1,1,3,0,1,6,1
16299,2,1,1,1,2,1,1,1,1,1,2,1,0,1,7,1
16300,2,1,1,1,2,1,1,1,1,1,2,2,0,1,6,1
16301,2,1,1,1,2,1,1,1,1,1,2,3,0,1,7,1
16302,2,1,1,1,2,1,1,1,1,2,1,1,0,1,7,1
16303,2,1,1,1,2,1,1,1,1,2,1,2,0,1,7,1
16304,2,1,1,1,2,1,1,1,1,2,1,3,0,1,6,1
16305,2,1,1,1,2,1,1,1,1,2,2,1,0,1,7,1
16306,2,1,1,1,2,1,1,1,1,2,2,2,0,1,6,1
16307,2,1,1,1,2,1,1,1,1,2,2,3,0,1,7,1
16308,2,1,1,1,2,1,1,1,1,3,1,1,0,1,7,1
16309,2,1,1,1,2,1,1,1,1,3,1,2,0,1,7,1
16310,2,1,1,1,2,1,1,1,1,3,1,3,0,1,6,1
16311,2,1,1,1,2,1,1,1,1,3,2,1,0,1,7,1
16312,2,1,1,1,2,1,1,1,1,3,2,2,0,1,6,1
16313,2,1,1,1,2,1,1,1,1,3,2,3,0,1,7,1
16314,2,1,1,1,2,1,1,1,1,4,1,1,0,1,7,1
16315,2,1,1,1,2,1,1,1,1,4,1,2,0,1,7,1
16316,2,1,1,1,2,1,1,1,1,4,1,3,0,1,6,1
16317,2,1,1,1,2,1,1,1,1,4,2,1,0,1,7,1
16318,2,1,1,1,2,1,1,1,1,4,2,2,0,1,6,1
16319,2,1,1,1,2,1,1,1,1,4,2,3,0,1,7,1
16320,2,1,1,2,1,0,0,0,0,0,1,1,,0,4,0
16321,2,1,1,2,1,0,0,0,0,0,1,2,,0,3,0
16322,2,1,1,2,1,0,0,0,0,0,1,3,,0,3,0
16323,2,1,1,2,1,0,0,0,0,0,2,1,,0,4,0
16324,2,1,1,2,1,0,0,0,0,0,2,2,,0,3,0
16325,2,1,1,2,1,0,0,0,0,0,2,3,,0,3,0
16326,2,1,1,2,1,0,0,0,0,1,1,1,1,1,4,1
16327,2,1,1,2,1,0,0,0,0,1,1,2,1,1,3,1
16328,2,1,1,2,1,0,0,0,0,1,1,3,1,1,3,1
16329,2,1,1,2,1,0,0,0,0,1,2,1,1,1,4,1
16330,2,1,1,2,1,0,0,0,0,1,2,2,1,1,3,1
16331,2,1,1,2,1,0,0,0,0,1,2,3,1,1,3,1
16332,2,1,1,2,1,0,0,0,0,2,1,1,1,1,4,1
16333,2,1,1,2,1,0,0,0,0,2,1,2,1,1,3,1
16334,2,1,1,2,1,0,0,0,0,2,1,3,1,1,3,1
16335,2,1,1,2,1,0,0,0,0,2,2,1,1,1,4,1
16336,2,1,1,2,1,0,0,0,0,2,2,2,1,1,3,1
16337,2,1,1,2,1,0,0,0,0,2,2,3,1,1,3,1
16338,2,1,1,2,1,0,0,0,0,3,1,1,1,1,4,1
16339,2,1,1,2,1,0,0,0,0,3,1,2,1,1,3,1
16340,2,1,1,2,1,0,0,0,0,3,1,3,1,1,3,1
16341,2,1,1,2,1,0,0,0,0,3,2,1,1,1,4,1
16342,2,1,1,2,1,0,0,0,0,3,2,2,1,1,3,1
16343,2,1,1,2,1,0,0,0,0,3,2,3,1,1,3,1
16344,2,1,1,2,1,0,0,0,0,4,1,1,1,1,4,1
16345,2,1,1,2,1,0,0,0,0,4,1,2,1,1,3,1
16346,2,1,1,2,1,0,0,0,0,4,1,3,1,1,3,1
16347,2,1,1,2,1,0,0,0,0,4,2,1,1,1,4,1
16348,2,1,1,2,1,0,0,0,0,4,2,2,1,1,3,1
16349,2,1,1,2,1,0,0,0,0,4,2,3,1,1,3,1
16350,2,1,1,2,1,0,0,0,1,0,1,1,0,1,4,1
16351,2,1,1,2,1,0,0,0,1,0,1,2,0,1,3,1
16352,2,1,1,2,1,0,0,0,1,0,1,3,0,1,3,1
16353,2,1,1,2,1,0,0,0,1,0,2,1,0,1,4,1
16354,2,1,1,2,1,0,0,0,1,0,2,2,0,1,3,1
16355,2,1,1,2,1,0,0,0,1,0,2,3,0,1,3,1
16356,2,1,1,2,1,0,0,0,1,1,1,1,0,1,4,1
16357,2,1,1,2,1,0,0,0,1,1,1,2,0,1,3,1
16358,2,1,1,2,1,0,0,0,1,1,1,3,0,1,3,1
16359,2,1,1,2,1,0,0,0,1,1,2,1,0,1,4,1
16360,2,1,1,2,1,0,0,0,1,1,2,2,0,1,3,1
16361,2,1,1,2,1,0,0,0,1,1,2,3,0,1,3,1
16362,2,1,1,2,1,0,0,0,1,2,1,1,0,1,4,1
16363,2,1,1,2,1,0,0,0,1,2,1,2,0,1,3,1
16364,2,1,1,2,1,0,0,0,1,2,1,3,0,1,3,1
16365,2,1,1,2,1,0,0,0,1,2,2,1,0,1,4,1
16366,2,1,1,2,1,0,0,0,1,2,2,2,0,1,3,1
16367,2,1,1,2,1,0,0,0,1,2,2,3,0,1,3,1
16368,2,1,1,2,1,0,0,0,1,3,1,1,0,1,4,1
16369,2,1,1,2,1,0,0,0,1,3,1,2,0,1,3,1
16370,2,1,1,2,1,0,0,0,1,3,1,3,0,1,3,1
16371,2,1,1,2,1,0,0,0,1,3,2,1,0,1,4,1
16372,2,1,1,2,1,0,0,0,1,3,2,2,0,1,3,1
16373,2,1,1,2,1,0,0,0,1,3,2,3,0,1,3,1
16374,2,1,1,2,1,0,0,0,1,4,1,1,0,1,4,1
16375,2,1,1,2,1,0,0,0,1,4,1,2,0,1,3,1
16376,2,1,1,2,1,0,0,0,1,4,1,3,0,1,3,1
16377,2,1,1,2,1,0,0,0,1,4,2,1,0,1,4,1
16378,2,1,1,2,1,0,0,0,1,4,2,2,0,1,3,1
16379,2,1,1,2,1,0,0,0,1,4,2,3,0,1,3,1
16380,2,1,1,2,1,0,0,1,0,0,1,1,,0,4,0
16381,2,1,1,2,1,0,0,1,0,0,1,2,,0,3,0
16382,2,1,1,2,1,0,0,1,0,0,1,3,,0,3,0
16383,2,1,1,2,1,0,0,1,0,0,2,1,,0,4,0
16384,2,1,1,2,1,0,0,1,0,0,2,2,,0,3,0
16385,2,1,1,2,1,0,0,1,0,0,2,3,,0,3,0
16386,2,1,1,2,1,0,0,1,0,1,1,1,1,1,4,1
16387,2,1,1,2,1,0,0,1,0,1,1,2,1,1,3,1
16388,2,1,1,2,1,0,0,1,0,1,1,3,1,1,3,1
16389,2,1,1,2,1,0,0,1,0,1,2,1,1,1,4,1
16390,2,1,1,2,1,0,0,1,0,1,2,2,1,1,3,1
16391,2,1,1,2,1,0,0,1,0,1,2,3,1,1,3,1
16392,2,1,1,2,1,0,0,1,0,2,1,1,1,1,4,1
16393,2,1,1,2,1,0,0,1,0,2,1,2,1,1,3,1
16394,2,1,1,2,1,0,0,1,0,2,1,3,1,1,3,1
16395,2,1,1,2,1,0,0,1,0,2,2,1,1,1,4,1
16396,2,1,1,2,1,0,0,1,0,2,2,2,1,1,3,1
16397,2,1,1,2,1,0,0,1,0,2,2,3,1,1,3,1
16398,2,1,1,2,1,0,0,1,0,3,1,1,1,1,4,1
16399,2,1,1,2,1,0,0,1,0,3,1,2,1,1,3,1
16400,2,1,1,2,1,0,0,1,0,3,1,3,1,1,3,1
16401,2,1,1,2,1,0,0,1,0,3,2,1,1,1,4,1
16402,2,1,1,2,1,0,0,1,0,3,2,2,1,1,3,1
16403,2,1,1,2,1,0,0,1,0,3,2,3,1,1,3,1
16404,2,1,1,2,1,0,0,1,0,4,1,1,1,1,4,1
16405,2,1,1,2,1,0,0,1,0,4,1,2,1,1,3,1
16406,2,1,1,2,1,0,0,1,0,4,1,3,1,1,3,1
16407,2,1,1,2,1,0,0,1,0,4,2,1,1,1,4,1
16408,2,1,1,2,1,0,0,1,0,4,2,2,1,1,3,1
16409,2,1,1,2,1,0,0,1,0,4,2,3,1,1,3,1
16410,2,1,1,2,1,0,0,1,1,0,1,1,0,1,4,1
16411,2,1,1,2,1,0,0,1,1,0,1,2,0,1,3,1
16412,2,1,1,2,1,0,0,1,1,0,1,3,0,1,3,1
16413,2,1,1,2,1,0,0,1,1,0,2,1,0,1,4,1
16414,2,1,1,2,1,0,0,1,1,0,2,2,0,1,3,1
16415,2,1,1,2,1,0,0,1,1,0,2,3,0,1,3,1
16416,2,1,1,2,1,0,0,1,1,1,1,1,0,1,4,1
16417,2,1,1,2,1,0,0,1,1,1,1,2,0,1,3,1
16418,2,1,1,2,1,0,0,1,1,1,1,3,0,1,3,1
16419,2,1,1,2,1,0,0,1,1,1,2,1,0,1,4,1
16420,2,1,1,2,1,0,0,1,1,1,2,2,0,1,3,1
16421,2,1,1,2,1,0,0,1,1,1,2,3,0,1,3,1
16422,2,1,1,2,1,0,0,1,1,2,1,1,0,1,4,1
16423,2,1,1,2,1,0,0,1,1,2,1,2,0,1,3,1
16424,2,1,1,2,1,0,0,1,1,2,1,3,0,1,3,1
16425,2,1,1,2,1,0,0,1,1,2,2,1,0,1,4,1
16426,2,1,1,2,1,0,0,1,1,2,2,2,0,1,3,1
16427,2,1,1,2,1,0,0,1,1,2,2,3,0,1,3,1
16428,2,1,1,2,1,0,0,1,1,3,1,1,0,1,4,1
16429,2,1,1,2,1,0,0,1,1,3,1,2,0,1,3,1
16430,2,1,1,2,1,0,0,1,1,3,1,3,0,1,3,1
16431,2,1,1,2,1,0,0,1,1,3,2,1,0,1,4,1
16432,2,1,1,2,1,0,0,1,1,3,2,2,0,1,3,1
16433,2,1,1,2,1,0,0,1,1,3,2,3,0,1,3,1
16434,2,1,1,2,1,0,0,1,1,4,1,1,0,1,4,1
16435,2,1,1,2,1,0,0,1,1,4,1,2,0,1,3,1
16436,2,1,1,2,1,0,0,1,1,4,1,3,0,1,3,1
16437,2,1,1,2,1,0,0,1,1,4,2,1,0,1,4,1
16438,2,1,1,2,1,0,0,1,1,4,2,2,0,1,3,1
16439,2,1,1,2,1,0,0,1,1,4,2,3,0,1,3,1
16440,2,1,1,2,1,0,1,0,0,0,1,1,,0,4,0
16441,2,1,1,2,1,0,1,0,0,0,1,2,,0,3,0
16442,2,1,1,2,1,0,1,0,0,0,1,3,,0,3,0
16443,2,1,1,2,1,0,1,0,0,0,2,1,,0,4,0
16444,2,1,1,2,1,0,1,0,0,0,2,2,,0,3,0
16445,2,1,1,2,1,0,1,0,0,0,2,3,,0,3,0
16446,2,1,1,2,1,0,1,0,0,1,1,1,,0,5,0
16447,2,1,1,2,1,0,1,0,0,1,1,2,1,1,5,1
16448,2,1,1,2,1,0,1,0,0,1,1,3,1,1,4,1
16449,2,1,1,2,1,0,1,0,0,1,2,1,,0,5,0
16450,2,1,1,2,1,0,1,0,0,1,2,2,,0,4,0
16451,2,1,1,2,1,0,1,0,0,1,2,3,1,1,5,1
16452,2,1,1,2,1,0,1,0,0,2,1,1,,0,5,0
16453,2,1,1,2,1,0,1,0,0,2,1,2,1,1,5,1
16454,2,1,1,2,1,0,1,0,0,2,1,3,1,1,4,1
16455,2,1,1,2,1,0,1,0,0,2,2,1,,0,5,0
16456,2,1,1,2,1,0,1,0,0,2,2,2,,0,4,0
16457,2,1,1,2,1,0,1,0,0,2,2,3,1,1,5,1
16458,2,1,1,2,1,0,1,0,0,3,1,1,,0,5,0
16459,2,1,1,2,1,0,1,0,0,3,1,2,1,1,5,1
16460,2,1,1,2,1,0,1,0,0,3,1,3,1,1,4,1
16461,2,1,1,2,1,0,1,0,0,3,2,1,,0,5,0
16462,2,1,1,2,1,0,1,0,0,3,2,2,,0,4,0
16463,2,1,1,2,1,0,1,0,0,3,2,3,1,1,5,1
16464,2,1,1,2,1,0,1,0,0,4,1,1,,0,5,0
16465,2,1,1,2,1,0,1,0,0,4,1,2,1,1,5,1
16466,2,1,1,2,1,0,1,0,0,4,1,3,1,1,4,1
16467,2,1,1,2,1,0,1,0,0,4,2,1,,0,5,0
16468,2,1,1,2,1,0,1,0,0,4,2,2,,0,4,0
16469,2,1,1,2,1,0,1,0,0,4,2,3,1,1,5,1
16470,2,1,1,2,1,0,1,0,1,0,1,1,0,1,4,1
16471,2,1,1,2,1,0,1,0,1,0,1,2,0,1,3,1
16472,2,1,1,2,1,0,1,0,1,0,1,3,0,1,3,1
16473,2,1,1,2,1,0,1,0,1,0,2,1,0,1,4,1
16474,2,1,1,2,1,0,1,0,1,0,2,2,0,1,3,1
16475,2,1,1,2,1,0,1,0,1,0,2,3,0,1,3,1
16476,2,1,1,2,1,0,1,0,1,1,1,1,0,1,5,1
16477,2,1,1,2,1,0,1,0,1,1,1,2,0,1,5,1
16478,2,1,1,2,1,0,1,0,1,1,1,3,0,1,4,1
16479,2,1,1,2,1,0,1,0,1,1,2,1,0,1,5,1
16480,2,1,1,2,1,0,1,0,1,1,2,2,0,1,4,1
16481,2,1,1,2,1,0,1,0,1,1,2,3,0,1,5,1
16482,2,1,1,2,1,0,1,0,1,2,1,1,0,1,5,1
16483,2,1,1,2,1,0,1,0,1,2,1,2,0,1,5,1
16484,2,1,1,2,1,0,1,0,1,2,1,3,0,1,4,1
16485,2,1,1,2,1,0,1,0,1,2,2,1,0,1,5,1
16486,2,1,1,2,1,0,1,0,1,2,2,2,0,1,4,1
16487,2,1,1,2,1,0,1,0,1,2,2,3,0,1,5,1
16488,2,1,1,2,1,0,1,0,1,3,1,1,0,1,5,1
16489,2,1,1,2,1,0,1,0,1,3,1,2,0,1,5,1
16490,2,1,1,2,1,0,1,0,1,3,1,3,0,1,4,1
16491,2,1,1,2,1,0,1,0,1,3,2,1,0,1,5,1
16492,2,1,1,2,1,0,1,0,1,3,2,2,0,1,4,1
16493,2,1,1,2,1,0,1,0,1,3,2,3,0,1,5,1
16494,2,1,1,2,1,0,1,0,1,4,1,1,0,1,5,1
16495,2,1,1,2,1,0,1,0,1,4,1,2,0,1,5,1
16496,2,1,1,2,1,0,1,0,1,4,1,3,0,1,4,1
16497,2,1,1,2,1,0,1,0,1,4,2,1,0,1,5,1
16498,2,1,1,2,1,0,1,0,1,4,2,2,0,1,4,1
16499,2,1,1,2,1,0,1,0,1,4,2,3,0,1,5,1
16500,2,1,1,2,1,0,1,1,0,0,1,1,,0,4,0
16501,2,1,1,2,1,0,1,1,0,0,1,2,,0,3,0
16502,2,1,1,2,1,0,1,1,0,0,1,3,,0,3,0
16503,2,1,1,2,1,0,1,1,0,0,2,1,,0,4,0
16504,2,1,1,2,1,0,1,1,0,0,2,2,,0,3,0
16505,2,1,1,2,1,0,1,1,0,0,2,3,,0,3,0
16506,2,1,1,2,1,0,1,1,0,1,1,1,,0,5,0
16507,2,1,1,2,1,0,1,1,0,1,1,2,1,1,5,1
16508,2,1,1,2,1,0,1,1,0,1,1,3,1,1,4,1
16509,2,1,1,2,1,0,1,1,0,1,2,1,,0,5,0
16510,2,1,1,2,1,0,1,1,0,1,2,2,,0,4,0
16511,2,1,1,2,1,0,1,1,0,1,2,3,1,1,5,1
16512,2,1,1,2,1,0,1,1,0,2,1,1,,0,5,0
16513,2,1,1,2,1,0,1,1,0,2,1,2,1,1,5,1
16514,2,1,1,2,1,0,1,1,0,2,1,3,1,1,4,1
16515,2,1,1,2,1,0,1,1,0,2,2,1,,0,5,0
16516,2,1,1,2,1,0,1,1,0,2,2,2,,0,4,0
16517,2,1,1,2,1,0,1,1,0,2,2,3,1,1,5,1
16518,2,1,1,2,1,0,1,1,0,3,1,1,,0,5,0
16519,2,1,1,2,1,0,1,1,0,3,1,2,1,1,5,1
16520,2,1,1,2,1,0,1,1,0,3,1,3,1,1,4,1
16521,2,1,1,2,1,0,1,1,0,3,2,1,,0,5,0
16522,2,1,1,2,1,0,1,1,0,3,2,2,,0,4,0
16523,2,1,1,2,1,0,1,1,0,3,2,3,1,1,5,1
16524,2,1,1,2,1,0,1,1,0,4,1,1,,0,5,0
16525,2,1,1,2,1,0,1,1,0,4,1,2,1,1,5,1
16526,2,1,1,2,1,0,1,1,0,4,1,3,1,1,4,1
16527,2,1,1,2,1,0,1,1,0,4,2,1,,0,5,0
16528,2,1,1,2,1,0,1,1,0,4,2,2,,0,4,0
16529,2,1,1,2,1,0,1,1,0,4,2,3,1,1,5,1
16530,2,1,1,2,1,0,1,1,1,0,1,1,0,1,4,1
16531,2,1,1,2,1,0,1,1,1,0,1,2,0,1,3,1
16532,2,1,1,2,1,0,1,1,1,0,1,3,0,1,3,1
16533,2,1,1,2,1,0,1,1,1,0,2,1,0,1,4,1
16534,2,1,1,2,1,0,1,1,1,0,2,2,0,1,3,1
16535,2,1,1,2,1,0,1,1,1,0,2,3,0,1,3,1
16536,2,1,1,2,1,0,1,1,1,1,1,1,0,1,5,1
16537,2,1,1,2,1,0,1,1,1,1,1,2,0,1,5,1
16538,2,1,1,2,1,0,1,1,1,1,1,3,0,1,4,1
16539,2,1,1,2,1,0,1,1,1,1,2,1,0,1,5,1
16540,2,1,1,2,1,0,1,1,1,1,2,2,0,1,4,1
16541,2,1,1,2,1,0,1,1,1,1,2,3,0,1,5,1
16542,2,1,1,2,1,0,1,1,1,2,1,1,0,1,5,1
16543,2,1,1,2,1,0,1,1,1,2,1,2,0,1,5,1
16544,2,1,1,2,1,0,1,1,1,2,1,3,0,1,4,1
16545,2,1,1,2,1,0,1,1,1,2,2,1,0,1,5,1
16546,2,1,1,2,1,0,1,1,1,2,2,2,0,1,4,1
16547,2,1,1,2,1,0,1,1,1,2,2,3,0,1,5,1
16548,2,1,1,2,1,0,1,1,1,3,1,1,0,1,5,1
16549,2,1,1,2,1,0,1,1,1,3,1,2,0,1,5,1
16550,2,1,1,2,1,0,1,1,1,3,1,3,0,1,4,1
16551,2,1,1,2,1,0,1,1,1,3,2,1,0,1,5,1
16552,2,1,1,2,1,0,1,1,1,3,2,2,0,1,4,1
16553,2,1,1,2,1,0,1,1,1,3,2,3,0,1,5,1
16554,2,1,1,2,1,0,1,1,1,4,1,1,0,1,5,1
16555,2,1,1,2,1,0,1,1,1,4,1,2,0,1,5,1
16556,2,1,1,2,1,0,1,1,1,4,1,3,0,1,4,1
16557,2,1,1,2,1,0,1,1,1,4,2,1,0,1,5,1
16558,2,1,1,2,1,0,1,1,1,4,2,2,0,1,4,1
16559,2,1,1,2,1,0,1,1,1,4,2,3,0,1,5,1
16560,2,1,1,2,1,1,0,0,0,0,1,1,,0,4,0
16561,2,1,1,2,1,1,0,0,0,0,1,2,,0,3,0
16562,2,1,1,2,1,1,0,0,0,0,1,3,,0,3,0
16563,2,1,1,2,1,1,0,0,0,0,2,1,,0,4,0
16564,2,1,1,2,1,1,0,0,0,0,2,2,,0,3,0
16565,2,1,1,2,1,1,0,0,0,0,2,3,,0,3,0
16566,2,1,1,2,1,1,0,0,0,1,1,1,1,1,4,1
16567,2,1,1,2,1,1,0,0,0,1,1,2,1,1,4,1
16568,2,1,1,2,1,1,0,0,0,1,1,3,1,1,4,1
16569,2,1,1,2,1,1,0,0,0,1,2,1,1,1,4,1
16570,2,1,1,2,1,1,0,0,0,1,2,2,1,1,4,1
16571,2,1,1,2,1,1,0,0,0,1,2,3,1,1,4,1
16572,2,1,1,2,1,1,0,0,0,2,1,1,1,1,4,1
16573,2,1,1,2,1,1,0,0,0,2,1,2,1,1,4,1
16574,2,1,1,2,1,1,0,0,0,2,1,3,1,1,4,1
16575,2,1,1,2,1,1,0,0,0,2,2,1,1,1,4,1
16576,2,1,1,2,1,1,0,0,0,2,2,2,1,1,4,1
16577,2,1,1,2,1,1,0,0,0,2,2,3,1,1,4,1
16578,2,1,1,2,1,1,0,0,0,3,1,1,1,1,4,1
16579,2,1,1,2,1,1,0,0,0,3,1,2,1,1,4,1
16580,2,1,1,2,1,1,0,0,0,3,1,3,1,1,4,1
16581,2,1,1,2,1,1,0,0,0,3,2,1,1,1,4,1
16582,2,1,1,2,1,1,0,0,0,3,2,2,1,1,4,1
16583,2,1,1,2,1,1,0,0,0,3,2,3,1,1,4,1
16584,2,1,1,2,1,1,0,0,0,4,1,1,1,1,4,1
16585,2,1,1,2,1,1,0,0,0,4,1,2,1,1,4,1
16586,2,1,1,2,1,1,0,0,0,4,1,3,1,1,4,1
16587,2,1,1,2,1,1,0,0,0,4,2,1,1,1,4,1
16588,2,1,1,2,1,1,0,0,0,4,2,2,1,1,4,1
16589,2,1,1,2,1,1,0,0,0,4,2,3,1,1,4,1
16590,2,1,1,2,1,1,0,0,1,0,1,1,0,1,4,1
16591,2,1,1,2,1,1,0,0,1,0,1,2,0,1,3,1
16592,2,1,1,2,1,1,0,0,1,0,1,3,0,1,3,1
16593,2,1,1,2,1,1,0,0,1,0,2,1,0,1,4,1
16594,2,1,1,2,1,1,0,0,1,0,2,2,0,1,3,1
16595,2,1,1,2,1,1,0,0,1,0,2,3,0,1,3,1
16596,2,1,1,2,1,1,0,0,1,1,1,1,0,1,5,1
16597,2,1,1,2,1,1,0,0,1,1,1,2,0,1,4,1
16598,2,1,1,2,1,1,0,0,1,1,1,3,0,1,4,1
16599,2,1,1,2,1,1,0,0,1,1,2,1,0,1,5,1
16600,2,1,1,2,1,1,0,0,1,1,2,2,0,1,4,1
16601,2,1,1,2,1,1,0,0,1,1,2,3,0,1,4,1
16602,2,1,1,2,1,1,0,0,1,2,1,1,0,1,5,1
16603,2,1,1,2,1,1,0,0,1,2,1,2,0,1,4,1
16604,2,1,1,2,1,1,0,0,1,2,1,3,0,1,4,1
16605,2,1,1,2,1,1,0,0,1,2,2,1,0,1,5,1
16606,2,1,1,2,1,1,0,0,1,2,2,2,0,1,4,1
16607,2,1,1,2,1,1,0,0,1,2,2,3,0,1,4,1
16608,2,1,1,2,1,1,0,0,1,3,1,1,0,1,5,1
16609,2,1,1,2,1,1,0,0,1,3,1,2,0,1,4,1
16610,2,1,1,2,1,1,0,0,1,3,1,3,0,1,4,1
16611,2,1,1,2,1,1,0,0,1,3,2,1,0,1,5,1
16612,2,1,1,2,1,1,0,0,1,3,2,2,0,1,4,1
16613,2,1,1,2,1,1,0,0,1,3,2,3,0,1,4,1
16614,2,1,1,2,1,1,0,0,1,4,1,1,0,1,5,1
16615,2,1,1,2,1,1,0,0,1,4,1,2,0,1,4,1
16616,2,1,1,2,1,1,0,0,1,4,1,3,0,1,4,1
16617,2,1,1,2,1,1,0,0,1,4,2,1,0,1,5,1
16618,2,1,1,2,1,1,0,0,1,4,2,2,0,1,4,1
16619,2,1,1,2,1,1,0,0,1,4,2,3,0,1,4,1
16620,2,1,1,2,1,1,0,1,0,0,1,1,,0,4,0
16621,2,1,1,2,1,1,0,1,0,0,1,2,,0,3,0
16622,2,1,1,2,1,1,0,1,0,0,1,3,,0,3,0
16623,2,1,1,2,1,1,0,1,0,0,2,1,,0,4,0
16624,2,1,1,2,1,1,0,1,0,0,2,2,,0,3,0
16625,2,1,1,2,1,1,0,1,0,0,2,3,,0,3,0
16626,2,1,1,2,1,1,0,1,0,1,1,1,1,1,4,1
16627,2,1,1,2,1,1,0,1,0,1,1,2,1,1,4,1
16628,2,1,1,2,1,1,0,1,0,1,1,3,1,1,4,1
16629,2,1,1,2,1,1,0,1,0,1,2,1,1,1,4,1
16630,2,1,1,2,1,1,0,1,0,1,2,2,1,1,4,1
16631,2,1,1,2,1,1,0,1,0,1,2,3,1,1,4,1
16632,2,1,1,2,1,1,0,1,0,2,1,1,1,1,4,1
16633,2,1,1,2,1,1,0,1,0,2,1,2,1,1,4,1
16634,2,1,1,2,1,1,0,1,0,2,1,3,1,1,4,1
16635,2,1,1,2,1,1,0,1,0,2,2,1,1,1,4,1
16636,2,1,1,2,1,1,0,1,0,2,2,2,1,1,4,1
16637,2,1,1,2,1,1,0,1,0,2,2,3,1,1,4,1
16638,2,1,1,2,1,1,0,1,0,3,1,1,1,1,4,1
16639,2,1,1,2,1,1,0,1,0,3,1,2,1,1,4,1
16640,2,1,1,2,1,1,0,1,0,3,1,3,1,1,4,1
16641,2,1,1,2,1,1,0,1,0,3,2,1,1,1,4,1
16642,2,1,1,2,1,1,0,1,0,3,2,2,1,1,4,1
16643,2,1,1,2,1,1,0,1,0,3,2,3,1,1,4,1
16644,2,1,1,2,1,1,0,1,0,4,1,1,1,1,4,1
16645,2,1,1,2,1,1,0,1,0,4,1,2,1,1,4,1
16646,2,1,1,2,1,1,0,1,0,4,1,3,1,1,4,1
16647,2,1,1,2,1,1,0,1,0,4,2,1,1,1,4,1
16648,2,1,1,2,1,1,0,1,0,4,2,2,1,1,4,1
16649,2,1,1,2,1,1,0,1,0,4,2,3,1,1,4,1
16650,2,1,1,2,1,1,0,1,1,0,1,1,0,1,4,1
16651,2,1,1,2,1,1,0,1,1,0,1,2,0,1,3,1
16652,2,1,1,2,1,1,0,1,1,0,1,3,0,1,3,1
16653,2,1,1,2,1,1,0,1,1,0,2,1,0,1,4,1
16654,2,1,1,2,1,1,0,1,1,0,2,2,0,1,3,1
16655,2,1,1,2,1,1,0,1,1,0,2,3,0,1,3,1
16656,2,1,1,2,1,1,0,1,1,1,1,1,0,1,5,1
16657,2,1,1,2,1,1,0,1,1,1,1,2,0,1,4,1
16658,2,1,1,2,1,1,0,1,1,1,1,3,0,1,4,1
16659,2,1,1,2,1,1,0,1,1,1,2,1,0,1,5,1
16660,2,1,1,2,1,1,0,1,1,1,2,2,0,1,4,1
16661,2,1,1,2,1,1,0,1,1,1,2,3,0,1,4,1
16662,2,1,1,2,1,1,0,1,1,2,1,1,0,1,5,1
16663,2,1,1,2,1,1,0,1,1,2,1,2,0,1,4,1
16664,2,1,1,2,1,1,0,1,1,2,1,3,0,1,4,1
16665,2,1,1,2,1,1,0,1,1,2,2,1,0,1,5,1
16666,2,1,1,2,1,1,0,1,1,2,2,2,0,1,4,1
16667,2,1,1,2,1,1,0,1,1,2,2,3,0,1,4,1
16668,2,1,1,2,1,1,0,1,1,3,1,1,0,1,5,1
16669,2,1,1,2,1,1,0,1,1,3,1,2,0,1,4,1
16670,2,1,1,2,1,1,0,1,1,3,1,3,0,1,4,1
16671,2,1,1,2,1,1,0,1,1,3,2,1,0,1,5,1
16672,2,1,1,2,1,1,0,1,1,3,2,2,0,1,4,1
16673,2,1,1,2,1,1,0,1,1,3,2,3,0,1,4,1
16674,2,1,1,2,1,1,0,1,1,4,1,1,0,1,5,1
16675,2,1,1,2,1,1,0,1,1,4,1,2,0,1,4,1
16676,2,1,1,2,1,1,0,1,1,4,1,3,0,1,4,1
16677,2,1,1,2,1,1,0,1,1,4,2,1,0,1,5,1
16678,2,1,1,2,1,1,0,1,1,4,2,2,0,1,4,1
16679,2,1,1,2,1,1,0,1,1,4,2,3,0,1,4,1
16680,2,1,1,2,1,1,1,0,0,0,1,1,,0,4,0
16681,2,1,1,2,1,1,1,0,0,0,1,2,,0,3,0
16682,2,1,1,2,1,1,1,0,0,0,1,3,,0,3,0
16683,2,1,1,2,1,1,1,0,0,0,2,1,,0,4,0
16684,2,1,1,2,1,1,1,0,0,0,2,2,,0,3,0
16685,2,1,1,2,1,1,1,0,0,0,2,3,,0,3,0
16686,2,1,1,2,1,1,1,0,0,1,1,1,,0,5,0
16687,2,1,1,2,1,1,1,0,0,1,1,2,1,1,5,1
16688,2,1,1,2,1,1,1,0,0,1,1,3,1,1,5,1
16689,2,1,1,2,1,1,1,0,0,1,2,1,,0,5,0
16690,2,1,1,2,1,1,1,0,0,1,2,2,,0,4,0
16691,2,1,1,2,1,1,1,0,0,1,2,3,1,1,5,1
16692,2,1,1,2,1,1,1,0,0,2,1,1,,0,5,0
16693,2,1,1,2,1,1,1,0,0,2,1,2,1,1,5,1
16694,2,1,1,2,1,1,1,0,0,2,1,3,1,1,5,1
16695,2,1,1,2,1,1,1,0,0,2,2,1,,0,5,0
16696,2,1,1,2,1,1,1,0,0,2,2,2,,0,4,0
16697,2,1,1,2,1,1,1,0,0,2,2,3,1,1,5,1
16698,2,1,1,2,1,1,1,0,0,3,1,1,,0,5,0
16699,2,1,1,2,1,1,1,0,0,3,1,2,1,1,5,1
16700,2,1,1,2,1,1,1,0,0,3,1,3,1,1,5,1
16701,2,1,1,2,1,1,1,0,0,3,2,1,,0,5,0
16702,2,1,1,2,1,1,1,0,0,3,2,2,,0,4,0
16703,2,1,1,2,1,1,1,0,0,3,2,3,1,1,5,1
16704,2,1,1,2,1,1,1,0,0,4,1,1,,0,5,0
16705,2,1,1,2,1,1,1,0,0,4,1,2,1,1,5,1
16706,2,1,1,2,1,1,1,0,0,4,1,3,1,1,5,1
16707,2,1,1,2,1,1,1,0,0,4,2,1,,0,5,0
16708,2,1,1,2,1,1,1,0,0,4,2,2,,0,4,0
16709,2,1,1,2,1,1,1,0,0,4,2,3,1,1,5,1
16710,2,1,1,2,1,1,1,0,1,0,1,1,0,1,4,1
16711,2,1,1,2,1,1,1,0,1,0,1,2,0,1,3,1
16712,2,1,1,2,1,1,1,0,1,0,1,3,0,1,3,1
16713,2,1,1,2,1,1,1,0,1,0,2,1,0,1,4,1
16714,2,1,1,2,1,1,1,0,1,0,2,2,0,1,3,1
16715,2,1,1,2,1,1,1,0,1,0,2,3,0,1,3,1
16716,2,1,1,2,1,1,1,0,1,1,1,1,0,1,6,1
16717,2,1,1,2,1,1,1,0,1,1,1,2,0,1,6,1
16718,2,1,1,2,1,1,1,0,1,1,1,3,0,1,5,1
16719,2,1,1,2,1,1,1,0,1,1,2,1,0,1,6,1
16720,2,1,1,2,1,1,1,0,1,1,2,2,0,1,5,1
16721,2,1,1,2,1,1,1,0,1,1,2,3,0,1,6,1
16722,2,1,1,2,1,1,1,0,1,2,1,1,0,1,6,1
16723,2,1,1,2,1,1,1,0,1,2,1,2,0,1,6,1
16724,2,1,1,2,1,1,1,0,1,2,1,3,0,1,5,1
16725,2,1,1,2,1,1,1,0,1,2,2,1,0,1,6,1
16726,2,1,1,2,1,1,1,0,1,2,2,2,0,1,5,1
16727,2,1,1,2,1,1,1,0,1,2,2,3,0,1,6,1
16728,2,1,1,2,1,1,1,0,1,3,1,1,0,1,6,1
16729,2,1,1,2,1,1,1,0,1,3,1,2,0,1,6,1
16730,2,1,1,2,1,1,1,0,1,3,1,3,0,1,5,1
16731,2,1,1,2,1,1,1,0,1,3,2,1,0,1,6,1
16732,2,1,1,2,1,1,1,0,1,3,2,2,0,1,5,1
16733,2,1,1,2,1,1,1,0,1,3,2,3,0,1,6,1
16734,2,1,1,2,1,1,1,0,1,4,1,1,0,1,6,1
16735,2,1,1,2,1,1,1,0,1,4,1,2,0,1,6,1
16736,2,1,1,2,1,1,1,0,1,4,1,3,0,1,5,1
16737,2,1,1,2,1,1,1,0,1,4,2,1,0,1,6,1
16738,2,1,1,2,1,1,1,0,1,4,2,2,0,1,5,1
16739,2,1,1,2,1,1,1,0,1,4,2,3,0,1,6,1
16740,2,1,1,2,1,1,1,1,0,0,1,1,,0,4,0
16741,2,1,1,2,1,1,1,1,0,0,1,2,,0,3,0
16742,2,1,1,2,1,1,1,1,0,0,1,3,,0,3,0
16743,2,1,1,2,1,1,1,1,0,0,2,1,,0,4,0
16744,2,1,1,2,1,1,1,1,0,0,2,2,,0,3,0
16745,2,1,1,2,1,1,1,1,0,0,2,3,,0,3,0
16746,2,1,1,2,1,1,1,1,0,1,1,1,,0,5,0
16747,2,1,1,2,1,1,1,1,0,1,1,2,1,1,5,1
16748,2,1,1,2,1,1,1,1,0,1,1,3,1,1,6,1
16749,2,1,1,2,1,1,1,1,0,1,2,1,,0,5,0
16750,2,1,1,2,1,1,1,1,0,1,2,2,,0,4,0
16751,2,1,1,2,1,1,1,1,0,1,2,3,1,1,5,1
16752,2,1,1,2,1,1,1,1,0,2,1,1,,0,5,0
16753,2,1,1,2,1,1,1,1,0,2,1,2,1,1,5,1
16754,2,1,1,2,1,1,1,1,0,2,1,3,1,1,6,1
16755,2,1,1,2,1,1,1,1,0,2,2,1,,0,5,0
16756,2,1,1,2,1,1,1,1,0,2,2,2,,0,4,0
16757,2,1,1,2,1,1,1,1,0,2,2,3,1,1,5,1
16758,2,1,1,2,1,1,1,1,0,3,1,1,,0,5,0
16759,2,1,1,2,1,1,1,1,0,3,1,2,1,1,5,1
16760,2,1,1,2,1,1,1,1,0,3,1,3,1,1,6,1
16761,2,1,1,2,1,1,1,1,0,3,2,1,,0,5,0
16762,2,1,1,2,1,1,1,1,0,3,2,2,,0,4,0
16763,2,1,1,2,1,1,1,1,0,3,2,3,1,1,5,1
16764,2,1,1,2,1,1,1,1,0,4,1,1,,0,5,0
16765,2,1,1,2,1,1,1,1,0,4,1,2,1,1,5,1
16766,2,1,1,2,1,1,1,1,0,4,1,3,1,1,6,1
16767,2,1,1,2,1,1,1,1,0,4,2,1,,0,5,0
16768,2,1,1,2,1,1,1,1,0,4,2,2,,0,4,0
16769,2,1,1,2,1,1,1,1,0,4,2,3,1,1,5,1
16770,2,1,1,2,1,1,1,1,1,0,1,1,0,1,4,1
16771,2,1,1,2,1,1,1,1,1,0,1,2,0,1,3,1
16772,2,1,1,2,1,1,1,1,1,0,1,3,0,1,3,1
16773,2,1,1,2,1,1,1,1,1,0,2,1,0,1,4,1
16774,2,1,1,2,1,1,1,1,1,0,2,2,0,1,3,1
16775,2,1,1,2,1,1,1,1,1,0,2,3,0,1,3,1
16776,2,1,1,2,1,1,1,1,1,1,1,1,0,1,7,1
16777,2,1,1,2,1,1,1,1,1,1,1,2,0,1,7,1
16778,2,1,1,2,1,1,1,1,1,1,1,3,0,1,6,1
16779,2,1,1,2,1,1,1,1,1,1,2,1,0,1,7,1
16780,2,1,1,2,1,1,1,1,1,1,2,2,0,1,6,1
16781,2,1,1,2,1,1,1,1,1,1,2,3,0,1,7,1
16782,2,1,1,2,1,1,1,1,1,2,1,1,0,1,7,1
16783,2,1,1,2,1,1,1,1,1,2,1,2,0,1,7,1
16784,2,1,1,2,1,1,1,1,1,2,1,3,0,1,6,1
16785,2,1,1,2,1,1,1,1,1,2,2,1,0,1,7,1
16786,2,1,1,2,1,1,1,1,1,2,2,2,0,1,6,1
16787,2,1,1,2,1,1,1,1,1,2,2,3,0,1,7,1
16788,2,1,1,2,1,1,1,1,1,3,1,1,0,1,7,1
16789,2,1,1,2,1,1,1,1,1,3,1,2,0,1,7,1
16790,2,1,1,2,1,1,1,1,1,3,1,3,0,1,6,1
16791,2,1,1,2,1,1,1,1,1,3,2,1,0,1,7,1
16792,2,1,1,2,1,1,1,1,1,3,2,2,0,1,6,1
16793,2,1,1,2,1,1,1,1,1,3,2,3,0,1,7,1
16794,2,1,1,2,1,1,1,1,1,4,1,1,0,1,7,1
16795,2,1,1,2,1,1,1,1,1,4,1,2,0,1,7,1
16796,2,1,1,2,1,1,1,1,1,4,1,3,0,1,6,1
16797,2,1,1,2,1,1,1,1,1,4,2,1,0,1,7,1
16798,2,1,1,2,1,1,1,1,1,4,2,2,0,1,6,1
16799,2,1,1,2,1,1,1,1,1,4,2,3,0,1,7,1
16800,2,1,1,2,2,0,0,0,0,0,1,1,,0,3,0
16801,2,1,1,2,2,0,0,0,0,0,1,2,,0,3,0
16802,2,1,1,2,2,0,0,0,0,0,1,3,,0,3,0
16803,2,1,1,2,2,0,0,0,0,0,2,1,,0,3,0
16804,2,1,1,2,2,0,0,0,0,0,2,2,,0,3,0
16805,2,1,1,2,2,0,0,0,0,0,2,3,,0,3,0
16806,2,1,1,2,2,0,0,0,0,1,1,1,,0,3,0
16807,2,1,1,2,2,0,0,0,0,1,1,2,1,1,3,1
16808,2,1,1,2,2,0,0,0,0,1,1,3,1,1,3,1
16809,2,1,1,2,2,0,0,0,0,1,2,1,,0,3,0
16810,2,1,1,2,2,0,0,0,0,1,2,2,1,1,3,1
16811,2,1,1,2,2,0,0,0,0,1,2,3,1,1,3,1
16812,2,1,1,2,2,0,0,0,0,2,1,1,,0,3,0
16813,2,1,1,2,2,0,0,0,0,2,1,2,1,1,3,1
16814,2,1,1,2,2,0,0,0,0,2,1,3,1,1,3,1
16815,2,1,1,2,2,0,0,0,0,2,2,1,,0,3,0
16816,2,1,1,2,2,0,0,0,0,2,2,2,1,1,3,1
16817,2,1,1,2,2,0,0,0,0,2,2,3,1,1,3,1
16818,2,1,1,2,2,0,0,0,0,3,1,1,,0,3,0
16819,2,1,1,2,2,0,0,0,0,3,1,2,1,1,3,1
16820,2,1,1,2,2,0,0,0,0,3,1,3,1,1,3,1
16821,2,1,1,2,2,0,0,0,0,3,2,1,,0,3,0
16822,2,1,1,2,2,0,0,0,0,3,2,2,1,1,3,1
16823,2,1,1,2,2,0,0,0,0,3,2,3,1,1,3,1
16824,2,1,1,2,2,0,0,0,0,4,1,1,,0,3,0
16825,2,1,1,2,2,0,0,0,0,4,1,2,1,1,3,1
16826,2,1,1,2,2,0,0,0,0,4,1,3,1,1,3,1
16827,2,1,1,2,2,0,0,0,0,4,2,1,,0,3,0
16828,2,1,1,2,2,0,0,0,0,4,2,2,1,1,3,1
16829,2,1,1,2,2,0,0,0,0,4,2,3,1,1,3,1
16830,2,1,1,2,2,0,0,0,1,0,1,1,0,1,3,1
16831,2,1,1,2,2,0,0,0,1,0,1,2,0,1,3,1
16832,2,1,1,2,2,0,0,0,1,0,1,3,0,1,3,1
16833,2,1,1,2,2,0,0,0,1,0,2,1,0,1,3,1
16834,2,1,1,2,2,0,0,0,1,0,2,2,0,1,3,1
16835,2,1,1,2,2,0,0,0,1,0,2,3,0,1,3,1
16836,2,1,1,2,2,0,0,0,1,1,1,1,0,1,3,1
16837,2,1,1,2,2,0,0,0,1,1,1,2,0,1,3,1
16838,2,1,1,2,2,0,0,0,1,1,1,3,0,1,3,1
16839,2,1,1,2,2,0,0,0,1,1,2,1,0,1,3,1
16840,2,1,1,2,2,0,0,0,1,1,2,2,0,1,3,1
16841,2,1,1,2,2,0,0,0,1,1,2,3,0,1,3,1
16842,2,1,1,2,2,0,0,0,1,2,1,1,0,1,3,1
16843,2,1,1,2,2,0,0,0,1,2,1,2,0,1,3,1
16844,2,1,1,2,2,0,0,0,1,2,1,3,0,1,3,1
16845,2,1,1,2,2,0,0,0,1,2,2,1,0,1,3,1
16846,2,1,1,2,2,0,0,0,1,2,2,2,0,1,3,1
16847,2,1,1,2,2,0,0,0,1,2,2,3,0,1,3,1
16848,2,1,1,2,2,0,0,0,1,3,1,1,0,1,3,1
16849,2,1,1,2,2,0,0,0,1,3,1,2,0,1,3,1
16850,2,1,1,2,2,0,0,0,1,3,1,3,0,1,3,1
16851,2,1,1,2,2,0,0,0,1,3,2,1,0,1,3,1
16852,2,1,1,2,2,0,0,0,1,3,2,2,0,1,3,1
16853,2,1,1,2,2,0,0,0,1,3,2,3,0,1,3,1
16854,2,1,1,2,2,0,0,0,1,4,1,1,0,1,3,1
16855,2,1,1,2,2,0,0,0,1,4,1,2,0,1,3,1
16856,2,1,1,2,2,0,0,0,1,4,1,3,0,1,3,1
16857,2,1,1,2,2,0,0,0,1,4,2,1,0,1,3,1
16858,2,1,1,2,2,0,0,0,1,4,2,2,0,1,3,1
16859,2,1,1,2,2,0,0,0,1,4,2,3,0,1,3,1
16860,2,1,1,2,2,0,0,1,0,0,1,1,,0,3,0
16861,2,1,1,2,2,0,0,1,0,0,1,2,,0,3,0
16862,2,1,1,2,2,0,0,1,0,0,1,3,,0,3,0
16863,2,1,1,2,2,0,0,1,0,0,2,1,,0,3,0
16864,2,1,1,2,2,0,0,1,0,0,2,2,,0,3,0
16865,2,1,1,2,2,0,0,1,0,0,2,3,,0,3,0
16866,2,1,1,2,2,0,0,1,0,1,1,1,,0,3,0
16867,2,1,1,2,2,0,0,1,0,1,1,2,1,1,3,1
16868,2,1,1,2,2,0,0,1,0,1,1,3,1,1,3,1
16869,2,1,1,2,2,0,0,1,0,1,2,1,,0,3,0
16870,2,1,1,2,2,0,0,1,0,1,2,2,1,1,3,1
16871,2,1,1,2,2,0,0,1,0,1,2,3,1,1,3,1
16872,2,1,1,2,2,0,0,1,0,2,1,1,,0,3,0
16873,2,1,1,2,2,0,0,1,0,2,1,2,1,1,3,1
16874,2,1,1,2,2,0,0,1,0,2,1,3,1,1,3,1
16875,2,1,1,2,2,0,0,1,0,2,2,1,,0,3,0
16876,2,1,1,2,2,0,0,1,0,2,2,2,1,1,3,1
16877,2,1,1,2,2,0,0,1,0,2,2,3,1,1,3,1
16878,2,1,1,2,2,0,0,1,0,3,1,1,,0,3,0
16879,2,1,1,2,2,0,0,1,0,3,1,2,1,1,3,1
16880,2,1,1,2,2,0,0,1,0,3,1,3,1,1,3,1
16881,2,1,1,2,2,0,0,1,0,3,2,1,,0,3,0
16882,2,1,1,2,2,0,0,1,0,3,2,2,1,1,3,1
16883,2,1,1,2,2,0,0,1,0,3,2,3,1,1,3,1
16884,2,1,1,2,2,0,0,1,0,4,1,1,,0,3,0
16885,2,1,1,2,2,0,0,1,0,4,1,2,1,1,3,1
16886,2,1,1,2,2,0,0,1,0,4,1,3,1,1,3,1
16887,2,1,1,2,2,0,0,1,0,4,2,1,,0,3,0
16888,2,1,1,2,2,0,0,1,0,4,2,2,1,1,3,1
16889,2,1,1,2,2,0,0,1,0,4,2,3,1,1,3,1
16890,2,1,1,2,2,0,0,1,1,0,1,1,0,1,3,1
16891,2,1,1,2,2,0,0,1,1,0,1,2,0,1,3,1
16892,2,1,1,2,2,0,0,1,1,0,1,3,0,1,3,1
16893,2,1,1,2,2,0,0,1,1,0,2,1,0,1,3,1
16894,2,1,1,2,2,0,0,1,1,0,2,2,0,1,3,1
16895,2,1,1,2,2,0,0,1,1,0,2,3,0,1,3,1
16896,2,1,1,2,2,0,0,1,1,1,1,1,0,1,3,1
16897,2,1,1,2,2,0,0,1,1,1,1,2,0,1,3,1
16898,2,1,1,2,2,0,0,1,1,1,1,3,0,1,3,1
16899,2,1,1,2,2,0,0,1,1,1,2,1,0,1,3,1
16900,2,1,1,2,2,0,0,1,1,1,2,2,0,1,3,1
16901,2,1,1,2,2,0,0,1,1,1,2,3,0,1,3,1
16902,2,1,1,2,2,0,0,1,1,2,1,1,0,1,3,1
16903,2,1,1,2,2,0,0,1,1,2,1,2,0,1,3,1
16904,2,1,1,2,2,0,0,1,1,2,1,3,0,1,3,1
16905,2,1,1,2,2,0,0,1,1,2,2,1,0,1,3,1
16906,2,1,1,2,2,0,0,1,1,2,2,2,0,1,3,1
16907,2,1,1,2,2,0,0,1,1,2,2,3,0,1,3,1
16908,2,1,1,2,2,0,0,1,1,3,1,1,0,1,3,1
16909,2,1,1,2,2,0,0,1,1,3,1,2,0,1,3,1
16910,2,1,1,2,2,0,0,1,1,3,1,3,0,1,3,1
16911,2,1,1,2,2,0,0,1,1,3,2,1,0,1,3,1
16912,2,1,1,2,2,0,0,1,1,3,2,2,0,1,3,1
16913,2,1,1,2,2,0,0,1,1,3,2,3,0,1,3,1
16914,2,1,1,2,2,0,0,1,1,4,1,1,0,1,3,1
16915,2,1,1,2,2,0,0,1,1,4,1,2,0,1,3,1
16916,2,1,1,2,2,0,0,1,1,4,1,3,0,1,3,1
16917,2,1,1,2,2,0,0,1,1,4,2,1,0,1,3,1
16918,2,1,1,2,2,0,0,1,1,4,2,2,0,1,3,1
16919,2,1,1,2,2,0,0,1,1,4,2,3,0,1,3,1
16920,2,1,1,2,2,0,1,0,0,0,1,1,,0,3,0
16921,2,1,1,2,2,0,1,0,0,0,1,2,,0,3,0
16922,2,1,1,2,2,0,1,0,0,0,1,3,,0,3,0
16923,2,1,1,2,2,0,1,0,0,0,2,1,,0,3,0
16924,2,1,1,2,2,0,1,0,0,0,2,2,,0,3,0
16925,2,1,1,2,2,0,1,0,0,0,2,3,,0,3,0
16926,2,1,1,2,2,0,1,0,0,1,1,1,,0,3,0
16927,2,1,1,2,2,0,1,0,0,1,1,2,,0,4,0
16928,2,1,1,2,2,0,1,0,0,1,1,3,1,1,4,1
16929,2,1,1,2,2,0,1,0,0,1,2,1,,0,3,0
16930,2,1,1,2,2,0,1,0,0,1,2,2,,0,4,0
16931,2,1,1,2,2,0,1,0,0,1,2,3,,0,4,0
16932,2,1,1,2,2,0,1,0,0,2,1,1,,0,3,0
16933,2,1,1,2,2,0,1,0,0,2,1,2,,0,4,0
16934,2,1,1,2,2,0,1,0,0,2,1,3,1,1,4,1
16935,2,1,1,2,2,0,1,0,0,2,2,1,,0,3,0
16936,2,1,1,2,2,0,1,0,0,2,2,2,,0,4,0
16937,2,1,1,2,2,0,1,0,0,2,2,3,,0,4,0
16938,2,1,1,2,2,0,1,0,0,3,1,1,,0,3,0
16939,2,1,1,2,2,0,1,0,0,3,1,2,,0,4,0
16940,2,1,1,2,2,0,1,0,0,3,1,3,1,1,4,1
16941,2,1,1,2,2,0,1,0,0,3,2,1,,0,3,0
16942,2,1,1,2,2,0,1,0,0,3,2,2,,0,4,0
16943,2,1,1,2,2,0,1,0,0,3,2,3,,0,4,0
16944,2,1,1,2,2,0,1,0,0,4,1,1,,0,3,0
16945,2,1,1,2,2,0,1,0,0,4,1,2,,0,4,0
16946,2,1,1,2,2,0,1,0,0,4,1,3,1,1,4,1
16947,2,1,1,2,2,0,1,0,0,4,2,1,,0,3,0
16948,2,1,1,2,2,0,1,0,0,4,2,2,,0,4,0
16949,2,1,1,2,2,0,1,0,0,4,2,3,,0,4,0
16950,2,1,1,2,2,0,1,0,1,0,1,1,0,1,3,1
16951,2,1,1,2,2,0,1,0,1,0,1,2,0,1,3,1
16952,2,1,1,2,2,0,1,0,1,0,1,3,0,1,3,1
16953,2,1,1,2,2,0,1,0,1,0,2,1,0,1,3,1
16954,2,1,1,2,2,0,1,0,1,0,2,2,0,1,3,1
16955,2,1,1,2,2,0,1,0,1,0,2,3,0,1,3,1
16956,2,1,1,2,2,0,1,0,1,1,1,1,0,1,4,1
16957,2,1,1,2,2,0,1,0,1,1,1,2,0,1,4,1
16958,2,1,1,2,2,0,1,0,1,1,1,3,0,1,4,1
16959,2,1,1,2,2,0,1,0,1,1,2,1,0,1,4,1
16960,2,1,1,2,2,0,1,0,1,1,2,2,0,1,4,1
16961,2,1,1,2,2,0,1,0,1,1,2,3,0,1,4,1
16962,2,1,1,2,2,0,1,0,1,2,1,1,0,1,4,1
16963,2,1,1,2,2,0,1,0,1,2,1,2,0,1,4,1
16964,2,1,1,2,2,0,1,0,1,2,1,3,0,1,4,1
16965,2,1,1,2,2,0,1,0,1,2,2,1,0,1,4,1
16966,2,1,1,2,2,0,1,0,1,2,2,2,0,1,4,1
16967,2,1,1,2,2,0,1,0,1,2,2,3,0,1,4,1
16968,2,1,1,2,2,0,1,0,1,3,1,1,0,1,4,1
16969,2,1,1,2,2,0,1,0,1,3,1,2,0,1,4,1
16970,2,1,1,2,2,0,1,0,1,3,1,3,0,1,4,1
16971,2,1,1,2,2,0,1,0,1,3,2,1,0,1,4,1
16972,2,1,1,2,2,0,1,0,1,3,2,2,0,1,4,1
16973,2,1,1,2,2,0,1,0,1,3,2,3,0,1,4,1
16974,2,1,1,2,2,0,1,0,1,4,1,1,0,1,4,1
16975,2,1,1,2,2,0,1,0,1,4,1,2,0,1,4,1
16976,2,1,1,2,2,0,1,0,1,4,1,3,0,1,4,1
16977,2,1,1,2,2,0,1,0,1,4,2,1,0,1,4,1
16978,2,1,1,2,2,0,1,0,1,4,2,2,0,1,4,1
16979,2,1,1,2,2,0,1,0,1,4,2,3,0,1,4,1
16980,2,1,1,2,2,0,1,1,0,0,1,1,,0,3,0
16981,2,1,1,2,2,0,1,1,0,0,1,2,,0,3,0
16982,2,1,1,2,2,0,1,1,0,0,1,3,,0,3,0
16983,2,1,1,2,2,0,1,1,0,0,2,1,,0,3,0
16984,2,1,1,2,2,0,1,1,0,0,2,2,,0,3,0
16985,2,1,1,2,2,0,1,1,0,0,2,3,,0,3,0
16986,2,1,1,2,2,0,1,1,0,1,1,1,,0,3,0
16987,2,1,1,2,2,0,1,1,0,1,1,2,,0,4,0
16988,2,1,1,2,2,0,1,1,0,1,1,3,1,1,4,1
16989,2,1,1,2,2,0,1,1,0,1,2,1,,0,3,0
16990,2,1,1,2,2,0,1,1,0,1,2,2,,0,4,0
16991,2,1,1,2,2,0,1,1,0,1,2,3,,0,4,0
16992,2,1,1,2,2,0,1,1,0,2,1,1,,0,3,0
16993,2,1,1,2,2,0,1,1,0,2,1,2,,0,4,0
16994,2,1,1,2,2,0,1,1,0,2,1,3,1,1,4,1
16995,2,1,1,2,2,0,1,1,0,2,2,1,,0,3,0
16996,2,1,1,2,2,0,1,1,0,2,2,2,,0,4,0
16997,2,1,1,2,2,0,1,1,0,2,2,3,,0,4,0
16998,2,1,1,2,2,0,1,1,0,3,1,1,,0,3,0
16999,2,1,1,2,2,0,1,1,0,3,1,2,,0,4,0
17000,2,1,1,2,2,0,1,1,0,3,1,3,1,1,4,1
17001,2,1,1,2,2,0,1,1,0,3,2,1,,0,3,0
17002,2,1,1,2,2,0,1,1,0,3,2,2,,0,4,0
17003,2,1,1,2,2,0,1,1,0,3,2,3,,0,4,0
17004,2,1,1,2,2,0,1,1,0,4,1,1,,0,3,0
17005,2,1,1,2,2,0,1,1,0,4,1,2,,0,4,0
17006,2,1,1,2,2,0,1,1,0,4,1,3,1,1,4,1
17007,2,1,1,2,2,0,1,1,0,4,2,1,,0,3,0
17008,2,1,1,2,2,0,1,1,0,4,2,2,,0,4,0
17009,2,1,1,2,2,0,1,1,0,4,2,3,,0,4,0
17010,2,1,1,2,2,0,1,1,1,0,1,1,0,1,3,1
17011,2,1,1,2,2,0,1,1,1,0,1,2,0,1,3,1
17012,2,1,1,2,2,0,1,1,1,0,1,3,0,1,3,1
17013,2,1,1,2,2,0,1,1,1,0,2,1,0,1,3,1
17014,2,1,1,2,2,0,1,1,1,0,2,2,0,1,3,1
17015,2,1,1,2,2,0,1,1,1,0,2,3,0,1,3,1
17016,2,1,1,2,2,0,1,1,1,1,1,1,0,1,4,1
17017,2,1,1,2,2,0,1,1,1,1,1,2,0,1,4,1
17018,2,1,1,2,2,0,1,1,1,1,1,3,0,1,4,1
17019,2,1,1,2,2,0,1,1,1,1,2,1,0,1,4,1
17020,2,1,1,2,2,0,1,1,1,1,2,2,0,1,4,1
17021,2,1,1,2,2,0,1,1,1,1,2,3,0,1,4,1
17022,2,1,1,2,2,0,1,1,1,2,1,1,0,1,4,1
17023,2,1,1,2,2,0,1,1,1,2,1,2,0,1,4,1
17024,2,1,1,2,2,0,1,1,1,2,1,3,0,1,4,1
17025,2,1,1,2,2,0,1,1,1,2,2,1,0,1,4,1
17026,2,1,1,2,2,0,1,1,1,2,2,2,0,1,4,1
17027,2,1,1,2,2,0,1,1,1,2,2,3,0,1,4,1
17028,2,1,1,2,2,0,1,1,1,3,1,1,0,1,4,1
17029,2,1,1,2,2,0,1,1,1,3,1,2,0,1,4,1
17030,2,1,1,2,2,0,1,1,1,3,1,3,0,1,4,1
17031,2,1,1,2,2,0,1,1,1,3,2,1,0,1,4,1
17032,2,1,1,2,2,0,1,1,1,3,2,2,0,1,4,1
17033,2,1,1,2,2,0,1,1,1,3,2,3,0,1,4,1
17034,2,1,1,2,2,0,1,1,1,4,1,1,0,1,4,1
17035,2,1,1,2,2,0,1,1,1,4,1,2,0,1,4,1
17036,2,1,1,2,2,0,1,1,1,4,1,3,0,1,4,1
17037,2,1,1,2,2,0,1,1,1,4,2,1,0,1,4,1
17038,2,1,1,2,2,0,1,1,1,4,2,2,0,1,4,1
17039,2,1,1,2,2,0,1,1,1,4,2,3,0,1,4,1
17040,2,1,1,2,2,1,0,0,0,0,1,1,,0,3,0
17041,2,1,1,2,2,1,0,0,0,0,1,2,,0,3,0
17042,2,1,1,2,2,1,0,0,0,0,1,3,,0,3,0
17043,2,1,1,2,2,1,0,0,0,0,2,1,,0,3,0
17044,2,1,1,2,2,1,0,0,0,0,2,2,,0,3,0
17045,2,1,1,2,2,1,0,0,0,0,2,3,,0,3,0
17046,2,1,1,2,2,1,0,0,0,1,1,1,,0,3,0
17047,2,1,1,2,2,1,0,0,0,1,1,2,1,1,4,1
17048,2,1,1,2,2,1,0,0,0,1,1,3,1,1,4,1
17049,2,1,1,2,2,1,0,0,0,1,2,1,,0,3,0
17050,2,1,1,2,2,1,0,0,0,1,2,2,1,1,4,1
17051,2,1,1,2,2,1,0,0,0,1,2,3,1,1,4,1
17052,2,1,1,2,2,1,0,0,0,2,1,1,,0,3,0
17053,2,1,1,2,2,1,0,0,0,2,1,2,1,1,4,1
17054,2,1,1,2,2,1,0,0,0,2,1,3,1,1,4,1
17055,2,1,1,2,2,1,0,0,0,2,2,1,,0,3,0
17056,2,1,1,2,2,1,0,0,0,2,2,2,1,1,4,1
17057,2,1,1,2,2,1,0,0,0,2,2,3,1,1,4,1
17058,2,1,1,2,2,1,0,0,0,3,1,1,,0,3,0
17059,2,1,1,2,2,1,0,0,0,3,1,2,1,1,4,1
17060,2,1,1,2,2,1,0,0,0,3,1,3,1,1,4,1
17061,2,1,1,2,2,1,0,0,0,3,2,1,,0,3,0
17062,2,1,1,2,2,1,0,0,0,3,2,2,1,1,4,1
17063,2,1,1,2,2,1,0,0,0,3,2,3,1,1,4,1
17064,2,1,1,2,2,1,0,0,0,4,1,1,,0,3,0
17065,2,1,1,2,2,1,0,0,0,4,1,2,1,1,4,1
17066,2,1,1,2,2,1,0,0,0,4,1,3,1,1,4,1
17067,2,1,1,2,2,1,0,0,0,4,2,1,,0,3,0
17068,2,1,1,2,2,1,0,0,0,4,2,2,1,1,4,1
17069,2,1,1,2,2,1,0,0,0,4,2,3,1,1,4,1
17070,2,1,1,2,2,1,0,0,1,0,1,1,0,1,3,1
17071,2,1,1,2,2,1,0,0,1,0,1,2,0,1,3,1
17072,2,1,1,2,2,1,0,0,1,0,1,3,0,1,3,1
17073,2,1,1,2,2,1,0,0,1,0,2,1,0,1,3,1
17074,2,1,1,2,2,1,0,0,1,0,2,2,0,1,3,1
17075,2,1,1,2,2,1,0,0,1,0,2,3,0,1,3,1
17076,2,1,1,2,2,1,0,0,1,1,1,1,0,1,4,1
17077,2,1,1,2,2,1,0,0,1,1,1,2,0,1,4,1
17078,2,1,1,2,2,1,0,0,1,1,1,3,0,1,4,1
17079,2,1,1,2,2,1,0,0,1,1,2,1,0,1,4,1
17080,2,1,1,2,2,1,0,0,1,1,2,2,0,1,4,1
17081,2,1,1,2,2,1,0,0,1,1,2,3,0,1,4,1
17082,2,1,1,2,2,1,0,0,1,2,1,1,0,1,4,1
17083,2,1,1,2,2,1,0,0,1,2,1,2,0,1,4,1
17084,2,1,1,2,2,1,0,0,1,2,1,3,0,1,4,1
17085,2,1,1,2,2,1,0,0,1,2,2,1,0,1,4,1
17086,2,1,1,2,2,1,0,0,1,2,2,2,0,1,4,1
17087,2,1,1,2,2,1,0,0,1,2,2,3,0,1,4,1
17088,2,1,1,2,2,1,0,0,1,3,1,1,0,1,4,1
17089,2,1,1,2,2,1,0,0,1,3,1,2,0,1,4,1
17090,2,1,1,2,2,1,0,0,1,3,1,3,0,1,4,1
17091,2,1,1,2,2,1,0,0,1,3,2,1,0,1,4,1
17092,2,1,1,2,2,1,0,0,1,3,2,2,0,1,4,1
17093,2,1,1,2,2,1,0,0,1,3,2,3,0,1,4,1
17094,2,1,1,2,2,1,0,0,1,4,1,1,0,1,4,1
17095,2,1,1,2,2,1,0,0,1,4,1,2,0,1,4,1
17096,2,1,1,2,2,1,0,0,1,4,1,3,0,1,4,1
17097,2,1,1,2,2,1,0,0,1,4,2,1,0,1,4,1
17098,2,1,1,2,2,1,0,0,1,4,2,2,0,1,4,1
17099,2,1,1,2,2,1,0,0,1,4,2,3,0,1,4,1
17100,2,1,1,2,2,1,0,1,0,0,1,1,,0,3,0
17101,2,1,1,2,2,1,0,1,0,0,1,2,,0,3,0
17102,2,1,1,2,2,1,0,1,0,0,1,3,,0,3,0
17103,2,1,1,2,2,1,0,1,0,0,2,1,,0,3,0
17104,2,1,1,2,2,1,0,1,0,0,2,2,,0,3,0
17105,2,1,1,2,2,1,0,1,0,0,2,3,,0,3,0
17106,2,1,1,2,2,1,0,1,0,1,1,1,,0,3,0
17107,2,1,1,2,2,1,0,1,0,1,1,2,1,1,4,1
17108,2,1,1,2,2,1,0,1,0,1,1,3,1,1,4,1
17109,2,1,1,2,2,1,0,1,0,1,2,1,,0,3,0
17110,2,1,1,2,2,1,0,1,0,1,2,2,1,1,4,1
17111,2,1,1,2,2,1,0,1,0,1,2,3,1,1,4,1
17112,2,1,1,2,2,1,0,1,0,2,1,1,,0,3,0
17113,2,1,1,2,2,1,0,1,0,2,1,2,1,1,4,1
17114,2,1,1,2,2,1,0,1,0,2,1,3,1,1,4,1
17115,2,1,1,2,2,1,0,1,0,2,2,1,,0,3,0
17116,2,1,1,2,2,1,0,1,0,2,2,2,1,1,4,1
17117,2,1,1,2,2,1,0,1,0,2,2,3,1,1,4,1
17118,2,1,1,2,2,1,0,1,0,3,1,1,,0,3,0
17119,2,1,1,2,2,1,0,1,0,3,1,2,1,1,4,1
17120,2,1,1,2,2,1,0,1,0,3,1,3,1,1,4,1
17121,2,1,1,2,2,1,0,1,0,3,2,1,,0,3,0
17122,2,1,1,2,2,1,0,1,0,3,2,2,1,1,4,1
17123,2,1,1,2,2,1,0,1,0,3,2,3,1,1,4,1
17124,2,1,1,2,2,1,0,1,0,4,1,1,,0,3,0
17125,2,1,1,2,2,1,0,1,0,4,1,2,1,1,4,1
17126,2,1,1,2,2,1,0,1,0,4,1,3,1,1,4,1
17127,2,1,1,2,2,1,0,1,0,4,2,1,,0,3,0
17128,2,1,1,2,2,1,0,1,0,4,2,2,1,1,4,1
17129,2,1,1,2,2,1,0,1,0,4,2,3,1,1,4,1
17130,2,1,1,2,2,1,0,1,1,0,1,1,0,1,3,1
17131,2,1,1,2,2,1,0,1,1,0,1,2,0,1,3,1
17132,2,1,1,2,2,1,0,1,1,0,1,3,0,1,3,1
17133,2,1,1,2,2,1,0,1,1,0,2,1,0,1,3,1
17134,2,1,1,2,2,1,0,1,1,0,2,2,0,1,3,1
17135,2,1,1,2,2,1,0,1,1,0,2,3,0,1,3,1
17136,2,1,1,2,2,1,0,1,1,1,1,1,0,1,4,1
17137,2,1,1,2,2,1,0,1,1,1,1,2,0,1,4,1
17138,2,1,1,2,2,1,0,1,1,1,1,3,0,1,4,1
17139,2,1,1,2,2,1,0,1,1,1,2,1,0,1,4,1
17140,2,1,1,2,2,1,0,1,1,1,2,2,0,1,4,1
17141,2,1,1,2,2,1,0,1,1,1,2,3,0,1,4,1
17142,2,1,1,2,2,1,0,1,1,2,1,1,0,1,4,1
17143,2,1,1,2,2,1,0,1,1,2,1,2,0,1,4,1
17144,2,1,1,2,2,1,0,1,1,2,1,3,0,1,4,1
17145,2,1,1,2,2,1,0,1,1,2,2,1,0,1,4,1
17146,2,1,1,2,2,1,0,1,1,2,2,2,0,1,4,1
17147,2,1,1,2,2,1,0,1,1,2,2,3,0,1,4,1
17148,2,1,1,2,2,1,0,1,1,3,1,1,0,1,4,1
17149,2,1,1,2,2,1,0,1,1,3,1,2,0,1,4,1
17150,2,1,1,2,2,1,0,1,1,3,1,3,0,1,4,1
17151,2,1,1,2,2,1,0,1,1,3,2,1,0,1,4,1
17152,2,1,1,2,2,1,0,1,1,3,2,2,0,1,4,1
17153,2,1,1,2,2,1,0,1,1,3,2,3,0,1,4,1
17154,2,1,1,2,2,1,0,1,1,4,1,1,0,1,4,1
17155,2,1,1,2,2,1,0,1,1,4,1,2,0,1,4,1
17156,2,1,1,2,2,1,0,1,1,4,1,3,0,1,4,1
17157,2,1,1,2,2,1,0,1,1,4,2,1,0,1,4,1
17158,2,1,1,2,2,1,0,1,1,4,2,2,0,1,4,1
17159,2,1,1,2,2,1,0,1,1,4,2,3,0,1,4,1
17160,2,1,1,2,2,1,1,0,0,0,1,1,,0,3,0
17161,2,1,1,2,2,1,1,0,0,0,1,2,,0,3,0
17162,2,1,1,2,2,1,1,0,0,0,1,3,,0,3,0
17163,2,1,1,2,2,1,1,0,0,0,2,1,,0,3,0
17164,2,1,1,2,2,1,1,0,0,0,2,2,,0,3,0
17165,2,1,1,2,2,1,1,0,0,0,2,3,,0,3,0
17166,2,1,1,2,2,1,1,0,0,1,1,1,,0,3,0
17167,2,1,1,2,2,1,1,0,0,1,1,2,,0,4,0
17168,2,1,1,2,2,1,1,0,0,1,1,3,1,1,5,1
17169,2,1,1,2,2,1,1,0,0,1,2,1,,0,3,0
17170,2,1,1,2,2,1,1,0,0,1,2,2,,0,4,0
17171,2,1,1,2,2,1,1,0,0,1,2,3,,0,4,0
17172,2,1,1,2,2,1,1,0,0,2,1,1,,0,3,0
17173,2,1,1,2,2,1,1,0,0,2,1,2,,0,4,0
17174,2,1,1,2,2,1,1,0,0,2,1,3,1,1,5,1
17175,2,1,1,2,2,1,1,0,0,2,2,1,,0,3,0
17176,2,1,1,2,2,1,1,0,0,2,2,2,,0,4,0
17177,2,1,1,2,2,1,1,0,0,2,2,3,,0,4,0
17178,2,1,1,2,2,1,1,0,0,3,1,1,,0,3,0
17179,2,1,1,2,2,1,1,0,0,3,1,2,,0,4,0
17180,2,1,1,2,2,1,1,0,0,3,1,3,1,1,5,1
17181,2,1,1,2,2,1,1,0,0,3,2,1,,0,3,0
17182,2,1,1,2,2,1,1,0,0,3,2,2,,0,4,0
17183,2,1,1,2,2,1,1,0,0,3,2,3,,0,4,0
17184,2,1,1,2,2,1,1,0,0,4,1,1,,0,3,0
17185,2,1,1,2,2,1,1,0,0,4,1,2,,0,4,0
17186,2,1,1,2,2,1,1,0,0,4,1,3,1,1,5,1
17187,2,1,1,2,2,1,1,0,0,4,2,1,,0,3,0
17188,2,1,1,2,2,1,1,0,0,4,2,2,,0,4,0
17189,2,1,1,2,2,1,1,0,0,4,2,3,,0,4,0
17190,2,1,1,2,2,1,1,0,1,0,1,1,0,1,3,1
17191,2,1,1,2,2,1,1,0,1,0,1,2,0,1,3,1
17192,2,1,1,2,2,1,1,0,1,0,1,3,0,1,3,1
17193,2,1,1,2,2,1,1,0,1,0,2,1,0,1,3,1
17194,2,1,1,2,2,1,1,0,1,0,2,2,0,1,3,1
17195,2,1,1,2,2,1,1,0,1,0,2,3,0,1,3,1
17196,2,1,1,2,2,1,1,0,1,1,1,1,0,1,5,1
17197,2,1,1,2,2,1,1,0,1,1,1,2,0,1,5,1
17198,2,1,1,2,2,1,1,0,1,1,1,3,0,1,5,1
17199,2,1,1,2,2,1,1,0,1,1,2,1,0,1,5,1
17200,2,1,1,2,2,1,1,0,1,1,2,2,0,1,5,1
17201,2,1,1,2,2,1,1,0,1,1,2,3,0,1,5,1
17202,2,1,1,2,2,1,1,0,1,2,1,1,0,1,5,1
17203,2,1,1,2,2,1,1,0,1,2,1,2,0,1,5,1
17204,2,1,1,2,2,1,1,0,1,2,1,3,0,1,5,1
17205,2,1,1,2,2,1,1,0,1,2,2,1,0,1,5,1
17206,2,1,1,2,2,1,1,0,1,2,2,2,0,1,5,1
17207,2,1,1,2,2,1,1,0,1,2,2,3,0,1,5,1
17208,2,1,1,2,2,1,1,0,1,3,1,1,0,1,5,1
17209,2,1,1,2,2,1,1,0,1,3,1,2,0,1,5,1
17210,2,1,1,2,2,1,1,0,1,3,1,3,0,1,5,1
17211,2,1,1,2,2,1,1,0,1,3,2,1,0,1,5,1
17212,2,1,1,2,2,1,1,0,1,3,2,2,0,1,5,1
17213,2,1,1,2,2,1,1,0,1,3,2,3,0,1,5,1
17214,2,1,1,2,2,1,1,0,1,4,1,1,0,1,5,1
17215,2,1,1,2,2,1,1,0,1,4,1,2,0,1,5,1
17216,2,1,1,2,2,1,1,0,1,4,1,3,0,1,5,1
17217,2,1,1,2,2,1,1,0,1,4,2,1,0,1,5,1
17218,2,1,1,2,2,1,1,0,1,4,2,2,0,1,5,1
17219,2,1,1,2,2,1,1,0,1,4,2,3,0,1,5,1
17220,2,1,1,2,2,1,1,1,0,0,1,1,,0,3,0
17221,2,1,1,2,2,1,1,1,0,0,1,2,,0,3,0
17222,2,1,1,2,2,1,1,1,0,0,1,3,,0,3,0
17223,2,1,1,2,2,1,1,1,0,0,2,1,,0,3,0
17224,2,1,1,2,2,1,1,1,0,0,2,2,,0,3,0
17225,2,1,1,2,2,1,1,1,0,0,2,3,,0,3,0
17226,2,1,1,2,2,1,1,1,0,1,1,1,,0,3,0
17227,2,1,1,2,2,1,1,1,0,1,1,2,,0,4,0
17228,2,1,1,2,2,1,1,1,0,1,1,3,1,1,6,1
17229,2,1,1,2,2,1,1,1,0,1,2,1,,0,3,0
17230,2,1,1,2,2,1,1,1,0,1,2,2,,0,4,0
17231,2,1,1,2,2,1,1,1,0,1,2,3,,0,4,0
17232,2,1,1,2,2,1,1,1,0,2,1,1,,0,3,0
17233,2,1,1,2,2,1,1,1,0,2,1,2,,0,4,0
17234,2,1,1,2,2,1,1,1,0,2,1,3,1,1,6,1
17235,2,1,1,2,2,1,1,1,0,2,2,1,,0,3,0
17236,2,1,1,2,2,1,1,1,0,2,2,2,,0,4,0
17237,2,1,1,2,2,1,1,1,0,2,2,3,,0,4,0
17238,2,1,1,2,2,1,1,1,0,3,1,1,,0,3,0
17239,2,1,1,2,2,1,1,1,0,3,1,2,,0,4,0
17240,2,1,1,2,2,1,1,1,0,3,1,3,1,1,6,1
17241,2,1,1,2,2,1,1,1,0,3,2,1,,0,3,0
17242,2,1,1,2,2,1,1,1,0,3,2,2,,0,4,0
17243,2,1,1,2,2,1,1,1,0,3,2,3,,0,4,0
17244,2,1,1,2,2,1,1,1,0,4,1,1,,0,3,0
17245,2,1,1,2,2,1,1,1,0,4,1,2,,0,4,0
17246,2,1,1,2,2,1,1,1,0,4,1,3,1,1,6,1
17247,2,1,1,2,2,1,1,1,0,4,2,1,,0,3,0
17248,2,1,1,2,2,1,1,1,0,4,2,2,,0,4,0
17249,2,1,1,2,2,1,1,1,0,4,2,3,,0,4,0
17250,2,1,1,2,2,1,1,1,1,0,1,1,0,1,3,1
17251,2,1,1,2,2,1,1,1,1,0,1,2,0,1,3,1
17252,2,1,1,2,2,1,1,1,1,0,1,3,0,1,3,1
17253,2,1,1,2,2,1,1,1,1,0,2,1,0,1,3,1
17254,2,1,1,2,2,1,1,1,1,0,2,2,0,1,3,1
17255,2,1,1,2,2,1,1,1,1,0,2,3,0,1,3,1
17256,2,1,1,2,2,1,1,1,1,1,1,1,0,1,6,1
17257,2,1,1,2,2,1,1,1,1,1,1,2,0,1,6,1
17258,2,1,1,2,2,1,1,1,1,1,1,3,0,1,6,1
17259,2,1,1,2,2,1,1,1,1,1,2,1,0,1,6,1
17260,2,1,1,2,2,1,1,1,1,1,2,2,0,1,6,1
17261,2,1,1,2,2,1,1,1,1,1,2,3,0,1,6,1
17262,2,1,1,2,2,1,1,1,1,2,1,1,0,1,6,1
17263,2,1,1,2,2,1,1,1,1,2,1,2,0,1,6,1
17264,2,1,1,2,2,1,1,1,1,2,1,3,0,1,6,1
17265,2,1,1,2,2,1,1,1,1,2,2,1,0,1,6,1
17266,2,1,1,2,2,1,1,1,1,2,2,2,0,1,6,1
17267,2,1,1,2,2,1,1,1,1,2,2,3,0,1,6,1
17268,2,1,1,2,2,1,1,1,1,3,1,1,0,1,6,1
17269,2,1,1,2,2,1,1,1,1,3,1,2,0,1,6,1
17270,2,1,1,2,2,1,1,1,1,3,1,3,0,1,6,1
17271,2,1,1,2,2,1,1,1,1,3,2,1,0,1,6,1
17272,2,1,1,2,2,1,1,1,1,3,2,2,0,1,6,1
17273,2,1,1,2,2,1,1,1,1,3,2,3,0,1,6,1
17274,2,1,1,2,2,1,1,1,1,4,1,1,0,1,6,1
17275,2,1,1,2,2,1,1,1,1,4,1,2,0,1,6,1
17276,2,1,1,2,2,1,1,1,1,4,1,3,0,1,6,1
17277,2,1,1,2,2,1,1,1,1,4,2,1,0,1,6,1
17278,2,1,1,2,2,1,1,1,1,4,2,2,0,1,6,1
17279,2,1,1,2,2,1,1,1,1,4,2,3,0,1,6,1
17280,2,1,2,1,1,0,0,0,0,0,1,1,,0,4,0
17281,2,1,2,1,1,0,0,0,0,0,1,2,,0,4,0
17282,2,1,2,1,1,0,0,0,0,0,1,3,,0,4,0
17283,2,1,2,1,1,0,0,0,0,0,2,1,,0,4,0
17284,2,1,2,1,1,0,0,0,0,0,2,2,,0,4,0
17285,2,1,2,1,1,0,0,0,0,0,2,3,,0,4,0
17286,2,1,2,1,1,0,0,0,0,1,1,1,1,1,4,1
17287,2,1,2,1,1,0,0,0,0,1,1,2,1,1,4,1
17288,2,1,2,1,1,0,0,0,0,1,1,3,1,1,4,1
17289,2,1,2,1,1,0,0,0,0,1,2,1,1,1,4,1
17290,2,1,2,1,1,0,0,0,0,1,2,2,1,1,4,1
17291,2,1,2,1,1,0,0,0,0,1,2,3,1,1,4,1
17292,2,1,2,1,1,0,0,0,0,2,1,1,1,1,4,1
17293,2,1,2,1,1,0,0,0,0,2,1,2,1,1,4,1
17294,2,1,2,1,1,0,0,0,0,2,1,3,1,1,4,1
17295,2,1,2,1,1,0,0,0,0,2,2,1,1,1,4,1
17296,2,1,2,1,1,0,0,0,0,2,2,2,1,1,4,1
17297,2,1,2,1,1,0,0,0,0,2,2,3,1,1,4,1
17298,2,1,2,1,1,0,0,0,0,3,1,1,1,1,4,1
17299,2,1,2,1,1,0,0,0,0,3,1,2,1,1,4,1
17300,2,1,2,1,1,0,0,0,0,3,1,3,1,1,4,1
17301,2,1,2,1,1,0,0,0,0,3,2,1,1,1,4,1
17302,2,1,2,1,1,0,0,0,0,3,2,2,1,1,4,1
17303,2,1,2,1,1,0,0,0,0,3,2,3,1,1,4,1
17304,2,1,2,1,1,0,0,0,0,4,1,1,1,1,4,1
17305,2,1,2,1,1,0,0,0,0,4,1,2,1,1,4,1
17306,2,1,2,1,1,0,0,0,0,4,1,3,1,1,4,1
17307,2,1,2,1,1,0,0,0,0,4,2,1,1,1,4,1
17308,2,1,2,1,1,0,0,0,0,4,2,2,1,1,4,1
17309,2,1,2,1,1,0,0,0,0,4,2,3,1,1,4,1
17310,2,1,2,1,1,0,0,0,1,0,1,1,0,1,4,1
17311,2,1,2,1,1,0,0,0,1,0,1,2,0,1,4,1
17312,2,1,2,1,1,0,0,0,1,0,1,3,0,1,4,1
17313,2,1,2,1,1,0,0,0,1,0,2,1,0,1,4,1
17314,2,1,2,1,1,0,0,0,1,0,2,2,0,1,4,1
17315,2,1,2,1,1,0,0,0,1,0,2,3,0,1,4,1
17316,2,1,2,1,1,0,0,0,1,1,1,1,0,1,4,1
17317,2,1,2,1,1,0,0,0,1,1,1,2,0,1,4,1
17318,2,1,2,1,1,0,0,0,1,1,1,3,0,1,4,1
17319,2,1,2,1,1,0,0,0,1,1,2,1,0,1,4,1
17320,2,1,2,1,1,0,0,0,1,1,2,2,0,1,4,1
17321,2,1,2,1,1,0,0,0,1,1,2,3,0,1,4,1
17322,2,1,2,1,1,0,0,0,1,2,1,1,0,1,4,1
17323,2,1,2,1,1,0,0,0,1,2,1,2,0,1,4,1
17324,2,1,2,1,1,0,0,0,1,2,1,3,0,1,4,1
17325,2,1,2,1,1,0,0,0,1,2,2,1,0,1,4,1
17326,2,1,2,1,1,0,0,0,1,2,2,2,0,1,4,1
17327,2,1,2,1,1,0,0,0,1,2,2,3,0,1,4,1
17328,2,1,2,1,1,0,0,0,1,3,1,1,0,1,4,1
17329,2,1,2,1,1,0,0,0,1,3,1,2,0,1,4,1
17330,2,1,2,1,1,0,0,0,1,3,1,3,0,1,4,1
17331,2,1,2,1,1,0,0,0,1,3,2,1,0,1,4,1
17332,2,1,2,1,1,0,0,0,1,3,2,2,0,1,4,1
17333,2,1,2,1,1,0,0,0,1,3,2,3,0,1,4,1
17334,2,1,2,1,1,0,0,0,1,4,1,1,0,1,4,1
17335,2,1,2,1,1,0,0,0,1,4,1,2,0,1,4,1
17336,2,1,2,1,1,0,0,0,1,4,1,3,0,1,4,1
17337,2,1,2,1,1,0,0,0,1,4,2,1,0,1,4,1
17338,2,1,2,1,1,0,0,0,1,4,2,2,0,1,4,1
17339,2,1,2,1,1,0,0,0,1,4,2,3,0,1,4,1
17340,2,1,2,1,1,0,0,1,0,0,1,1,,0,4,0
17341,2,1,2,1,1,0,0,1,0,0,1,2,,0,4,0
17342,2,1,2,1,1,0,0,1,0,0,1,3,,0,4,0
17343,2,1,2,1,1,0,0,1,0,0,2,1,,0,4,0
17344,2,1,2,1,1,0,0,1,0,0,2,2,,0,4,0
17345,2,1,2,1,1,0,0,1,0,0,2,3,,0,4,0
17346,2,1,2,1,1,0,0,1,0,1,1,1,1,1,4,1
17347,2,1,2,1,1,0,0,1,0,1,1,2,1,1,4,1
17348,2,1,2,1,1,0,0,1,0,1,1,3,1,1,4,1
17349,2,1,2,1,1,0,0,1,0,1,2,1,1,1,4,1
17350,2,1,2,1,1,0,0,1,0,1,2,2,1,1,4,1
17351,2,1,2,1,1,0,0,1,0,1,2,3,1,1,4,1
17352,2,1,2,1,1,0,0,1,0,2,1,1,1,1,4,1
17353,2,1,2,1,1,0,0,1,0,2,1,2,1,1,4,1
17354,2,1,2,1,1,0,0,1,0,2,1,3,1,1,4,1
17355,2,1,2,1,1,0,0,1,0,2,2,1,1,1,4,1
17356,2,1,2,1,1,0,0,1,0,2,2,2,1,1,4,1
17357,2,1,2,1,1,0,0,1,0,2,2,3,1,1,4,1
17358,2,1,2,1,1,0,0,1,0,3,1,1,1,1,4,1
17359,2,1,2,1,1,0,0,1,0,3,1,2,1,1,4,1
17360,2,1,2,1,1,0,0,1,0,3,1,3,1,1,4,1
17361,2,1,2,1,1,0,0,1,0,3,2,1,1,1,4,1
17362,2,1,2,1,1,0,0,1,0,3,2,2,1,1,4,1
17363,2,1,2,1,1,0,0,1,0,3,2,3,1,1,4,1
17364,2,1,2,1,1,0,0,1,0,4,1,1,1,1,4,1
17365,2,1,2,1,1,0,0,1,0,4,1,2,1,1,4,1
17366,2,1,2,1,1,0,0,1,0,4,1,3,1,1,4,1
17367,2,1,2,1,1,0,0,1,0,4,2,1,1,1,4,1
17368,2,1,2,1,1,0,0,1,0,4,2,2,1,1,4,1
17369,2,1,2,1,1,0,0,1,0,4,2,3,1,1,4,1
17370,2,1,2,1,1,0,0,1,1,0,1,1,0,1,4,1
17371,2,1,2,1,1,0,0,1,1,0,1,2,0,1,4,1
17372,2,1,2,1,1,0,0,1,1,0,1,3,0,1,4,1
17373,2,1,2,1,1,0,0,1,1,0,2,1,0,1,4,1
17374,2,1,2,1,1,0,0,1,1,0,2,2,0,1,4,1
17375,2,1,2,1,1,0,0,1,1,0,2,3,0,1,4,1
17376,2,1,2,1,1,0,0,1,1,1,1,1,0,1,4,1
17377,2,1,2,1,1,0,0,1,1,1,1,2,0,1,4,1
17378,2,1,2,1,1,0,0,1,1,1,1,3,0,1,4,1
17379,2,1,2,1,1,0,0,1,1,1,2,1,0,1,4,1
17380,2,1,2,1,1,0,0,1,1,1,2,2,0,1,4,1
17381,2,1,2,1,1,0,0,1,1,1,2,3,0,1,4,1
17382,2,1,2,1,1,0,0,1,1,2,1,1,0,1,4,1
17383,2,1,2,1,1,0,0,1,1,2,1,2,0,1,4,1
17384,2,1,2,1,1,0,0,1,1,2,1,3,0,1,4,1
17385,2,1,2,1,1,0,0,1,1,2,2,1,0,1,4,1
17386,2,1,2,1,1,0,0,1,1,2,2,2,0,1,4,1
17387,2,1,2,1,1,0,0,1,1,2,2,3,0,1,4,1
17388,2,1,2,1,1,0,0,1,1,3,1,1,0,1,4,1
17389,2,1,2,1,1,0,0,1,1,3,1,2,0,1,4,1
17390,2,1,2,1,1,0,0,1,1,3,1,3,0,1,4,1
17391,2,1,2,1,1,0,0,1,1,3,2,1,0,1,4,1
17392,2,1,2,1,1,0,0,1,1,3,2,2,0,1,4,1
17393,2,1,2,1,1,0,0,1,1,3,2,3,0,1,4,1
17394,2,1,2,1,1,0,0,1,1,4,1,1,0,1,4,1
17395,2,1,2,1,1,0,0,1,1,4,1,2,0,1,4,1
17396,2,1,2,1,1,0,0,1,1,4,1,3,0,1,4,1
17397,2,1,2,1,1,0,0,1,1,4,2,1,0,1,4,1
17398,2,1,2,1,1,0,0,1,1,4,2,2,0,1,4,1
17399,2,1,2,1,1,0,0,1,1,4,2,3,0,1,4,1
17400,2,1,2,1,1,0,1,0,0,0,1,1,,0,4,0
17401,2,1,2,1,1,0,1,0,0,0,1,2,,0,4,0
17402,2,1,2,1,1,0,1,0,0,0,1,3,,0,4,0
17403,2,1,2,1,1,0,1,0,0,0,2,1,,0,4,0
17404,2,1,2,1,1,0,1,0,0,0,2,2,,0,4,0
17405,2,1,2,1,1,0,1,0,0,0,2,3,,0,4,0
17406,2,1,2,1,1,0,1,0,0,1,1,1,,0,5,0
17407,2,1,2,1,1,0,1,0,0,1,1,2,1,1,5,1
17408,2,1,2,1,1,0,1,0,0,1,1,3,1,1,5,1
17409,2,1,2,1,1,0,1,0,0,1,2,1,,0,5,0
17410,2,1,2,1,1,0,1,0,0,1,2,2,,0,5,0
17411,2,1,2,1,1,0,1,0,0,1,2,3,1,1,5,1
17412,2,1,2,1,1,0,1,0,0,2,1,1,,0,6,0
17413,2,1,2,1,1,0,1,0,0,2,1,2,1,1,6,1
17414,2,1,2,1,1,0,1,0,0,2,1,3,1,1,6,1
17415,2,1,2,1,1,0,1,0,0,2,2,1,,0,6,0
17416,2,1,2,1,1,0,1,0,0,2,2,2,,0,6,0
17417,2,1,2,1,1,0,1,0,0,2,2,3,1,1,6,1
17418,2,1,2,1,1,0,1,0,0,3,1,1,,0,6,0
17419,2,1,2,1,1,0,1,0,0,3,1,2,1,1,6,1
17420,2,1,2,1,1,0,1,0,0,3,1,3,1,1,6,1
17421,2,1,2,1,1,0,1,0,0,3,2,1,,0,6,0
17422,2,1,2,1,1,0,1,0,0,3,2,2,,0,6,0
17423,2,1,2,1,1,0,1,0,0,3,2,3,1,1,6,1
17424,2,1,2,1,1,0,1,0,0,4,1,1,,0,6,0
17425,2,1,2,1,1,0,1,0,0,4,1,2,1,1,6,1
17426,2,1,2,1,1,0,1,0,0,4,1,3,1,1,6,1
17427,2,1,2,1,1,0,1,0,0,4,2,1,,0,6,0
17428,2,1,2,1,1,0,1,0,0,4,2,2,,0,6,0
17429,2,1,2,1,1,0,1,0,0,4,2,3,1,1,6,1
17430,2,1,2,1,1,0,1,0,1,0,1,1,0,1,4,1
17431,2,1,2,1,1,0,1,0,1,0,1,2,0,1,4,1
17432,2,1,2,1,1,0,1,0,1,0,1,3,0,1,4,1
17433,2,1,2,1,1,0,1,0,1,0,2,1,0,1,4,1
17434,2,1,2,1,1,0,1,0,1,0,2,2,0,1,4,1
17435,2,1,2,1,1,0,1,0,1,0,2,3,0,1,4,1
17436,2,1,2,1,1,0,1,0,1,1,1,1,0,1,5,1
17437,2,1,2,1,1,0,1,0,1,1,1,2,0,1,5,1
17438,2,1,2,1,1,0,1,0,1,1,1,3,0,1,5,1
17439,2,1,2,1,1,0,1,0,1,1,2,1,0,1,5,1
17440,2,1,2,1,1,0,1,0,1,1,2,2,0,1,5,1
17441,2,1,2,1,1,0,1,0,1,1,2,3,0,1,5,1
17442,2,1,2,1,1,0,1,0,1,2,1,1,0,1,6,1
17443,2,1,2,1,1,0,1,0,1,2,1,2,0,1,6,1
17444,2,1,2,1,1,0,1,0,1,2,1,3,0,1,6,1
17445,2,1,2,1,1,0,1,0,1,2,2,1,0,1,6,1
17446,2,1,2,1,1,0,1,0,1,2,2,2,0,1,6,1
17447,2,1,2,1,1,0,1,0,1,2,2,3,0,1,6,1
17448,2,1,2,1,1,0,1,0,1,3,1,1,0,1,6,1
17449,2,1,2,1,1,0,1,0,1,3,1,2,0,1,6,1
17450,2,1,2,1,1,0,1,0,1,3,1,3,0,1,6,1
17451,2,1,2,1,1,0,1,0,1,3,2,1,0,1,6,1
17452,2,1,2,1,1,0,1,0,1,3,2,2,0,1,6,1
17453,2,1,2,1,1,0,1,0,1,3,2,3,0,1,6,1
17454,2,1,2,1,1,0,1,0,1,4,1,1,0,1,6,1
17455,2,1,2,1,1,0,1,0,1,4,1,2,0,1,6,1
17456,2,1,2,1,1,0,1,0,1,4,1,3,0,1,6,1
17457,2,1,2,1,1,0,1,0,1,4,2,1,0,1,6,1
17458,2,1,2,1,1,0,1,0,1,4,2,2,0,1,6,1
17459,2,1,2,1,1,0,1,0,1,4,2,3,0,1,6,1
17460,2,1,2,1,1,0,1,1,0,0,1,1,,0,4,0
17461,2,1,2,1,1,0,1,1,0,0,1,2,,0,4,0
17462,2,1,2,1,1,0,1,1,0,0,1,3,,0,4,0
17463,2,1,2,1,1,0,1,1,0,0,2,1,,0,4,0
17464,2,1,2,1,1,0,1,1,0,0,2,2,,0,4,0
17465,2,1,2,1,1,0,1,1,0,0,2,3,,0,4,0
17466,2,1,2,1,1,0,1,1,0,1,1,1,,0,5,0
17467,2,1,2,1,1,0,1,1,0,1,1,2,1,1,5,1
17468,2,1,2,1,1,0,1,1,0,1,1,3,1,1,5,1
17469,2,1,2,1,1,0,1,1,0,1,2,1,,0,5,0
17470,2,1,2,1,1,0,1,1,0,1,2,2,,0,5,0
17471,2,1,2,1,1,0,1,1,0,1,2,3,1,1,5,1
17472,2,1,2,1,1,0,1,1,0,2,1,1,,0,6,0
17473,2,1,2,1,1,0,1,1,0,2,1,2,1,1,6,1
17474,2,1,2,1,1,0,1,1,0,2,1,3,1,1,6,1
17475,2,1,2,1,1,0,1,1,0,2,2,1,,0,6,0
17476,2,1,2,1,1,0,1,1,0,2,2,2,,0,6,0
17477,2,1,2,1,1,0,1,1,0,2,2,3,1,1,6,1
17478,2,1,2,1,1,0,1,1,0,3,1,1,,0,6,0
17479,2,1,2,1,1,0,1,1,0,3,1,2,1,1,6,1
17480,2,1,2,1,1,0,1,1,0,3,1,3,1,1,6,1
17481,2,1,2,1,1,0,1,1,0,3,2,1,,0,6,0
17482,2,1,2,1,1,0,1,1,0,3,2,2,,0,6,0
17483,2,1,2,1,1,0,1,1,0,3,2,3,1,1,6,1
17484,2,1,2,1,1,0,1,1,0,4,1,1,,0,6,0
17485,2,1,2,1,1,0,1,1,0,4,1,2,1,1,6,1
17486,2,1,2,1,1,0,1,1,0,4,1,3,1,1,6,1
17487,2,1,2,1,1,0,1,1,0,4,2,1,,0,6,0
17488,2,1,2,1,1,0,1,1,0,4,2,2,,0,6,0
17489,2,1,2,1,1,0,1,1,0,4,2,3,1,1,6,1
17490,2,1,2,1,1,0,1,1,1,0,1,1,0,1,4,1
17491,2,1,2,1,1,0,1,1,1,0,1,2,0,1,4,1
17492,2,1,2,1,1,0,1,1,1,0,1,3,0,1,4,1
17493,2,1,2,1,1,0,1,1,1,0,2,1,0,1,4,1
17494,2,1,2,1,1,0,1,1,1,0,2,2,0,1,4,1
17495,2,1,2,1,1,0,1,1,1,0,2,3,0,1,4,1
17496,2,1,2,1,1,0,1,1,1,1,1,1,0,1,5,1
17497,2,1,2,1,1,0,1,1,1,1,1,2,0,1,5,1
17498,2,1,2,1,1,0,1,1,1,1,1,3,0,1,5,1
17499,2,1,2,1,1,0,1,1,1,1,2,1,0,1,5,1
17500,2,1,2,1,1,0,1,1,1,1,2,2,0,1,5,1
17501,2,1,2,1,1,0,1,1,1,1,2,3,0,1,5,1
17502,2,1,2,1,1,0,1,1,1,2,1,1,0,1,6,1
17503,2,1,2,1,1,0,1,1,1,2,1,2,0,1,6,1
17504,2,1,2,1,1,0,1,1,1,2,1,3,0,1,6,1
17505,2,1,2,1,1,0,1,1,1,2,2,1,0,1,6,1
17506,2,1,2,1,1,0,1,1,1,2,2,2,0,1,6,1
17507,2,1,2,1,1,0,1,1,1,2,2,3,0,1,6,1
17508,2,1,2,1,1,0,1,1,1,3,1,1,0,1,6,1
17509,2,1,2,1,1,0,1,1,1,3,1,2,0,1,6,1
17510,2,1,2,1,1,0,1,1,1,3,1,3,0,1,6,1
17511,2,1,2,1,1,0,1,1,1,3,2,1,0,1,6,1
17512,2,1,2,1,1,0,1,1,1,3,2,2,0,1,6,1
17513,2,1,2,1,1,0,1,1,1,3,2,3,0,1,6,1
17514,2,1,2,1,1,0,1,1,1,4,1,1,0,1,6,1
17515,2,1,2,1,1,0,1,1,1,4,1,2,0,1,6,1
17516,2,1,2,1,1,0,1,1,1,4,1,3,0,1,6,1
17517,2,1,2,1,1,0,1,1,1,4,2,1,0,1,6,1
17518,2,1,2,1,1,0,1,1,1,4,2,2,0,1,6,1
17519,2,1,2,1,1,0,1,1,1,4,2,3,0,1,6,1
17520,2,1,2,1,1,1,0,0,0,0,1,1,,0,4,0
17521,2,1,2,1,1,1,0,0,0,0,1,2,,0,4,0
17522,2,1,2,1,1,1,0,0,0,0,1,3,,0,4,0
17523,2,1,2,1,1,1,0,0,0,0,2,1,,0,4,0
17524,2,1,2,1,1,1,0,0,0,0,2,2,,0,4,0
17525,2,1,2,1,1,1,0,0,0,0,2,3,,0,4,0
17526,2,1,2,1,1,1,0,0,0,1,1,1,,0,5,0
17527,2,1,2,1,1,1,0,0,0,1,1,2,,0,5,0
17528,2,1,2,1,1,1,0,0,0,1,1,3,,0,5,0
17529,2,1,2,1,1,1,0,0,0,1,2,1,,0,5,0
17530,2,1,2,1,1,1,0,0,0,1,2,2,,0,5,0
17531,2,1,2,1,1,1,0,0,0,1,2,3,,0,5,0
17532,2,1,2,1,1,1,0,0,0,2,1,1,2,1,5,1
17533,2,1,2,1,1,1,0,0,0,2,1,2,2,1,5,1
17534,2,1,2,1,1,1,0,0,0,2,1,3,2,1,5,1
17535,2,1,2,1,1,1,0,0,0,2,2,1,2,1,5,1
17536,2,1,2,1,1,1,0,0,0,2,2,2,2,1,5,1
17537,2,1,2,1,1,1,0,0,0,2,2,3,2,1,5,1
17538,2,1,2,1,1,1,0,0,0,3,1,1,2,1,5,1
17539,2,1,2,1,1,1,0,0,0,3,1,2,2,1,5,1
17540,2,1,2,1,1,1,0,0,0,3,1,3,2,1,5,1
17541,2,1,2,1,1,1,0,0,0,3,2,1,2,1,5,1
17542,2,1,2,1,1,1,0,0,0,3,2,2,2,1,5,1
17543,2,1,2,1,1,1,0,0,0,3,2,3,2,1,5,1
17544,2,1,2,1,1,1,0,0,0,4,1,1,2,1,5,1
17545,2,1,2,1,1,1,0,0,0,4,1,2,2,1,5,1
17546,2,1,2,1,1,1,0,0,0,4,1,3,2,1,5,1
17547,2,1,2,1,1,1,0,0,0,4,2,1,2,1,5,1
17548,2,1,2,1,1,1,0,0,0,4,2,2,2,1,5,1
17549,2,1,2,1,1,1,0,0,0,4,2,3,2,1,5,1
17550,2,1,2,1,1,1,0,0,1,0,1,1,0,1,4,1
17551,2,1,2,1,1,1,0,0,1,0,1,2,0,1,4,1
17552,2,1,2,1,1,1,0,0,1,0,1,3,0,1,4,1
17553,2,1,2,1,1,1,0,0,1,0,2,1,0,1,4,1
17554,2,1,2,1,1,1,0,0,1,0,2,2,0,1,4,1
17555,2,1,2,1,1,1,0,0,1,0,2,3,0,1,4,1
17556,2,1,2,1,1,1,0,0,1,1,1,1,0,1,5,1
17557,2,1,2,1,1,1,0,0,1,1,1,2,0,1,5,1
17558,2,1,2,1,1,1,0,0,1,1,1,3,0,1,5,1
17559,2,1,2,1,1,1,0,0,1,1,2,1,0,1,5,1
17560,2,1,2,1,1,1,0,0,1,1,2,2,0,1,5,1
17561,2,1,2,1,1,1,0,0,1,1,2,3,0,1,5,1
17562,2,1,2,1,1,1,0,0,1,2,1,1,0,1,5,1
17563,2,1,2,1,1,1,0,0,1,2,1,2,0,1,5,1
17564,2,1,2,1,1,1,0,0,1,2,1,3,0,1,5,1
17565,2,1,2,1,1,1,0,0,1,2,2,1,0,1,5,1
17566,2,1,2,1,1,1,0,0,1,2,2,2,0,1,5,1
17567,2,1,2,1,1,1,0,0,1,2,2,3,0,1,5,1
17568,2,1,2,1,1,1,0,0,1,3,1,1,0,1,5,1
17569,2,1,2,1,1,1,0,0,1,3,1,2,0,1,5,1
17570,2,1,2,1,1,1,0,0,1,3,1,3,0,1,5,1
17571,2,1,2,1,1,1,0,0,1,3,2,1,0,1,5,1
17572,2,1,2,1,1,1,0,0,1,3,2,2,0,1,5,1
17573,2,1,2,1,1,1,0,0,1,3,2,3,0,1,5,1
17574,2,1,2,1,1,1,0,0,1,4,1,1,0,1,5,1
17575,2,1,2,1,1,1,0,0,1,4,1,2,0,1,5,1
17576,2,1,2,1,1,1,0,0,1,4,1,3,0,1,5,1
17577,2,1,2,1,1,1,0,0,1,4,2,1,0,1,5,1
17578,2,1,2,1,1,1,0,0,1,4,2,2,0,1,5,1
17579,2,1,2,1,1,1,0,0,1,4,2,3,0,1,5,1
17580,2,1,2,1,1,1,0,1,0,0,1,1,,0,4,0
17581,2,1,2,1,1,1,0,1,0,0,1,2,,0,4,0
17582,2,1,2,1,1,1,0,1,0,0,1,3,,0,4,0
17583,2,1,2,1,1,1,0,1,0,0,2,1,,0,4,0
17584,2,1,2,1,1,1,0,1,0,0,2,2,,0,4,0
17585,2,1,2,1,1,1,0,1,0,0,2,3,,0,4,0
17586,2,1,2,1,1,1,0,1,0,1,1,1,1,1,5,1
17587,2,1,2,1,1,1,0,1,0,1,1,2,1,1,5,1
17588,2,1,2,1,1,1,0,1,0,1,1,3,1,1,5,1
17589,2,1,2,1,1,1,0,1,0,1,2,1,1,1,5,1
17590,2,1,2,1,1,1,0,1,0,1,2,2,1,1,5,1
17591,2,1,2,1,1,1,0,1,0,1,2,3,1,1,5,1
17592,2,1,2,1,1,1,0,1,0,2,1,1,1,1,5,1
17593,2,1,2,1,1,1,0,1,0,2,1,2,1,1,5,1
17594,2,1,2,1,1,1,0,1,0,2,1,3,1,1,5,1
17595,2,1,2,1,1,1,0,1,0,2,2,1,1,1,5,1
17596,2,1,2,1,1,1,0,1,0,2,2,2,1,1,5,1
17597,2,1,2,1,1,1,0,1,0,2,2,3,1,1,5,1
17598,2,1,2,1,1,1,0,1,0,3,1,1,1,1,5,1
17599,2,1,2,1,1,1,0,1,0,3,1,2,1,1,5,1
17600,2,1,2,1,1,1,0,1,0,3,1,3,1,1,5,1
17601,2,1,2,1,1,1,0,1,0,3,2,1,1,1,5,1
17602,2,1,2,1,1,1,0,1,0,3,2,2,1,1,5,1
17603,2,1,2,1,1,1,0,1,0,3,2,3,1,1,5,1
17604,2,1,2,1,1,1,0,1,0,4,1,1,1,1,5,1
17605,2,1,2,1,1,1,0,1,0,4,1,2,1,1,5,1
17606,2,1,2,1,1,1,0,1,0,4,1,3,1,1,5,1
17607,2,1,2,1,1,1,0,1,0,4,2,1,1,1,5,1
17608,2,1,2,1,1,1,0,1,0,4,2,2,1,1,5,1
17609,2,1,2,1,1,1,0,1,0,4,2,3,1,1,5,1
17610,2,1,2,1,1,1,0,1,1,0,1,1,0,1,4,1
17611,2,1,2,1,1,1,0,1,1,0,1,2,0,1,4,1
17612,2,1,2,1,1,1,0,1,1,0,1,3,0,1,4,1
17613,2,1,2,1,1,1,0,1,1,0,2,1,0,1,4,1
17614,2,1,2,1,1,1,0,1,1,0,2,2,0,1,4,1
17615,2,1,2,1,1,1,0,1,1,0,2,3,0,1,4,1
17616,2,1,2,1,1,1,0,1,1,1,1,1,0,1,5,1
17617,2,1,2,1,1,1,0,1,1,1,1,2,0,1,5,1
17618,2,1,2,1,1,1,0,1,1,1,1,3,0,1,5,1
17619,2,1,2,1,1,1,0,1,1,1,2,1,0,1,5,1
17620,2,1,2,1,1,1,0,1,1,1,2,2,0,1,5,1
17621,2,1,2,1,1,1,0,1,1,1,2,3,0,1,5,1
17622,2,1,2,1,1,1,0,1,1,2,1,1,0,1,5,1
17623,2,1,2,1,1,1,0,1,1,2,1,2,0,1,5,1
17624,2,1,2,1,1,1,0,1,1,2,1,3,0,1,5,1
17625,2,1,2,1,1,1,0,1,1,2,2,1,0,1,5,1
17626,2,1,2,1,1,1,0,1,1,2,2,2,0,1,5,1
17627,2,1,2,1,1,1,0,1,1,2,2,3,0,1,5,1
17628,2,1,2,1,1,1,0,1,1,3,1,1,0,1,5,1
17629,2,1,2,1,1,1,0,1,1,3,1,2,0,1,5,1
17630,2,1,2,1,1,1,0,1,1,3,1,3,0,1,5,1
17631,2,1,2,1,1,1,0,1,1,3,2,1,0,1,5,1
17632,2,1,2,1,1,1,0,1,1,3,2,2,0,1,5,1
17633,2,1,2,1,1,1,0,1,1,3,2,3,0,1,5,1
17634,2,1,2,1,1,1,0,1,1,4,1,1,0,1,5,1
17635,2,1,2,1,1,1,0,1,1,4,1,2,0,1,5,1
17636,2,1,2,1,1,1,0,1,1,4,1,3,0,1,5,1
17637,2,1,2,1,1,1,0,1,1,4,2,1,0,1,5,1
17638,2,1,2,1,1,1,0,1,1,4,2,2,0,1,5,1
17639,2,1,2,1,1,1,0,1,1,4,2,3,0,1,5,1
17640,2,1,2,1,1,1,1,0,0,0,1,1,,0,4,0
17641,2,1,2,1,1,1,1,0,0,0,1,2,,0,4,0
17642,2,1,2,1,1,1,1,0,0,0,1,3,,0,4,0
17643,2,1,2,1,1,1,1,0,0,0,2,1,,0,4,0
17644,2,1,2,1,1,1,1,0,0,0,2,2,,0,4,0
17645,2,1,2,1,1,1,1,0,0,0,2,3,,0,4,0
17646,2,1,2,1,1,1,1,0,0,1,1,1,,0,5,0
17647,2,1,2,1,1,1,1,0,0,1,1,2,,0,6,0
17648,2,1,2,1,1,1,1,0,0,1,1,3,,0,6,0
17649,2,1,2,1,1,1,1,0,0,1,2,1,,0,5,0
17650,2,1,2,1,1,1,1,0,0,1,2,2,,0,5,0
17651,2,1,2,1,1,1,1,0,0,1,2,3,,0,6,0
17652,2,1,2,1,1,1,1,0,0,2,1,1,,0,6,0
17653,2,1,2,1,1,1,1,0,0,2,1,2,2,1,7,1
17654,2,1,2,1,1,1,1,0,0,2,1,3,2,1,7,1
17655,2,1,2,1,1,1,1,0,0,2,2,1,,0,6,0
17656,2,1,2,1,1,1,1,0,0,2,2,2,,0,6,0
17657,2,1,2,1,1,1,1,0,0,2,2,3,2,1,7,1
17658,2,1,2,1,1,1,1,0,0,3,1,1,,0,6,0
17659,2,1,2,1,1,1,1,0,0,3,1,2,2,1,7,1
17660,2,1,2,1,1,1,1,0,0,3,1,3,2,1,7,1
17661,2,1,2,1,1,1,1,0,0,3,2,1,,0,6,0
17662,2,1,2,1,1,1,1,0,0,3,2,2,,0,6,0
17663,2,1,2,1,1,1,1,0,0,3,2,3,2,1,7,1
17664,2,1,2,1,1,1,1,0,0,4,1,1,,0,6,0
17665,2,1,2,1,1,1,1,0,0,4,1,2,2,1,7,1
17666,2,1,2,1,1,1,1,0,0,4,1,3,2,1,7,1
17667,2,1,2,1,1,1,1,0,0,4,2,1,,0,6,0
17668,2,1,2,1,1,1,1,0,0,4,2,2,,0,6,0
17669,2,1,2,1,1,1,1,0,0,4,2,3,2,1,7,1
17670,2,1,2,1,1,1,1,0,1,0,1,1,0,1,4,1
17671,2,1,2,1,1,1,1,0,1,0,1,2,0,1,4,1
17672,2,1,2,1,1,1,1,0,1,0,1,3,0,1,4,1
17673,2,1,2,1,1,1,1,0,1,0,2,1,0,1,4,1
17674,2,1,2,1,1,1,1,0,1,0,2,2,0,1,4,1
17675,2,1,2,1,1,1,1,0,1,0,2,3,0,1,4,1
17676,2,1,2,1,1,1,1,0,1,1,1,1,0,1,6,1
17677,2,1,2,1,1,1,1,0,1,1,1,2,0,1,6,1
17678,2,1,2,1,1,1,1,0,1,1,1,3,0,1,6,1
17679,2,1,2,1,1,1,1,0,1,1,2,1,0,1,6,1
17680,2,1,2,1,1,1,1,0,1,1,2,2,0,1,6,1
17681,2,1,2,1,1,1,1,0,1,1,2,3,0,1,6,1
17682,2,1,2,1,1,1,1,0,1,2,1,1,0,1,7,1
17683,2,1,2,1,1,1,1,0,1,2,1,2,0,1,7,1
17684,2,1,2,1,1,1,1,0,1,2,1,3,0,1,7,1
17685,2,1,2,1,1,1,1,0,1,2,2,1,0,1,7,1
17686,2,1,2,1,1,1,1,0,1,2,2,2,0,1,7,1
17687,2,1,2,1,1,1,1,0,1,2,2,3,0,1,7,1
17688,2,1,2,1,1,1,1,0,1,3,1,1,0,1,7,1
17689,2,1,2,1,1,1,1,0,1,3,1,2,0,1,7,1
17690,2,1,2,1,1,1,1,0,1,3,1,3,0,1,7,1
17691,2,1,2,1,1,1,1,0,1,3,2,1,0,1,7,1
17692,2,1,2,1,1,1,1,0,1,3,2,2,0,1,7,1
17693,2,1,2,1,1,1,1,0,1,3,2,3,0,1,7,1
17694,2,1,2,1,1,1,1,0,1,4,1,1,0,1,7,1
17695,2,1,2,1,1,1,1,0,1,4,1,2,0,1,7,1
17696,2,1,2,1,1,1,1,0,1,4,1,3,0,1,7,1
17697,2,1,2,1,1,1,1,0,1,4,2,1,0,1,7,1
17698,2,1,2,1,1,1,1,0,1,4,2,2,0,1,7,1
17699,2,1,2,1,1,1,1,0,1,4,2,3,0,1,7,1
17700,2,1,2,1,1,1,1,1,0,0,1,1,,0,4,0
17701,2,1,2,1,1,1,1,1,0,0,1,2,,0,4,0
17702,2,1,2,1,1,1,1,1,0,0,1,3,,0,4,0
17703,2,1,2,1,1,1,1,1,0,0,2,1,,0,4,0
17704,2,1,2,1,1,1,1,1,0,0,2,2,,0,4,0
17705,2,1,2,1,1,1,1,1,0,0,2,3,,0,4,0
17706,2,1,2,1,1,1,1,1,0,1,1,1,,0,5,0
17707,2,1,2,1,1,1,1,1,0,1,1,2,1,1,7,1
17708,2,1,2,1,1,1,1,1,0,1,1,3,1,1,7,1
17709,2,1,2,1,1,1,1,1,0,1,2,1,,0,5,0
17710,2,1,2,1,1,1,1,1,0,1,2,2,,0,5,0
17711,2,1,2,1,1,1,1,1,0,1,2,3,1,1,7,1
17712,2,1,2,1,1,1,1,1,0,2,1,1,,0,6,0
17713,2,1,2,1,1,1,1,1,0,2,1,2,1,1,8,1
17714,2,1,2,1,1,1,1,1,0,2,1,3,1,1,8,1
17715,2,1,2,1,1,1,1,1,0,2,2,1,,0,6,0
17716,2,1,2,1,1,1,1,1,0,2,2,2,,0,6,0
17717,2,1,2,1,1,1,1,1,0,2,2,3,1,1,8,1
17718,2,1,2,1,1,1,1,1,0,3,1,1,,0,6,0
17719,2,1,2,1,1,1,1,1,0,3,1,2,1,1,8,1
17720,2,1,2,1,1,1,1,1,0,3,1,3,1,1,8,1
17721,2,1,2,1,1,1,1,1,0,3,2,1,,0,6,0
17722,2,1,2,1,1,1,1,1,0,3,2,2,,0,6,0
17723,2,1,2,1,1,1,1,1,0,3,2,3,1,1,8,1
17724,2,1,2,1,1,1,1,1,0,4,1,1,,0,6,0
17725,2,1,2,1,1,1,1,1,0,4,1,2,1,1,8,1
17726,2,1,2,1,1,1,1,1,0,4,1,3,1,1,8,1
17727,2,1,2,1,1,1,1,1,0,4,2,1,,0,6,0
17728,2,1,2,1,1,1,1,1,0,4,2,2,,0,6,0
17729,2,1,2,1,1,1,1,1,0,4,2,3,1,1,8,1
17730,2,1,2,1,1,1,1,1,1,0,1,1,0,1,4,1
17731,2,1,2,1,1,1,1,1,1,0,1,2,0,1,4,1
17732,2,1,2,1,1,1,1,1,1,0,1,3,0,1,4,1
17733,2,1,2,1,1,1,1,1,1,0,2,1,0,1,4,1
17734,2,1,2,1,1,1,1,1,1,0,2,2,0,1,4,1
17735,2,1,2,1,1,1,1,1,1,0,2,3,0,1,4,1
17736,2,1,2,1,1,1,1,1,1,1,1,1,0,1,7,1
17737,2,1,2,1,1,1,1,1,1,1,1,2,0,1,7,1
17738,2,1,2,1,1,1,1,1,1,1,1,3,0,1,7,1
17739,2,1,2,1,1,1,1,1,1,1,2,1,0,1,7,1
17740,2,1,2,1,1,1,1,1,1,1,2,2,0,1,7,1
17741,2,1,2,1,1,1,1,1,1,1,2,3,0,1,7,1
17742,2,1,2,1,1,1,1,1,1,2,1,1,0,1,8,1
17743,2,1,2,1,1,1,1,1,1,2,1,2,0,1,8,1
17744,2,1,2,1,1,1,1,1,1,2,1,3,0,1,8,1
17745,2,1,2,1,1,1,1,1,1,2,2,1,0,1,8,1
17746,2,1,2,1,1,1,1,1,1,2,2,2,0,1,8,1
17747,2,1,2,1,1,1,1,1,1,2,2,3,0,1,8,1
17748,2,1,2,1,1,1,1,1,1,3,1,1,0,1,8,1
17749,2,1,2,1,1,1,1,1,1,3,1,2,0,1,8,1
17750,2,1,2,1,1,1,1,1,1,3,1,3,0,1,8,1
17751,2,1,2,1,1,1,1,1,1,3,2,1,0,1,8,1
17752,2,1,2,1,1,1,1,1,1,3,2,2,0,1,8,1
17753,2,1,2,1,1,1,1,1,1,3,2,3,0,1,8,1
17754,2,1,2,1,1,1,1,1,1,4,1,1,0,1,8,1
17755,2,1,2,1,1,1,1,1,1,4,1,2,0,1,8,1
17756,2,1,2,1,1,1,1,1,1,4,1,3,0,1,8,1
17757,2,1,2,1,1,1,1,1,1,4,2,1,0,1,8,1
17758,2,1,2,1,1,1,1,1,1,4,2,2,0,1,8,1
17759,2,1,2,1,1,1,1,1,1,4,2,3,0,1,8,1
17760,2,1,2,1,2,0,0,0,0,0,1,1,,0,4,0
17761,2,1,2,1,2,0,0,0,0,0,1,2,,0,4,0
17762,2,1,2,1,2,0,0,0,0,0,1,3,,0,4,0
17763,2,1,2,1,2,0,0,0,0,0,2,1,,0,4,0
17764,2,1,2,1,2,0,0,0,0,0,2,2,,0,4,0
17765,2,1,2,1,2,0,0,0,0,0,2,3,,0,4,0
17766,2,1,2,1,2,0,0,0,0,1,1,1,1,1,4,1
17767,2,1,2,1,2,0,0,0,0,1,1,2,1,1,4,1
17768,2,1,2,1,2,0,0,0,0,1,1,3,1,1,4,1
17769,2,1,2,1,2,0,0,0,0,1,2,1,1,1,4,1
17770,2,1,2,1,2,0,0,0,0,1,2,2,1,1,4,1
17771,2,1,2,1,2,0,0,0,0,1,2,3,1,1,4,1
17772,2,1,2,1,2,0,0,0,0,2,1,1,1,1,4,1
17773,2,1,2,1,2,0,0,0,0,2,1,2,1,1,4,1
17774,2,1,2,1,2,0,0,0,0,2,1,3,1,1,4,1
17775,2,1,2,1,2,0,0,0,0,2,2,1,1,1,4,1
17776,2,1,2,1,2,0,0,0,0,2,2,2,1,1,4,1
17777,2,1,2,1,2,0,0,0,0,2,2,3,1,1,4,1
17778,2,1,2,1,2,0,0,0,0,3,1,1,1,1,4,1
17779,2,1,2,1,2,0,0,0,0,3,1,2,1,1,4,1
17780,2,1,2,1,2,0,0,0,0,3,1,3,1,1,4,1
17781,2,1,2,1,2,0,0,0,0,3,2,1,1,1,4,1
17782,2,1,2,1,2,0,0,0,0,3,2,2,1,1,4,1
17783,2,1,2,1,2,0,0,0,0,3,2,3,1,1,4,1
17784,2,1,2,1,2,0,0,0,0,4,1,1,1,1,4,1
17785,2,1,2,1,2,0,0,0,0,4,1,2,1,1,4,1
17786,2,1,2,1,2,0,0,0,0,4,1,3,1,1,4,1
17787,2,1,2,1,2,0,0,0,0,4,2,1,1,1,4,1
17788,2,1,2,1,2,0,0,0,0,4,2,2,1,1,4,1
17789,2,1,2,1,2,0,0,0,0,4,2,3,1,1,4,1
17790,2,1,2,1,2,0,0,0,1,0,1,1,0,1,4,1
17791,2,1,2,1,2,0,0,0,1,0,1,2,0,1,4,1
17792,2,1,2,1,2,0,0,0,1,0,1,3,0,1,4,1
17793,2,1,2,1,2,0,0,0,1,0,2,1,0,1,4,1
17794,2,1,2,1,2,0,0,0,1,0,2,2,0,1,4,1
17795,2,1,2,1,2,0,0,0,1,0,2,3,0,1,4,1
17796,2,1,2,1,2,0,0,0,1,1,1,1,0,1,4,1
17797,2,1,2,1,2,0,0,0,1,1,1,2,0,1,4,1
17798,2,1,2,1,2,0,0,0,1,1,1,3,0,1,4,1
17799,2,1,2,1,2,0,0,0,1,1,2,1,0,1,4,1
17800,2,1,2,1,2,0,0,0,1,1,2,2,0,1,4,1
17801,2,1,2,1,2,0,0,0,1,1,2,3,0,1,4,1
17802,2,1,2,1,2,0,0,0,1,2,1,1,0,1,4,1
17803,2,1,2,1,2,0,0,0,1,2,1,2,0,1,4,1
17804,2,1,2,1,2,0,0,0,1,2,1,3,0,1,4,1
17805,2,1,2,1,2,0,0,0,1,2,2,1,0,1,4,1
17806,2,1,2,1,2,0,0,0,1,2,2,2,0,1,4,1
17807,2,1,2,1,2,0,0,0,1,2,2,3,0,1,4,1
17808,2,1,2,1,2,0,0,0,1,3,1,1,0,1,4,1
17809,2,1,2,1,2,0,0,0,1,3,1,2,0,1,4,1
17810,2,1,2,1,2,0,0,0,1,3,1,3,0,1,4,1
17811,2,1,2,1,2,0,0,0,1,3,2,1,0,1,4,1
17812,2,1,2,1,2,0,0,0,1,3,2,2,0,1,4,1
17813,2,1,2,1,2,0,0,0,1,3,2,3,0,1,4,1
17814,2,1,2,1,2,0,0,0,1,4,1,1,0,1,4,1
17815,2,1,2,1,2,0,0,0,1,4,1,2,0,1,4,1
17816,2,1,2,1,2,0,0,0,1,4,1,3,0,1,4,1
17817,2,1,2,1,2,0,0,0,1,4,2,1,0,1,4,1
17818,2,1,2,1,2,0,0,0,1,4,2,2,0,1,4,1
17819,2,1,2,1,2,0,0,0,1,4,2,3,0,1,4,1
17820,2,1,2,1,2,0,0,1,0,0,1,1,,0,4,0
17821,2,1,2,1,2,0,0,1,0,0,1,2,,0,4,0
17822,2,1,2,1,2,0,0,1,0,0,1,3,,0,4,0
17823,2,1,2,1,2,0,0,1,0,0,2,1,,0,4,0
17824,2,1,2,1,2,0,0,1,0,0,2,2,,0,4,0
17825,2,1,2,1,2,0,0,1,0,0,2,3,,0,4,0
17826,2,1,2,1,2,0,0,1,0,1,1,1,1,1,4,1
17827,2,1,2,1,2,0,0,1,0,1,1,2,1,1,4,1
17828,2,1,2,1,2,0,0,1,0,1,1,3,1,1,4,1
17829,2,1,2,1,2,0,0,1,0,1,2,1,1,1,4,1
17830,2,1,2,1,2,0,0,1,0,1,2,2,1,1,4,1
17831,2,1,2,1,2,0,0,1,0,1,2,3,1,1,4,1
17832,2,1,2,1,2,0,0,1,0,2,1,1,1,1,4,1
17833,2,1,2,1,2,0,0,1,0,2,1,2,1,1,4,1
17834,2,1,2,1,2,0,0,1,0,2,1,3,1,1,4,1
17835,2,1,2,1,2,0,0,1,0,2,2,1,1,1,4,1
17836,2,1,2,1,2,0,0,1,0,2,2,2,1,1,4,1
17837,2,1,2,1,2,0,0,1,0,2,2,3,1,1,4,1
17838,2,1,2,1,2,0,0,1,0,3,1,1,1,1,4,1
17839,2,1,2,1,2,0,0,1,0,3,1,2,1,1,4,1
17840,2,1,2,1,2,0,0,1,0,3,1,3,1,1,4,1
17841,2,1,2,1,2,0,0,1,0,3,2,1,1,1,4,1
17842,2,1,2,1,2,0,0,1,0,3,2,2,1,1,4,1
17843,2,1,2,1,2,0,0,1,0,3,2,3,1,1,4,1
17844,2,1,2,1,2,0,0,1,0,4,1,1,1,1,4,1
17845,2,1,2,1,2,0,0,1,0,4,1,2,1,1,4,1
17846,2,1,2,1,2,0,0,1,0,4,1,3,1,1,4,1
17847,2,1,2,1,2,0,0,1,0,4,2,1,1,1,4,1
17848,2,1,2,1,2,0,0,1,0,4,2,2,1,1,4,1
17849,2,1,2,1,2,0,0,1,0,4,2,3,1,1,4,1
17850,2,1,2,1,2,0,0,1,1,0,1,1,0,1,4,1
17851,2,1,2,1,2,0,0,1,1,0,1,2,0,1,4,1
17852,2,1,2,1,2,0,0,1,1,0,1,3,0,1,4,1
17853,2,1,2,1,2,0,0,1,1,0,2,1,0,1,4,1
17854,2,1,2,1,2,0,0,1,1,0,2,2,0,1,4,1
17855,2,1,2,1,2,0,0,1,1,0,2,3,0,1,4,1
17856,2,1,2,1,2,0,0,1,1,1,1,1,0,1,4,1
17857,2,1,2,1,2,0,0,1,1,1,1,2,0,1,4,1
17858,2,1,2,1,2,0,0,1,1,1,1,3,0,1,4,1
17859,2,1,2,1,2,0,0,1,1,1,2,1,0,1,4,1
17860,2,1,2,1,2,0,0,1,1,1,2,2,0,1,4,1
17861,2,1,2,1,2,0,0,1,1,1,2,3,0,1,4,1
17862,2,1,2,1,2,0,0,1,1,2,1,1,0,1,4,1
17863,2,1,2,1,2,0,0,1,1,2,1,2,0,1,4,1
17864,2,1,2,1,2,0,0,1,1,2,1,3,0,1,4,1
17865,2,1,2,1,2,0,0,1,1,2,2,1,0,1,4,1
17866,2,1,2,1,2,0,0,1,1,2,2,2,0,1,4,1
17867,2,1,2,1,2,0,0,1,1,2,2,3,0,1,4,1
17868,2,1,2,1,2,0,0,1,1,3,1,1,0,1,4,1
17869,2,1,2,1,2,0,0,1,1,3,1,2,0,1,4,1
17870,2,1,2,1,2,0,0,1,1,3,1,3,0,1,4,1
17871,2,1,2,1,2,0,0,1,1,3,2,1,0,1,4,1
17872,2,1,2,1,2,0,0,1,1,3,2,2,0,1,4,1
17873,2,1,2,1,2,0,0,1,1,3,2,3,0,1,4,1
17874,2,1,2,1,2,0,0,1,1,4,1,1,0,1,4,1
17875,2,1,2,1,2,0,0,1,1,4,1,2,0,1,4,1
17876,2,1,2,1,2,0,0,1,1,4,1,3,0,1,4,1
17877,2,1,2,1,2,0,0,1,1,4,2,1,0,1,4,1
17878,2,1,2,1,2,0,0,1,1,4,2,2,0,1,4,1
17879,2,1,2,1,2,0,0,1,1,4,2,3,0,1,4,1
17880,2,1,2,1,2,0,1,0,0,0,1,1,,0,4,0
17881,2,1,2,1,2,0,1,0,0,0,1,2,,0,4,0
17882,2,1,2,1,2,0,1,0,0,0,1,3,,0,4,0
17883,2,1,2,1,2,0,1,0,0,0,2,1,,0,4,0
17884,2,1,2,1,2,0,1,0,0,0,2,2,,0,4,0
17885,2,1,2,1,2,0,1,0,0,0,2,3,,0,4,0
17886,2,1,2,1,2,0,1,0,0,1,1,1,,0,5,0
17887,2,1,2,1,2,0,1,0,0,1,1,2,1,1,5,1
17888,2,1,2,1,2,0,1,0,0,1,1,3,1,1,5,1
17889,2,1,2,1,2,0,1,0,0,1,2,1,,0,5,0
17890,2,1,2,1,2,0,1,0,0,1,2,2,,0,5,0
17891,2,1,2,1,2,0,1,0,0,1,2,3,1,1,5,1
17892,2,1,2,1,2,0,1,0,0,2,1,1,,0,5,0
17893,2,1,2,1,2,0,1,0,0,2,1,2,1,1,6,1
17894,2,1,2,1,2,0,1,0,0,2,1,3,1,1,6,1
17895,2,1,2,1,2,0,1,0,0,2,2,1,,0,5,0
17896,2,1,2,1,2,0,1,0,0,2,2,2,,0,6,0
17897,2,1,2,1,2,0,1,0,0,2,2,3,1,1,6,1
17898,2,1,2,1,2,0,1,0,0,3,1,1,,0,5,0
17899,2,1,2,1,2,0,1,0,0,3,1,2,1,1,6,1
17900,2,1,2,1,2,0,1,0,0,3,1,3,1,1,6,1
17901,2,1,2,1,2,0,1,0,0,3,2,1,,0,5,0
17902,2,1,2,1,2,0,1,0,0,3,2,2,,0,6,0
17903,2,1,2,1,2,0,1,0,0,3,2,3,1,1,6,1
17904,2,1,2,1,2,0,1,0,0,4,1,1,,0,5,0
17905,2,1,2,1,2,0,1,0,0,4,1,2,1,1,6,1
17906,2,1,2,1,2,0,1,0,0,4,1,3,1,1,6,1
17907,2,1,2,1,2,0,1,0,0,4,2,1,,0,5,0
17908,2,1,2,1,2,0,1,0,0,4,2,2,,0,6,0
17909,2,1,2,1,2,0,1,0,0,4,2,3,1,1,6,1
17910,2,1,2,1,2,0,1,0,1,0,1,1,0,1,4,1
17911,2,1,2,1,2,0,1,0,1,0,1,2,0,1,4,1
17912,2,1,2,1,2,0,1,0,1,0,1,3,0,1,4,1
17913,2,1,2,1,2,0,1,0,1,0,2,1,0,1,4,1
17914,2,1,2,1,2,0,1,0,1,0,2,2,0,1,4,1
17915,2,1,2,1,2,0,1,0,1,0,2,3,0,1,4,1
17916,2,1,2,1,2,0,1,0,1,1,1,1,0,1,5,1
17917,2,1,2,1,2,0,1,0,1,1,1,2,0,1,5,1
17918,2,1,2,1,2,0,1,0,1,1,1,3,0,1,5,1
17919,2,1,2,1,2,0,1,0,1,1,2,1,0,1,5,1
17920,2,1,2,1,2,0,1,0,1,1,2,2,0,1,5,1
17921,2,1,2,1,2,0,1,0,1,1,2,3,0,1,5,1
17922,2,1,2,1,2,0,1,0,1,2,1,1,0,1,6,1
17923,2,1,2,1,2,0,1,0,1,2,1,2,0,1,6,1
17924,2,1,2,1,2,0,1,0,1,2,1,3,0,1,6,1
17925,2,1,2,1,2,0,1,0,1,2,2,1,0,1,6,1
17926,2,1,2,1,2,0,1,0,1,2,2,2,0,1,6,1
17927,2,1,2,1,2,0,1,0,1,2,2,3,0,1,6,1
17928,2,1,2,1,2,0,1,0,1,3,1,1,0,1,6,1
17929,2,1,2,1,2,0,1,0,1,3,1,2,0,1,6,1
17930,2,1,2,1,2,0,1,0,1,3,1,3,0,1,6,1
17931,2,1,2,1,2,0,1,0,1,3,2,1,0,1,6,1
17932,2,1,2,1,2,0,1,0,1,3,2,2,0,1,6,1
17933,2,1,2,1,2,0,1,0,1,3,2,3,0,1,6,1
17934,2,1,2,1,2,0,1,0,1,4,1,1,0,1,6,1
17935,2,1,2,1,2,0,1,0,1,4,1,2,0,1,6,1
17936,2,1,2,1,2,0,1,0,1,4,1,3,0,1,6,1
17937,2,1,2,1,2,0,1,0,1,4,2,1,0,1,6,1
17938,2,1,2,1,2,0,1,0,1,4,2,2,0,1,6,1
17939,2,1,2,1,2,0,1,0,1,4,2,3,0,1,6,1
17940,2,1,2,1,2,0,1,1,0,0,1,1,,0,4,0
17941,2,1,2,1,2,0,1,1,0,0,1,2,,0,4,0
17942,2,1,2,1,2,0,1,1,0,0,1,3,,0,4,0
17943,2,1,2,1,2,0,1,1,0,0,2,1,,0,4,0
17944,2,1,2,1,2,0,1,1,0,0,2,2,,0,4,0
17945,2,1,2,1,2,0,1,1,0,0,2,3,,0,4,0
17946,2,1,2,1,2,0,1,1,0,1,1,1,,0,5,0
17947,2,1,2,1,2,0,1,1,0,1,1,2,1,1,5,1
17948,2,1,2,1,2,0,1,1,0,1,1,3,1,1,5,1
17949,2,1,2,1,2,0,1,1,0,1,2,1,,0,5,0
17950,2,1,2,1,2,0,1,1,0,1,2,2,,0,5,0
17951,2,1,2,1,2,0,1,1,0,1,2,3,1,1,5,1
17952,2,1,2,1,2,0,1,1,0,2,1,1,,0,5,0
17953,2,1,2,1,2,0,1,1,0,2,1,2,1,1,6,1
17954,2,1,2,1,2,0,1,1,0,2,1,3,1,1,6,1
17955,2,1,2,1,2,0,1,1,0,2,2,1,,0,5,0
17956,2,1,2,1,2,0,1,1,0,2,2,2,,0,6,0
17957,2,1,2,1,2,0,1,1,0,2,2,3,1,1,6,1
17958,2,1,2,1,2,0,1,1,0,3,1,1,,0,5,0
17959,2,1,2,1,2,0,1,1,0,3,1,2,1,1,6,1
17960,2,1,2,1,2,0,1,1,0,3,1,3,1,1,6,1
17961,2,1,2,1,2,0,1,1,0,3,2,1,,0,5,0
17962,2,1,2,1,2,0,1,1,0,3,2,2,,0,6,0
17963,2,1,2,1,2,0,1,1,0,3,2,3,1,1,6,1
17964,2,1,2,1,2,0,1,1,0,4,1,1,,0,5,0
17965,2,1,2,1,2,0,1,1,0,4,1,2,1,1,6,1
17966,2,1,2,1,2,0,1,1,0,4,1,3,1,1,6,1
17967,2,1,2,1,2,0,1,1,0,4,2,1,,0,5,0
17968,2,1,2,1,2,0,1,1,0,4,2,2,,0,6,0
17969,2,1,2,1,2,0,1,1,0,4,2,3,1,1,6,1
17970,2,1,2,1,2,0,1,1,1,0,1,1,0,1,4,1
17971,2,1,2,1,2,0,1,1,1,0,1,2,0,1,4,1
17972,2,1,2,1,2,0,1,1,1,0,1,3,0,1,4,1
17973,2,1,2,1,2,0,1,1,1,0,2,1,0,1,4,1
17974,2,1,2,1,2,0,1,1,1,0,2,2,0,1,4,1
17975,2,1,2,1,2,0,1,1,1,0,2,3,0,1,4,1
17976,2,1,2,1,2,0,1,1,1,1,1,1,0,1,5,1
17977,2,1,2,1,2,0,1,1,1,1,1,2,0,1,5,1
17978,2,1,2,1,2,0,1,1,1,1,1,3,0,1,5,1
17979,2,1,2,1,2,0,1,1,1,1,2,1,0,1,5,1
17980,2,1,2,1,2,0,1,1,1,1,2,2,0,1,5,1
17981,2,1,2,1,2,0,1,1,1,1,2,3,0,1,5,1
17982,2,1,2,1,2,0,1,1,1,2,1,1,0,1,6,1
17983,2,1,2,1,2,0,1,1,1,2,1,2,0,1,6,1
17984,2,1,2,1,2,0,1,1,1,2,1,3,0,1,6,1
17985,2,1,2,1,2,0,1,1,1,2,2,1,0,1,6,1
17986,2,1,2,1,2,0,1,1,1,2,2,2,0,1,6,1
17987,2,1,2,1,2,0,1,1,1,2,2,3,0,1,6,1
17988,2,1,2,1,2,0,1,1,1,3,1,1,0,1,6,1
17989,2,1,2,1,2,0,1,1,1,3,1,2,0,1,6,1
17990,2,1,2,1,2,0,1,1,1,3,1,3,0,1,6,1
17991,2,1,2,1,2,0,1,1,1,3,2,1,0,1,6,1
17992,2,1,2,1,2,0,1,1,1,3,2,2,0,1,6,1
17993,2,1,2,1,2,0,1,1,1,3,2,3,0,1,6,1
17994,2,1,2,1,2,0,1,1,1,4,1,1,0,1,6,1
17995,2,1,2,1,2,0,1,1,1,4,1,2,0,1,6,1
17996,2,1,2,1,2,0,1,1,1,4,1,3,0,1,6,1
17997,2,1,2,1,2,0,1,1,1,4,2,1,0,1,6,1
17998,2,1,2,1,2,0,1,1,1,4,2,2,0,1,6,1
17999,2,1,2,1,2,0,1,1,1,4,2,3,0,1,6,1
18000,2,1,2,1,2,1,0,0,0,0,1,1,,0,4,0
18001,2,1,2,1,2,1,0,0,0,0,1,2,,0,4,0
18002,2,1,2,1,2,1,0,0,0,0,1,3,,0,4,0
18003,2,1,2,1,2,1,0,0,0,0,2,1,,0,4,0
18004,2,1,2,1,2,1,0,0,0,0,2,2,,0,4,0
18005,2,1,2,1,2,1,0,0,0,0,2,3,,0,4,0
18006,2,1,2,1,2,1,0,0,0,1,1,1,,0,5,0
18007,2,1,2,1,2,1,0,0,0,1,1,2,,0,5,0
18008,2,1,2,1,2,1,0,0,0,1,1,3,,0,5,0
18009,2,1,2,1,2,1,0,0,0,1,2,1,,0,5,0
18010,2,1,2,1,2,1,0,0,0,1,2,2,,0,5,0
18011,2,1,2,1,2,1,0,0,0,1,2,3,,0,5,0
18012,2,1,2,1,2,1,0,0,0,2,1,1,,0,5,0
18013,2,1,2,1,2,1,0,0,0,2,1,2,2,1,5,1
18014,2,1,2,1,2,1,0,0,0,2,1,3,2,1,5,1
18015,2,1,2,1,2,1,0,0,0,2,2,1,,0,5,0
18016,2,1,2,1,2,1,0,0,0,2,2,2,2,1,5,1
18017,2,1,2,1,2,1,0,0,0,2,2,3,2,1,5,1
18018,2,1,2,1,2,1,0,0,0,3,1,1,,0,5,0
18019,2,1,2,1,2,1,0,0,0,3,1,2,2,1,5,1
18020,2,1,2,1,2,1,0,0,0,3,1,3,2,1,5,1
18021,2,1,2,1,2,1,0,0,0,3,2,1,,0,5,0
18022,2,1,2,1,2,1,0,0,0,3,2,2,2,1,5,1
18023,2,1,2,1,2,1,0,0,0,3,2,3,2,1,5,1
18024,2,1,2,1,2,1,0,0,0,4,1,1,,0,5,0
18025,2,1,2,1,2,1,0,0,0,4,1,2,2,1,5,1
18026,2,1,2,1,2,1,0,0,0,4,1,3,2,1,5,1
18027,2,1,2,1,2,1,0,0,0,4,2,1,,0,5,0
18028,2,1,2,1,2,1,0,0,0,4,2,2,2,1,5,1
18029,2,1,2,1,2,1,0,0,0,4,2,3,2,1,5,1
18030,2,1,2,1,2,1,0,0,1,0,1,1,0,1,4,1
18031,2,1,2,1,2,1,0,0,1,0,1,2,0,1,4,1
18032,2,1,2,1,2,1,0,0,1,0,1,3,0,1,4,1
18033,2,1,2,1,2,1,0,0,1,0,2,1,0,1,4,1
18034,2,1,2,1,2,1,0,0,1,0,2,2,0,1,4,1
18035,2,1,2,1,2,1,0,0,1,0,2,3,0,1,4,1
18036,2,1,2,1,2,1,0,0,1,1,1,1,0,1,5,1
18037,2,1,2,1,2,1,0,0,1,1,1,2,0,1,5,1
18038,2,1,2,1,2,1,0,0,1,1,1,3,0,1,5,1
18039,2,1,2,1,2,1,0,0,1,1,2,1,0,1,5,1
18040,2,1,2,1,2,1,0,0,1,1,2,2,0,1,5,1
18041,2,1,2,1,2,1,0,0,1,1,2,3,0,1,5,1
18042,2,1,2,1,2,1,0,0,1,2,1,1,0,1,5,1
18043,2,1,2,1,2,1,0,0,1,2,1,2,0,1,5,1
18044,2,1,2,1,2,1,0,0,1,2,1,3,0,1,5,1
18045,2,1,2,1,2,1,0,0,1,2,2,1,0,1,5,1
18046,2,1,2,1,2,1,0,0,1,2,2,2,0,1,5,1
18047,2,1,2,1,2,1,0,0,1,2,2,3,0,1,5,1
18048,2,1,2,1,2,1,0,0,1,3,1,1,0,1,5,1
18049,2,1,2,1,2,1,0,0,1,3,1,2,0,1,5,1
18050,2,1,2,1,2,1,0,0,1,3,1,3,0,1,5,1
18051,2,1,2,1,2,1,0,0,1,3,2,1,0,1,5,1
18052,2,1,2,1,2,1,0,0,1,3,2,2,0,1,5,1
18053,2,1,2,1,2,1,0,0,1,3,2,3,0,1,5,1
18054,2,1,2,1,2,1,0,0,1,4,1,1,0,1,5,1
18055,2,1,2,1,2,1,0,0,1,4,1,2,0,1,5,1
18056,2,1,2,1,2,1,0,0,1,4,1,3,0,1,5,1
18057,2,1,2,1,2,1,0,0,1,4,2,1,0,1,5,1
18058,2,1,2,1,2,1,0,0,1,4,2,2,0,1,5,1
18059,2,1,2,1,2,1,0,0,1,4,2,3,0,1,5,1
18060,2,1,2,1,2,1,0,1,0,0,1,1,,0,4,0
18061,2,1,2,1,2,1,0,1,0,0,1,2,,0,4,0
18062,2,1,2,1,2,1,0,1,0,0,1,3,,0,4,0
18063,2,1,2,1,2,1,0,1,0,0,2,1,,0,4,0
18064,2,1,2,1,2,1,0,1,0,0,2,2,,0,4,0
18065,2,1,2,1,2,1,0,1,0,0,2,3,,0,4,0
18066,2,1,2,1,2,1,0,1,0,1,1,1,1,1,5,1
18067,2,1,2,1,2,1,0,1,0,1,1,2,1,1,5,1
18068,2,1,2,1,2,1,0,1,0,1,1,3,1,1,5,1
18069,2,1,2,1,2,1,0,1,0,1,2,1,1,1,5,1
18070,2,1,2,1,2,1,0,1,0,1,2,2,1,1,5,1
18071,2,1,2,1,2,1,0,1,0,1,2,3,1,1,5,1
18072,2,1,2,1,2,1,0,1,0,2,1,1,1,1,5,1
18073,2,1,2,1,2,1,0,1,0,2,1,2,1,1,5,1
18074,2,1,2,1,2,1,0,1,0,2,1,3,1,1,5,1
18075,2,1,2,1,2,1,0,1,0,2,2,1,1,1,5,1
18076,2,1,2,1,2,1,0,1,0,2,2,2,1,1,5,1
18077,2,1,2,1,2,1,0,1,0,2,2,3,1,1,5,1
18078,2,1,2,1,2,1,0,1,0,3,1,1,1,1,5,1
18079,2,1,2,1,2,1,0,1,0,3,1,2,1,1,5,1
18080,2,1,2,1,2,1,0,1,0,3,1,3,1,1,5,1
18081,2,1,2,1,2,1,0,1,0,3,2,1,1,1,5,1
18082,2,1,2,1,2,1,0,1,0,3,2,2,1,1,5,1
18083,2,1,2,1,2,1,0,1,0,3,2,3,1,1,5,1
18084,2,1,2,1,2,1,0,1,0,4,1,1,1,1,5,1
18085,2,1,2,1,2,1,0,1,0,4,1,2,1,1,5,1
18086,2,1,2,1,2,1,0,1,0,4,1,3,1,1,5,1
18087,2,1,2,1,2,1,0,1,0,4,2,1,1,1,5,1
18088,2,1,2,1,2,1,0,1,0,4,2,2,1,1,5,1
18089,2,1,2,1,2,1,0,1,0,4,2,3,1,1,5,1
18090,2,1,2,1,2,1,0,1,1,0,1,1,0,1,4,1
18091,2,1,2,1,2,1,0,1,1,0,1,2,0,1,4,1
18092,2,1,2,1,2,1,0,1,1,0,1,3,0,1,4,1
18093,2,1,2,1,2,1,0,1,1,0,2,1,0,1,4,1
18094,2,1,2,1,2,1,0,1,1,0,2,2,0,1,4,1
18095,2,1,2,1,2,1,0,1,1,0,2,3,0,1,4,1
18096,2,1,2,1,2,1,0,1,1,1,1,1,0,1,5,1
18097,2,1,2,1,2,1,0,1,1,1,1,2,0,1,5,1
18098,2,1,2,1,2,1,0,1,1,1,1,3,0,1,5,1
18099,2,1,2,1,2,1,0,1,1,1,2,1,0,1,5,1
18100,2,1,2,1,2,1,0,1,1,1,2,2,0,1,5,1
18101,2,1,2,1,2,1,0,1,1,1,2,3,0,1,5,1
18102,2,1,2,1,2,1,0,1,1,2,1,1,0,1,5,1
18103,2,1,2,1,2,1,0,1,1,2,1,2,0,1,5,1
18104,2,1,2,1,2,1,0,1,1,2,1,3,0,1,5,1
18105,2,1,2,1,2,1,0,1,1,2,2,1,0,1,5,1
18106,2,1,2,1,2,1,0,1,1,2,2,2,0,1,5,1
18107,2,1,2,1,2,1,0,1,1,2,2,3,0,1,5,1
18108,2,1,2,1,2,1,0,1,1,3,1,1,0,1,5,1
18109,2,1,2,1,2,1,0,1,1,3,1,2,0,1,5,1
18110,2,1,2,1,2,1,0,1,1,3,1,3,0,1,5,1
18111,2,1,2,1,2,1,0,1,1,3,2,1,0,1,5,1
18112,2,1,2,1,2,1,0,1,1,3,2,2,0,1,5,1
18113,2,1,2,1,2,1,0,1,1,3,2,3,0,1,5,1
18114,2,1,2,1,2,1,0,1,1,4,1,1,0,1,5,1
18115,2,1,2,1,2,1,0,1,1,4,1,2,0,1,5,1
18116,2,1,2,1,2,1,0,1,1,4,1,3,0,1,5,1
18117,2,1,2,1,2,1,0,1,1,4,2,1,0,1,5,1
18118,2,1,2,1,2,1,0,1,1,4,2,2,0,1,5,1
18119,2,1,2,1,2,1,0,1,1,4,2,3,0,1,5,1
18120,2,1,2,1,2,1,1,0,0,0,1,1,,0,4,0
18121,2,1,2,1,2,1,1,0,0,0,1,2,,0,4,0
18122,2,1,2,1,2,1,1,0,0,0,1,3,,0,4,0
18123,2,1,2,1,2,1,1,0,0,0,2,1,,0,4,0
18124,2,1,2,1,2,1,1,0,0,0,2,2,,0,4,0
18125,2,1,2,1,2,1,1,0,0,0,2,3,,0,4,0
18126,2,1,2,1,2,1,1,0,0,1,1,1,,0,5,0
18127,2,1,2,1,2,1,1,0,0,1,1,2,,0,6,0
18128,2,1,2,1,2,1,1,0,0,1,1,3,,0,6,0
18129,2,1,2,1,2,1,1,0,0,1,2,1,,0,5,0
18130,2,1,2,1,2,1,1,0,0,1,2,2,,0,5,0
18131,2,1,2,1,2,1,1,0,0,1,2,3,,0,6,0
18132,2,1,2,1,2,1,1,0,0,2,1,1,,0,5,0
18133,2,1,2,1,2,1,1,0,0,2,1,2,,0,7,0
18134,2,1,2,1,2,1,1,0,0,2,1,3,2,1,7,1
18135,2,1,2,1,2,1,1,0,0,2,2,1,,0,5,0
18136,2,1,2,1,2,1,1,0,0,2,2,2,,0,6,0
18137,2,1,2,1,2,1,1,0,0,2,2,3,,0,7,0
18138,2,1,2,1,2,1,1,0,0,3,1,1,,0,5,0
18139,2,1,2,1,2,1,1,0,0,3,1,2,,0,7,0
18140,2,1,2,1,2,1,1,0,0,3,1,3,2,1,7,1
18141,2,1,2,1,2,1,1,0,0,3,2,1,,0,5,0
18142,2,1,2,1,2,1,1,0,0,3,2,2,,0,6,0
18143,2,1,2,1,2,1,1,0,0,3,2,3,,0,7,0
18144,2,1,2,1,2,1,1,0,0,4,1,1,,0,5,0
18145,2,1,2,1,2,1,1,0,0,4,1,2,,0,7,0
18146,2,1,2,1,2,1,1,0,0,4,1,3,2,1,7,1
18147,2,1,2,1,2,1,1,0,0,4,2,1,,0,5,0
18148,2,1,2,1,2,1,1,0,0,4,2,2,,0,6,0
18149,2,1,2,1,2,1,1,0,0,4,2,3,,0,7,0
18150,2,1,2,1,2,1,1,0,1,0,1,1,0,1,4,1
18151,2,1,2,1,2,1,1,0,1,0,1,2,0,1,4,1
18152,2,1,2,1,2,1,1,0,1,0,1,3,0,1,4,1
18153,2,1,2,1,2,1,1,0,1,0,2,1,0,1,4,1
18154,2,1,2,1,2,1,1,0,1,0,2,2,0,1,4,1
18155,2,1,2,1,2,1,1,0,1,0,2,3,0,1,4,1
18156,2,1,2,1,2,1,1,0,1,1,1,1,0,1,6,1
18157,2,1,2,1,2,1,1,0,1,1,1,2,0,1,6,1
18158,2,1,2,1,2,1,1,0,1,1,1,3,0,1,6,1
18159,2,1,2,1,2,1,1,0,1,1,2,1,0,1,6,1
18160,2,1,2,1,2,1,1,0,1,1,2,2,0,1,6,1
18161,2,1,2,1,2,1,1,0,1,1,2,3,0,1,6,1
18162,2,1,2,1,2,1,1,0,1,2,1,1,0,1,7,1
18163,2,1,2,1,2,1,1,0,1,2,1,2,0,1,7,1
18164,2,1,2,1,2,1,1,0,1,2,1,3,0,1,7,1
18165,2,1,2,1,2,1,1,0,1,2,2,1,0,1,7,1
18166,2,1,2,1,2,1,1,0,1,2,2,2,0,1,7,1
18167,2,1,2,1,2,1,1,0,1,2,2,3,0,1,7,1
18168,2,1,2,1,2,1,1,0,1,3,1,1,0,1,7,1
18169,2,1,2,1,2,1,1,0,1,3,1,2,0,1,7,1
18170,2,1,2,1,2,1,1,0,1,3,1,3,0,1,7,1
18171,2,1,2,1,2,1,1,0,1,3,2,1,0,1,7,1
18172,2,1,2,1,2,1,1,0,1,3,2,2,0,1,7,1
18173,2,1,2,1,2,1,1,0,1,3,2,3,0,1,7,1
18174,2,1,2,1,2,1,1,0,1,4,1,1,0,1,7,1
18175,2,1,2,1,2,1,1,0,1,4,1,2,0,1,7,1
18176,2,1,2,1,2,1,1,0,1,4,1,3,0,1,7,1
18177,2,1,2,1,2,1,1,0,1,4,2,1,0,1,7,1
18178,2,1,2,1,2,1,1,0,1,4,2,2,0,1,7,1
18179,2,1,2,1,2,1,1,0,1,4,2,3,0,1,7,1
18180,2,1,2,1,2,1,1,1,0,0,1,1,,0,4,0
18181,2,1,2,1,2,1,1,1,0,0,1,2,,0,4,0
18182,2,1,2,1,2,1,1,1,0,0,1,3,,0,4,0
18183,2,1,2,1,2,1,1,1,0,0,2,1,,0,4,0
18184,2,1,2,1,2,1,1,1,0,0,2,2,,0,4,0
18185,2,1,2,1,2,1,1,1,0,0,2,3,,0,4,0
18186,2,1,2,1,2,1,1,1,0,1,1,1,,0,5,0
18187,2,1,2,1,2,1,1,1,0,1,1,2,1,1,7,1
18188,2,1,2,1,2,1,1,1,0,1,1,3,1,1,7,1
18189,2,1,2,1,2,1,1,1,0,1,2,1,,0,5,0
18190,2,1,2,1,2,1,1,1,0,1,2,2,,0,5,0
18191,2,1,2,1,2,1,1,1,0,1,2,3,1,1,7,1
18192,2,1,2,1,2,1,1,1,0,2,1,1,,0,5,0
18193,2,1,2,1,2,1,1,1,0,2,1,2,1,1,8,1
18194,2,1,2,1,2,1,1,1,0,2,1,3,1,1,8,1
18195,2,1,2,1,2,1,1,1,0,2,2,1,,0,5,0
18196,2,1,2,1,2,1,1,1,0,2,2,2,,0,6,0
18197,2,1,2,1,2,1,1,1,0,2,2,3,1,1,8,1
18198,2,1,2,1,2,1,1,1,0,3,1,1,,0,5,0
18199,2,1,2,1,2,1,1,1,0,3,1,2,1,1,8,1
18200,2,1,2,1,2,1,1,1,0,3,1,3,1,1,8,1
18201,2,1,2,1,2,1,1,1,0,3,2,1,,0,5,0
18202,2,1,2,1,2,1,1,1,0,3,2,2,,0,6,0
18203,2,1,2,1,2,1,1,1,0,3,2,3,1,1,8,1
18204,2,1,2,1,2,1,1,1,0,4,1,1,,0,5,0
18205,2,1,2,1,2,1,1,1,0,4,1,2,1,1,8,1
18206,2,1,2,1,2,1,1,1,0,4,1,3,1,1,8,1
18207,2,1,2,1,2,1,1,1,0,4,2,1,,0,5,0
18208,2,1,2,1,2,1,1,1,0,4,2,2,,0,6,0
18209,2,1,2,1,2,1,1,1,0,4,2,3,1,1,8,1
18210,2,1,2,1,2,1,1,1,1,0,1,1,0,1,4,1
18211,2,1,2,1,2,1,1,1,1,0,1,2,0,1,4,1
18212,2,1,2,1,2,1,1,1,1,0,1,3,0,1,4,1
18213,2,1,2,1,2,1,1,1,1,0,2,1,0,1,4,1
18214,2,1,2,1,2,1,1,1,1,0,2,2,0,1,4,1
18215,2,1,2,1,2,1,1,1,1,0,2,3,0,1,4,1
18216,2,1,2,1,2,1,1,1,1,1,1,1,0,1,7,1
18217,2,1,2,1,2,1,1,1,1,1,1,2,0,1,7,1
18218,2,1,2,1,2,1,1,1,1,1,1,3,0,1,7,1
18219,2,1,2,1,2,1,1,1,1,1,2,1,0,1,7,1
18220,2,1,2,1,2,1,1,1,1,1,2,2,0,1,7,1
18221,2,1,2,1,2,1,1,1,1,1,2,3,0,1,7,1
18222,2,1,2,1,2,1,1,1,1,2,1,1,0,1,8,1
18223,2,1,2,1,2,1,1,1,1,2,1,2,0,1,8,1
18224,2,1,2,1,2,1,1,1,1,2,1,3,0,1,8,1
18225,2,1,2,1,2,1,1,1,1,2,2,1,0,1,8,1
18226,2,1,2,1,2,1,1,1,1,2,2,2,0,1,8,1
18227,2,1,2,1,2,1,1,1,1,2,2,3,0,1,8,1
18228,2,1,2,1,2,1,1,1,1,3,1,1,0,1,8,1
18229,2,1,2,1,2,1,1,1,1,3,1,2,0,1,8,1
18230,2,1,2,1,2,1,1,1,1,3,1,3,0,1,8,1
18231,2,1,2,1,2,1,1,1,1,3,2,1,0,1,8,1
18232,2,1,2,1,2,1,1,1,1,3,2,2,0,1,8,1
18233,2,1,2,1,2,1,1,1,1,3,2,3,0,1,8,1
18234,2,1,2,1,2,1,1,1,1,4,1,1,0,1,8,1
18235,2,1,2,1,2,1,1,1,1,4,1,2,0,1,8,1
18236,2,1,2,1,2,1,1,1,1,4,1,3,0,1,8,1
18237,2,1,2,1,2,1,1,1,1,4,2,1,0,1,8,1
18238,2,1,2,1,2,1,1,1,1,4,2,2,0,1,8,1
18239,2,1,2,1,2,1,1,1,1,4,2,3,0,1,8,1
18240,2,1,2,2,1,0,0,0,0,0,1,1,,0,4,0
18241,2,1,2,2,1,0,0,0,0,0,1,2,,0,4,0
18242,2,1,2,2,1,0,0,0,0,0,1,3,,0,4,0
18243,2,1,2,2,1,0,0,0,0,0,2,1,,0,4,0
18244,2,1,2,2,1,0,0,0,0,0,2,2,,0,4,0
18245,2,1,2,2,1,0,0,0,0,0,2,3,,0,4,0
18246,2,1,2,2,1,0,0,0,0,1,1,1,,0,4,0
18247,2,1,2,2,1,0,0,0,0,1,1,2,1,1,4,1
18248,2,1,2,2,1,0,0,0,0,1,1,3,1,1,4,1
18249,2,1,2,2,1,0,0,0,0,1,2,1,,0,4,0
18250,2,1,2,2,1,0,0,0,0,1,2,2,1,1,4,1
18251,2,1,2,2,1,0,0,0,0,1,2,3,1,1,4,1
18252,2,1,2,2,1,0,0,0,0,2,1,1,2,1,4,1
18253,2,1,2,2,1,0,0,0,0,2,1,2,1,1,4,1
18254,2,1,2,2,1,0,0,0,0,2,1,3,1,1,4,1
18255,2,1,2,2,1,0,0,0,0,2,2,1,2,1,4,1
18256,2,1,2,2,1,0,0,0,0,2,2,2,1,1,4,1
18257,2,1,2,2,1,0,0,0,0,2,2,3,1,1,4,1
18258,2,1,2,2,1,0,0,0,0,3,1,1,2,1,4,1
18259,2,1,2,2,1,0,0,0,0,3,1,2,1,1,4,1
18260,2,1,2,2,1,0,0,0,0,3,1,3,1,1,4,1
18261,2,1,2,2,1,0,0,0,0,3,2,1,2,1,4,1
18262,2,1,2,2,1,0,0,0,0,3,2,2,1,1,4,1
18263,2,1,2,2,1,0,0,0,0,3,2,3,1,1,4,1
18264,2,1,2,2,1,0,0,0,0,4,1,1,2,1,4,1
18265,2,1,2,2,1,0,0,0,0,4,1,2,1,1,4,1
18266,2,1,2,2,1,0,0,0,0,4,1,3,1,1,4,1
18267,2,1,2,2,1,0,0,0,0,4,2,1,2,1,4,1
18268,2,1,2,2,1,0,0,0,0,4,2,2,1,1,4,1
18269,2,1,2,2,1,0,0,0,0,4,2,3,1,1,4,1
18270,2,1,2,2,1,0,0,0,1,0,1,1,0,1,4,1
18271,2,1,2,2,1,0,0,0,1,0,1,2,0,1,4,1
18272,2,1,2,2,1,0,0,0,1,0,1,3,0,1,4,1
18273,2,1,2,2,1,0,0,0,1,0,2,1,0,1,4,1
18274,2,1,2,2,1,0,0,0,1,0,2,2,0,1,4,1
18275,2,1,2,2,1,0,0,0,1,0,2,3,0,1,4,1
18276,2,1,2,2,1,0,0,0,1,1,1,1,0,1,4,1
18277,2,1,2,2,1,0,0,0,1,1,1,2,0,1,4,1
18278,2,1,2,2,1,0,0,0,1,1,1,3,0,1,4,1
18279,2,1,2,2,1,0,0,0,1,1,2,1,0,1,4,1
18280,2,1,2,2,1,0,0,0,1,1,2,2,0,1,4,1
18281,2,1,2,2,1,0,0,0,1,1,2,3,0,1,4,1
18282,2,1,2,2,1,0,0,0,1,2,1,1,0,1,4,1
18283,2,1,2,2,1,0,0,0,1,2,1,2,0,1,4,1
18284,2,1,2,2,1,0,0,0,1,2,1,3,0,1,4,1
18285,2,1,2,2,1,0,0,0,1,2,2,1,0,1,4,1
18286,2,1,2,2,1,0,0,0,1,2,2,2,0,1,4,1
18287,2,1,2,2,1,0,0,0,1,2,2,3,0,1,4,1
18288,2,1,2,2,1,0,0,0,1,3,1,1,0,1,4,1
18289,2,1,2,2,1,0,0,0,1,3,1,2,0,1,4,1
18290,2,1,2,2,1,0,0,0,1,3,1,3,0,1,4,1
18291,2,1,2,2,1,0,0,0,1,3,2,1,0,1,4,1
18292,2,1,2,2,1,0,0,0,1,3,2,2,0,1,4,1
18293,2,1,2,2,1,0,0,0,1,3,2,3,0,1,4,1
18294,2,1,2,2,1,0,0,0,1,4,1,1,0,1,4,1
18295,2,1,2,2,1,0,0,0,1,4,1,2,0,1,4,1
18296,2,1,2,2,1,0,0,0,1,4,1,3,0,1,4,1
18297,2,1,2,2,1,0,0,0,1,4,2,1,0,1,4,1
18298,2,1,2,2,1,0,0,0,1,4,2,2,0,1,4,1
18299,2,1,2,2,1,0,0,0,1,4,2,3,0,1,4,1
18300,2,1,2,2,1,0,0,1,0,0,1,1,,0,4,0
18301,2,1,2,2,1,0,0,1,0,0,1,2,,0,4,0
18302,2,1,2,2,1,0,0,1,0,0,1,3,,0,4,0
18303,2,1,2,2,1,0,0,1,0,0,2,1,,0,4,0
18304,2,1,2,2,1,0,0,1,0,0,2,2,,0,4,0
18305,2,1,2,2,1,0,0,1,0,0,2,3,,0,4,0
18306,2,1,2,2,1,0,0,1,0,1,1,1,,0,4,0
18307,2,1,2,2,1,0,0,1,0,1,1,2,1,1,4,1
18308,2,1,2,2,1,0,0,1,0,1,1,3,1,1,4,1
18309,2,1,2,2,1,0,0,1,0,1,2,1,,0,4,0
18310,2,1,2,2,1,0,0,1,0,1,2,2,1,1,4,1
18311,2,1,2,2,1,0,0,1,0,1,2,3,1,1,4,1
18312,2,1,2,2,1,0,0,1,0,2,1,1,2,1,4,1
18313,2,1,2,2,1,0,0,1,0,2,1,2,1,1,4,1
18314,2,1,2,2,1,0,0,1,0,2,1,3,1,1,4,1
18315,2,1,2,2,1,0,0,1,0,2,2,1,2,1,4,1
18316,2,1,2,2,1,0,0,1,0,2,2,2,1,1,4,1
18317,2,1,2,2,1,0,0,1,0,2,2,3,1,1,4,1
18318,2,1,2,2,1,0,0,1,0,3,1,1,2,1,4,1
18319,2,1,2,2,1,0,0,1,0,3,1,2,1,1,4,1
18320,2,1,2,2,1,0,0,1,0,3,1,3,1,1,4,1
18321,2,1,2,2,1,0,0,1,0,3,2,1,2,1,4,1
18322,2,1,2,2,1,0,0,1,0,3,2,2,1,1,4,1
18323,2,1,2,2,1,0,0,1,0,3,2,3,1,1,4,1
18324,2,1,2,2,1,0,0,1,0,4,1,1,2,1,4,1
18325,2,1,2,2,1,0,0,1,0,4,1,2,1,1,4,1
18326,2,1,2,2,1,0,0,1,0,4,1,3,1,1,4,1
18327,2,1,2,2,1,0,0,1,0,4,2,1,2,1,4,1
18328,2,1,2,2,1,0,0,1,0,4,2,2,1,1,4,1
18329,2,1,2,2,1,0,0,1,0,4,2,3,1,1,4,1
18330,2,1,2,2,1,0,0,1,1,0,1,1,0,1,4,1
18331,2,1,2,2,1,0,0,1,1,0,1,2,0,1,4,1
18332,2,1,2,2,1,0,0,1,1,0,1,3,0,1,4,1
18333,2,1,2,2,1,0,0,1,1,0,2,1,0,1,4,1
18334,2,1,2,2,1,0,0,1,1,0,2,2,0,1,4,1
18335,2,1,2,2,1,0,0,1,1,0,2,3,0,1,4,1
18336,2,1,2,2,1,0,0,1,1,1,1,1,0,1,4,1
18337,2,1,2,2,1,0,0,1,1,1,1,2,0,1,4,1
18338,2,1,2,2,1,0,0,1,1,1,1,3,0,1,4,1
18339,2,1,2,2,1,0,0,1,1,1,2,1,0,1,4,1
18340,2,1,2,2,1,0,0,1,1,1,2,2,0,1,4,1
18341,2,1,2,2,1,0,0,1,1,1,2,3,0,1,4,1
18342,2,1,2,2,1,0,0,1,1,2,1,1,0,1,4,1
18343,2,1,2,2,1,0,0,1,1,2,1,2,0,1,4,1
18344,2,1,2,2,1,0,0,1,1,2,1,3,0,1,4,1
18345,2,1,2,2,1,0,0,1,1,2,2,1,0,1,4,1
18346,2,1,2,2,1,0,0,1,1,2,2,2,0,1,4,1
18347,2,1,2,2,1,0,0,1,1,2,2,3,0,1,4,1
18348,2,1,2,2,1,0,0,1,1,3,1,1,0,1,4,1
18349,2,1,2,2,1,0,0,1,1,3,1,2,0,1,4,1
18350,2,1,2,2,1,0,0,1,1,3,1,3,0,1,4,1
18351,2,1,2,2,1,0,0,1,1,3,2,1,0,1,4,1
18352,2,1,2,2,1,0,0,1,1,3,2,2,0,1,4,1
18353,2,1,2,2,1,0,0,1,1,3,2,3,0,1,4,1
18354,2,1,2,2,1,0,0,1,1,4,1,1,0,1,4,1
18355,2,1,2,2,1,0,0,1,1,4,1,2,0,1,4,1
18356,2,1,2,2,1,0,0,1,1,4,1,3,0,1,4,1
18357,2,1,2,2,1,0,0,1,1,4,2,1,0,1,4,1
18358,2,1,2,2,1,0,0,1,1,4,2,2,0,1,4,1
18359,2,1,2,2,1,0,0,1,1,4,2,3,0,1,4,1
18360,2,1,2,2,1,0,1,0,0,0,1,1,,0,4,0
18361,2,1,2,2,1,0,1,0,0,0,1,2,,0,4,0
18362,2,1,2,2,1,0,1,0,0,0,1,3,,0,4,0
18363,2,1,2,2,1,0,1,0,0,0,2,1,,0,4,0
18364,2,1,2,2,1,0,1,0,0,0,2,2,,0,4,0
18365,2,1,2,2,1,0,1,0,0,0,2,3,,0,4,0
18366,2,1,2,2,1,0,1,0,0,1,1,1,,0,4,0
18367,2,1,2,2,1,0,1,0,0,1,1,2,,0,5,0
18368,2,1,2,2,1,0,1,0,0,1,1,3,1,1,5,1
18369,2,1,2,2,1,0,1,0,0,1,2,1,,0,4,0
18370,2,1,2,2,1,0,1,0,0,1,2,2,,0,5,0
18371,2,1,2,2,1,0,1,0,0,1,2,3,,0,5,0
18372,2,1,2,2,1,0,1,0,0,2,1,1,,0,5,0
18373,2,1,2,2,1,0,1,0,0,2,1,2,2,1,6,1
18374,2,1,2,2,1,0,1,0,0,2,1,3,1,1,6,1
18375,2,1,2,2,1,0,1,0,0,2,2,1,,0,5,0
18376,2,1,2,2,1,0,1,0,0,2,2,2,,0,6,0
18377,2,1,2,2,1,0,1,0,0,2,2,3,2,1,6,1
18378,2,1,2,2,1,0,1,0,0,3,1,1,,0,5,0
18379,2,1,2,2,1,0,1,0,0,3,1,2,2,1,6,1
18380,2,1,2,2,1,0,1,0,0,3,1,3,1,1,6,1
18381,2,1,2,2,1,0,1,0,0,3,2,1,,0,5,0
18382,2,1,2,2,1,0,1,0,0,3,2,2,,0,6,0
18383,2,1,2,2,1,0,1,0,0,3,2,3,2,1,6,1
18384,2,1,2,2,1,0,1,0,0,4,1,1,,0,5,0
18385,2,1,2,2,1,0,1,0,0,4,1,2,2,1,6,1
18386,2,1,2,2,1,0,1,0,0,4,1,3,1,1,6,1
18387,2,1,2,2,1,0,1,0,0,4,2,1,,0,5,0
18388,2,1,2,2,1,0,1,0,0,4,2,2,,0,6,0
18389,2,1,2,2,1,0,1,0,0,4,2,3,2,1,6,1
18390,2,1,2,2,1,0,1,0,1,0,1,1,0,1,4,1
18391,2,1,2,2,1,0,1,0,1,0,1,2,0,1,4,1
18392,2,1,2,2,1,0,1,0,1,0,1,3,0,1,4,1
18393,2,1,2,2,1,0,1,0,1,0,2,1,0,1,4,1
18394,2,1,2,2,1,0,1,0,1,0,2,2,0,1,4,1
18395,2,1,2,2,1,0,1,0,1,0,2,3,0,1,4,1
18396,2,1,2,2,1,0,1,0,1,1,1,1,0,1,5,1
18397,2,1,2,2,1,0,1,0,1,1,1,2,0,1,5,1
18398,2,1,2,2,1,0,1,0,1,1,1,3,0,1,5,1
18399,2,1,2,2,1,0,1,0,1,1,2,1,0,1,5,1
18400,2,1,2,2,1,0,1,0,1,1,2,2,0,1,5,1
18401,2,1,2,2,1,0,1,0,1,1,2,3,0,1,5,1
18402,2,1,2,2,1,0,1,0,1,2,1,1,0,1,6,1
18403,2,1,2,2,1,0,1,0,1,2,1,2,0,1,6,1
18404,2,1,2,2,1,0,1,0,1,2,1,3,0,1,6,1
18405,2,1,2,2,1,0,1,0,1,2,2,1,0,1,6,1
18406,2,1,2,2,1,0,1,0,1,2,2,2,0,1,6,1
18407,2,1,2,2,1,0,1,0,1,2,2,3,0,1,6,1
18408,2,1,2,2,1,0,1,0,1,3,1,1,0,1,6,1
18409,2,1,2,2,1,0,1,0,1,3,1,2,0,1,6,1
18410,2,1,2,2,1,0,1,0,1,3,1,3,0,1,6,1
18411,2,1,2,2,1,0,1,0,1,3,2,1,0,1,6,1
18412,2,1,2,2,1,0,1,0,1,3,2,2,0,1,6,1
18413,2,1,2,2,1,0,1,0,1,3,2,3,0,1,6,1
18414,2,1,2,2,1,0,1,0,1,4,1,1,0,1,6,1
18415,2,1,2,2,1,0,1,0,1,4,1,2,0,1,6,1
18416,2,1,2,2,1,0,1,0,1,4,1,3,0,1,6,1
18417,2,1,2,2,1,0,1,0,1,4,2,1,0,1,6,1
18418,2,1,2,2,1,0,1,0,1,4,2,2,0,1,6,1
18419,2,1,2,2,1,0,1,0,1,4,2,3,0,1,6,1
18420,2,1,2,2,1,0,1,1,0,0,1,1,,0,4,0
18421,2,1,2,2,1,0,1,1,0,0,1,2,,0,4,0
18422,2,1,2,2,1,0,1,1,0,0,1,3,,0,4,0
18423,2,1,2,2,1,0,1,1,0,0,2,1,,0,4,0
18424,2,1,2,2,1,0,1,1,0,0,2,2,,0,4,0
18425,2,1,2,2,1,0,1,1,0,0,2,3,,0,4,0
18426,2,1,2,2,1,0,1,1,0,1,1,1,,0,4,0
18427,2,1,2,2,1,0,1,1,0,1,1,2,,0,5,0
18428,2,1,2,2,1,0,1,1,0,1,1,3,1,1,5,1
18429,2,1,2,2,1,0,1,1,0,1,2,1,,0,4,0
18430,2,1,2,2,1,0,1,1,0,1,2,2,,0,5,0
18431,2,1,2,2,1,0,1,1,0,1,2,3,,0,5,0
18432,2,1,2,2,1,0,1,1,0,2,1,1,,0,5,0
18433,2,1,2,2,1,0,1,1,0,2,1,2,2,1,6,1
18434,2,1,2,2,1,0,1,1,0,2,1,3,1,1,6,1
18435,2,1,2,2,1,0,1,1,0,2,2,1,,0,5,0
18436,2,1,2,2,1,0,1,1,0,2,2,2,,0,6,0
18437,2,1,2,2,1,0,1,1,0,2,2,3,2,1,6,1
18438,2,1,2,2,1,0,1,1,0,3,1,1,,0,5,0
18439,2,1,2,2,1,0,1,1,0,3,1,2,2,1,6,1
18440,2,1,2,2,1,0,1,1,0,3,1,3,1,1,6,1
18441,2,1,2,2,1,0,1,1,0,3,2,1,,0,5,0
18442,2,1,2,2,1,0,1,1,0,3,2,2,,0,6,0
18443,2,1,2,2,1,0,1,1,0,3,2,3,2,1,6,1
18444,2,1,2,2,1,0,1,1,0,4,1,1,,0,5,0
18445,2,1,2,2,1,0,1,1,0,4,1,2,2,1,6,1
18446,2,1,2,2,1,0,1,1,0,4,1,3,1,1,6,1
18447,2,1,2,2,1,0,1,1,0,4,2,1,,0,5,0
18448,2,1,2,2,1,0,1,1,0,4,2,2,,0,6,0
18449,2,1,2,2,1,0,1,1,0,4,2,3,2,1,6,1
18450,2,1,2,2,1,0,1,1,1,0,1,1,0,1,4,1
18451,2,1,2,2,1,0,1,1,1,0,1,2,0,1,4,1
18452,2,1,2,2,1,0,1,1,1,0,1,3,0,1,4,1
18453,2,1,2,2,1,0,1,1,1,0,2,1,0,1,4,1
18454,2,1,2,2,1,0,1,1,1,0,2,2,0,1,4,1
18455,2,1,2,2,1,0,1,1,1,0,2,3,0,1,4,1
18456,2,1,2,2,1,0,1,1,1,1,1,1,0,1,5,1
18457,2,1,2,2,1,0,1,1,1,1,1,2,0,1,5,1
18458,2,1,2,2,1,0,1,1,1,1,1,3,0,1,5,1
18459,2,1,2,2,1,0,1,1,1,1,2,1,0,1,5,1
18460,2,1,2,2,1,0,1,1,1,1,2,2,0,1,5,1
18461,2,1,2,2,1,0,1,1,1,1,2,3,0,1,5,1
18462,2,1,2,2,1,0,1,1,1,2,1,1,0,1,6,1
18463,2,1,2,2,1,0,1,1,1,2,1,2,0,1,6,1
18464,2,1,2,2,1,0,1,1,1,2,1,3,0,1,6,1
18465,2,1,2,2,1,0,1,1,1,2,2,1,0,1,6,1
18466,2,1,2,2,1,0,1,1,1,2,2,2,0,1,6,1
18467,2,1,2,2,1,0,1,1,1,2,2,3,0,1,6,1
18468,2,1,2,2,1,0,1,1,1,3,1,1,0,1,6,1
18469,2,1,2,2,1,0,1,1,1,3,1,2,0,1,6,1
18470,2,1,2,2,1,0,1,1,1,3,1,3,0,1,6,1
18471,2,1,2,2,1,0,1,1,1,3,2,1,0,1,6,1
18472,2,1,2,2,1,0,1,1,1,3,2,2,0,1,6,1
18473,2,1,2,2,1,0,1,1,1,3,2,3,0,1,6,1
18474,2,1,2,2,1,0,1,1,1,4,1,1,0,1,6,1
18475,2,1,2,2,1,0,1,1,1,4,1,2,0,1,6,1
18476,2,1,2,2,1,0,1,1,1,4,1,3,0,1,6,1
18477,2,1,2,2,1,0,1,1,1,4,2,1,0,1,6,1
18478,2,1,2,2,1,0,1,1,1,4,2,2,0,1,6,1
18479,2,1,2,2,1,0,1,1,1,4,2,3,0,1,6,1
18480,2,1,2,2,1,1,0,0,0,0,1,1,,0,4,0
18481,2,1,2,2,1,1,0,0,0,0,1,2,,0,4,0
18482,2,1,2,2,1,1,0,0,0,0,1,3,,0,4,0
18483,2,1,2,2,1,1,0,0,0,0,2,1,,0,4,0
18484,2,1,2,2,1,1,0,0,0,0,2,2,,0,4,0
18485,2,1,2,2,1,1,0,0,0,0,2,3,,0,4,0
18486,2,1,2,2,1,1,0,0,0,1,1,1,,0,4,0
18487,2,1,2,2,1,1,0,0,0,1,1,2,,0,5,0
18488,2,1,2,2,1,1,0,0,0,1,1,3,,0,5,0
18489,2,1,2,2,1,1,0,0,0,1,2,1,,0,4,0
18490,2,1,2,2,1,1,0,0,0,1,2,2,,0,5,0
18491,2,1,2,2,1,1,0,0,0,1,2,3,,0,5,0
18492,2,1,2,2,1,1,0,0,0,2,1,1,2,1,4,1
18493,2,1,2,2,1,1,0,0,0,2,1,2,2,1,5,1
18494,2,1,2,2,1,1,0,0,0,2,1,3,2,1,5,1
18495,2,1,2,2,1,1,0,0,0,2,2,1,2,1,4,1
18496,2,1,2,2,1,1,0,0,0,2,2,2,2,1,5,1
18497,2,1,2,2,1,1,0,0,0,2,2,3,2,1,5,1
18498,2,1,2,2,1,1,0,0,0,3,1,1,2,1,4,1
18499,2,1,2,2,1,1,0,0,0,3,1,2,2,1,5,1
18500,2,1,2,2,1,1,0,0,0,3,1,3,2,1,5,1
18501,2,1,2,2,1,1,0,0,0,3,2,1,2,1,4,1
18502,2,1,2,2,1,1,0,0,0,3,2,2,2,1,5,1
18503,2,1,2,2,1,1,0,0,0,3,2,3,2,1,5,1
18504,2,1,2,2,1,1,0,0,0,4,1,1,2,1,4,1
18505,2,1,2,2,1,1,0,0,0,4,1,2,2,1,5,1
18506,2,1,2,2,1,1,0,0,0,4,1,3,2,1,5,1
18507,2,1,2,2,1,1,0,0,0,4,2,1,2,1,4,1
18508,2,1,2,2,1,1,0,0,0,4,2,2,2,1,5,1
18509,2,1,2,2,1,1,0,0,0,4,2,3,2,1,5,1
18510,2,1,2,2,1,1,0,0,1,0,1,1,0,1,4,1
18511,2,1,2,2,1,1,0,0,1,0,1,2,0,1,4,1
18512,2,1,2,2,1,1,0,0,1,0,1,3,0,1,4,1
18513,2,1,2,2,1,1,0,0,1,0,2,1,0,1,4,1
18514,2,1,2,2,1,1,0,0,1,0,2,2,0,1,4,1
18515,2,1,2,2,1,1,0,0,1,0,2,3,0,1,4,1
18516,2,1,2,2,1,1,0,0,1,1,1,1,0,1,5,1
18517,2,1,2,2,1,1,0,0,1,1,1,2,0,1,5,1
18518,2,1,2,2,1,1,0,0,1,1,1,3,0,1,5,1
18519,2,1,2,2,1,1,0,0,1,1,2,1,0,1,5,1
18520,2,1,2,2,1,1,0,0,1,1,2,2,0,1,5,1
18521,2,1,2,2,1,1,0,0,1,1,2,3,0,1,5,1
18522,2,1,2,2,1,1,0,0,1,2,1,1,0,1,5,1
18523,2,1,2,2,1,1,0,0,1,2,1,2,0,1,5,1
18524,2,1,2,2,1,1,0,0,1,2,1,3,0,1,5,1
18525,2,1,2,2,1,1,0,0,1,2,2,1,0,1,5,1
18526,2,1,2,2,1,1,0,0,1,2,2,2,0,1,5,1
18527,2,1,2,2,1,1,0,0,1,2,2,3,0,1,5,1
18528,2,1,2,2,1,1,0,0,1,3,1,1,0,1,5,1
18529,2,1,2,2,1,1,0,0,1,3,1,2,0,1,5,1
18530,2,1,2,2,1,1,0,0,1,3,1,3,0,1,5,1
18531,2,1,2,2,1,1,0,0,1,3,2,1,0,1,5,1
18532,2,1,2,2,1,1,0,0,1,3,2,2,0,1,5,1
18533,2,1,2,2,1,1,0,0,1,3,2,3,0,1,5,1
18534,2,1,2,2,1,1,0,0,1,4,1,1,0,1,5,1
18535,2,1,2,2,1,1,0,0,1,4,1,2,0,1,5,1
18536,2,1,2,2,1,1,0,0,1,4,1,3,0,1,5,1
18537,2,1,2,2,1,1,0,0,1,4,2,1,0,1,5,1
18538,2,1,2,2,1,1,0,0,1,4,2,2,0,1,5,1
18539,2,1,2,2,1,1,0,0,1,4,2,3,0,1,5,1
18540,2,1,2,2,1,1,0,1,0,0,1,1,,0,4,0
18541,2,1,2,2,1,1,0,1,0,0,1,2,,0,4,0
18542,2,1,2,2,1,1,0,1,0,0,1,3,,0,4,0
18543,2,1,2,2,1,1,0,1,0,0,2,1,,0,4,0
18544,2,1,2,2,1,1,0,1,0,0,2,2,,0,4,0
18545,2,1,2,2,1,1,0,1,0,0,2,3,,0,4,0
18546,2,1,2,2,1,1,0,1,0,1,1,1,,0,4,0
18547,2,1,2,2,1,1,0,1,0,1,1,2,1,1,5,1
18548,2,1,2,2,1,1,0,1,0,1,1,3,1,1,5,1
18549,2,1,2,2,1,1,0,1,0,1,2,1,,0,4,0
18550,2,1,2,2,1,1,0,1,0,1,2,2,1,1,5,1
18551,2,1,2,2,1,1,0,1,0,1,2,3,1,1,5,1
18552,2,1,2,2,1,1,0,1,0,2,1,1,2,1,4,1
18553,2,1,2,2,1,1,0,1,0,2,1,2,1,1,5,1
18554,2,1,2,2,1,1,0,1,0,2,1,3,1,1,5,1
18555,2,1,2,2,1,1,0,1,0,2,2,1,2,1,4,1
18556,2,1,2,2,1,1,0,1,0,2,2,2,1,1,5,1
18557,2,1,2,2,1,1,0,1,0,2,2,3,1,1,5,1
18558,2,1,2,2,1,1,0,1,0,3,1,1,2,1,4,1
18559,2,1,2,2,1,1,0,1,0,3,1,2,1,1,5,1
18560,2,1,2,2,1,1,0,1,0,3,1,3,1,1,5,1
18561,2,1,2,2,1,1,0,1,0,3,2,1,2,1,4,1
18562,2,1,2,2,1,1,0,1,0,3,2,2,1,1,5,1
18563,2,1,2,2,1,1,0,1,0,3,2,3,1,1,5,1
18564,2,1,2,2,1,1,0,1,0,4,1,1,2,1,4,1
18565,2,1,2,2,1,1,0,1,0,4,1,2,1,1,5,1
18566,2,1,2,2,1,1,0,1,0,4,1,3,1,1,5,1
18567,2,1,2,2,1,1,0,1,0,4,2,1,2,1,4,1
18568,2,1,2,2,1,1,0,1,0,4,2,2,1,1,5,1
18569,2,1,2,2,1,1,0,1,0,4,2,3,1,1,5,1
18570,2,1,2,2,1,1,0,1,1,0,1,1,0,1,4,1
18571,2,1,2,2,1,1,0,1,1,0,1,2,0,1,4,1
18572,2,1,2,2,1,1,0,1,1,0,1,3,0,1,4,1
18573,2,1,2,2,1,1,0,1,1,0,2,1,0,1,4,1
18574,2,1,2,2,1,1,0,1,1,0,2,2,0,1,4,1
18575,2,1,2,2,1,1,0,1,1,0,2,3,0,1,4,1
18576,2,1,2,2,1,1,0,1,1,1,1,1,0,1,5,1
18577,2,1,2,2,1,1,0,1,1,1,1,2,0,1,5,1
18578,2,1,2,2,1,1,0,1,1,1,1,3,0,1,5,1
18579,2,1,2,2,1,1,0,1,1,1,2,1,0,1,5,1
18580,2,1,2,2,1,1,0,1,1,1,2,2,0,1,5,1
18581,2,1,2,2,1,1,0,1,1,1,2,3,0,1,5,1
18582,2,1,2,2,1,1,0,1,1,2,1,1,0,1,5,1
18583,2,1,2,2,1,1,0,1,1,2,1,2,0,1,5,1
18584,2,1,2,2,1,1,0,1,1,2,1,3,0,1,5,1
18585,2,1,2,2,1,1,0,1,1,2,2,1,0,1,5,1
18586,2,1,2,2,1,1,0,1,1,2,2,2,0,1,5,1
18587,2,1,2,2,1,1,0,1,1,2,2,3,0,1,5,1
18588,2,1,2,2,1,1,0,1,1,3,1,1,0,1,5,1
18589,2,1,2,2,1,1,0,1,1,3,1,2,0,1,5,1
18590,2,1,2,2,1,1,0,1,1,3,1,3,0,1,5,1
18591,2,1,2,2,1,1,0,1,1,3,2,1,0,1,5,1
18592,2,1,2,2,1,1,0,1,1,3,2,2,0,1,5,1
18593,2,1,2,2,1,1,0,1,1,3,2,3,0,1,5,1
18594,2,1,2,2,1,1,0,1,1,4,1,1,0,1,5,1
18595,2,1,2,2,1,1,0,1,1,4,1,2,0,1,5,1
18596,2,1,2,2,1,1,0,1,1,4,1,3,0,1,5,1
18597,2,1,2,2,1,1,0,1,1,4,2,1,0,1,5,1
18598,2,1,2,2,1,1,0,1,1,4,2,2,0,1,5,1
18599,2,1,2,2,1,1,0,1,1,4,2,3,0,1,5,1
18600,2,1,2,2,1,1,1,0,0,0,1,1,,0,4,0
18601,2,1,2,2,1,1,1,0,0,0,1,2,,0,4,0
18602,2,1,2,2,1,1,1,0,0,0,1,3,,0,4,0
18603,2,1,2,2,1,1,1,0,0,0,2,1,,0,4,0
18604,2,1,2,2,1,1,1,0,0,0,2,2,,0,4,0
18605,2,1,2,2,1,1,1,0,0,0,2,3,,0,4,0
18606,2,1,2,2,1,1,1,0,0,1,1,1,,0,4,0
18607,2,1,2,2,1,1,1,0,0,1,1,2,,0,5,0
18608,2,1,2,2,1,1,1,0,0,1,1,3,,0,6,0
18609,2,1,2,2,1,1,1,0,0,1,2,1,,0,4,0
18610,2,1,2,2,1,1,1,0,0,1,2,2,,0,5,0
18611,2,1,2,2,1,1,1,0,0,1,2,3,,0,5,0
18612,2,1,2,2,1,1,1,0,0,2,1,1,,0,5,0
18613,2,1,2,2,1,1,1,0,0,2,1,2,2,1,6,1
18614,2,1,2,2,1,1,1,0,0,2,1,3,2,1,7,1
18615,2,1,2,2,1,1,1,0,0,2,2,1,,0,5,0
18616,2,1,2,2,1,1,1,0,0,2,2,2,,0,6,0
18617,2,1,2,2,1,1,1,0,0,2,2,3,2,1,6,1
18618,2,1,2,2,1,1,1,0,0,3,1,1,,0,5,0
18619,2,1,2,2,1,1,1,0,0,3,1,2,2,1,6,1
18620,2,1,2,2,1,1,1,0,0,3,1,3,2,1,7,1
18621,2,1,2,2,1,1,1,0,0,3,2,1,,0,5,0
18622,2,1,2,2,1,1,1,0,0,3,2,2,,0,6,0
18623,2,1,2,2,1,1,1,0,0,3,2,3,2,1,6,1
18624,2,1,2,2,1,1,1,0,0,4,1,1,,0,5,0
18625,2,1,2,2,1,1,1,0,0,4,1,2,2,1,6,1
18626,2,1,2,2,1,1,1,0,0,4,1,3,2,1,7,1
18627,2,1,2,2,1,1,1,0,0,4,2,1,,0,5,0
18628,2,1,2,2,1,1,1,0,0,4,2,2,,0,6,0
18629,2,1,2,2,1,1,1,0,0,4,2,3,2,1,6,1
18630,2,1,2,2,1,1,1,0,1,0,1,1,0,1,4,1
18631,2,1,2,2,1,1,1,0,1,0,1,2,0,1,4,1
18632,2,1,2,2,1,1,1,0,1,0,1,3,0,1,4,1
18633,2,1,2,2,1,1,1,0,1,0,2,1,0,1,4,1
18634,2,1,2,2,1,1,1,0,1,0,2,2,0,1,4,1
18635,2,1,2,2,1,1,1,0,1,0,2,3,0,1,4,1
18636,2,1,2,2,1,1,1,0,1,1,1,1,0,1,6,1
18637,2,1,2,2,1,1,1,0,1,1,1,2,0,1,6,1
18638,2,1,2,2,1,1,1,0,1,1,1,3,0,1,6,1
18639,2,1,2,2,1,1,1,0,1,1,2,1,0,1,6,1
18640,2,1,2,2,1,1,1,0,1,1,2,2,0,1,6,1
18641,2,1,2,2,1,1,1,0,1,1,2,3,0,1,6,1
18642,2,1,2,2,1,1,1,0,1,2,1,1,0,1,7,1
18643,2,1,2,2,1,1,1,0,1,2,1,2,0,1,7,1
18644,2,1,2,2,1,1,1,0,1,2,1,3,0,1,7,1
18645,2,1,2,2,1,1,1,0,1,2,2,1,0,1,7,1
18646,2,1,2,2,1,1,1,0,1,2,2,2,0,1,7,1
18647,2,1,2,2,1,1,1,0,1,2,2,3,0,1,7,1
18648,2,1,2,2,1,1,1,0,1,3,1,1,0,1,7,1
18649,2,1,2,2,1,1,1,0,1,3,1,2,0,1,7,1
18650,2,1,2,2,1,1,1,0,1,3,1,3,0,1,7,1
18651,2,1,2,2,1,1,1,0,1,3,2,1,0,1,7,1
18652,2,1,2,2,1,1,1,0,1,3,2,2,0,1,7,1
18653,2,1,2,2,1,1,1,0,1,3,2,3,0,1,7,1
18654,2,1,2,2,1,1,1,0,1,4,1,1,0,1,7,1
18655,2,1,2,2,1,1,1,0,1,4,1,2,0,1,7,1
18656,2,1,2,2,1,1,1,0,1,4,1,3,0,1,7,1
18657,2,1,2,2,1,1,1,0,1,4,2,1,0,1,7,1
18658,2,1,2,2,1,1,1,0,1,4,2,2,0,1,7,1
18659,2,1,2,2,1,1,1,0,1,4,2,3,0,1,7,1
18660,2,1,2,2,1,1,1,1,0,0,1,1,,0,4,0
18661,2,1,2,2,1,1,1,1,0,0,1,2,,0,4,0
18662,2,1,2,2,1,1,1,1,0,0,1,3,,0,4,0
18663,2,1,2,2,1,1,1,1,0,0,2,1,,0,4,0
18664,2,1,2,2,1,1,1,1,0,0,2,2,,0,4,0
18665,2,1,2,2,1,1,1,1,0,0,2,3,,0,4,0
18666,2,1,2,2,1,1,1,1,0,1,1,1,,0,4,0
18667,2,1,2,2,1,1,1,1,0,1,1,2,,0,5,0
18668,2,1,2,2,1,1,1,1,0,1,1,3,1,1,7,1
18669,2,1,2,2,1,1,1,1,0,1,2,1,,0,4,0
18670,2,1,2,2,1,1,1,1,0,1,2,2,,0,5,0
18671,2,1,2,2,1,1,1,1,0,1,2,3,,0,5,0
18672,2,1,2,2,1,1,1,1,0,2,1,1,,0,5,0
18673,2,1,2,2,1,1,1,1,0,2,1,2,2,1,6,1
18674,2,1,2,2,1,1,1,1,0,2,1,3,1,1,8,1
18675,2,1,2,2,1,1,1,1,0,2,2,1,,0,5,0
18676,2,1,2,2,1,1,1,1,0,2,2,2,,0,6,0
18677,2,1,2,2,1,1,1,1,0,2,2,3,2,1,6,1
18678,2,1,2,2,1,1,1,1,0,3,1,1,,0,5,0
18679,2,1,2,2,1,1,1,1,0,3,1,2,2,1,6,1
18680,2,1,2,2,1,1,1,1,0,3,1,3,1,1,8,1
18681,2,1,2,2,1,1,1,1,0,3,2,1,,0,5,0
18682,2,1,2,2,1,1,1,1,0,3,2,2,,0,6,0
18683,2,1,2,2,1,1,1,1,0,3,2,3,2,1,6,1
18684,2,1,2,2,1,1,1,1,0,4,1,1,,0,5,0
18685,2,1,2,2,1,1,1,1,0,4,1,2,2,1,6,1
18686,2,1,2,2,1,1,1,1,0,4,1,3,1,1,8,1
18687,2,1,2,2,1,1,1,1,0,4,2,1,,0,5,0
18688,2,1,2,2,1,1,1,1,0,4,2,2,,0,6,0
18689,2,1,2,2,1,1,1,1,0,4,2,3,2,1,6,1
18690,2,1,2,2,1,1,1,1,1,0,1,1,0,1,4,1
18691,2,1,2,2,1,1,1,1,1,0,1,2,0,1,4,1
18692,2,1,2,2,1,1,1,1,1,0,1,3,0,1,4,1
18693,2,1,2,2,1,1,1,1,1,0,2,1,0,1,4,1
18694,2,1,2,2,1,1,1,1,1,0,2,2,0,1,4,1
18695,2,1,2,2,1,1,1,1,1,0,2,3,0,1,4,1
18696,2,1,2,2,1,1,1,1,1,1,1,1,0,1,7,1
18697,2,1,2,2,1,1,1,1,1,1,1,2,0,1,7,1
18698,2,1,2,2,1,1,1,1,1,1,1,3,0,1,7,1
18699,2,1,2,2,1,1,1,1,1,1,2,1,0,1,7,1
18700,2,1,2,2,1,1,1,1,1,1,2,2,0,1,7,1
18701,2,1,2,2,1,1,1,1,1,1,2,3,0,1,7,1
18702,2,1,2,2,1,1,1,1,1,2,1,1,0,1,8,1
18703,2,1,2,2,1,1,1,1,1,2,1,2,0,1,8,1
18704,2,1,2,2,1,1,1,1,1,2,1,3,0,1,8,1
18705,2,1,2,2,1,1,1,1,1,2,2,1,0,1,8,1
18706,2,1,2,2,1,1,1,1,1,2,2,2,0,1,8,1
18707,2,1,2,2,1,1,1,1,1,2,2,3,0,1,8,1
18708,2,1,2,2,1,1,1,1,1,3,1,1,0,1,8,1
18709,2,1,2,2,1,1,1,1,1,3,1,2,0,1,8,1
18710,2,1,2,2,1,1,1,1,1,3,1,3,0,1,8,1
18711,2,1,2,2,1,1,1,1,1,3,2,1,0,1,8,1
18712,2,1,2,2,1,1,1,1,1,3,2,2,0,1,8,1
18713,2,1,2,2,1,1,1,1,1,3,2,3,0,1,8,1
18714,2,1,2,2,1,1,1,1,1,4,1,1,0,1,8,1
18715,2,1,2,2,1,1,1,1,1,4,1,2,0,1,8,1
18716,2,1,2,2,1,1,1,1,1,4,1,3,0,1,8,1
18717,2,1,2,2,1,1,1,1,1,4,2,1,0,1,8,1
18718,2,1,2,2,1,1,1,1,1,4,2,2,0,1,8,1
18719,2,1,2,2,1,1,1,1,1,4,2,3,0,1,8,1
18720,2,1,2,2,2,0,0,0,0,0,1,1,,0,4,0
18721,2,1,2,2,2,0,0,0,0,0,1,2,,0,4,0
18722,2,1,2,2,2,0,0,0,0,0,1,3,,0,4,0
18723,2,1,2,2,2,0,0,0,0,0,2,1,,0,4,0
18724,2,1,2,2,2,0,0,0,0,0,2,2,,0,4,0
18725,2,1,2,2,2,0,0,0,0,0,2,3,,0,4,0
18726,2,1,2,2,2,0,0,0,0,1,1,1,,0,4,0
18727,2,1,2,2,2,0,0,0,0,1,1,2,1,1,4,1
18728,2,1,2,2,2,0,0,0,0,1,1,3,1,1,4,1
18729,2,1,2,2,2,0,0,0,0,1,2,1,,0,4,0
18730,2,1,2,2,2,0,0,0,0,1,2,2,1,1,4,1
18731,2,1,2,2,2,0,0,0,0,1,2,3,1,1,4,1
18732,2,1,2,2,2,0,0,0,0,2,1,1,,0,4,0
18733,2,1,2,2,2,0,0,0,0,2,1,2,1,1,4,1
18734,2,1,2,2,2,0,0,0,0,2,1,3,1,1,4,1
18735,2,1,2,2,2,0,0,0,0,2,2,1,,0,4,0
18736,2,1,2,2,2,0,0,0,0,2,2,2,1,1,4,1
18737,2,1,2,2,2,0,0,0,0,2,2,3,1,1,4,1
18738,2,1,2,2,2,0,0,0,0,3,1,1,,0,4,0
18739,2,1,2,2,2,0,0,0,0,3,1,2,1,1,4,1
18740,2,1,2,2,2,0,0,0,0,3,1,3,1,1,4,1
18741,2,1,2,2,2,0,0,0,0,3,2,1,,0,4,0
18742,2,1,2,2,2,0,0,0,0,3,2,2,1,1,4,1
18743,2,1,2,2,2,0,0,0,0,3,2,3,1,1,4,1
18744,2,1,2,2,2,0,0,0,0,4,1,1,,0,4,0
18745,2,1,2,2,2,0,0,0,0,4,1,2,1,1,4,1
18746,2,1,2,2,2,0,0,0,0,4,1,3,1,1,4,1
18747,2,1,2,2,2,0,0,0,0,4,2,1,,0,4,0
18748,2,1,2,2,2,0,0,0,0,4,2,2,1,1,4,1
18749,2,1,2,2,2,0,0,0,0,4,2,3,1,1,4,1
18750,2,1,2,2,2,0,0,0,1,0,1,1,0,1,4,1
18751,2,1,2,2,2,0,0,0,1,0,1,2,0,1,4,1
18752,2,1,2,2,2,0,0,0,1,0,1,3,0,1,4,1
18753,2,1,2,2,2,0,0,0,1,0,2,1,0,1,4,1
18754,2,1,2,2,2,0,0,0,1,0,2,2,0,1,4,1
18755,2,1,2,2,2,0,0,0,1,0,2,3,0,1,4,1
18756,2,1,2,2,2,0,0,0,1,1,1,1,0,1,4,1
18757,2,1,2,2,2,0,0,0,1,1,1,2,0,1,4,1
18758,2,1,2,2,2,0,0,0,1,1,1,3,0,1,4,1
18759,2,1,2,2,2,0,0,0,1,1,2,1,0,1,4,1
18760,2,1,2,2,2,0,0,0,1,1,2,2,0,1,4,1
18761,2,1,2,2,2,0,0,0,1,1,2,3,0,1,4,1
18762,2,1,2,2,2,0,0,0,1,2,1,1,0,1,4,1
18763,2,1,2,2,2,0,0,0,1,2,1,2,0,1,4,1
18764,2,1,2,2,2,0,0,0,1,2,1,3,0,1,4,1
18765,2,1,2,2,2,0,0,0,1,2,2,1,0,1,4,1
18766,2,1,2,2,2,0,0,0,1,2,2,2,0,1,4,1
18767,2,1,2,2,2,0,0,0,1,2,2,3,0,1,4,1
18768,2,1,2,2,2,0,0,0,1,3,1,1,0,1,4,1
18769,2,1,2,2,2,0,0,0,1,3,1,2,0,1,4,1
18770,2,1,2,2,2,0,0,0,1,3,1,3,0,1,4,1
18771,2,1,2,2,2,0,0,0,1,3,2,1,0,1,4,1
18772,2,1,2,2,2,0,0,0,1,3,2,2,0,1,4,1
18773,2,1,2,2,2,0,0,0,1,3,2,3,0,1,4,1
18774,2,1,2,2,2,0,0,0,1,4,1,1,0,1,4,1
18775,2,1,2,2,2,0,0,0,1,4,1,2,0,1,4,1
18776,2,1,2,2,2,0,0,0,1,4,1,3,0,1,4,1
18777,2,1,2,2,2,0,0,0,1,4,2,1,0,1,4,1
18778,2,1,2,2,2,0,0,0,1,4,2,2,0,1,4,1
18779,2,1,2,2,2,0,0,0,1,4,2,3,0,1,4,1
18780,2,1,2,2,2,0,0,1,0,0,1,1,,0,4,0
18781,2,1,2,2,2,0,0,1,0,0,1,2,,0,4,0
18782,2,1,2,2,2,0,0,1,0,0,1,3,,0,4,0
18783,2,1,2,2,2,0,0,1,0,0,2,1,,0,4,0
18784,2,1,2,2,2,0,0,1,0,0,2,2,,0,4,0
18785,2,1,2,2,2,0,0,1,0,0,2,3,,0,4,0
18786,2,1,2,2,2,0,0,1,0,1,1,1,,0,4,0
18787,2,1,2,2,2,0,0,1,0,1,1,2,1,1,4,1
18788,2,1,2,2,2,0,0,1,0,1,1,3,1,1,4,1
18789,2,1,2,2,2,0,0,1,0,1,2,1,,0,4,0
18790,2,1,2,2,2,0,0,1,0,1,2,2,1,1,4,1
18791,2,1,2,2,2,0,0,1,0,1,2,3,1,1,4,1
18792,2,1,2,2,2,0,0,1,0,2,1,1,,0,4,0
18793,2,1,2,2,2,0,0,1,0,2,1,2,1,1,4,1
18794,2,1,2,2,2,0,0,1,0,2,1,3,1,1,4,1
18795,2,1,2,2,2,0,0,1,0,2,2,1,,0,4,0
18796,2,1,2,2,2,0,0,1,0,2,2,2,1,1,4,1
18797,2,1,2,2,2,0,0,1,0,2,2,3,1,1,4,1
18798,2,1,2,2,2,0,0,1,0,3,1,1,,0,4,0
18799,2,1,2,2,2,0,0,1,0,3,1,2,1,1,4,1
18800,2,1,2,2,2,0,0,1,0,3,1,3,1,1,4,1
18801,2,1,2,2,2,0,0,1,0,3,2,1,,0,4,0
18802,2,1,2,2,2,0,0,1,0,3,2,2,1,1,4,1
18803,2,1,2,2,2,0,0,1,0,3,2,3,1,1,4,1
18804,2,1,2,2,2,0,0,1,0,4,1,1,,0,4,0
18805,2,1,2,2,2,0,0,1,0,4,1,2,1,1,4,1
18806,2,1,2,2,2,0,0,1,0,4,1,3,1,1,4,1
18807,2,1,2,2,2,0,0,1,0,4,2,1,,0,4,0
18808,2,1,2,2,2,0,0,1,0,4,2,2,1,1,4,1
18809,2,1,2,2,2,0,0,1,0,4,2,3,1,1,4,1
18810,2,1,2,2,2,0,0,1,1,0,1,1,0,1,4,1
18811,2,1,2,2,2,0,0,1,1,0,1,2,0,1,4,1
18812,2,1,2,2,2,0,0,1,1,0,1,3,0,1,4,1
18813,2,1,2,2,2,0,0,1,1,0,2,1,0,1,4,1
18814,2,1,2,2,2,0,0,1,1,0,2,2,0,1,4,1
18815,2,1,2,2,2,0,0,1,1,0,2,3,0,1,4,1
18816,2,1,2,2,2,0,0,1,1,1,1,1,0,1,4,1
18817,2,1,2,2,2,0,0,1,1,1,1,2,0,1,4,1
18818,2,1,2,2,2,0,0,1,1,1,1,3,0,1,4,1
18819,2,1,2,2,2,0,0,1,1,1,2,1,0,1,4,1
18820,2,1,2,2,2,0,0,1,1,1,2,2,0,1,4,1
18821,2,1,2,2,2,0,0,1,1,1,2,3,0,1,4,1
18822,2,1,2,2,2,0,0,1,1,2,1,1,0,1,4,1
18823,2,1,2,2,2,0,0,1,1,2,1,2,0,1,4,1
18824,2,1,2,2,2,0,0,1,1,2,1,3,0,1,4,1
18825,2,1,2,2,2,0,0,1,1,2,2,1,0,1,4,1
18826,2,1,2,2,2,0,0,1,1,2,2,2,0,1,4,1
18827,2,1,2,2,2,0,0,1,1,2,2,3,0,1,4,1
18828,2,1,2,2,2,0,0,1,1,3,1,1,0,1,4,1
18829,2,1,2,2,2,0,0,1,1,3,1,2,0,1,4,1
18830,2,1,2,2,2,0,0,1,1,3,1,3,0,1,4,1
18831,2,1,2,2,2,0,0,1,1,3,2,1,0,1,4,1
18832,2,1,2,2,2,0,0,1,1,3,2,2,0,1,4,1
18833,2,1,2,2,2,0,0,1,1,3,2,3,0,1,4,1
18834,2,1,2,2,2,0,0,1,1,4,1,1,0,1,4,1
18835,2,1,2,2,2,0,0,1,1,4,1,2,0,1,4,1
18836,2,1,2,2,2,0,0,1,1,4,1,3,0,1,4,1
18837,2,1,2,2,2,0,0,1,1,4,2,1,0,1,4,1
18838,2,1,2,2,2,0,0,1,1,4,2,2,0,1,4,1
18839,2,1,2,2,2,0,0,1,1,4,2,3,0,1,4,1
18840,2,1,2,2,2,0,1,0,0,0,1,1,,0,4,0
18841,2,1,2,2,2,0,1,0,0,0,1,2,,0,4,0
18842,2,1,2,2,2,0,1,0,0,0,1,3,,0,4,0
18843,2,1,2,2,2,0,1,0,0,0,2,1,,0,4,0
18844,2,1,2,2,2,0,1,0,0,0,2,2,,0,4,0
18845,2,1,2,2,2,0,1,0,0,0,2,3,,0,4,0
18846,2,1,2,2,2,0,1,0,0,1,1,1,,0,4,0
18847,2,1,2,2,2,0,1,0,0,1,1,2,,0,5,0
18848,2,1,2,2,2,0,1,0,0,1,1,3,1,1,5,1
18849,2,1,2,2,2,0,1,0,0,1,2,1,,0,4,0
18850,2,1,2,2,2,0,1,0,0,1,2,2,,0,5,0
18851,2,1,2,2,2,0,1,0,0,1,2,3,,0,5,0
18852,2,1,2,2,2,0,1,0,0,2,1,1,,0,4,0
18853,2,1,2,2,2,0,1,0,0,2,1,2,,0,6,0
18854,2,1,2,2,2,0,1,0,0,2,1,3,1,1,6,1
18855,2,1,2,2,2,0,1,0,0,2,2,1,,0,4,0
18856,2,1,2,2,2,0,1,0,0,2,2,2,,0,6,0
18857,2,1,2,2,2,0,1,0,0,2,2,3,,0,6,0
18858,2,1,2,2,2,0,1,0,0,3,1,1,,0,4,0
18859,2,1,2,2,2,0,1,0,0,3,1,2,,0,6,0
18860,2,1,2,2,2,0,1,0,0,3,1,3,1,1,6,1
18861,2,1,2,2,2,0,1,0,0,3,2,1,,0,4,0
18862,2,1,2,2,2,0,1,0,0,3,2,2,,0,6,0
18863,2,1,2,2,2,0,1,0,0,3,2,3,,0,6,0
18864,2,1,2,2,2,0,1,0,0,4,1,1,,0,4,0
18865,2,1,2,2,2,0,1,0,0,4,1,2,,0,6,0
18866,2,1,2,2,2,0,1,0,0,4,1,3,1,1,6,1
18867,2,1,2,2,2,0,1,0,0,4,2,1,,0,4,0
18868,2,1,2,2,2,0,1,0,0,4,2,2,,0,6,0
18869,2,1,2,2,2,0,1,0,0,4,2,3,,0,6,0
18870,2,1,2,2,2,0,1,0,1,0,1,1,0,1,4,1
18871,2,1,2,2,2,0,1,0,1,0,1,2,0,1,4,1
18872,2,1,2,2,2,0,1,0,1,0,1,3,0,1,4,1
18873,2,1,2,2,2,0,1,0,1,0,2,1,0,1,4,1
18874,2,1,2,2,2,0,1,0,1,0,2,2,0,1,4,1
18875,2,1,2,2,2,0,1,0,1,0,2,3,0,1,4,1
18876,2,1,2,2,2,0,1,0,1,1,1,1,0,1,5,1
18877,2,1,2,2,2,0,1,0,1,1,1,2,0,1,5,1
18878,2,1,2,2,2,0,1,0,1,1,1,3,0,1,5,1
18879,2,1,2,2,2,0,1,0,1,1,2,1,0,1,5,1
18880,2,1,2,2,2,0,1,0,1,1,2,2,0,1,5,1
18881,2,1,2,2,2,0,1,0,1,1,2,3,0,1,5,1
18882,2,1,2,2,2,0,1,0,1,2,1,1,0,1,6,1
18883,2,1,2,2,2,0,1,0,1,2,1,2,0,1,6,1
18884,2,1,2,2,2,0,1,0,1,2,1,3,0,1,6,1
18885,2,1,2,2,2,0,1,0,1,2,2,1,0,1,6,1
18886,2,1,2,2,2,0,1,0,1,2,2,2,0,1,6,1
18887,2,1,2,2,2,0,1,0,1,2,2,3,0,1,6,1
18888,2,1,2,2,2,0,1,0,1,3,1,1,0,1,6,1
18889,2,1,2,2,2,0,1,0,1,3,1,2,0,1,6,1
18890,2,1,2,2,2,0,1,0,1,3,1,3,0,1,6,1
18891,2,1,2,2,2,0,1,0,1,3,2,1,0,1,6,1
18892,2,1,2,2,2,0,1,0,1,3,2,2,0,1,6,1
18893,2,1,2,2,2,0,1,0,1,3,2,3,0,1,6,1
18894,2,1,2,2,2,0,1,0,1,4,1,1,0,1,6,1
18895,2,1,2,2,2,0,1,0,1,4,1,2,0,1,6,1
18896,2,1,2,2,2,0,1,0,1,4,1,3,0,1,6,1
18897,2,1,2,2,2,0,1,0,1,4,2,1,0,1,6,1
18898,2,1,2,2,2,0,1,0,1,4,2,2,0,1,6,1
18899,2,1,2,2,2,0,1,0,1,4,2,3,0,1,6,1
18900,2,1,2,2,2,0,1,1,0,0,1,1,,0,4,0
18901,2,1,2,2,2,0,1,1,0,0,1,2,,0,4,0
18902,2,1,2,2,2,0,1,1,0,0,1,3,,0,4,0
18903,2,1,2,2,2,0,1,1,0,0,2,1,,0,4,0
18904,2,1,2,2,2,0,1,1,0,0,2,2,,0,4,0
18905,2,1,2,2,2,0,1,1,0,0,2,3,,0,4,0
18906,2,1,2,2,2,0,1,1,0,1,1,1,,0,4,0
18907,2,1,2,2,2,0,1,1,0,1,1,2,,0,5,0
18908,2,1,2,2,2,0,1,1,0,1,1,3,1,1,5,1
18909,2,1,2,2,2,0,1,1,0,1,2,1,,0,4,0
18910,2,1,2,2,2,0,1,1,0,1,2,2,,0,5,0
18911,2,1,2,2,2,0,1,1,0,1,2,3,,0,5,0
18912,2,1,2,2,2,0,1,1,0,2,1,1,,0,4,0
18913,2,1,2,2,2,0,1,1,0,2,1,2,,0,6,0
18914,2,1,2,2,2,0,1,1,0,2,1,3,1,1,6,1
18915,2,1,2,2,2,0,1,1,0,2,2,1,,0,4,0
18916,2,1,2,2,2,0,1,1,0,2,2,2,,0,6,0
18917,2,1,2,2,2,0,1,1,0,2,2,3,,0,6,0
18918,2,1,2,2,2,0,1,1,0,3,1,1,,0,4,0
18919,2,1,2,2,2,0,1,1,0,3,1,2,,0,6,0
18920,2,1,2,2,2,0,1,1,0,3,1,3,1,1,6,1
18921,2,1,2,2,2,0,1,1,0,3,2,1,,0,4,0
18922,2,1,2,2,2,0,1,1,0,3,2,2,,0,6,0
18923,2,1,2,2,2,0,1,1,0,3,2,3,,0,6,0
18924,2,1,2,2,2,0,1,1,0,4,1,1,,0,4,0
18925,2,1,2,2,2,0,1,1,0,4,1,2,,0,6,0
18926,2,1,2,2,2,0,1,1,0,4,1,3,1,1,6,1
18927,2,1,2,2,2,0,1,1,0,4,2,1,,0,4,0
18928,2,1,2,2,2,0,1,1,0,4,2,2,,0,6,0
18929,2,1,2,2,2,0,1,1,0,4,2,3,,0,6,0
18930,2,1,2,2,2,0,1,1,1,0,1,1,0,1,4,1
18931,2,1,2,2,2,0,1,1,1,0,1,2,0,1,4,1
18932,2,1,2,2,2,0,1,1,1,0,1,3,0,1,4,1
18933,2,1,2,2,2,0,1,1,1,0,2,1,0,1,4,1
18934,2,1,2,2,2,0,1,1,1,0,2,2,0,1,4,1
18935,2,1,2,2,2,0,1,1,1,0,2,3,0,1,4,1
18936,2,1,2,2,2,0,1,1,1,1,1,1,0,1,5,1
18937,2,1,2,2,2,0,1,1,1,1,1,2,0,1,5,1
18938,2,1,2,2,2,0,1,1,1,1,1,3,0,1,5,1
18939,2,1,2,2,2,0,1,1,1,1,2,1,0,1,5,1
18940,2,1,2,2,2,0,1,1,1,1,2,2,0,1,5,1
18941,2,1,2,2,2,0,1,1,1,1,2,3,0,1,5,1
18942,2,1,2,2,2,0,1,1,1,2,1,1,0,1,6,1
18943,2,1,2,2,2,0,1,1,1,2,1,2,0,1,6,1
18944,2,1,2,2,2,0,1,1,1,2,1,3,0,1,6,1
18945,2,1,2,2,2,0,1,1,1,2,2,1,0,1,6,1
18946,2,1,2,2,2,0,1,1,1,2,2,2,0,1,6,1
18947,2,1,2,2,2,0,1,1,1,2,2,3,0,1,6,1
18948,2,1,2,2,2,0,1,1,1,3,1,1,0,1,6,1
18949,2,1,2,2,2,0,1,1,1,3,1,2,0,1,6,1
18950,2,1,2,2,2,0,1,1,1,3,1,3,0,1,6,1
18951,2,1,2,2,2,0,1,1,1,3,2,1,0,1,6,1
18952,2,1,2,2,2,0,1,1,1,3,2,2,0,1,6,1
18953,2,1,2,2,2,0,1,1,1,3,2,3,0,1,6,1
18954,2,1,2,2,2,0,1,1,1,4,1,1,0,1,6,1
18955,2,1,2,2,2,0,1,1,1,4,1,2,0,1,6,1
18956,2,1,2,2,2,0,1,1,1,4,1,3,0,1,6,1
18957,2,1,2,2,2,0,1,1,1,4,2,1,0,1,6,1
18958,2,1,2,2,2,0,1,1,1,4,2,2,0,1,6,1
18959,2,1,2,2,2,0,1,1,1,4,2,3,0,1,6,1
18960,2,1,2,2,2,1,0,0,0,0,1,1,,0,4,0
18961,2,1,2,2,2,1,0,0,0,0,1,2,,0,4,0
18962,2,1,2,2,2,1,0,0,0,0,1,3,,0,4,0
18963,2,1,2,2,2,1,0,0,0,0,2,1,,0,4,0
18964,2,1,2,2,2,1,0,0,0,0,2,2,,0,4,0
18965,2,1,2,2,2,1,0,0,0,0,2,3,,0,4,0
18966,2,1,2,2,2,1,0,0,0,1,1,1,,0,4,0
18967,2,1,2,2,2,1,0,0,0,1,1,2,,0,5,0
18968,2,1,2,2,2,1,0,0,0,1,1,3,,0,5,0
18969,2,1,2,2,2,1,0,0,0,1,2,1,,0,4,0
18970,2,1,2,2,2,1,0,0,0,1,2,2,,0,5,0
18971,2,1,2,2,2,1,0,0,0,1,2,3,,0,5,0
18972,2,1,2,2,2,1,0,0,0,2,1,1,,0,4,0
18973,2,1,2,2,2,1,0,0,0,2,1,2,2,1,5,1
18974,2,1,2,2,2,1,0,0,0,2,1,3,2,1,5,1
18975,2,1,2,2,2,1,0,0,0,2,2,1,,0,4,0
18976,2,1,2,2,2,1,0,0,0,2,2,2,2,1,5,1
18977,2,1,2,2,2,1,0,0,0,2,2,3,2,1,5,1
18978,2,1,2,2,2,1,0,0,0,3,1,1,,0,4,0
18979,2,1,2,2,2,1,0,0,0,3,1,2,2,1,5,1
18980,2,1,2,2,2,1,0,0,0,3,1,3,2,1,5,1
18981,2,1,2,2,2,1,0,0,0,3,2,1,,0,4,0
18982,2,1,2,2,2,1,0,0,0,3,2,2,2,1,5,1
18983,2,1,2,2,2,1,0,0,0,3,2,3,2,1,5,1
18984,2,1,2,2,2,1,0,0,0,4,1,1,,0,4,0
18985,2,1,2,2,2,1,0,0,0,4,1,2,2,1,5,1
18986,2,1,2,2,2,1,0,0,0,4,1,3,2,1,5,1
18987,2,1,2,2,2,1,0,0,0,4,2,1,,0,4,0
18988,2,1,2,2,2,1,0,0,0,4,2,2,2,1,5,1
18989,2,1,2,2,2,1,0,0,0,4,2,3,2,1,5,1
18990,2,1,2,2,2,1,0,0,1,0,1,1,0,1,4,1
18991,2,1,2,2,2,1,0,0,1,0,1,2,0,1,4,1
18992,2,1,2,2,2,1,0,0,1,0,1,3,0,1,4,1
18993,2,1,2,2,2,1,0,0,1,0,2,1,0,1,4,1
18994,2,1,2,2,2,1,0,0,1,0,2,2,0,1,4,1
18995,2,1,2,2,2,1,0,0,1,0,2,3,0,1,4,1
18996,2,1,2,2,2,1,0,0,1,1,1,1,0,1,5,1
18997,2,1,2,2,2,1,0,0,1,1,1,2,0,1,5,1
18998,2,1,2,2,2,1,0,0,1,1,1,3,0,1,5,1
18999,2,1,2,2,2,1,0,0,1,1,2,1,0,1,5,1
19000,2,1,2,2,2,1,0,0,1,1,2,2,0,1,5,1
19001,2,1,2,2,2,1,0,0,1,1,2,3,0,1,5,1
19002,2,1,2,2,2,1,0,0,1,2,1,1,0,1,5,1
19003,2,1,2,2,2,1,0,0,1,2,1,2,0,1,5,1
19004,2,1,2,2,2,1,0,0,1,2,1,3,0,1,5,1
19005,2,1,2,2,2,1,0,0,1,2,2,1,0,1,5,1
19006,2,1,2,2,2,1,0,0,1,2,2,2,0,1,5,1
19007,2,1,2,2,2,1,0,0,1,2,2,3,0,1,5,1
19008,2,1,2,2,2,1,0,0,1,3,1,1,0,1,5,1
19009,2,1,2,2,2,1,0,0,1,3,1,2,0,1,5,1
19010,2,1,2,2,2,1,0,0,1,3,1,3,0,1,5,1
19011,2,1,2,2,2,1,0,0,1,3,2,1,0,1,5,1
19012,2,1,2,2,2,1,0,0,1,3,2,2,0,1,5,1
19013,2,1,2,2,2,1,0,0,1,3,2,3,0,1,5,1
19014,2,1,2,2,2,1,0,0,1,4,1,1,0,1,5,1
19015,2,1,2,2,2,1,0,0,1,4,1,2,0,1,5,1
19016,2,1,2,2,2,1,0,0,1,4,1,3,0,1,5,1
19017,2,1,2,2,2,1,0,0,1,4,2,1,0,1,5,1
19018,2,1,2,2,2,1,0,0,1,4,2,2,0,1,5,1
19019,2,1,2,2,2,1,0,0,1,4,2,3,0,1,5,1
19020,2,1,2,2,2,1,0,1,0,0,1,1,,0,4,0
19021,2,1,2,2,2,1,0,1,0,0,1,2,,0,4,0
19022,2,1,2,2,2,1,0,1,0,0,1,3,,0,4,0
19023,2,1,2,2,2,1,0,1,0,0,2,1,,0,4,0
19024,2,1,2,2,2,1,0,1,0,0,2,2,,0,4,0
19025,2,1,2,2,2,1,0,1,0,0,2,3,,0,4,0
19026,2,1,2,2,2,1,0,1,0,1,1,1,,0,4,0
19027,2,1,2,2,2,1,0,1,0,1,1,2,1,1,5,1
19028,2,1,2,2,2,1,0,1,0,1,1,3,1,1,5,1
19029,2,1,2,2,2,1,0,1,0,1,2,1,,0,4,0
19030,2,1,2,2,2,1,0,1,0,1,2,2,1,1,5,1
19031,2,1,2,2,2,1,0,1,0,1,2,3,1,1,5,1
19032,2,1,2,2,2,1,0,1,0,2,1,1,,0,4,0
19033,2,1,2,2,2,1,0,1,0,2,1,2,1,1,5,1
19034,2,1,2,2,2,1,0,1,0,2,1,3,1,1,5,1
19035,2,1,2,2,2,1,0,1,0,2,2,1,,0,4,0
19036,2,1,2,2,2,1,0,1,0,2,2,2,1,1,5,1
19037,2,1,2,2,2,1,0,1,0,2,2,3,1,1,5,1
19038,2,1,2,2,2,1,0,1,0,3,1,1,,0,4,0
19039,2,1,2,2,2,1,0,1,0,3,1,2,1,1,5,1
19040,2,1,2,2,2,1,0,1,0,3,1,3,1,1,5,1
19041,2,1,2,2,2,1,0,1,0,3,2,1,,0,4,0
19042,2,1,2,2,2,1,0,1,0,3,2,2,1,1,5,1
19043,2,1,2,2,2,1,0,1,0,3,2,3,1,1,5,1
19044,2,1,2,2,2,1,0,1,0,4,1,1,,0,4,0
19045,2,1,2,2,2,1,0,1,0,4,1,2,1,1,5,1
19046,2,1,2,2,2,1,0,1,0,4,1,3,1,1,5,1
19047,2,1,2,2,2,1,0,1,0,4,2,1,,0,4,0
19048,2,1,2,2,2,1,0,1,0,4,2,2,1,1,5,1
19049,2,1,2,2,2,1,0,1,0,4,2,3,1,1,5,1
19050,2,1,2,2,2,1,0,1,1,0,1,1,0,1,4,1
19051,2,1,2,2,2,1,0,1,1,0,1,2,0,1,4,1
19052,2,1,2,2,2,1,0,1,1,0,1,3,0,1,4,1
19053,2,1,2,2,2,1,0,1,1,0,2,1,0,1,4,1
19054,2,1,2,2,2,1,0,1,1,0,2,2,0,1,4,1
19055,2,1,2,2,2,1,0,1,1,0,2,3,0,1,4,1
19056,2,1,2,2,2,1,0,1,1,1,1,1,0,1,5,1
19057,2,1,2,2,2,1,0,1,1,1,1,2,0,1,5,1
19058,2,1,2,2,2,1,0,1,1,1,1,3,0,1,5,1
19059,2,1,2,2,2,1,0,1,1,1,2,1,0,1,5,1
19060,2,1,2,2,2,1,0,1,1,1,2,2,0,1,5,1
19061,2,1,2,2,2,1,0,1,1,1,2,3,0,1,5,1
19062,2,1,2,2,2,1,0,1,1,2,1,1,0,1,5,1
19063,2,1,2,2,2,1,0,1,1,2,1,2,0,1,5,1
19064,2,1,2,2,2,1,0,1,1,2,1,3,0,1,5,1
19065,2,1,2,2,2,1,0,1,1,2,2,1,0,1,5,1
19066,2,1,2,2,2,1,0,1,1,2,2,2,0,1,5,1
19067,2,1,2,2,2,1,0,1,1,2,2,3,0,1,5,1
19068,2,1,2,2,2,1,0,1,1,3,1,1,0,1,5,1
19069,2,1,2,2,2,1,0,1,1,3,1,2,0,1,5,1
19070,2,1,2,2,2,1,0,1,1,3,1,3,0,1,5,1
19071,2,1,2,2,2,1,0,1,1,3,2,1,0,1,5,1
19072,2,1,2,2,2,1,0,1,1,3,2,2,0,1,5,1
19073,2,1,2,2,2,1,0,1,1,3,2,3,0,1,5,1
19074,2,1,2,2,2,1,0,1,1,4,1,1,0,1,5,1
19075,2,1,2,2,2,1,0,1,1,4,1,2,0,1,5,1
19076,2,1,2,2,2,1,0,1,1,4,1,3,0,1,5,1
19077,2,1,2,2,2,1,0,1,1,4,2,1,0,1,5,1
19078,2,1,2,2,2,1,0,1,1,4,2,2,0,1,5,1
19079,2,1,2,2,2,1,0,1,1,4,2,3,0,1,5,1
19080,2,1,2,2,2,1,1,0,0,0,1,1,,0,4,0
19081,2,1,2,2,2,1,1,0,0,0,1,2,,0,4,0
19082,2,1,2,2,2,1,1,0,0,0,1,3,,0,4,0
19083,2,1,2,2,2,1,1,0,0,0,2,1,,0,4,0
19084,2,1,2,2,2,1,1,0,0,0,2,2,,0,4,0
19085,2,1,2,2,2,1,1,0,0,0,2,3,,0,4,0
19086,2,1,2,2,2,1,1,0,0,1,1,1,,0,4,0
19087,2,1,2,2,2,1,1,0,0,1,1,2,,0,5,0
19088,2,1,2,2,2,1,1,0,0,1,1,3,,0,6,0
19089,2,1,2,2,2,1,1,0,0,1,2,1,,0,4,0
19090,2,1,2,2,2,1,1,0,0,1,2,2,,0,5,0
19091,2,1,2,2,2,1,1,0,0,1,2,3,,0,5,0
19092,2,1,2,2,2,1,1,0,0,2,1,1,,0,4,0
19093,2,1,2,2,2,1,1,0,0,2,1,2,,0,6,0
19094,2,1,2,2,2,1,1,0,0,2,1,3,2,1,7,1
19095,2,1,2,2,2,1,1,0,0,2,2,1,,0,4,0
19096,2,1,2,2,2,1,1,0,0,2,2,2,,0,6,0
19097,2,1,2,2,2,1,1,0,0,2,2,3,,0,6,0
19098,2,1,2,2,2,1,1,0,0,3,1,1,,0,4,0
19099,2,1,2,2,2,1,1,0,0,3,1,2,,0,6,0
19100,2,1,2,2,2,1,1,0,0,3,1,3,2,1,7,1
19101,2,1,2,2,2,1,1,0,0,3,2,1,,0,4,0
19102,2,1,2,2,2,1,1,0,0,3,2,2,,0,6,0
19103,2,1,2,2,2,1,1,0,0,3,2,3,,0,6,0
19104,2,1,2,2,2,1,1,0,0,4,1,1,,0,4,0
19105,2,1,2,2,2,1,1,0,0,4,1,2,,0,6,0
19106,2,1,2,2,2,1,1,0,0,4,1,3,2,1,7,1
19107,2,1,2,2,2,1,1,0,0,4,2,1,,0,4,0
19108,2,1,2,2,2,1,1,0,0,4,2,2,,0,6,0
19109,2,1,2,2,2,1,1,0,0,4,2,3,,0,6,0
19110,2,1,2,2,2,1,1,0,1,0,1,1,0,1,4,1
19111,2,1,2,2,2,1,1,0,1,0,1,2,0,1,4,1
19112,2,1,2,2,2,1,1,0,1,0,1,3,0,1,4,1
19113,2,1,2,2,2,1,1,0,1,0,2,1,0,1,4,1
19114,2,1,2,2,2,1,1,0,1,0,2,2,0,1,4,1
19115,2,1,2,2,2,1,1,0,1,0,2,3,0,1,4,1
19116,2,1,2,2,2,1,1,0,1,1,1,1,0,1,6,1
19117,2,1,2,2,2,1,1,0,1,1,1,2,0,1,6,1
19118,2,1,2,2,2,1,1,0,1,1,1,3,0,1,6,1
19119,2,1,2,2,2,1,1,0,1,1,2,1,0,1,6,1
19120,2,1,2,2,2,1,1,0,1,1,2,2,0,1,6,1
19121,2,1,2,2,2,1,1,0,1,1,2,3,0,1,6,1
19122,2,1,2,2,2,1,1,0,1,2,1,1,0,1,7,1
19123,2,1,2,2,2,1,1,0,1,2,1,2,0,1,7,1
19124,2,1,2,2,2,1,1,0,1,2,1,3,0,1,7,1
19125,2,1,2,2,2,1,1,0,1,2,2,1,0,1,7,1
19126,2,1,2,2,2,1,1,0,1,2,2,2,0,1,7,1
19127,2,1,2,2,2,1,1,0,1,2,2,3,0,1,7,1
19128,2,1,2,2,2,1,1,0,1,3,1,1,0,1,7,1
19129,2,1,2,2,2,1,1,0,1,3,1,2,0,1,7,1
19130,2,1,2,2,2,1,1,0,1,3,1,3,0,1,7,1
19131,2,1,2,2,2,1,1,0,1,3,2,1,0,1,7,1
19132,2,1,2,2,2,1,1,0,1,3,2,2,0,1,7,1
19133,2,1,2,2,2,1,1,0,1,3,2,3,0,1,7,1
19134,2,1,2,2,2,1,1,0,1,4,1,1,0,1,7,1
19135,2,1,2,2,2,1,1,0,1,4,1,2,0,1,7,1
19136,2,1,2,2,2,1,1,0,1,4,1,3,0,1,7,1
19137,2,1,2,2,2,1,1,0,1,4,2,1,0,1,7,1
19138,2,1,2,2,2,1,1,0,1,4,2,2,0,1,7,1
19139,2,1,2,2,2,1,1,0,1,4,2,3,0,1,7,1
19140,2,1,2,2,2,1,1,1,0,0,1,1,,0,4,0
19141,2,1,2,2,2,1,1,1,0,0,1,2,,0,4,0
19142,2,1,2,2,2,1,1,1,0,0,1,3,,0,4,0
19143,2,1,2,2,2,1,1,1,0,0,2,1,,0,4,0
19144,2,1,2,2,2,1,1,1,0,0,2,2,,0,4,0
19145,2,1,2,2,2,1,1,1,0,0,2,3,,0,4,0
19146,2,1,2,2,2,1,1,1,0,1,1,1,,0,4,0
19147,2,1,2,2,2,1,1,1,0,1,1,2,,0,5,0
19148,2,1,2,2,2,1,1,1,0,1,1,3,1,1,7,1
19149,2,1,2,2,2,1,1,1,0,1,2,1,,0,4,0
19150,2,1,2,2,2,1,1,1,0,1,2,2,,0,5,0
19151,2,1,2,2,2,1,1,1,0,1,2,3,,0,5,0
19152,2,1,2,2,2,1,1,1,0,2,1,1,,0,4,0
19153,2,1,2,2,2,1,1,1,0,2,1,2,,0,6,0
19154,2,1,2,2,2,1,1,1,0,2,1,3,1,1,8,1
19155,2,1,2,2,2,1,1,1,0,2,2,1,,0,4,0
19156,2,1,2,2,2,1,1,1,0,2,2,2,,0,6,0
19157,2,1,2,2,2,1,1,1,0,2,2,3,,0,6,0
19158,2,1,2,2,2,1,1,1,0,3,1,1,,0,4,0
19159,2,1,2,2,2,1,1,1,0,3,1,2,,0,6,0
19160,2,1,2,2,2,1,1,1,0,3,1,3,1,1,8,1
19161,2,1,2,2,2,1,1,1,0,3,2,1,,0,4,0
19162,2,1,2,2,2,1,1,1,0,3,2,2,,0,6,0
19163,2,1,2,2,2,1,1,1,0,3,2,3,,0,6,0
19164,2,1,2,2,2,1,1,1,0,4,1,1,,0,4,0
19165,2,1,2,2,2,1,1,1,0,4,1,2,,0,6,0
19166,2,1,2,2,2,1,1,1,0,4,1,3,1,1,8,1
19167,2,1,2,2,2,1,1,1,0,4,2,1,,0,4,0
19168,2,1,2,2,2,1,1,1,0,4,2,2,,0,6,0
19169,2,1,2,2,2,1,1,1,0,4,2,3,,0,6,0
19170,2,1,2,2,2,1,1,1,1,0,1,1,0,1,4,1
19171,2,1,2,2,2,1,1,1,1,0,1,2,0,1,4,1
19172,2,1,2,2,2,1,1,1,1,0,1,3,0,1,4,1
19173,2,1,2,2,2,1,1,1,1,0,2,1,0,1,4,1
19174,2,1,2,2,2,1,1,1,1,0,2,2,0,1,4,1
19175,2,1,2,2,2,1,1,1,1,0,2,3,0,1,4,1
19176,2,1,2,2,2,1,1,1,1,1,1,1,0,1,7,1
19177,2,1,2,2,2,1,1,1,1,1,1,2,0,1,7,1
19178,2,1,2,2,2,1,1,1,1,1,1,3,0,1,7,1
19179,2,1,2,2,2,1,1,1,1,1,2,1,0,1,7,1
19180,2,1,2,2,2,1,1,1,1,1,2,2,0,1,7,1
19181,2,1,2,2,2,1,1,1,1,1,2,3,0,1,7,1
19182,2,1,2,2,2,1,1,1,1,2,1,1,0,1,8,1
19183,2,1,2,2,2,1,1,1,1,2,1,2,0,1,8,1
19184,2,1,2,2,2,1,1,1,1,2,1,3,0,1,8,1
19185,2,1,2,2,2,1,1,1,1,2,2,1,0,1,8,1
19186,2,1,2,2,2,1,1,1,1,2,2,2,0,1,8,1
19187,2,1,2,2,2,1,1,1,1,2,2,3,0,1,8,1
19188,2,1,2,2,2,1,1,1,1,3,1,1,0,1,8,1
19189,2,1,2,2,2,1,1,1,1,3,1,2,0,1,8,1
19190,2,1,2,2,2,1,1,1,1,3,1,3,0,1,8,1
19191,2,1,2,2,2,1,1,1,1,3,2,1,0,1,8,1
19192,2,1,2,2,2,1,1,1,1,3,2,2,0,1,8,1
19193,2,1,2,2,2,1,1,1,1,3,2,3,0,1,8,1
19194,2,1,2,2,2,1,1,1,1,4,1,1,0,1,8,1
19195,2,1,2,2,2,1,1,1,1,4,1,2,0,1,8,1
19196,2,1,2,2,2,1,1,1,1,4,1,3,0,1,8,1
19197,2,1,2,2,2,1,1,1,1,4,2,1,0,1,8,1
19198,2,1,2,2,2,1,1,1,1,4,2,2,0,1,8,1
19199,2,1,2,2,2,1,1,1,1,4,2,3,0,1,8,1
19200,2,2,1,1,1,0,0,0,0,0,1,1,,0,4,0
19201,2,2,1,1,1,0,0,0,0,0,1,2,,0,4,0
19202,2,2,1,1,1,0,0,0,0,0,1,3,,0,4,0
19203,2,2,1,1,1,0,0,0,0,0,2,1,,0,4,0
19204,2,2,1,1,1,0,0,0,0,0,2,2,,0,4,0
19205,2,2,1,1,1,0,0,0,0,0,2,3,,0,4,0
19206,2,2,1,1,1,0,0,0,0,1,1,1,1,1,4,1
19207,2,2,1,1,1,0,0,0,0,1,1,2,1,1,4,1
19208,2,2,1,1,1,0,0,0,0,1,1,3,1,1,4,1
19209,2,2,1,1,1,0,0,0,0,1,2,1,1,1,4,1
19210,2,2,1,1,1,0,0,0,0,1,2,2,1,1,4,1
19211,2,2,1,1,1,0,0,0,0,1,2,3,1,1,4,1
19212,2,2,1,1,1,0,0,0,0,2,1,1,1,1,4,1
19213,2,2,1,1,1,0,0,0,0,2,1,2,1,1,4,1
19214,2,2,1,1,1,0,0,0,0,2,1,3,1,1,4,1
19215,2,2,1,1,1,0,0,0,0,2,2,1,1,1,4,1
19216,2,2,1,1,1,0,0,0,0,2,2,2,1,1,4,1
19217,2,2,1,1,1,0,0,0,0,2,2,3,1,1,4,1
19218,2,2,1,1,1,0,0,0,0,3,1,1,1,1,4,1
19219,2,2,1,1,1,0,0,0,0,3,1,2,1,1,4,1
19220,2,2,1,1,1,0,0,0,0,3,1,3,1,1,4,1
19221,2,2,1,1,1,0,0,0,0,3,2,1,1,1,4,1
19222,2,2,1,1,1,0,0,0,0,3,2,2,1,1,4,1
19223,2,2,1,1,1,0,0,0,0,3,2,3,1,1,4,1
19224,2,2,1,1,1,0,0,0,0,4,1,1,1,1,4,1
19225,2,2,1,1,1,0,0,0,0,4,1,2,1,1,4,1
19226,2,2,1,1,1,0,0,0,0,4,1,3,1,1,4,1
19227,2,2,1,1,1,0,0,0,0,4,2,1,1,1,4,1
19228,2,2,1,1,1,0,0,0,0,4,2,2,1,1,4,1
19229,2,2,1,1,1,0,0,0,0,4,2,3,1,1,4,1
19230,2,2,1,1,1,0,0,0,1,0,1,1,0,1,4,1
19231,2,2,1,1,1,0,0,0,1,0,1,2,0,1,4,1
19232,2,2,1,1,1,0,0,0,1,0,1,3,0,1,4,1
19233,2,2,1,1,1,0,0,0,1,0,2,1,0,1,4,1
19234,2,2,1,1,1,0,0,0,1,0,2,2,0,1,4,1
19235,2,2,1,1,1,0,0,0,1,0,2,3,0,1,4,1
19236,2,2,1,1,1,0,0,0,1,1,1,1,0,1,4,1
19237,2,2,1,1,1,0,0,0,1,1,1,2,0,1,4,1
19238,2,2,1,1,1,0,0,0,1,1,1,3,0,1,4,1
19239,2,2,1,1,1,0,0,0,1,1,2,1,0,1,4,1
19240,2,2,1,1,1,0,0,0,1,1,2,2,0,1,4,1
19241,2,2,1,1,1,0,0,0,1,1,2,3,0,1,4,1
19242,2,2,1,1,1,0,0,0,1,2,1,1,0,1,4,1
19243,2,2,1,1,1,0,0,0,1,2,1,2,0,1,4,1
19244,2,2,1,1,1,0,0,0,1,2,1,3,0,1,4,1
19245,2,2,1,1,1,0,0,0,1,2,2,1,0,1,4,1
19246,2,2,1,1,1,0,0,0,1,2,2,2,0,1,4,1
19247,2,2,1,1,1,0,0,0,1,2,2,3,0,1,4,1
19248,2,2,1,1,1,0,0,0,1,3,1,1,0,1,4,1
19249,2,2,1,1,1,0,0,0,1,3,1,2,0,1,4,1
19250,2,2,1,1,1,0,0,0,1,3,1,3,0,1,4,1
19251,2,2,1,1,1,0,0,0,1,3,2,1,0,1,4,1
19252,2,2,1,1,1,0,0,0,1,3,2,2,0,1,4,1
19253,2,2,1,1,1,0,0,0,1,3,2,3,0,1,4,1
19254,2,2,1,1,1,0,0,0,1,4,1,1,0,1,4,1
19255,2,2,1,1,1,0,0,0,1,4,1,2,0,1,4,1
19256,2,2,1,1,1,0,0,0,1,4,1,3,0,1,4,1
19257,2,2,1,1,1,0,0,0,1,4,2,1,0,1,4,1
19258,2,2,1,1,1,0,0,0,1,4,2,2,0,1,4,1
19259,2,2,1,1,1,0,0,0,1,4,2,3,0,1,4,1
19260,2,2,1,1,1,0,0,1,0,0,1,1,,0,4,0
19261,2,2,1,1,1,0,0,1,0,0,1,2,,0,4,0
19262,2,2,1,1,1,0,0,1,0,0,1,3,,0,4,0
19263,2,2,1,1,1,0,0,1,0,0,2,1,,0,4,0
19264,2,2,1,1,1,0,0,1,0,0,2,2,,0,4,0
19265,2,2,1,1,1,0,0,1,0,0,2,3,,0,4,0
19266,2,2,1,1,1,0,0,1,0,1,1,1,1,1,4,1
19267,2,2,1,1,1,0,0,1,0,1,1,2,1,1,4,1
19268,2,2,1,1,1,0,0,1,0,1,1,3,1,1,4,1
19269,2,2,1,1,1,0,0,1,0,1,2,1,1,1,4,1
19270,2,2,1,1,1,0,0,1,0,1,2,2,1,1,4,1
19271,2,2,1,1,1,0,0,1,0,1,2,3,1,1,4,1
19272,2,2,1,1,1,0,0,1,0,2,1,1,1,1,4,1
19273,2,2,1,1,1,0,0,1,0,2,1,2,1,1,4,1
19274,2,2,1,1,1,0,0,1,0,2,1,3,1,1,4,1
19275,2,2,1,1,1,0,0,1,0,2,2,1,1,1,4,1
19276,2,2,1,1,1,0,0,1,0,2,2,2,1,1,4,1
19277,2,2,1,1,1,0,0,1,0,2,2,3,1,1,4,1
19278,2,2,1,1,1,0,0,1,0,3,1,1,1,1,4,1
19279,2,2,1,1,1,0,0,1,0,3,1,2,1,1,4,1
19280,2,2,1,1,1,0,0,1,0,3,1,3,1,1,4,1
19281,2,2,1,1,1,0,0,1,0,3,2,1,1,1,4,1
19282,2,2,1,1,1,0,0,1,0,3,2,2,1,1,4,1
19283,2,2,1,1,1,0,0,1,0,3,2,3,1,1,4,1
19284,2,2,1,1,1,0,0,1,0,4,1,1,1,1,4,1
19285,2,2,1,1,1,0,0,1,0,4,1,2,1,1,4,1
19286,2,2,1,1,1,0,0,1,0,4,1,3,1,1,4,1
19287,2,2,1,1,1,0,0,1,0,4,2,1,1,1,4,1
19288,2,2,1,1,1,0,0,1,0,4,2,2,1,1,4,1
19289,2,2,1,1,1,0,0,1,0,4,2,3,1,1,4,1
19290,2,2,1,1,1,0,0,1,1,0,1,1,0,1,4,1
19291,2,2,1,1,1,0,0,1,1,0,1,2,0,1,4,1
19292,2,2,1,1,1,0,0,1,1,0,1,3,0,1,4,1
19293,2,2,1,1,1,0,0,1,1,0,2,1,0,1,4,1
19294,2,2,1,1,1,0,0,1,1,0,2,2,0,1,4,1
19295,2,2,1,1,1,0,0,1,1,0,2,3,0,1,4,1
19296,2,2,1,1,1,0,0,1,1,1,1,1,0,1,4,1
19297,2,2,1,1,1,0,0,1,1,1,1,2,0,1,4,1
19298,2,2,1,1,1,0,0,1,1,1,1,3,0,1,4,1
19299,2,2,1,1,1,0,0,1,1,1,2,1,0,1,4,1
19300,2,2,1,1,1,0,0,1,1,1,2,2,0,1,4,1
19301,2,2,1,1,1,0,0,1,1,1,2,3,0,1,4,1
19302,2,2,1,1,1,0,0,1,1,2,1,1,0,1,4,1
19303,2,2,1,1,1,0,0,1,1,2,1,2,0,1,4,1
19304,2,2,1,1,1,0,0,1,1,2,1,3,0,1,4,1
19305,2,2,1,1,1,0,0,1,1,2,2,1,0,1,4,1
19306,2,2,1,1,1,0,0,1,1,2,2,2,0,1,4,1
19307,2,2,1,1,1,0,0,1,1,2,2,3,0,1,4,1
19308,2,2,1,1,1,0,0,1,1,3,1,1,0,1,4,1
19309,2,2,1,1,1,0,0,1,1,3,1,2,0,1,4,1
19310,2,2,1,1,1,0,0,1,1,3,1,3,0,1,4,1
19311,2,2,1,1,1,0,0,1,1,3,2,1,0,1,4,1
19312,2,2,1,1,1,0,0,1,1,3,2,2,0,1,4,1
19313,2,2,1,1,1,0,0,1,1,3,2,3,0,1,4,1
19314,2,2,1,1,1,0,0,1,1,4,1,1,0,1,4,1
19315,2,2,1,1,1,0,0,1,1,4,1,2,0,1,4,1
19316,2,2,1,1,1,0,0,1,1,4,1,3,0,1,4,1
19317,2,2,1,1,1,0,0,1,1,4,2,1,0,1,4,1
19318,2,2,1,1,1,0,0,1,1,4,2,2,0,1,4,1
19319,2,2,1,1,1,0,0,1,1,4,2,3,0,1,4,1
19320,2,2,1,1,1,0,1,0,0,0,1,1,,0,4,0
19321,2,2,1,1,1,0,1,0,0,0,1,2,,0,4,0
19322,2,2,1,1,1,0,1,0,0,0,1,3,,0,4,0
19323,2,2,1,1,1,0,1,0,0,0,2,1,,0,4,0
19324,2,2,1,1,1,0,1,0,0,0,2,2,,0,4,0
19325,2,2,1,1,1,0,1,0,0,0,2,3,,0,4,0
19326,2,2,1,1,1,0,1,0,0,1,1,1,,0,5,0
19327,2,2,1,1,1,0,1,0,0,1,1,2,1,1,5,1
19328,2,2,1,1,1,0,1,0,0,1,1,3,1,1,5,1
19329,2,2,1,1,1,0,1,0,0,1,2,1,,0,5,0
19330,2,2,1,1,1,0,1,0,0,1,2,2,,0,5,0
19331,2,2,1,1,1,0,1,0,0,1,2,3,1,1,5,1
19332,2,2,1,1,1,0,1,0,0,2,1,1,,0,6,0
19333,2,2,1,1,1,0,1,0,0,2,1,2,1,1,6,1
19334,2,2,1,1,1,0,1,0,0,2,1,3,1,1,6,1
19335,2,2,1,1,1,0,1,0,0,2,2,1,,0,6,0
19336,2,2,1,1,1,0,1,0,0,2,2,2,,0,6,0
19337,2,2,1,1,1,0,1,0,0,2,2,3,1,1,6,1
19338,2,2,1,1,1,0,1,0,0,3,1,1,,0,6,0
19339,2,2,1,1,1,0,1,0,0,3,1,2,1,1,6,1
19340,2,2,1,1,1,0,1,0,0,3,1,3,1,1,6,1
19341,2,2,1,1,1,0,1,0,0,3,2,1,,0,6,0
19342,2,2,1,1,1,0,1,0,0,3,2,2,,0,6,0
19343,2,2,1,1,1,0,1,0,0,3,2,3,1,1,6,1
19344,2,2,1,1,1,0,1,0,0,4,1,1,,0,6,0
19345,2,2,1,1,1,0,1,0,0,4,1,2,1,1,6,1
19346,2,2,1,1,1,0,1,0,0,4,1,3,1,1,6,1
19347,2,2,1,1,1,0,1,0,0,4,2,1,,0,6,0
19348,2,2,1,1,1,0,1,0,0,4,2,2,,0,6,0
19349,2,2,1,1,1,0,1,0,0,4,2,3,1,1,6,1
19350,2,2,1,1,1,0,1,0,1,0,1,1,0,1,4,1
19351,2,2,1,1,1,0,1,0,1,0,1,2,0,1,4,1
19352,2,2,1,1,1,0,1,0,1,0,1,3,0,1,4,1
19353,2,2,1,1,1,0,1,0,1,0,2,1,0,1,4,1
19354,2,2,1,1,1,0,1,0,1,0,2,2,0,1,4,1
19355,2,2,1,1,1,0,1,0,1,0,2,3,0,1,4,1
19356,2,2,1,1,1,0,1,0,1,1,1,1,0,1,5,1
19357,2,2,1,1,1,0,1,0,1,1,1,2,0,1,5,1
19358,2,2,1,1,1,0,1,0,1,1,1,3,0,1,5,1
19359,2,2,1,1,1,0,1,0,1,1,2,1,0,1,5,1
19360,2,2,1,1,1,0,1,0,1,1,2,2,0,1,5,1
19361,2,2,1,1,1,0,1,0,1,1,2,3,0,1,5,1
19362,2,2,1,1,1,0,1,0,1,2,1,1,0,1,6,1
19363,2,2,1,1,1,0,1,0,1,2,1,2,0,1,6,1
19364,2,2,1,1,1,0,1,0,1,2,1,3,0,1,6,1
19365,2,2,1,1,1,0,1,0,1,2,2,1,0,1,6,1
19366,2,2,1,1,1,0,1,0,1,2,2,2,0,1,6,1
19367,2,2,1,1,1,0,1,0,1,2,2,3,0,1,6,1
19368,2,2,1,1,1,0,1,0,1,3,1,1,0,1,6,1
19369,2,2,1,1,1,0,1,0,1,3,1,2,0,1,6,1
19370,2,2,1,1,1,0,1,0,1,3,1,3,0,1,6,1
19371,2,2,1,1,1,0,1,0,1,3,2,1,0,1,6,1
19372,2,2,1,1,1,0,1,0,1,3,2,2,0,1,6,1
19373,2,2,1,1,1,0,1,0,1,3,2,3,0,1,6,1
19374,2,2,1,1,1,0,1,0,1,4,1,1,0,1,6,1
19375,2,2,1,1,1,0,1,0,1,4,1,2,0,1,6,1
19376,2,2,1,1,1,0,1,0,1,4,1,3,0,1,6,1
19377,2,2,1,1,1,0,1,0,1,4,2,1,0,1,6,1
19378,2,2,1,1,1,0,1,0,1,4,2,2,0,1,6,1
19379,2,2,1,1,1,0,1,0,1,4,2,3,0,1,6,1
19380,2,2,1,1,1,0,1,1,0,0,1,1,,0,4,0
19381,2,2,1,1,1,0,1,1,0,0,1,2,,0,4,0
19382,2,2,1,1,1,0,1,1,0,0,1,3,,0,4,0
19383,2,2,1,1,1,0,1,1,0,0,2,1,,0,4,0
19384,2,2,1,1,1,0,1,1,0,0,2,2,,0,4,0
19385,2,2,1,1,1,0,1,1,0,0,2,3,,0,4,0
19386,2,2,1,1,1,0,1,1,0,1,1,1,,0,5,0
19387,2,2,1,1,1,0,1,1,0,1,1,2,1,1,5,1
19388,2,2,1,1,1,0,1,1,0,1,1,3,1,1,5,1
19389,2,2,1,1,1,0,1,1,0,1,2,1,,0,5,0
19390,2,2,1,1,1,0,1,1,0,1,2,2,,0,5,0
19391,2,2,1,1,1,0,1,1,0,1,2,3,1,1,5,1
19392,2,2,1,1,1,0,1,1,0,2,1,1,,0,6,0
19393,2,2,1,1,1,0,1,1,0,2,1,2,1,1,6,1
19394,2,2,1,1,1,0,1,1,0,2,1,3,1,1,6,1
19395,2,2,1,1,1,0,1,1,0,2,2,1,,0,6,0
19396,2,2,1,1,1,0,1,1,0,2,2,2,,0,6,0
19397,2,2,1,1,1,0,1,1,0,2,2,3,1,1,6,1
19398,2,2,1,1,1,0,1,1,0,3,1,1,,0,6,0
19399,2,2,1,1,1,0,1,1,0,3,1,2,1,1,6,1
19400,2,2,1,1,1,0,1,1,0,3,1,3,1,1,6,1
19401,2,2,1,1,1,0,1,1,0,3,2,1,,0,6,0
19402,2,2,1,1,1,0,1,1,0,3,2,2,,0,6,0
19403,2,2,1,1,1,0,1,1,0,3,2,3,1,1,6,1
19404,2,2,1,1,1,0,1,1,0,4,1,1,,0,6,0
19405,2,2,1,1,1,0,1,1,0,4,1,2,1,1,6,1
19406,2,2,1,1,1,0,1,1,0,4,1,3,1,1,6,1
19407,2,2,1,1,1,0,1,1,0,4,2,1,,0,6,0
19408,2,2,1,1,1,0,1,1,0,4,2,2,,0,6,0
19409,2,2,1,1,1,0,1,1,0,4,2,3,1,1,6,1
19410,2,2,1,1,1,0,1,1,1,0,1,1,0,1,4,1
19411,2,2,1,1,1,0,1,1,1,0,1,2,0,1,4,1
19412,2,2,1,1,1,0,1,1,1,0,1,3,0,1,4,1
19413,2,2,1,1,1,0,1,1,1,0,2,1,0,1,4,1
19414,2,2,1,1,1,0,1,1,1,0,2,2,0,1,4,1
19415,2,2,1,1,1,0,1,1,1,0,2,3,0,1,4,1
19416,2,2,1,1,1,0,1,1,1,1,1,1,0,1,5,1
19417,2,2,1,1,1,0,1,1,1,1,1,2,0,1,5,1
19418,2,2,1,1,1,0,1,1,1,1,1,3,0,1,5,1
19419,2,2,1,1,1,0,1,1,1,1,2,1,0,1,5,1
19420,2,2,1,1,1,0,1,1,1,1,2,2,0,1,5,1
19421,2,2,1,1,1,0,1,1,1,1,2,3,0,1,5,1
19422,2,2,1,1,1,0,1,1,1,2,1,1,0,1,6,1
19423,2,2,1,1,1,0,1,1,1,2,1,2,0,1,6,1
19424,2,2,1,1,1,0,1,1,1,2,1,3,0,1,6,1
19425,2,2,1,1,1,0,1,1,1,2,2,1,0,1,6,1
19426,2,2,1,1,1,0,1,1,1,2,2,2,0,1,6,1
19427,2,2,1,1,1,0,1,1,1,2,2,3,0,1,6,1
19428,2,2,1,1,1,0,1,1,1,3,1,1,0,1,6,1
19429,2,2,1,1,1,0,1,1,1,3,1,2,0,1,6,1
19430,2,2,1,1,1,0,1,1,1,3,1,3,0,1,6,1
19431,2,2,1,1,1,0,1,1,1,3,2,1,0,1,6,1
19432,2,2,1,1,1,0,1,1,1,3,2,2,0,1,6,1
19433,2,2,1,1,1,0,1,1,1,3,2,3,0,1,6,1
19434,2,2,1,1,1,0,1,1,1,4,1,1,0,1,6,1
19435,2,2,1,1,1,0,1,1,1,4,1,2,0,1,6,1
19436,2,2,1,1,1,0,1,1,1,4,1,3,0,1,6,1
19437,2,2,1,1,1,0,1,1,1,4,2,1,0,1,6,1
19438,2,2,1,1,1,0,1,1,1,4,2,2,0,1,6,1
19439,2,2,1,1,1,0,1,1,1,4,2,3,0,1,6,1
19440,2,2,1,1,1,1,0,0,0,0,1,1,,0,4,0
19441,2,2,1,1,1,1,0,0,0,0,1,2,,0,4,0
19442,2,2,1,1,1,1,0,0,0,0,1,3,,0,4,0
19443,2,2,1,1,1,1,0,0,0,0,2,1,,0,4,0
19444,2,2,1,1,1,1,0,0,0,0,2,2,,0,4,0
19445,2,2,1,1,1,1,0,0,0,0,2,3,,0,4,0
19446,2,2,1,1,1,1,0,0,0,1,1,1,1,1,4,1
19447,2,2,1,1,1,1,0,0,0,1,1,2,1,1,4,1
19448,2,2,1,1,1,1,0,0,0,1,1,3,1,1,4,1
19449,2,2,1,1,1,1,0,0,0,1,2,1,1,1,4,1
19450,2,2,1,1,1,1,0,0,0,1,2,2,1,1,4,1
19451,2,2,1,1,1,1,0,0,0,1,2,3,1,1,4,1
19452,2,2,1,1,1,1,0,0,0,2,1,1,1,1,5,1
19453,2,2,1,1,1,1,0,0,0,2,1,2,1,1,5,1
19454,2,2,1,1,1,1,0,0,0,2,1,3,1,1,5,1
19455,2,2,1,1,1,1,0,0,0,2,2,1,1,1,5,1
19456,2,2,1,1,1,1,0,0,0,2,2,2,1,1,5,1
19457,2,2,1,1,1,1,0,0,0,2,2,3,1,1,5,1
19458,2,2,1,1,1,1,0,0,0,3,1,1,1,1,5,1
19459,2,2,1,1,1,1,0,0,0,3,1,2,1,1,5,1
19460,2,2,1,1,1,1,0,0,0,3,1,3,1,1,5,1
19461,2,2,1,1,1,1,0,0,0,3,2,1,1,1,5,1
19462,2,2,1,1,1,1,0,0,0,3,2,2,1,1,5,1
19463,2,2,1,1,1,1,0,0,0,3,2,3,1,1,5,1
19464,2,2,1,1,1,1,0,0,0,4,1,1,1,1,5,1
19465,2,2,1,1,1,1,0,0,0,4,1,2,1,1,5,1
19466,2,2,1,1,1,1,0,0,0,4,1,3,1,1,5,1
19467,2,2,1,1,1,1,0,0,0,4,2,1,1,1,5,1
19468,2,2,1,1,1,1,0,0,0,4,2,2,1,1,5,1
19469,2,2,1,1,1,1,0,0,0,4,2,3,1,1,5,1
19470,2,2,1,1,1,1,0,0,1,0,1,1,0,1,4,1
19471,2,2,1,1,1,1,0,0,1,0,1,2,0,1,4,1
19472,2,2,1,1,1,1,0,0,1,0,1,3,0,1,4,1
19473,2,2,1,1,1,1,0,0,1,0,2,1,0,1,4,1
19474,2,2,1,1,1,1,0,0,1,0,2,2,0,1,4,1
19475,2,2,1,1,1,1,0,0,1,0,2,3,0,1,4,1
19476,2,2,1,1,1,1,0,0,1,1,1,1,0,1,4,1
19477,2,2,1,1,1,1,0,0,1,1,1,2,0,1,4,1
19478,2,2,1,1,1,1,0,0,1,1,1,3,0,1,4,1
19479,2,2,1,1,1,1,0,0,1,1,2,1,0,1,4,1
19480,2,2,1,1,1,1,0,0,1,1,2,2,0,1,4,1
19481,2,2,1,1,1,1,0,0,1,1,2,3,0,1,4,1
19482,2,2,1,1,1,1,0,0,1,2,1,1,0,1,5,1
19483,2,2,1,1,1,1,0,0,1,2,1,2,0,1,5,1
19484,2,2,1,1,1,1,0,0,1,2,1,3,0,1,5,1
19485,2,2,1,1,1,1,0,0,1,2,2,1,0,1,5,1
19486,2,2,1,1,1,1,0,0,1,2,2,2,0,1,5,1
19487,2,2,1,1,1,1,0,0,1,2,2,3,0,1,5,1
19488,2,2,1,1,1,1,0,0,1,3,1,1,0,1,5,1
19489,2,2,1,1,1,1,0,0,1,3,1,2,0,1,5,1
19490,2,2,1,1,1,1,0,0,1,3,1,3,0,1,5,1
19491,2,2,1,1,1,1,0,0,1,3,2,1,0,1,5,1
19492,2,2,1,1,1,1,0,0,1,3,2,2,0,1,5,1
19493,2,2,1,1,1,1,0,0,1,3,2,3,0,1,5,1
19494,2,2,1,1,1,1,0,0,1,4,1,1,0,1,5,1
19495,2,2,1,1,1,1,0,0,1,4,1,2,0,1,5,1
19496,2,2,1,1,1,1,0,0,1,4,1,3,0,1,5,1
19497,2,2,1,1,1,1,0,0,1,4,2,1,0,1,5,1
19498,2,2,1,1,1,1,0,0,1,4,2,2,0,1,5,1
19499,2,2,1,1,1,1,0,0,1,4,2,3,0,1,5,1
19500,2,2,1,1,1,1,0,1,0,0,1,1,,0,4,0
19501,2,2,1,1,1,1,0,1,0,0,1,2,,0,4,0
19502,2,2,1,1,1,1,0,1,0,0,1,3,,0,4,0
19503,2,2,1,1,1,1,0,1,0,0,2,1,,0,4,0
19504,2,2,1,1,1,1,0,1,0,0,2,2,,0,4,0
19505,2,2,1,1,1,1,0,1,0,0,2,3,,0,4,0
19506,2,2,1,1,1,1,0,1,0,1,1,1,1,1,4,1
19507,2,2,1,1,1,1,0,1,0,1,1,2,1,1,4,1
19508,2,2,1,1,1,1,0,1,0,1,1,3,1,1,4,1
19509,2,2,1,1,1,1,0,1,0,1,2,1,1,1,4,1
19510,2,2,1,1,1,1,0,1,0,1,2,2,1,1,4,1
19511,2,2,1,1,1,1,0,1,0,1,2,3,1,1,4,1
19512,2,2,1,1,1,1,0,1,0,2,1,1,1,1,5,1
19513,2,2,1,1,1,1,0,1,0,2,1,2,1,1,5,1
19514,2,2,1,1,1,1,0,1,0,2,1,3,1,1,5,1
19515,2,2,1,1,1,1,0,1,0,2,2,1,1,1,5,1
19516,2,2,1,1,1,1,0,1,0,2,2,2,1,1,5,1
19517,2,2,1,1,1,1,0,1,0,2,2,3,1,1,5,1
19518,2,2,1,1,1,1,0,1,0,3,1,1,1,1,5,1
19519,2,2,1,1,1,1,0,1,0,3,1,2,1,1,5,1
19520,2,2,1,1,1,1,0,1,0,3,1,3,1,1,5,1
19521,2,2,1,1,1,1,0,1,0,3,2,1,1,1,5,1
19522,2,2,1,1,1,1,0,1,0,3,2,2,1,1,5,1
19523,2,2,1,1,1,1,0,1,0,3,2,3,1,1,5,1
19524,2,2,1,1,1,1,0,1,0,4,1,1,1,1,5,1
19525,2,2,1,1,1,1,0,1,0,4,1,2,1,1,5,1
19526,2,2,1,1,1,1,0,1,0,4,1,3,1,1,5,1
19527,2,2,1,1,1,1,0,1,0,4,2,1,1,1,5,1
19528,2,2,1,1,1,1,0,1,0,4,2,2,1,1,5,1
19529,2,2,1,1,1,1,0,1,0,4,2,3,1,1,5,1
19530,2,2,1,1,1,1,0,1,1,0,1,1,0,1,4,1
19531,2,2,1,1,1,1,0,1,1,0,1,2,0,1,4,1
19532,2,2,1,1,1,1,0,1,1,0,1,3,0,1,4,1
19533,2,2,1,1,1,1,0,1,1,0,2,1,0,1,4,1
19534,2,2,1,1,1,1,0,1,1,0,2,2,0,1,4,1
19535,2,2,1,1,1,1,0,1,1,0,2,3,0,1,4,1
19536,2,2,1,1,1,1,0,1,1,1,1,1,0,1,4,1
19537,2,2,1,1,1,1,0,1,1,1,1,2,0,1,4,1
19538,2,2,1,1,1,1,0,1,1,1,1,3,0,1,4,1
19539,2,2,1,1,1,1,0,1,1,1,2,1,0,1,4,1
19540,2,2,1,1,1,1,0,1,1,1,2,2,0,1,4,1
19541,2,2,1,1,1,1,0,1,1,1,2,3,0,1,4,1
19542,2,2,1,1,1,1,0,1,1,2,1,1,0,1,5,1
19543,2,2,1,1,1,1,0,1,1,2,1,2,0,1,5,1
19544,2,2,1,1,1,1,0,1,1,2,1,3,0,1,5,1
19545,2,2,1,1,1,1,0,1,1,2,2,1,0,1,5,1
19546,2,2,1,1,1,1,0,1,1,2,2,2,0,1,5,1
19547,2,2,1,1,1,1,0,1,1,2,2,3,0,1,5,1
19548,2,2,1,1,1,1,0,1,1,3,1,1,0,1,5,1
19549,2,2,1,1,1,1,0,1,1,3,1,2,0,1,5,1
19550,2,2,1,1,1,1,0,1,1,3,1,3,0,1,5,1
19551,2,2,1,1,1,1,0,1,1,3,2,1,0,1,5,1
19552,2,2,1,1,1,1,0,1,1,3,2,2,0,1,5,1
19553,2,2,1,1,1,1,0,1,1,3,2,3,0,1,5,1
19554,2,2,1,1,1,1,0,1,1,4,1,1,0,1,5,1
19555,2,2,1,1,1,1,0,1,1,4,1,2,0,1,5,1
19556,2,2,1,1,1,1,0,1,1,4,1,3,0,1,5,1
19557,2,2,1,1,1,1,0,1,1,4,2,1,0,1,5,1
19558,2,2,1,1,1,1,0,1,1,4,2,2,0,1,5,1
19559,2,2,1,1,1,1,0,1,1,4,2,3,0,1,5,1
19560,2,2,1,1,1,1,1,0,0,0,1,1,,0,4,0
19561,2,2,1,1,1,1,1,0,0,0,1,2,,0,4,0
19562,2,2,1,1,1,1,1,0,0,0,1,3,,0,4,0
19563,2,2,1,1,1,1,1,0,0,0,2,1,,0,4,0
19564,2,2,1,1,1,1,1,0,0,0,2,2,,0,4,0
19565,2,2,1,1,1,1,1,0,0,0,2,3,,0,4,0
19566,2,2,1,1,1,1,1,0,0,1,1,1,,0,5,0
19567,2,2,1,1,1,1,1,0,0,1,1,2,1,1,5,1
19568,2,2,1,1,1,1,1,0,0,1,1,3,1,1,5,1
19569,2,2,1,1,1,1,1,0,0,1,2,1,,0,5,0
19570,2,2,1,1,1,1,1,0,0,1,2,2,,0,5,0
19571,2,2,1,1,1,1,1,0,0,1,2,3,1,1,5,1
19572,2,2,1,1,1,1,1,0,0,2,1,1,,0,6,0
19573,2,2,1,1,1,1,1,0,0,2,1,2,1,1,7,1
19574,2,2,1,1,1,1,1,0,0,2,1,3,1,1,7,1
19575,2,2,1,1,1,1,1,0,0,2,2,1,,0,6,0
19576,2,2,1,1,1,1,1,0,0,2,2,2,,0,6,0
19577,2,2,1,1,1,1,1,0,0,2,2,3,1,1,7,1
19578,2,2,1,1,1,1,1,0,0,3,1,1,,0,6,0
19579,2,2,1,1,1,1,1,0,0,3,1,2,1,1,7,1
19580,2,2,1,1,1,1,1,0,0,3,1,3,1,1,7,1
19581,2,2,1,1,1,1,1,0,0,3,2,1,,0,6,0
19582,2,2,1,1,1,1,1,0,0,3,2,2,,0,6,0
19583,2,2,1,1,1,1,1,0,0,3,2,3,1,1,7,1
19584,2,2,1,1,1,1,1,0,0,4,1,1,,0,6,0
19585,2,2,1,1,1,1,1,0,0,4,1,2,1,1,7,1
19586,2,2,1,1,1,1,1,0,0,4,1,3,1,1,7,1
19587,2,2,1,1,1,1,1,0,0,4,2,1,,0,6,0
19588,2,2,1,1,1,1,1,0,0,4,2,2,,0,6,0
19589,2,2,1,1,1,1,1,0,0,4,2,3,1,1,7,1
19590,2,2,1,1,1,1,1,0,1,0,1,1,0,1,4,1
19591,2,2,1,1,1,1,1,0,1,0,1,2,0,1,4,1
19592,2,2,1,1,1,1,1,0,1,0,1,3,0,1,4,1
19593,2,2,1,1,1,1,1,0,1,0,2,1,0,1,4,1
19594,2,2,1,1,1,1,1,0,1,0,2,2,0,1,4,1
19595,2,2,1,1,1,1,1,0,1,0,2,3,0,1,4,1
19596,2,2,1,1,1,1,1,0,1,1,1,1,0,1,5,1
19597,2,2,1,1,1,1,1,0,1,1,1,2,0,1,5,1
19598,2,2,1,1,1,1,1,0,1,1,1,3,0,1,5,1
19599,2,2,1,1,1,1,1,0,1,1,2,1,0,1,5,1
19600,2,2,1,1,1,1,1,0,1,1,2,2,0,1,5,1
19601,2,2,1,1,1,1,1,0,1,1,2,3,0,1,5,1
19602,2,2,1,1,1,1,1,0,1,2,1,1,0,1,7,1
19603,2,2,1,1,1,1,1,0,1,2,1,2,0,1,7,1
19604,2,2,1,1,1,1,1,0,1,2,1,3,0,1,7,1
19605,2,2,1,1,1,1,1,0,1,2,2,1,0,1,7,1
19606,2,2,1,1,1,1,1,0,1,2,2,2,0,1,7,1
19607,2,2,1,1,1,1,1,0,1,2,2,3,0,1,7,1
19608,2,2,1,1,1,1,1,0,1,3,1,1,0,1,7,1
19609,2,2,1,1,1,1,1,0,1,3,1,2,0,1,7,1
19610,2,2,1,1,1,1,1,0,1,3,1,3,0,1,7,1
19611,2,2,1,1,1,1,1,0,1,3,2,1,0,1,7,1
19612,2,2,1,1,1,1,1,0,1,3,2,2,0,1,7,1
19613,2,2,1,1,1,1,1,0,1,3,2,3,0,1,7,1
19614,2,2,1,1,1,1,1,0,1,4,1,1,0,1,7,1
19615,2,2,1,1,1,1,1,0,1,4,1,2,0,1,7,1
19616,2,2,1,1,1,1,1,0,1,4,1,3,0,1,7,1
19617,2,2,1,1,1,1,1,0,1,4,2,1,0,1,7,1
19618,2,2,1,1,1,1,1,0,1,4,2,2,0,1,7,1
19619,2,2,1,1,1,1,1,0,1,4,2,3,0,1,7,1
19620,2,2,1,1,1,1,1,1,0,0,1,1,,0,4,0
19621,2,2,1,1,1,1,1,1,0,0,1,2,,0,4,0
19622,2,2,1,1,1,1,1,1,0,0,1,3,,0,4,0
19623,2,2,1,1,1,1,1,1,0,0,2,1,,0,4,0
19624,2,2,1,1,1,1,1,1,0,0,2,2,,0,4,0
19625,2,2,1,1,1,1,1,1,0,0,2,3,,0,4,0
19626,2,2,1,1,1,1,1,1,0,1,1,1,,0,5,0
19627,2,2,1,1,1,1,1,1,0,1,1,2,1,1,5,1
19628,2,2,1,1,1,1,1,1,0,1,1,3,1,1,5,1
19629,2,2,1,1,1,1,1,1,0,1,2,1,,0,5,0
19630,2,2,1,1,1,1,1,1,0,1,2,2,,0,5,0
19631,2,2,1,1,1,1,1,1,0,1,2,3,1,1,5,1
19632,2,2,1,1,1,1,1,1,0,2,1,1,,0,6,0
19633,2,2,1,1,1,1,1,1,0,2,1,2,1,1,8,1
19634,2,2,1,1,1,1,1,1,0,2,1,3,1,1,8,1
19635,2,2,1,1,1,1,1,1,0,2,2,1,,0,6,0
19636,2,2,1,1,1,1,1,1,0,2,2,2,,0,6,0
19637,2,2,1,1,1,1,1,1,0,2,2,3,1,1,8,1
19638,2,2,1,1,1,1,1,1,0,3,1,1,,0,6,0
19639,2,2,1,1,1,1,1,1,0,3,1,2,1,1,8,1
19640,2,2,1,1,1,1,1,1,0,3,1,3,1,1,8,1
19641,2,2,1,1,1,1,1,1,0,3,2,1,,0,6,0
19642,2,2,1,1,1,1,1,1,0,3,2,2,,0,6,0
19643,2,2,1,1,1,1,1,1,0,3,2,3,1,1,8,1
19644,2,2,1,1,1,1,1,1,0,4,1,1,,0,6,0
19645,2,2,1,1,1,1,1,1,0,4,1,2,1,1,8,1
19646,2,2,1,1,1,1,1,1,0,4,1,3,1,1,8,1
19647,2,2,1,1,1,1,1,1,0,4,2,1,,0,6,0
19648,2,2,1,1,1,1,1,1,0,4,2,2,,0,6,0
19649,2,2,1,1,1,1,1,1,0,4,2,3,1,1,8,1
19650,2,2,1,1,1,1,1,1,1,0,1,1,0,1,4,1
19651,2,2,1,1,1,1,1,1,1,0,1,2,0,1,4,1
19652,2,2,1,1,1,1,1,1,1,0,1,3,0,1,4,1
19653,2,2,1,1,1,1,1,1,1,0,2,1,0,1,4,1
19654,2,2,1,1,1,1,1,1,1,0,2,2,0,1,4,1
19655,2,2,1,1,1,1,1,1,1,0,2,3,0,1,4,1
19656,2,2,1,1,1,1,1,1,1,1,1,1,0,1,5,1
19657,2,2,1,1,1,1,1,1,1,1,1,2,0,1,5,1
19658,2,2,1,1,1,1,1,1,1,1,1,3,0,1,5,1
19659,2,2,1,1,1,1,1,1,1,1,2,1,0,1,5,1
19660,2,2,1,1,1,1,1,1,1,1,2,2,0,1,5,1
19661,2,2,1,1,1,1,1,1,1,1,2,3,0,1,5,1
19662,2,2,1,1,1,1,1,1,1,2,1,1,0,1,8,1
19663,2,2,1,1,1,1,1,1,1,2,1,2,0,1,8,1
19664,2,2,1,1,1,1,1,1,1,2,1,3,0,1,8,1
19665,2,2,1,1,1,1,1,1,1,2,2,1,0,1,8,1
19666,2,2,1,1,1,1,1,1,1,2,2,2,0,1,8,1
19667,2,2,1,1,1,1,1,1,1,2,2,3,0,1,8,1
19668,2,2,1,1,1,1,1,1,1,3,1,1,0,1,8,1
19669,2,2,1,1,1,1,1,1,1,3,1,2,0,1,8,1
19670,2,2,1,1,1,1,1,1,1,3,1,3,0,1,8,1
19671,2,2,1,1,1,1,1,1,1,3,2,1,0,1,8,1
19672,2,2,1,1,1,1,1,1,1,3,2,2,0,1,8,1
19673,2,2,1,1,1,1,1,1,1,3,2,3,0,1,8,1
19674,2,2,1,1,1,1,1,1,1,4,1,1,0,1,8,1
19675,2,2,1,1,1,1,1,1,1,4,1,2,0,1,8,1
19676,2,2,1,1,1,1,1,1,1,4,1,3,0,1,8,1
19677,2,2,1,1,1,1,1,1,1,4,2,1,0,1,8,1
19678,2,2,1,1,1,1,1,1,1,4,2,2,0,1,8,1
19679,2,2,1,1,1,1,1,1,1,4,2,3,0,1,8,1
19680,2,2,1,1,2,0,0,0,0,0,1,1,,0,4,0
19681,2,2,1,1,2,0,0,0,0,0,1,2,,0,4,0
19682,2,2,1,1,2,0,0,0,0,0,1,3,,0,4,0
19683,2,2,1,1,2,0,0,0,0,0,2,1,,0,4,0
19684,2,2,1,1,2,0,0,0,0,0,2,2,,0,4,0
19685,2,2,1,1,2,0,0,0,0,0,2,3,,0,4,0
19686,2,2,1,1,2,0,0,0,0,1,1,1,,0,4,0
19687,2,2,1,1,2,0,0,0,0,1,1,2,1,1,4,1
19688,2,2,1,1,2,0,0,0,0,1,1,3,1,1,4,1
19689,2,2,1,1,2,0,0,0,0,1,2,1,,0,4,0
19690,2,2,1,1,2,0,0,0,0,1,2,2,1,1,4,1
19691,2,2,1,1,2,0,0,0,0,1,2,3,1,1,4,1
19692,2,2,1,1,2,0,0,0,0,2,1,1,2,1,4,1
19693,2,2,1,1,2,0,0,0,0,2,1,2,1,1,4,1
19694,2,2,1,1,2,0,0,0,0,2,1,3,1,1,4,1
19695,2,2,1,1,2,0,0,0,0,2,2,1,2,1,4,1
19696,2,2,1,1,2,0,0,0,0,2,2,2,1,1,4,1
19697,2,2,1,1,2,0,0,0,0,2,2,3,1,1,4,1
19698,2,2,1,1,2,0,0,0,0,3,1,1,2,1,4,1
19699,2,2,1,1,2,0,0,0,0,3,1,2,1,1,4,1
19700,2,2,1,1,2,0,0,0,0,3,1,3,1,1,4,1
19701,2,2,1,1,2,0,0,0,0,3,2,1,2,1,4,1
19702,2,2,1,1,2,0,0,0,0,3,2,2,1,1,4,1
19703,2,2,1,1,2,0,0,0,0,3,2,3,1,1,4,1
19704,2,2,1,1,2,0,0,0,0,4,1,1,2,1,4,1
19705,2,2,1,1,2,0,0,0,0,4,1,2,1,1,4,1
19706,2,2,1,1,2,0,0,0,0,4,1,3,1,1,4,1
19707,2,2,1,1,2,0,0,0,0,4,2,1,2,1,4,1
19708,2,2,1,1,2,0,0,0,0,4,2,2,1,1,4,1
19709,2,2,1,1,2,0,0,0,0,4,2,3,1,1,4,1
19710,2,2,1,1,2,0,0,0,1,0,1,1,0,1,4,1
19711,2,2,1,1,2,0,0,0,1,0,1,2,0,1,4,1
19712,2,2,1,1,2,0,0,0,1,0,1,3,0,1,4,1
19713,2,2,1,1,2,0,0,0,1,0,2,1,0,1,4,1
19714,2,2,1,1,2,0,0,0,1,0,2,2,0,1,4,1
19715,2,2,1,1,2,0,0,0,1,0,2,3,0,1,4,1
19716,2,2,1,1,2,0,0,0,1,1,1,1,0,1,4,1
19717,2,2,1,1,2,0,0,0,1,1,1,2,0,1,4,1
19718,2,2,1,1,2,0,0,0,1,1,1,3,0,1,4,1
19719,2,2,1,1,2,0,0,0,1,1,2,1,0,1,4,1
19720,2,2,1,1,2,0,0,0,1,1,2,2,0,1,4,1
19721,2,2,1,1,2,0,0,0,1,1,2,3,0,1,4,1
19722,2,2,1,1,2,0,0,0,1,2,1,1,0,1,4,1
19723,2,2,1,1,2,0,0,0,1,2,1,2,0,1,4,1
19724,2,2,1,1,2,0,0,0,1,2,1,3,0,1,4,1
19725,2,2,1,1,2,0,0,0,1,2,2,1,0,1,4,1
19726,2,2,1,1,2,0,0,0,1,2,2,2,0,1,4,1
19727,2,2,1,1,2,0,0,0,1,2,2,3,0,1,4,1
19728,2,2,1,1,2,0,0,0,1,3,1,1,0,1,4,1
19729,2,2,1,1,2,0,0,0,1,3,1,2,0,1,4,1
19730,2,2,1,1,2,0,0,0,1,3,1,3,0,1,4,1
19731,2,2,1,1,2,0,0,0,1,3,2,1,0,1,4,1
19732,2,2,1,1,2,0,0,0,1,3,2,2,0,1,4,1
19733,2,2,1,1,2,0,0,0,1,3,2,3,0,1,4,1
19734,2,2,1,1,2,0,0,0,1,4,1,1,0,1,4,1
19735,2,2,1,1,2,0,0,0,1,4,1,2,0,1,4,1
19736,2,2,1,1,2,0,0,0,1,4,1,3,0,1,4,1
19737,2,2,1,1,2,0,0,0,1,4,2,1,0,1,4,1
19738,2,2,1,1,2,0,0,0,1,4,2,2,0,1,4,1
19739,2,2,1,1,2,0,0,0,1,4,2,3,0,1,4,1
19740,2,2,1,1,2,0,0,1,0,0,1,1,,0,4,0
19741,2,2,1,1,2,0,0,1,0,0,1,2,,0,4,0
19742,2,2,1,1,2,0,0,1,0,0,1,3,,0,4,0
19743,2,2,1,1,2,0,0,1,0,0,2,1,,0,4,0
19744,2,2,1,1,2,0,0,1,0,0,2,2,,0,4,0
19745,2,2,1,1,2,0,0,1,0,0,2,3,,0,4,0
19746,2,2,1,1,2,0,0,1,0,1,1,1,,0,4,0
19747,2,2,1,1,2,0,0,1,0,1,1,2,1,1,4,1
19748,2,2,1,1,2,0,0,1,0,1,1,3,1,1,4,1
19749,2,2,1,1,2,0,0,1,0,1,2,1,,0,4,0
19750,2,2,1,1,2,0,0,1,0,1,2,2,1,1,4,1
19751,2,2,1,1,2,0,0,1,0,1,2,3,1,1,4,1
19752,2,2,1,1,2,0,0,1,0,2,1,1,2,1,4,1
19753,2,2,1,1,2,0,0,1,0,2,1,2,1,1,4,1
19754,2,2,1,1,2,0,0,1,0,2,1,3,1,1,4,1
19755,2,2,1,1,2,0,0,1,0,2,2,1,2,1,4,1
19756,2,2,1,1,2,0,0,1,0,2,2,2,1,1,4,1
19757,2,2,1,1,2,0,0,1,0,2,2,3,1,1,4,1
19758,2,2,1,1,2,0,0,1,0,3,1,1,2,1,4,1
19759,2,2,1,1,2,0,0,1,0,3,1,2,1,1,4,1
19760,2,2,1,1,2,0,0,1,0,3,1,3,1,1,4,1
19761,2,2,1,1,2,0,0,1,0,3,2,1,2,1,4,1
19762,2,2,1,1,2,0,0,1,0,3,2,2,1,1,4,1
19763,2,2,1,1,2,0,0,1,0,3,2,3,1,1,4,1
19764,2,2,1,1,2,0,0,1,0,4,1,1,2,1,4,1
19765,2,2,1,1,2,0,0,1,0,4,1,2,1,1,4,1
19766,2,2,1,1,2,0,0,1,0,4,1,3,1,1,4,1
19767,2,2,1,1,2,0,0,1,0,4,2,1,2,1,4,1
19768,2,2,1,1,2,0,0,1,0,4,2,2,1,1,4,1
19769,2,2,1,1,2,0,0,1,0,4,2,3,1,1,4,1
19770,2,2,1,1,2,0,0,1,1,0,1,1,0,1,4,1
19771,2,2,1,1,2,0,0,1,1,0,1,2,0,1,4,1
19772,2,2,1,1,2,0,0,1,1,0,1,3,0,1,4,1
19773,2,2,1,1,2,0,0,1,1,0,2,1,0,1,4,1
19774,2,2,1,1,2,0,0,1,1,0,2,2,0,1,4,1
19775,2,2,1,1,2,0,0,1,1,0,2,3,0,1,4,1
19776,2,2,1,1,2,0,0,1,1,1,1,1,0,1,4,1
19777,2,2,1,1,2,0,0,1,1,1,1,2,0,1,4,1
19778,2,2,1,1,2,0,0,1,1,1,1,3,0,1,4,1
19779,2,2,1,1,2,0,0,1,1,1,2,1,0,1,4,1
19780,2,2,1,1,2,0,0,1,1,1,2,2,0,1,4,1
19781,2,2,1,1,2,0,0,1,1,1,2,3,0,1,4,1
19782,2,2,1,1,2,0,0,1,1,2,1,1,0,1,4,1
19783,2,2,1,1,2,0,0,1,1,2,1,2,0,1,4,1
19784,2,2,1,1,2,0,0,1,1,2,1,3,0,1,4,1
19785,2,2,1,1,2,0,0,1,1,2,2,1,0,1,4,1
19786,2,2,1,1,2,0,0,1,1,2,2,2,0,1,4,1
19787,2,2,1,1,2,0,0,1,1,2,2,3,0,1,4,1
19788,2,2,1,1,2,0,0,1,1,3,1,1,0,1,4,1
19789,2,2,1,1,2,0,0,1,1,3,1,2,0,1,4,1
19790,2,2,1,1,2,0,0,1,1,3,1,3,0,1,4,1
19791,2,2,1,1,2,0,0,1,1,3,2,1,0,1,4,1
19792,2,2,1,1,2,0,0,1,1,3,2,2,0,1,4,1
19793,2,2,1,1,2,0,0,1,1,3,2,3,0,1,4,1
19794,2,2,1,1,2,0,0,1,1,4,1,1,0,1,4,1
19795,2,2,1,1,2,0,0,1,1,4,1,2,0,1,4,1
19796,2,2,1,1,2,0,0,1,1,4,1,3,0,1,4,1
19797,2,2,1,1,2,0,0,1,1,4,2,1,0,1,4,1
19798,2,2,1,1,2,0,0,1,1,4,2,2,0,1,4,1
19799,2,2,1,1,2,0,0,1,1,4,2,3,0,1,4,1
19800,2,2,1,1,2,0,1,0,0,0,1,1,,0,4,0
19801,2,2,1,1,2,0,1,0,0,0,1,2,,0,4,0
19802,2,2,1,1,2,0,1,0,0,0,1,3,,0,4,0
19803,2,2,1,1,2,0,1,0,0,0,2,1,,0,4,0
19804,2,2,1,1,2,0,1,0,0,0,2,2,,0,4,0
19805,2,2,1,1,2,0,1,0,0,0,2,3,,0,4,0
19806,2,2,1,1,2,0,1,0,0,1,1,1,,0,4,0
19807,2,2,1,1,2,0,1,0,0,1,1,2,,0,5,0
19808,2,2,1,1,2,0,1,0,0,1,1,3,1,1,5,1
19809,2,2,1,1,2,0,1,0,0,1,2,1,,0,4,0
19810,2,2,1,1,2,0,1,0,0,1,2,2,,0,5,0
19811,2,2,1,1,2,0,1,0,0,1,2,3,,0,5,0
19812,2,2,1,1,2,0,1,0,0,2,1,1,,0,5,0
19813,2,2,1,1,2,0,1,0,0,2,1,2,2,1,6,1
19814,2,2,1,1,2,0,1,0,0,2,1,3,1,1,6,1
19815,2,2,1,1,2,0,1,0,0,2,2,1,,0,5,0
19816,2,2,1,1,2,0,1,0,0,2,2,2,,0,6,0
19817,2,2,1,1,2,0,1,0,0,2,2,3,2,1,6,1
19818,2,2,1,1,2,0,1,0,0,3,1,1,,0,5,0
19819,2,2,1,1,2,0,1,0,0,3,1,2,2,1,6,1
19820,2,2,1,1,2,0,1,0,0,3,1,3,1,1,6,1
19821,2,2,1,1,2,0,1,0,0,3,2,1,,0,5,0
19822,2,2,1,1,2,0,1,0,0,3,2,2,,0,6,0
19823,2,2,1,1,2,0,1,0,0,3,2,3,2,1,6,1
19824,2,2,1,1,2,0,1,0,0,4,1,1,,0,5,0
19825,2,2,1,1,2,0,1,0,0,4,1,2,2,1,6,1
19826,2,2,1,1,2,0,1,0,0,4,1,3,1,1,6,1
19827,2,2,1,1,2,0,1,0,0,4,2,1,,0,5,0
19828,2,2,1,1,2,0,1,0,0,4,2,2,,0,6,0
19829,2,2,1,1,2,0,1,0,0,4,2,3,2,1,6,1
19830,2,2,1,1,2,0,1,0,1,0,1,1,0,1,4,1
19831,2,2,1,1,2,0,1,0,1,0,1,2,0,1,4,1
19832,2,2,1,1,2,0,1,0,1,0,1,3,0,1,4,1
19833,2,2,1,1,2,0,1,0,1,0,2,1,0,1,4,1
19834,2,2,1,1,2,0,1,0,1,0,2,2,0,1,4,1
19835,2,2,1,1,2,0,1,0,1,0,2,3,0,1,4,1
19836,2,2,1,1,2,0,1,0,1,1,1,1,0,1,5,1
19837,2,2,1,1,2,0,1,0,1,1,1,2,0,1,5,1
19838,2,2,1,1,2,0,1,0,1,1,1,3,0,1,5,1
19839,2,2,1,1,2,0,1,0,1,1,2,1,0,1,5,1
19840,2,2,1,1,2,0,1,0,1,1,2,2,0,1,5,1
19841,2,2,1,1,2,0,1,0,1,1,2,3,0,1,5,1
19842,2,2,1,1,2,0,1,0,1,2,1,1,0,1,6,1
19843,2,2,1,1,2,0,1,0,1,2,1,2,0,1,6,1
19844,2,2,1,1,2,0,1,0,1,2,1,3,0,1,6,1
19845,2,2,1,1,2,0,1,0,1,2,2,1,0,1,6,1
19846,2,2,1,1,2,0,1,0,1,2,2,2,0,1,6,1
19847,2,2,1,1,2,0,1,0,1,2,2,3,0,1,6,1
19848,2,2,1,1,2,0,1,0,1,3,1,1,0,1,6,1
19849,2,2,1,1,2,0,1,0,1,3,1,2,0,1,6,1
19850,2,2,1,1,2,0,1,0,1,3,1,3,0,1,6,1
19851,2,2,1,1,2,0,1,0,1,3,2,1,0,1,6,1
19852,2,2,1,1,2,0,1,0,1,3,2,2,0,1,6,1
19853,2,2,1,1,2,0,1,0,1,3,2,3,0,1,6,1
19854,2,2,1,1,2,0,1,0,1,4,1,1,0,1,6,1
19855,2,2,1,1,2,0,1,0,1,4,1,2,0,1,6,1
19856,2,2,1,1,2,0,1,0,1,4,1,3,0,1,6,1
19857,2,2,1,1,2,0,1,0,1,4,2,1,0,1,6,1
19858,2,2,1,1,2,0,1,0,1,4,2,2,0,1,6,1
19859,2,2,1,1,2,0,1,0,1,4,2,3,0,1,6,1
19860,2,2,1,1,2,0,1,1,0,0,1,1,,0,4,0
19861,2,2,1,1,2,0,1,1,0,0,1,2,,0,4,0
19862,2,2,1,1,2,0,1,1,0,0,1,3,,0,4,0
19863,2,2,1,1,2,0,1,1,0,0,2,1,,0,4,0
19864,2,2,1,1,2,0,1,1,0,0,2,2,,0,4,0
19865,2,2,1,1,2,0,1,1,0,0,2,3,,0,4,0
19866,2,2,1,1,2,0,1,1,0,1,1,1,,0,4,0
19867,2,2,1,1,2,0,1,1,0,1,1,2,,0,5,0
19868,2,2,1,1,2,0,1,1,0,1,1,3,1,1,5,1
19869,2,2,1,1,2,0,1,1,0,1,2,1,,0,4,0
19870,2,2,1,1,2,0,1,1,0,1,2,2,,0,5,0
19871,2,2,1,1,2,0,1,1,0,1,2,3,,0,5,0
19872,2,2,1,1,2,0,1,1,0,2,1,1,,0,5,0
19873,2,2,1,1,2,0,1,1,0,2,1,2,2,1,6,1
19874,2,2,1,1,2,0,1,1,0,2,1,3,1,1,6,1
19875,2,2,1,1,2,0,1,1,0,2,2,1,,0,5,0
19876,2,2,1,1,2,0,1,1,0,2,2,2,,0,6,0
19877,2,2,1,1,2,0,1,1,0,2,2,3,2,1,6,1
19878,2,2,1,1,2,0,1,1,0,3,1,1,,0,5,0
19879,2,2,1,1,2,0,1,1,0,3,1,2,2,1,6,1
19880,2,2,1,1,2,0,1,1,0,3,1,3,1,1,6,1
19881,2,2,1,1,2,0,1,1,0,3,2,1,,0,5,0
19882,2,2,1,1,2,0,1,1,0,3,2,2,,0,6,0
19883,2,2,1,1,2,0,1,1,0,3,2,3,2,1,6,1
19884,2,2,1,1,2,0,1,1,0,4,1,1,,0,5,0
19885,2,2,1,1,2,0,1,1,0,4,1,2,2,1,6,1
19886,2,2,1,1,2,0,1,1,0,4,1,3,1,1,6,1
19887,2,2,1,1,2,0,1,1,0,4,2,1,,0,5,0
19888,2,2,1,1,2,0,1,1,0,4,2,2,,0,6,0
19889,2,2,1,1,2,0,1,1,0,4,2,3,2,1,6,1
19890,2,2,1,1,2,0,1,1,1,0,1,1,0,1,4,1
19891,2,2,1,1,2,0,1,1,1,0,1,2,0,1,4,1
19892,2,2,1,1,2,0,1,1,1,0,1,3,0,1,4,1
19893,2,2,1,1,2,0,1,1,1,0,2,1,0,1,4,1
19894,2,2,1,1,2,0,1,1,1,0,2,2,0,1,4,1
19895,2,2,1,1,2,0,1,1,1,0,2,3,0,1,4,1
19896,2,2,1,1,2,0,1,1,1,1,1,1,0,1,5,1
19897,2,2,1,1,2,0,1,1,1,1,1,2,0,1,5,1
19898,2,2,1,1,2,0,1,1,1,1,1,3,0,1,5,1
19899,2,2,1,1,2,0,1,1,1,1,2,1,0,1,5,1
19900,2,2,1,1,2,0,1,1,1,1,2,2,0,1,5,1
19901,2,2,1,1,2,0,1,1,1,1,2,3,0,1,5,1
19902,2,2,1,1,2,0,1,1,1,2,1,1,0,1,6,1
19903,2,2,1,1,2,0,1,1,1,2,1,2,0,1,6,1
19904,2,2,1,1,2,0,1,1,1,2,1,3,0,1,6,1
19905,2,2,1,1,2,0,1,1,1,2,2,1,0,1,6,1
19906,2,2,1,1,2,0,1,1,1,2,2,2,0,1,6,1
19907,2,2,1,1,2,0,1,1,1,2,2,3,0,1,6,1
19908,2,2,1,1,2,0,1,1,1,3,1,1,0,1,6,1
19909,2,2,1,1,2,0,1,1,1,3,1,2,0,1,6,1
19910,2,2,1,1,2,0,1,1,1,3,1,3,0,1,6,1
19911,2,2,1,1,2,0,1,1,1,3,2,1,0,1,6,1
19912,2,2,1,1,2,0,1,1,1,3,2,2,0,1,6,1
19913,2,2,1,1,2,0,1,1,1,3,2,3,0,1,6,1
19914,2,2,1,1,2,0,1,1,1,4,1,1,0,1,6,1
19915,2,2,1,1,2,0,1,1,1,4,1,2,0,1,6,1
19916,2,2,1,1,2,0,1,1,1,4,1,3,0,1,6,1
19917,2,2,1,1,2,0,1,1,1,4,2,1,0,1,6,1
19918,2,2,1,1,2,0,1,1,1,4,2,2,0,1,6,1
19919,2,2,1,1,2,0,1,1,1,4,2,3,0,1,6,1
19920,2,2,1,1,2,1,0,0,0,0,1,1,,0,4,0
19921,2,2,1,1,2,1,0,0,0,0,1,2,,0,4,0
19922,2,2,1,1,2,1,0,0,0,0,1,3,,0,4,0
19923,2,2,1,1,2,1,0,0,0,0,2,1,,0,4,0
19924,2,2,1,1,2,1,0,0,0,0,2,2,,0,4,0
19925,2,2,1,1,2,1,0,0,0,0,2,3,,0,4,0
19926,2,2,1,1,2,1,0,0,0,1,1,1,,0,4,0
19927,2,2,1,1,2,1,0,0,0,1,1,2,1,1,4,1
19928,2,2,1,1,2,1,0,0,0,1,1,3,1,1,4,1
19929,2,2,1,1,2,1,0,0,0,1,2,1,,0,4,0
19930,2,2,1,1,2,1,0,0,0,1,2,2,1,1,4,1
19931,2,2,1,1,2,1,0,0,0,1,2,3,1,1,4,1
19932,2,2,1,1,2,1,0,0,0,2,1,1,,0,5,0
19933,2,2,1,1,2,1,0,0,0,2,1,2,1,1,5,1
19934,2,2,1,1,2,1,0,0,0,2,1,3,1,1,5,1
19935,2,2,1,1,2,1,0,0,0,2,2,1,,0,5,0
19936,2,2,1,1,2,1,0,0,0,2,2,2,1,1,5,1
19937,2,2,1,1,2,1,0,0,0,2,2,3,1,1,5,1
19938,2,2,1,1,2,1,0,0,0,3,1,1,,0,5,0
19939,2,2,1,1,2,1,0,0,0,3,1,2,1,1,5,1
19940,2,2,1,1,2,1,0,0,0,3,1,3,1,1,5,1
19941,2,2,1,1,2,1,0,0,0,3,2,1,,0,5,0
19942,2,2,1,1,2,1,0,0,0,3,2,2,1,1,5,1
19943,2,2,1,1,2,1,0,0,0,3,2,3,1,1,5,1
19944,2,2,1,1,2,1,0,0,0,4,1,1,,0,5,0
19945,2,2,1,1,2,1,0,0,0,4,1,2,1,1,5,1
19946,2,2,1,1,2,1,0,0,0,4,1,3,1,1,5,1
19947,2,2,1,1,2,1,0,0,0,4,2,1,,0,5,0
19948,2,2,1,1,2,1,0,0,0,4,2,2,1,1,5,1
19949,2,2,1,1,2,1,0,0,0,4,2,3,1,1,5,1
19950,2,2,1,1,2,1,0,0,1,0,1,1,0,1,4,1
19951,2,2,1,1,2,1,0,0,1,0,1,2,0,1,4,1
19952,2,2,1,1,2,1,0,0,1,0,1,3,0,1,4,1
19953,2,2,1,1,2,1,0,0,1,0,2,1,0,1,4,1
19954,2,2,1,1,2,1,0,0,1,0,2,2,0,1,4,1
19955,2,2,1,1,2,1,0,0,1,0,2,3,0,1,4,1
19956,2,2,1,1,2,1,0,0,1,1,1,1,0,1,4,1
19957,2,2,1,1,2,1,0,0,1,1,1,2,0,1,4,1
19958,2,2,1,1,2,1,0,0,1,1,1,3,0,1,4,1
19959,2,2,1,1,2,1,0,0,1,1,2,1,0,1,4,1
19960,2,2,1,1,2,1,0,0,1,1,2,2,0,1,4,1
19961,2,2,1,1,2,1,0,0,1,1,2,3,0,1,4,1
19962,2,2,1,1,2,1,0,0,1,2,1,1,0,1,5,1
19963,2,2,1,1,2,1,0,0,1,2,1,2,0,1,5,1
19964,2,2,1,1,2,1,0,0,1,2,1,3,0,1,5,1
19965,2,2,1,1,2,1,0,0,1,2,2,1,0,1,5,1
19966,2,2,1,1,2,1,0,0,1,2,2,2,0,1,5,1
19967,2,2,1,1,2,1,0,0,1,2,2,3,0,1,5,1
19968,2,2,1,1,2,1,0,0,1,3,1,1,0,1,5,1
19969,2,2,1,1,2,1,0,0,1,3,1,2,0,1,5,1
19970,2,2,1,1,2,1,0,0,1,3,1,3,0,1,5,1
19971,2,2,1,1,2,1,0,0,1,3,2,1,0,1,5,1
19972,2,2,1,1,2,1,0,0,1,3,2,2,0,1,5,1
19973,2,2,1,1,2,1,0,0,1,3,2,3,0,1,5,1
19974,2,2,1,1,2,1,0,0,1,4,1,1,0,1,5,1
19975,2,2,1,1,2,1,0,0,1,4,1,2,0,1,5,1
19976,2,2,1,1,2,1,0,0,1,4,1,3,0,1,5,1
19977,2,2,1,1,2,1,0,0,1,4,2,1,0,1,5,1
19978,2,2,1,1,2,1,0,0,1,4,2,2,0,1,5,1
19979,2,2,1,1,2,1,0,0,1,4,2,3,0,1,5,1
19980,2,2,1,1,2,1,0,1,0,0,1,1,,0,4,0
19981,2,2,1,1,2,1,0,1,0,0,1,2,,0,4,0
19982,2,2,1,1,2,1,0,1,0,0,1,3,,0,4,0
19983,2,2,1,1,2,1,0,1,0,0,2,1,,0,4,0
19984,2,2,1,1,2,1,0,1,0,0,2,2,,0,4,0
19985,2,2,1,1,2,1,0,1,0,0,2,3,,0,4,0
19986,2,2,1,1,2,1,0,1,0,1,1,1,,0,4,0
19987,2,2,1,1,2,1,0,1,0,1,1,2,1,1,4,1
19988,2,2,1,1,2,1,0,1,0,1,1,3,1,1,4,1
19989,2,2,1,1,2,1,0,1,0,1,2,1,,0,4,0
19990,2,2,1,1,2,1,0,1,0,1,2,2,1,1,4,1
19991,2,2,1,1,2,1,0,1,0,1,2,3,1,1,4,1
19992,2,2,1,1,2,1,0,1,0,2,1,1,2,1,5,1
19993,2,2,1,1,2,1,0,1,0,2,1,2,1,1,5,1
19994,2,2,1,1,2,1,0,1,0,2,1,3,1,1,5,1
19995,2,2,1,1,2,1,0,1,0,2,2,1,2,1,5,1
19996,2,2,1,1,2,1,0,1,0,2,2,2,1,1,5,1
19997,2,2,1,1,2,1,0,1,0,2,2,3,1,1,5,1
19998,2,2,1,1,2,1,0,1,0,3,1,1,2,1,5,1
19999,2,2,1,1,2,1,0,1,0,3,1,2,1,1,5,1
20000,2,2,1,1,2,1,0,1,0,3,1,3,1,1,5,1
20001,2,2,1,1,2,1,0,1,0,3,2,1,2,1,5,1
20002,2,2,1,1,2,1,0,1,0,3,2,2,1,1,5,1
20003,2,2,1,1,2,1,0,1,0,3,2,3,1,1,5,1
20004,2,2,1,1,2,1,0,1,0,4,1,1,2,1,5,1
20005,2,2,1,1,2,1,0,1,0,4,1,2,1,1,5,1
20006,2,2,1,1,2,1,0,1,0,4,1,3,1,1,5,1
20007,2,2,1,1,2,1,0,1,0,4,2,1,2,1,5,1
20008,2,2,1,1,2,1,0,1,0,4,2,2,1,1,5,1
20009,2,2,1,1,2,1,0,1,0,4,2,3,1,1,5,1
20010,2,2,1,1,2,1,0,1,1,0,1,1,0,1,4,1
20011,2,2,1,1,2,1,0,1,1,0,1,2,0,1,4,1
20012,2,2,1,1,2,1,0,1,1,0,1,3,0,1,4,1
20013,2,2,1,1,2,1,0,1,1,0,2,1,0,1,4,1
20014,2,2,1,1,2,1,0,1,1,0,2,2,0,1,4,1
20015,2,2,1,1,2,1,0,1,1,0,2,3,0,1,4,1
20016,2,2,1,1,2,1,0,1,1,1,1,1,0,1,4,1
20017,2,2,1,1,2,1,0,1,1,1,1,2,0,1,4,1
20018,2,2,1,1,2,1,0,1,1,1,1,3,0,1,4,1
20019,2,2,1,1,2,1,0,1,1,1,2,1,0,1,4,1
20020,2,2,1,1,2,1,0,1,1,1,2,2,0,1,4,1
20021,2,2,1,1,2,1,0,1,1,1,2,3,0,1,4,1
20022,2,2,1,1,2,1,0,1,1,2,1,1,0,1,5,1
20023,2,2,1,1,2,1,0,1,1,2,1,2,0,1,5,1
20024,2,2,1,1,2,1,0,1,1,2,1,3,0,1,5,1
20025,2,2,1,1,2,1,0,1,1,2,2,1,0,1,5,1
20026,2,2,1,1,2,1,0,1,1,2,2,2,0,1,5,1
20027,2,2,1,1,2,1,0,1,1,2,2,3,0,1,5,1
20028,2,2,1,1,2,1,0,1,1,3,1,1,0,1,5,1
20029,2,2,1,1,2,1,0,1,1,3,1,2,0,1,5,1
20030,2,2,1,1,2,1,0,1,1,3,1,3,0,1,5,1
20031,2,2,1,1,2,1,0,1,1,3,2,1,0,1,5,1
20032,2,2,1,1,2,1,0,1,1,3,2,2,0,1,5,1
20033,2,2,1,1,2,1,0,1,1,3,2,3,0,1,5,1
20034,2,2,1,1,2,1,0,1,1,4,1,1,0,1,5,1
20035,2,2,1,1,2,1,0,1,1,4,1,2,0,1,5,1
20036,2,2,1,1,2,1,0,1,1,4,1,3,0,1,5,1
20037,2,2,1,1,2,1,0,1,1,4,2,1,0,1,5,1
20038,2,2,1,1,2,1,0,1,1,4,2,2,0,1,5,1
20039,2,2,1,1,2,1,0,1,1,4,2,3,0,1,5,1
20040,2,2,1,1,2,1,1,0,0,0,1,1,,0,4,0
20041,2,2,1,1,2,1,1,0,0,0,1,2,,0,4,0
20042,2,2,1,1,2,1,1,0,0,0,1,3,,0,4,0
20043,2,2,1,1,2,1,1,0,0,0,2,1,,0,4,0
20044,2,2,1,1,2,1,1,0,0,0,2,2,,0,4,0
20045,2,2,1,1,2,1,1,0,0,0,2,3,,0,4,0
20046,2,2,1,1,2,1,1,0,0,1,1,1,,0,4,0
20047,2,2,1,1,2,1,1,0,0,1,1,2,,0,5,0
20048,2,2,1,1,2,1,1,0,0,1,1,3,1,1,5,1
20049,2,2,1,1,2,1,1,0,0,1,2,1,,0,4,0
20050,2,2,1,1,2,1,1,0,0,1,2,2,,0,5,0
20051,2,2,1,1,2,1,1,0,0,1,2,3,,0,5,0
20052,2,2,1,1,2,1,1,0,0,2,1,1,,0,5,0
20053,2,2,1,1,2,1,1,0,0,2,1,2,,0,7,0
20054,2,2,1,1,2,1,1,0,0,2,1,3,1,1,7,1
20055,2,2,1,1,2,1,1,0,0,2,2,1,,0,5,0
20056,2,2,1,1,2,1,1,0,0,2,2,2,,0,6,0
20057,2,2,1,1,2,1,1,0,0,2,2,3,,0,7,0
20058,2,2,1,1,2,1,1,0,0,3,1,1,,0,5,0
20059,2,2,1,1,2,1,1,0,0,3,1,2,,0,7,0
20060,2,2,1,1,2,1,1,0,0,3,1,3,1,1,7,1
20061,2,2,1,1,2,1,1,0,0,3,2,1,,0,5,0
20062,2,2,1,1,2,1,1,0,0,3,2,2,,0,6,0
20063,2,2,1,1,2,1,1,0,0,3,2,3,,0,7,0
20064,2,2,1,1,2,1,1,0,0,4,1,1,,0,5,0
20065,2,2,1,1,2,1,1,0,0,4,1,2,,0,7,0
20066,2,2,1,1,2,1,1,0,0,4,1,3,1,1,7,1
20067,2,2,1,1,2,1,1,0,0,4,2,1,,0,5,0
20068,2,2,1,1,2,1,1,0,0,4,2,2,,0,6,0
20069,2,2,1,1,2,1,1,0,0,4,2,3,,0,7,0
20070,2,2,1,1,2,1,1,0,1,0,1,1,0,1,4,1
20071,2,2,1,1,2,1,1,0,1,0,1,2,0,1,4,1
20072,2,2,1,1,2,1,1,0,1,0,1,3,0,1,4,1
20073,2,2,1,1,2,1,1,0,1,0,2,1,0,1,4,1
20074,2,2,1,1,2,1,1,0,1,0,2,2,0,1,4,1
20075,2,2,1,1,2,1,1,0,1,0,2,3,0,1,4,1
20076,2,2,1,1,2,1,1,0,1,1,1,1,0,1,5,1
20077,2,2,1,1,2,1,1,0,1,1,1,2,0,1,5,1
20078,2,2,1,1,2,1,1,0,1,1,1,3,0,1,5,1
20079,2,2,1,1,2,1,1,0,1,1,2,1,0,1,5,1
20080,2,2,1,1,2,1,1,0,1,1,2,2,0,1,5,1
20081,2,2,1,1,2,1,1,0,1,1,2,3,0,1,5,1
20082,2,2,1,1,2,1,1,0,1,2,1,1,0,1,7,1
20083,2,2,1,1,2,1,1,0,1,2,1,2,0,1,7,1
20084,2,2,1,1,2,1,1,0,1,2,1,3,0,1,7,1
20085,2,2,1,1,2,1,1,0,1,2,2,1,0,1,7,1
20086,2,2,1,1,2,1,1,0,1,2,2,2,0,1,7,1
20087,2,2,1,1,2,1,1,0,1,2,2,3,0,1,7,1
20088,2,2,1,1,2,1,1,0,1,3,1,1,0,1,7,1
20089,2,2,1,1,2,1,1,0,1,3,1,2,0,1,7,1
20090,2,2,1,1,2,1,1,0,1,3,1,3,0,1,7,1
20091,2,2,1,1,2,1,1,0,1,3,2,1,0,1,7,1
20092,2,2,1,1,2,1,1,0,1,3,2,2,0,1,7,1
20093,2,2,1,1,2,1,1,0,1,3,2,3,0,1,7,1
20094,2,2,1,1,2,1,1,0,1,4,1,1,0,1,7,1
20095,2,2,1,1,2,1,1,0,1,4,1,2,0,1,7,1
20096,2,2,1,1,2,1,1,0,1,4,1,3,0,1,7,1
20097,2,2,1,1,2,1,1,0,1,4,2,1,0,1,7,1
20098,2,2,1,1,2,1,1,0,1,4,2,2,0,1,7,1
20099,2,2,1,1,2,1,1,0,1,4,2,3,0,1,7,1
20100,2,2,1,1,2,1,1,1,0,0,1,1,,0,4,0
20101,2,2,1,1,2,1,1,1,0,0,1,2,,0,4,0
20102,2,2,1,1,2,1,1,1,0,0,1,3,,0,4,0
20103,2,2,1,1,2,1,1,1,0,0,2,1,,0,4,0
20104,2,2,1,1,2,1,1,1,0,0,2,2,,0,4,0
20105,2,2,1,1,2,1,1,1,0,0,2,3,,0,4,0
20106,2,2,1,1,2,1,1,1,0,1,1,1,,0,4,0
20107,2,2,1,1,2,1,1,1,0,1,1,2,,0,5,0
20108,2,2,1,1,2,1,1,1,0,1,1,3,1,1,5,1
20109,2,2,1,1,2,1,1,1,0,1,2,1,,0,4,0
20110,2,2,1,1,2,1,1,1,0,1,2,2,,0,5,0
20111,2,2,1,1,2,1,1,1,0,1,2,3,,0,5,0
20112,2,2,1,1,2,1,1,1,0,2,1,1,,0,5,0
20113,2,2,1,1,2,1,1,1,0,2,1,2,2,1,8,1
20114,2,2,1,1,2,1,1,1,0,2,1,3,1,1,8,1
20115,2,2,1,1,2,1,1,1,0,2,2,1,,0,5,0
20116,2,2,1,1,2,1,1,1,0,2,2,2,,0,6,0
20117,2,2,1,1,2,1,1,1,0,2,2,3,2,1,8,1
20118,2,2,1,1,2,1,1,1,0,3,1,1,,0,5,0
20119,2,2,1,1,2,1,1,1,0,3,1,2,2,1,8,1
20120,2,2,1,1,2,1,1,1,0,3,1,3,1,1,8,1
20121,2,2,1,1,2,1,1,1,0,3,2,1,,0,5,0
20122,2,2,1,1,2,1,1,1,0,3,2,2,,0,6,0
20123,2,2,1,1,2,1,1,1,0,3,2,3,2,1,8,1
20124,2,2,1,1,2,1,1,1,0,4,1,1,,0,5,0
20125,2,2,1,1,2,1,1,1,0,4,1,2,2,1,8,1
20126,2,2,1,1,2,1,1,1,0,4,1,3,1,1,8,1
20127,2,2,1,1,2,1,1,1,0,4,2,1,,0,5,0
20128,2,2,1,1,2,1,1,1,0,4,2,2,,0,6,0
20129,2,2,1,1,2,1,1,1,0,4,2,3,2,1,8,1
20130,2,2,1,1,2,1,1,1,1,0,1,1,0,1,4,1
20131,2,2,1,1,2,1,1,1,1,0,1,2,0,1,4,1
20132,2,2,1,1,2,1,1,1,1,0,1,3,0,1,4,1
20133,2,2,1,1,2,1,1,1,1,0,2,1,0,1,4,1
20134,2,2,1,1,2,1,1,1,1,0,2,2,0,1,4,1
20135,2,2,1,1,2,1,1,1,1,0,2,3,0,1,4,1
20136,2,2,1,1,2,1,1,1,1,1,1,1,0,1,5,1
20137,2,2,1,1,2,1,1,1,1,1,1,2,0,1,5,1
20138,2,2,1,1,2,1,1,1,1,1,1,3,0,1,5,1
20139,2,2,1,1,2,1,1,1,1,1,2,1,0,1,5,1
20140,2,2,1,1,2,1,1,1,1,1,2,2,0,1,5,1
20141,2,2,1,1,2,1,1,1,1,1,2,3,0,1,5,1
20142,2,2,1,1,2,1,1,1,1,2,1,1,0,1,8,1
20143,2,2,1,1,2,1,1,1,1,2,1,2,0,1,8,1
20144,2,2,1,1,2,1,1,1,1,2,1,3,0,1,8,1
20145,2,2,1,1,2,1,1,1,1,2,2,1,0,1,8,1
20146,2,2,1,1,2,1,1,1,1,2,2,2,0,1,8,1
20147,2,2,1,1,2,1,1,1,1,2,2,3,0,1,8,1
20148,2,2,1,1,2,1,1,1,1,3,1,1,0,1,8,1
20149,2,2,1,1,2,1,1,1,1,3,1,2,0,1,8,1
20150,2,2,1,1,2,1,1,1,1,3,1,3,0,1,8,1
20151,2,2,1,1,2,1,1,1,1,3,2,1,0,1,8,1
20152,2,2,1,1,2,1,1,1,1,3,2,2,0,1,8,1
20153,2,2,1,1,2,1,1,1,1,3,2,3,0,1,8,1
20154,2,2,1,1,2,1,1,1,1,4,1,1,0,1,8,1
20155,2,2,1,1,2,1,1,1,1,4,1,2,0,1,8,1
20156,2,2,1,1,2,1,1,1,1,4,1,3,0,1,8,1
20157,2,2,1,1,2,1,1,1,1,4,2,1,0,1,8,1
20158,2,2,1,1,2,1,1,1,1,4,2,2,0,1,8,1
20159,2,2,1,1,2,1,1,1,1,4,2,3,0,1,8,1
20160,2,2,1,2,1,0,0,0,0,0,1,1,,0,4,0
20161,2,2,1,2,1,0,0,0,0,0,1,2,,0,4,0
20162,2,2,1,2,1,0,0,0,0,0,1,3,,0,4,0
20163,2,2,1,2,1,0,0,0,0,0,2,1,,0,4,0
20164,2,2,1,2,1,0,0,0,0,0,2,2,,0,4,0
20165,2,2,1,2,1,0,0,0,0,0,2,3,,0,4,0
20166,2,2,1,2,1,0,0,0,0,1,1,1,1,1,4,1
20167,2,2,1,2,1,0,0,0,0,1,1,2,1,1,4,1
20168,2,2,1,2,1,0,0,0,0,1,1,3,1,1,4,1
20169,2,2,1,2,1,0,0,0,0,1,2,1,1,1,4,1
20170,2,2,1,2,1,0,0,0,0,1,2,2,1,1,4,1
20171,2,2,1,2,1,0,0,0,0,1,2,3,1,1,4,1
20172,2,2,1,2,1,0,0,0,0,2,1,1,1,1,4,1
20173,2,2,1,2,1,0,0,0,0,2,1,2,1,1,4,1
20174,2,2,1,2,1,0,0,0,0,2,1,3,1,1,4,1
20175,2,2,1,2,1,0,0,0,0,2,2,1,1,1,4,1
20176,2,2,1,2,1,0,0,0,0,2,2,2,1,1,4,1
20177,2,2,1,2,1,0,0,0,0,2,2,3,1,1,4,1
20178,2,2,1,2,1,0,0,0,0,3,1,1,1,1,4,1
20179,2,2,1,2,1,0,0,0,0,3,1,2,1,1,4,1
20180,2,2,1,2,1,0,0,0,0,3,1,3,1,1,4,1
20181,2,2,1,2,1,0,0,0,0,3,2,1,1,1,4,1
20182,2,2,1,2,1,0,0,0,0,3,2,2,1,1,4,1
20183,2,2,1,2,1,0,0,0,0,3,2,3,1,1,4,1
20184,2,2,1,2,1,0,0,0,0,4,1,1,1,1,4,1
20185,2,2,1,2,1,0,0,0,0,4,1,2,1,1,4,1
20186,2,2,1,2,1,0,0,0,0,4,1,3,1,1,4,1
20187,2,2,1,2,1,0,0,0,0,4,2,1,1,1,4,1
20188,2,2,1,2,1,0,0,0,0,4,2,2,1,1,4,1
20189,2,2,1,2,1,0,0,0,0,4,2,3,1,1,4,1
20190,2,2,1,2,1,0,0,0,1,0,1,1,0,1,4,1
20191,2,2,1,2,1,0,0,0,1,0,1,2,0,1,4,1
20192,2,2,1,2,1,0,0,0,1,0,1,3,0,1,4,1
20193,2,2,1,2,1,0,0,0,1,0,2,1,0,1,4,1
20194,2,2,1,2,1,0,0,0,1,0,2,2,0,1,4,1
20195,2,2,1,2,1,0,0,0,1,0,2,3,0,1,4,1
20196,2,2,1,2,1,0,0,0,1,1,1,1,0,1,4,1
20197,2,2,1,2,1,0,0,0,1,1,1,2,0,1,4,1
20198,2,2,1,2,1,0,0,0,1,1,1,3,0,1,4,1
20199,2,2,1,2,1,0,0,0,1,1,2,1,0,1,4,1
20200,2,2,1,2,1,0,0,0,1,1,2,2,0,1,4,1
20201,2,2,1,2,1,0,0,0,1,1,2,3,0,1,4,1
20202,2,2,1,2,1,0,0,0,1,2,1,1,0,1,4,1
20203,2,2,1,2,1,0,0,0,1,2,1,2,0,1,4,1
20204,2,2,1,2,1,0,0,0,1,2,1,3,0,1,4,1
20205,2,2,1,2,1,0,0,0,1,2,2,1,0,1,4,1
20206,2,2,1,2,1,0,0,0,1,2,2,2,0,1,4,1
20207,2,2,1,2,1,0,0,0,1,2,2,3,0,1,4,1
20208,2,2,1,2,1,0,0,0,1,3,1,1,0,1,4,1
20209,2,2,1,2,1,0,0,0,1,3,1,2,0,1,4,1
20210,2,2,1,2,1,0,0,0,1,3,1,3,0,1,4,1
20211,2,2,1,2,1,0,0,0,1,3,2,1,0,1,4,1
20212,2,2,1,2,1,0,0,0,1,3,2,2,0,1,4,1
20213,2,2,1,2,1,0,0,0,1,3,2,3,0,1,4,1
20214,2,2,1,2,1,0,0,0,1,4,1,1,0,1,4,1
20215,2,2,1,2,1,0,0,0,1,4,1,2,0,1,4,1
20216,2,2,1,2,1,0,0,0,1,4,1,3,0,1,4,1
20217,2,2,1,2,1,0,0,0,1,4,2,1,0,1,4,1
20218,2,2,1,2,1,0,0,0,1,4,2,2,0,1,4,1
20219,2,2,1,2,1,0,0,0,1,4,2,3,0,1,4,1
20220,2,2,1,2,1,0,0,1,0,0,1,1,,0,4,0
20221,2,2,1,2,1,0,0,1,0,0,1,2,,0,4,0
20222,2,2,1,2,1,0,0,1,0,0,1,3,,0,4,0
20223,2,2,1,2,1,0,0,1,0,0,2,1,,0,4,0
20224,2,2,1,2,1,0,0,1,0,0,2,2,,0,4,0
20225,2,2,1,2,1,0,0,1,0,0,2,3,,0,4,0
20226,2,2,1,2,1,0,0,1,0,1,1,1,1,1,4,1
20227,2,2,1,2,1,0,0,1,0,1,1,2,1,1,4,1
20228,2,2,1,2,1,0,0,1,0,1,1,3,1,1,4,1
20229,2,2,1,2,1,0,0,1,0,1,2,1,1,1,4,1
20230,2,2,1,2,1,0,0,1,0,1,2,2,1,1,4,1
20231,2,2,1,2,1,0,0,1,0,1,2,3,1,1,4,1
20232,2,2,1,2,1,0,0,1,0,2,1,1,1,1,4,1
20233,2,2,1,2,1,0,0,1,0,2,1,2,1,1,4,1
20234,2,2,1,2,1,0,0,1,0,2,1,3,1,1,4,1
20235,2,2,1,2,1,0,0,1,0,2,2,1,1,1,4,1
20236,2,2,1,2,1,0,0,1,0,2,2,2,1,1,4,1
20237,2,2,1,2,1,0,0,1,0,2,2,3,1,1,4,1
20238,2,2,1,2,1,0,0,1,0,3,1,1,1,1,4,1
20239,2,2,1,2,1,0,0,1,0,3,1,2,1,1,4,1
20240,2,2,1,2,1,0,0,1,0,3,1,3,1,1,4,1
20241,2,2,1,2,1,0,0,1,0,3,2,1,1,1,4,1
20242,2,2,1,2,1,0,0,1,0,3,2,2,1,1,4,1
20243,2,2,1,2,1,0,0,1,0,3,2,3,1,1,4,1
20244,2,2,1,2,1,0,0,1,0,4,1,1,1,1,4,1
20245,2,2,1,2,1,0,0,1,0,4,1,2,1,1,4,1
20246,2,2,1,2,1,0,0,1,0,4,1,3,1,1,4,1
20247,2,2,1,2,1,0,0,1,0,4,2,1,1,1,4,1
20248,2,2,1,2,1,0,0,1,0,4,2,2,1,1,4,1
20249,2,2,1,2,1,0,0,1,0,4,2,3,1,1,4,1
20250,2,2,1,2,1,0,0,1,1,0,1,1,0,1,4,1
20251,2,2,1,2,1,0,0,1,1,0,1,2,0,1,4,1
20252,2,2,1,2,1,0,0,1,1,0,1,3,0,1,4,1
20253,2,2,1,2,1,0,0,1,1,0,2,1,0,1,4,1
20254,2,2,1,2,1,0,0,1,1,0,2,2,0,1,4,1
20255,2,2,1,2,1,0,0,1,1,0,2,3,0,1,4,1
20256,2,2,1,2,1,0,0,1,1,1,1,1,0,1,4,1
20257,2,2,1,2,1,0,0,1,1,1,1,2,0,1,4,1
20258,2,2,1,2,1,0,0,1,1,1,1,3,0,1,4,1
20259,2,2,1,2,1,0,0,1,1,1,2,1,0,1,4,1
20260,2,2,1,2,1,0,0,1,1,1,2,2,0,1,4,1
20261,2,2,1,2,1,0,0,1,1,1,2,3,0,1,4,1
20262,2,2,1,2,1,0,0,1,1,2,1,1,0,1,4,1
20263,2,2,1,2,1,0,0,1,1,2,1,2,0,1,4,1
20264,2,2,1,2,1,0,0,1,1,2,1,3,0,1,4,1
20265,2,2,1,2,1,0,0,1,1,2,2,1,0,1,4,1
20266,2,2,1,2,1,0,0,1,1,2,2,2,0,1,4,1
20267,2,2,1,2,1,0,0,1,1,2,2,3,0,1,4,1
20268,2,2,1,2,1,0,0,1,1,3,1,1,0,1,4,1
20269,2,2,1,2,1,0,0,1,1,3,1,2,0,1,4,1
20270,2,2,1,2,1,0,0,1,1,3,1,3,0,1,4,1
20271,2,2,1,2,1,0,0,1,1,3,2,1,0,1,4,1
20272,2,2,1,2,1,0,0,1,1,3,2,2,0,1,4,1
20273,2,2,1,2,1,0,0,1,1,3,2,3,0,1,4,1
20274,2,2,1,2,1,0,0,1,1,4,1,1,0,1,4,1
20275,2,2,1,2,1,0,0,1,1,4,1,2,0,1,4,1
20276,2,2,1,2,1,0,0,1,1,4,1,3,0,1,4,1
20277,2,2,1,2,1,0,0,1,1,4,2,1,0,1,4,1
20278,2,2,1,2,1,0,0,1,1,4,2,2,0,1,4,1
20279,2,2,1,2,1,0,0,1,1,4,2,3,0,1,4,1
20280,2,2,1,2,1,0,1,0,0,0,1,1,,0,4,0
20281,2,2,1,2,1,0,1,0,0,0,1,2,,0,4,0
20282,2,2,1,2,1,0,1,0,0,0,1,3,,0,4,0
20283,2,2,1,2,1,0,1,0,0,0,2,1,,0,4,0
20284,2,2,1,2,1,0,1,0,0,0,2,2,,0,4,0
20285,2,2,1,2,1,0,1,0,0,0,2,3,,0,4,0
20286,2,2,1,2,1,0,1,0,0,1,1,1,,0,5,0
20287,2,2,1,2,1,0,1,0,0,1,1,2,1,1,5,1
20288,2,2,1,2,1,0,1,0,0,1,1,3,1,1,5,1
20289,2,2,1,2,1,0,1,0,0,1,2,1,,0,5,0
20290,2,2,1,2,1,0,1,0,0,1,2,2,,0,5,0
20291,2,2,1,2,1,0,1,0,0,1,2,3,1,1,5,1
20292,2,2,1,2,1,0,1,0,0,2,1,1,,0,5,0
20293,2,2,1,2,1,0,1,0,0,2,1,2,1,1,6,1
20294,2,2,1,2,1,0,1,0,0,2,1,3,1,1,6,1
20295,2,2,1,2,1,0,1,0,0,2,2,1,,0,5,0
20296,2,2,1,2,1,0,1,0,0,2,2,2,,0,6,0
20297,2,2,1,2,1,0,1,0,0,2,2,3,1,1,6,1
20298,2,2,1,2,1,0,1,0,0,3,1,1,,0,5,0
20299,2,2,1,2,1,0,1,0,0,3,1,2,1,1,6,1
20300,2,2,1,2,1,0,1,0,0,3,1,3,1,1,6,1
20301,2,2,1,2,1,0,1,0,0,3,2,1,,0,5,0
20302,2,2,1,2,1,0,1,0,0,3,2,2,,0,6,0
20303,2,2,1,2,1,0,1,0,0,3,2,3,1,1,6,1
20304,2,2,1,2,1,0,1,0,0,4,1,1,,0,5,0
20305,2,2,1,2,1,0,1,0,0,4,1,2,1,1,6,1
20306,2,2,1,2,1,0,1,0,0,4,1,3,1,1,6,1
20307,2,2,1,2,1,0,1,0,0,4,2,1,,0,5,0
20308,2,2,1,2,1,0,1,0,0,4,2,2,,0,6,0
20309,2,2,1,2,1,0,1,0,0,4,2,3,1,1,6,1
20310,2,2,1,2,1,0,1,0,1,0,1,1,0,1,4,1
20311,2,2,1,2,1,0,1,0,1,0,1,2,0,1,4,1
20312,2,2,1,2,1,0,1,0,1,0,1,3,0,1,4,1
20313,2,2,1,2,1,0,1,0,1,0,2,1,0,1,4,1
20314,2,2,1,2,1,0,1,0,1,0,2,2,0,1,4,1
20315,2,2,1,2,1,0,1,0,1,0,2,3,0,1,4,1
20316,2,2,1,2,1,0,1,0,1,1,1,1,0,1,5,1
20317,2,2,1,2,1,0,1,0,1,1,1,2,0,1,5,1
20318,2,2,1,2,1,0,1,0,1,1,1,3,0,1,5,1
20319,2,2,1,2,1,0,1,0,1,1,2,1,0,1,5,1
20320,2,2,1,2,1,0,1,0,1,1,2,2,0,1,5,1
20321,2,2,1,2,1,0,1,0,1,1,2,3,0,1,5,1
20322,2,2,1,2,1,0,1,0,1,2,1,1,0,1,6,1
20323,2,2,1,2,1,0,1,0,1,2,1,2,0,1,6,1
20324,2,2,1,2,1,0,1,0,1,2,1,3,0,1,6,1
20325,2,2,1,2,1,0,1,0,1,2,2,1,0,1,6,1
20326,2,2,1,2,1,0,1,0,1,2,2,2,0,1,6,1
20327,2,2,1,2,1,0,1,0,1,2,2,3,0,1,6,1
20328,2,2,1,2,1,0,1,0,1,3,1,1,0,1,6,1
20329,2,2,1,2,1,0,1,0,1,3,1,2,0,1,6,1
20330,2,2,1,2,1,0,1,0,1,3,1,3,0,1,6,1
20331,2,2,1,2,1,0,1,0,1,3,2,1,0,1,6,1
20332,2,2,1,2,1,0,1,0,1,3,2,2,0,1,6,1
20333,2,2,1,2,1,0,1,0,1,3,2,3,0,1,6,1
20334,2,2,1,2,1,0,1,0,1,4,1,1,0,1,6,1
20335,2,2,1,2,1,0,1,0,1,4,1,2,0,1,6,1
20336,2,2,1,2,1,0,1,0,1,4,1,3,0,1,6,1
20337,2,2,1,2,1,0,1,0,1,4,2,1,0,1,6,1
20338,2,2,1,2,1,0,1,0,1,4,2,2,0,1,6,1
20339,2,2,1,2,1,0,1,0,1,4,2,3,0,1,6,1
20340,2,2,1,2,1,0,1,1,0,0,1,1,,0,4,0
20341,2,2,1,2,1,0,1,1,0,0,1,2,,0,4,0
20342,2,2,1,2,1,0,1,1,0,0,1,3,,0,4,0
20343,2,2,1,2,1,0,1,1,0,0,2,1,,0,4,0
20344,2,2,1,2,1,0,1,1,0,0,2,2,,0,4,0
20345,2,2,1,2,1,0,1,1,0,0,2,3,,0,4,0
20346,2,2,1,2,1,0,1,1,0,1,1,1,,0,5,0
20347,2,2,1,2,1,0,1,1,0,1,1,2,1,1,5,1
20348,2,2,1,2,1,0,1,1,0,1,1,3,1,1,5,1
20349,2,2,1,2,1,0,1,1,0,1,2,1,,0,5,0
20350,2,2,1,2,1,0,1,1,0,1,2,2,,0,5,0
20351,2,2,1,2,1,0,1,1,0,1,2,3,1,1,5,1
20352,2,2,1,2,1,0,1,1,0,2,1,1,,0,5,0
20353,2,2,1,2,1,0,1,1,0,2,1,2,1,1,6,1
20354,2,2,1,2,1,0,1,1,0,2,1,3,1,1,6,1
20355,2,2,1,2,1,0,1,1,0,2,2,1,,0,5,0
20356,2,2,1,2,1,0,1,1,0,2,2,2,,0,6,0
20357,2,2,1,2,1,0,1,1,0,2,2,3,1,1,6,1
20358,2,2,1,2,1,0,1,1,0,3,1,1,,0,5,0
20359,2,2,1,2,1,0,1,1,0,3,1,2,1,1,6,1
20360,2,2,1,2,1,0,1,1,0,3,1,3,1,1,6,1
20361,2,2,1,2,1,0,1,1,0,3,2,1,,0,5,0
20362,2,2,1,2,1,0,1,1,0,3,2,2,,0,6,0
20363,2,2,1,2,1,0,1,1,0,3,2,3,1,1,6,1
20364,2,2,1,2,1,0,1,1,0,4,1,1,,0,5,0
20365,2,2,1,2,1,0,1,1,0,4,1,2,1,1,6,1
20366,2,2,1,2,1,0,1,1,0,4,1,3,1,1,6,1
20367,2,2,1,2,1,0,1,1,0,4,2,1,,0,5,0
20368,2,2,1,2,1,0,1,1,0,4,2,2,,0,6,0
20369,2,2,1,2,1,0,1,1,0,4,2,3,1,1,6,1
20370,2,2,1,2,1,0,1,1,1,0,1,1,0,1,4,1
20371,2,2,1,2,1,0,1,1,1,0,1,2,0,1,4,1
20372,2,2,1,2,1,0,1,1,1,0,1,3,0,1,4,1
20373,2,2,1,2,1,0,1,1,1,0,2,1,0,1,4,1
20374,2,2,1,2,1,0,1,1,1,0,2,2,0,1,4,1
20375,2,2,1,2,1,0,1,1,1,0,2,3,0,1,4,1
20376,2,2,1,2,1,0,1,1,1,1,1,1,0,1,5,1
20377,2,2,1,2,1,0,1,1,1,1,1,2,0,1,5,1
20378,2,2,1,2,1,0,1,1,1,1,1,3,0,1,5,1
20379,2,2,1,2,1,0,1,1,1,1,2,1,0,1,5,1
20380,2,2,1,2,1,0,1,1,1,1,2,2,0,1,5,1
20381,2,2,1,2,1,0,1,1,1,1,2,3,0,1,5,1
20382,2,2,1,2,1,0,1,1,1,2,1,1,0,1,6,1
20383,2,2,1,2,1,0,1,1,1,2,1,2,0,1,6,1
20384,2,2,1,2,1,0,1,1,1,2,1,3,0,1,6,1
20385,2,2,1,2,1,0,1,1,1,2,2,1,0,1,6,1
20386,2,2,1,2,1,0,1,1,1,2,2,2,0,1,6,1
20387,2,2,1,2,1,0,1,1,1,2,2,3,0,1,6,1
20388,2,2,1,2,1,0,1,1,1,3,1,1,0,1,6,1
20389,2,2,1,2,1,0,1,1,1,3,1,2,0,1,6,1
20390,2,2,1,2,1,0,1,1,1,3,1,3,0,1,6,1
20391,2,2,1,2,1,0,1,1,1,3,2,1,0,1,6,1
20392,2,2,1,2,1,0,1,1,1,3,2,2,0,1,6,1
20393,2,2,1,2,1,0,1,1,1,3,2,3,0,1,6,1
20394,2,2,1,2,1,0,1,1,1,4,1,1,0,1,6,1
20395,2,2,1,2,1,0,1,1,1,4,1,2,0,1,6,1
20396,2,2,1,2,1,0,1,1,1,4,1,3,0,1,6,1
20397,2,2,1,2,1,0,1,1,1,4,2,1,0,1,6,1
20398,2,2,1,2,1,0,1,1,1,4,2,2,0,1,6,1
20399,2,2,1,2,1,0,1,1,1,4,2,3,0,1,6,1
20400,2,2,1,2,1,1,0,0,0,0,1,1,,0,4,0
20401,2,2,1,2,1,1,0,0,0,0,1,2,,0,4,0
20402,2,2,1,2,1,1,0,0,0,0,1,3,,0,4,0
20403,2,2,1,2,1,1,0,0,0,0,2,1,,0,4,0
20404,2,2,1,2,1,1,0,0,0,0,2,2,,0,4,0
20405,2,2,1,2,1,1,0,0,0,0,2,3,,0,4,0
20406,2,2,1,2,1,1,0,0,0,1,1,1,1,1,4,1
20407,2,2,1,2,1,1,0,0,0,1,1,2,1,1,4,1
20408,2,2,1,2,1,1,0,0,0,1,1,3,1,1,4,1
20409,2,2,1,2,1,1,0,0,0,1,2,1,1,1,4,1
20410,2,2,1,2,1,1,0,0,0,1,2,2,1,1,4,1
20411,2,2,1,2,1,1,0,0,0,1,2,3,1,1,4,1
20412,2,2,1,2,1,1,0,0,0,2,1,1,1,1,4,1
20413,2,2,1,2,1,1,0,0,0,2,1,2,1,1,5,1
20414,2,2,1,2,1,1,0,0,0,2,1,3,1,1,5,1
20415,2,2,1,2,1,1,0,0,0,2,2,1,1,1,4,1
20416,2,2,1,2,1,1,0,0,0,2,2,2,1,1,5,1
20417,2,2,1,2,1,1,0,0,0,2,2,3,1,1,5,1
20418,2,2,1,2,1,1,0,0,0,3,1,1,1,1,4,1
20419,2,2,1,2,1,1,0,0,0,3,1,2,1,1,5,1
20420,2,2,1,2,1,1,0,0,0,3,1,3,1,1,5,1
20421,2,2,1,2,1,1,0,0,0,3,2,1,1,1,4,1
20422,2,2,1,2,1,1,0,0,0,3,2,2,1,1,5,1
20423,2,2,1,2,1,1,0,0,0,3,2,3,1,1,5,1
20424,2,2,1,2,1,1,0,0,0,4,1,1,1,1,4,1
20425,2,2,1,2,1,1,0,0,0,4,1,2,1,1,5,1
20426,2,2,1,2,1,1,0,0,0,4,1,3,1,1,5,1
20427,2,2,1,2,1,1,0,0,0,4,2,1,1,1,4,1
20428,2,2,1,2,1,1,0,0,0,4,2,2,1,1,5,1
20429,2,2,1,2,1,1,0,0,0,4,2,3,1,1,5,1
20430,2,2,1,2,1,1,0,0,1,0,1,1,0,1,4,1
20431,2,2,1,2,1,1,0,0,1,0,1,2,0,1,4,1
20432,2,2,1,2,1,1,0,0,1,0,1,3,0,1,4,1
20433,2,2,1,2,1,1,0,0,1,0,2,1,0,1,4,1
20434,2,2,1,2,1,1,0,0,1,0,2,2,0,1,4,1
20435,2,2,1,2,1,1,0,0,1,0,2,3,0,1,4,1
20436,2,2,1,2,1,1,0,0,1,1,1,1,0,1,4,1
20437,2,2,1,2,1,1,0,0,1,1,1,2,0,1,4,1
20438,2,2,1,2,1,1,0,0,1,1,1,3,0,1,4,1
20439,2,2,1,2,1,1,0,0,1,1,2,1,0,1,4,1
20440,2,2,1,2,1,1,0,0,1,1,2,2,0,1,4,1
20441,2,2,1,2,1,1,0,0,1,1,2,3,0,1,4,1
20442,2,2,1,2,1,1,0,0,1,2,1,1,0,1,5,1
20443,2,2,1,2,1,1,0,0,1,2,1,2,0,1,5,1
20444,2,2,1,2,1,1,0,0,1,2,1,3,0,1,5,1
20445,2,2,1,2,1,1,0,0,1,2,2,1,0,1,5,1
20446,2,2,1,2,1,1,0,0,1,2,2,2,0,1,5,1
20447,2,2,1,2,1,1,0,0,1,2,2,3,0,1,5,1
20448,2,2,1,2,1,1,0,0,1,3,1,1,0,1,5,1
20449,2,2,1,2,1,1,0,0,1,3,1,2,0,1,5,1
20450,2,2,1,2,1,1,0,0,1,3,1,3,0,1,5,1
20451,2,2,1,2,1,1,0,0,1,3,2,1,0,1,5,1
20452,2,2,1,2,1,1,0,0,1,3,2,2,0,1,5,1
20453,2,2,1,2,1,1,0,0,1,3,2,3,0,1,5,1
20454,2,2,1,2,1,1,0,0,1,4,1,1,0,1,5,1
20455,2,2,1,2,1,1,0,0,1,4,1,2,0,1,5,1
20456,2,2,1,2,1,1,0,0,1,4,1,3,0,1,5,1
20457,2,2,1,2,1,1,0,0,1,4,2,1,0,1,5,1
20458,2,2,1,2,1,1,0,0,1,4,2,2,0,1,5,1
20459,2,2,1,2,1,1,0,0,1,4,2,3,0,1,5,1
20460,2,2,1,2,1,1,0,1,0,0,1,1,,0,4,0
20461,2,2,1,2,1,1,0,1,0,0,1,2,,0,4,0
20462,2,2,1,2,1,1,0,1,0,0,1,3,,0,4,0
20463,2,2,1,2,1,1,0,1,0,0,2,1,,0,4,0
20464,2,2,1,2,1,1,0,1,0,0,2,2,,0,4,0
20465,2,2,1,2,1,1,0,1,0,0,2,3,,0,4,0
20466,2,2,1,2,1,1,0,1,0,1,1,1,1,1,4,1
20467,2,2,1,2,1,1,0,1,0,1,1,2,1,1,4,1
20468,2,2,1,2,1,1,0,1,0,1,1,3,1,1,4,1
20469,2,2,1,2,1,1,0,1,0,1,2,1,1,1,4,1
20470,2,2,1,2,1,1,0,1,0,1,2,2,1,1,4,1
20471,2,2,1,2,1,1,0,1,0,1,2,3,1,1,4,1
20472,2,2,1,2,1,1,0,1,0,2,1,1,1,1,4,1
20473,2,2,1,2,1,1,0,1,0,2,1,2,1,1,5,1
20474,2,2,1,2,1,1,0,1,0,2,1,3,1,1,5,1
20475,2,2,1,2,1,1,0,1,0,2,2,1,1,1,4,1
20476,2,2,1,2,1,1,0,1,0,2,2,2,1,1,5,1
20477,2,2,1,2,1,1,0,1,0,2,2,3,1,1,5,1
20478,2,2,1,2,1,1,0,1,0,3,1,1,1,1,4,1
20479,2,2,1,2,1,1,0,1,0,3,1,2,1,1,5,1
20480,2,2,1,2,1,1,0,1,0,3,1,3,1,1,5,1
20481,2,2,1,2,1,1,0,1,0,3,2,1,1,1,4,1
20482,2,2,1,2,1,1,0,1,0,3,2,2,1,1,5,1
20483,2,2,1,2,1,1,0,1,0,3,2,3,1,1,5,1
20484,2,2,1,2,1,1,0,1,0,4,1,1,1,1,4,1
20485,2,2,1,2,1,1,0,1,0,4,1,2,1,1,5,1
20486,2,2,1,2,1,1,0,1,0,4,1,3,1,1,5,1
20487,2,2,1,2,1,1,0,1,0,4,2,1,1,1,4,1
20488,2,2,1,2,1,1,0,1,0,4,2,2,1,1,5,1
20489,2,2,1,2,1,1,0,1,0,4,2,3,1,1,5,1
20490,2,2,1,2,1,1,0,1,1,0,1,1,0,1,4,1
20491,2,2,1,2,1,1,0,1,1,0,1,2,0,1,4,1
20492,2,2,1,2,1,1,0,1,1,0,1,3,0,1,4,1
20493,2,2,1,2,1,1,0,1,1,0,2,1,0,1,4,1
20494,2,2,1,2,1,1,0,1,1,0,2,2,0,1,4,1
20495,2,2,1,2,1,1,0,1,1,0,2,3,0,1,4,1
20496,2,2,1,2,1,1,0,1,1,1,1,1,0,1,4,1
20497,2,2,1,2,1,1,0,1,1,1,1,2,0,1,4,1
20498,2,2,1,2,1,1,0,1,1,1,1,3,0,1,4,1
20499,2,2,1,2,1,1,0,1,1,1,2,1,0,1,4,1
20500,2,2,1,2,1,1,0,1,1,1,2,2,0,1,4,1
20501,2,2,1,2,1,1,0,1,1,1,2,3,0,1,4,1
20502,2,2,1,2,1,1,0,1,1,2,1,1,0,1,5,1
20503,2,2,1,2,1,1,0,1,1,2,1,2,0,1,5,1
20504,2,2,1,2,1,1,0,1,1,2,1,3,0,1,5,1
20505,2,2,1,2,1,1,0,1,1,2,2,1,0,1,5,1
20506,2,2,1,2,1,1,0,1,1,2,2,2,0,1,5,1
20507,2,2,1,2,1,1,0,1,1,2,2,3,0,1,5,1
20508,2,2,1,2,1,1,0,1,1,3,1,1,0,1,5,1
20509,2,2,1,2,1,1,0,1,1,3,1,2,0,1,5,1
20510,2,2,1,2,1,1,0,1,1,3,1,3,0,1,5,1
20511,2,2,1,2,1,1,0,1,1,3,2,1,0,1,5,1
20512,2,2,1,2,1,1,0,1,1,3,2,2,0,1,5,1
20513,2,2,1,2,1,1,0,1,1,3,2,3,0,1,5,1
20514,2,2,1,2,1,1,0,1,1,4,1,1,0,1,5,1
20515,2,2,1,2,1,1,0,1,1,4,1,2,0,1,5,1
20516,2,2,1,2,1,1,0,1,1,4,1,3,0,1,5,1
20517,2,2,1,2,1,1,0,1,1,4,2,1,0,1,5,1
20518,2,2,1,2,1,1,0,1,1,4,2,2,0,1,5,1
20519,2,2,1,2,1,1,0,1,1,4,2,3,0,1,5,1
20520,2,2,1,2,1,1,1,0,0,0,1,1,,0,4,0
20521,2,2,1,2,1,1,1,0,0,0,1,2,,0,4,0
20522,2,2,1,2,1,1,1,0,0,0,1,3,,0,4,0
20523,2,2,1,2,1,1,1,0,0,0,2,1,,0,4,0
20524,2,2,1,2,1,1,1,0,0,0,2,2,,0,4,0
20525,2,2,1,2,1,1,1,0,0,0,2,3,,0,4,0
20526,2,2,1,2,1,1,1,0,0,1,1,1,,0,5,0
20527,2,2,1,2,1,1,1,0,0,1,1,2,1,1,5,1
20528,2,2,1,2,1,1,1,0,0,1,1,3,1,1,5,1
20529,2,2,1,2,1,1,1,0,0,1,2,1,,0,5,0
20530,2,2,1,2,1,1,1,0,0,1,2,2,,0,5,0
20531,2,2,1,2,1,1,1,0,0,1,2,3,1,1,5,1
20532,2,2,1,2,1,1,1,0,0,2,1,1,,0,5,0
20533,2,2,1,2,1,1,1,0,0,2,1,2,1,1,6,1
20534,2,2,1,2,1,1,1,0,0,2,1,3,1,1,7,1
20535,2,2,1,2,1,1,1,0,0,2,2,1,,0,5,0
20536,2,2,1,2,1,1,1,0,0,2,2,2,,0,6,0
20537,2,2,1,2,1,1,1,0,0,2,2,3,1,1,6,1
20538,2,2,1,2,1,1,1,0,0,3,1,1,,0,5,0
20539,2,2,1,2,1,1,1,0,0,3,1,2,1,1,6,1
20540,2,2,1,2,1,1,1,0,0,3,1,3,1,1,7,1
20541,2,2,1,2,1,1,1,0,0,3,2,1,,0,5,0
20542,2,2,1,2,1,1,1,0,0,3,2,2,,0,6,0
20543,2,2,1,2,1,1,1,0,0,3,2,3,1,1,6,1
20544,2,2,1,2,1,1,1,0,0,4,1,1,,0,5,0
20545,2,2,1,2,1,1,1,0,0,4,1,2,1,1,6,1
20546,2,2,1,2,1,1,1,0,0,4,1,3,1,1,7,1
20547,2,2,1,2,1,1,1,0,0,4,2,1,,0,5,0
20548,2,2,1,2,1,1,1,0,0,4,2,2,,0,6,0
20549,2,2,1,2,1,1,1,0,0,4,2,3,1,1,6,1
20550,2,2,1,2,1,1,1,0,1,0,1,1,0,1,4,1
20551,2,2,1,2,1,1,1,0,1,0,1,2,0,1,4,1
20552,2,2,1,2,1,1,1,0,1,0,1,3,0,1,4,1
20553,2,2,1,2,1,1,1,0,1,0,2,1,0,1,4,1
20554,2,2,1,2,1,1,1,0,1,0,2,2,0,1,4,1
20555,2,2,1,2,1,1,1,0,1,0,2,3,0,1,4,1
20556,2,2,1,2,1,1,1,0,1,1,1,1,0,1,5,1
20557,2,2,1,2,1,1,1,0,1,1,1,2,0,1,5,1
20558,2,2,1,2,1,1,1,0,1,1,1,3,0,1,5,1
20559,2,2,1,2,1,1,1,0,1,1,2,1,0,1,5,1
20560,2,2,1,2,1,1,1,0,1,1,2,2,0,1,5,1
20561,2,2,1,2,1,1,1,0,1,1,2,3,0,1,5,1
20562,2,2,1,2,1,1,1,0,1,2,1,1,0,1,7,1
20563,2,2,1,2,1,1,1,0,1,2,1,2,0,1,7,1
20564,2,2,1,2,1,1,1,0,1,2,1,3,0,1,7,1
20565,2,2,1,2,1,1,1,0,1,2,2,1,0,1,7,1
20566,2,2,1,2,1,1,1,0,1,2,2,2,0,1,7,1
20567,2,2,1,2,1,1,1,0,1,2,2,3,0,1,7,1
20568,2,2,1,2,1,1,1,0,1,3,1,1,0,1,7,1
20569,2,2,1,2,1,1,1,0,1,3,1,2,0,1,7,1
20570,2,2,1,2,1,1,1,0,1,3,1,3,0,1,7,1
20571,2,2,1,2,1,1,1,0,1,3,2,1,0,1,7,1
20572,2,2,1,2,1,1,1,0,1,3,2,2,0,1,7,1
20573,2,2,1,2,1,1,1,0,1,3,2,3,0,1,7,1
20574,2,2,1,2,1,1,1,0,1,4,1,1,0,1,7,1
20575,2,2,1,2,1,1,1,0,1,4,1,2,0,1,7,1
20576,2,2,1,2,1,1,1,0,1,4,1,3,0,1,7,1
20577,2,2,1,2,1,1,1,0,1,4,2,1,0,1,7,1
20578,2,2,1,2,1,1,1,0,1,4,2,2,0,1,7,1
20579,2,2,1,2,1,1,1,0,1,4,2,3,0,1,7,1
20580,2,2,1,2,1,1,1,1,0,0,1,1,,0,4,0
20581,2,2,1,2,1,1,1,1,0,0,1,2,,0,4,0
20582,2,2,1,2,1,1,1,1,0,0,1,3,,0,4,0
20583,2,2,1,2,1,1,1,1,0,0,2,1,,0,4,0
20584,2,2,1,2,1,1,1,1,0,0,2,2,,0,4,0
20585,2,2,1,2,1,1,1,1,0,0,2,3,,0,4,0
20586,2,2,1,2,1,1,1,1,0,1,1,1,,0,5,0
20587,2,2,1,2,1,1,1,1,0,1,1,2,1,1,5,1
20588,2,2,1,2,1,1,1,1,0,1,1,3,1,1,5,1
20589,2,2,1,2,1,1,1,1,0,1,2,1,,0,5,0
20590,2,2,1,2,1,1,1,1,0,1,2,2,,0,5,0
20591,2,2,1,2,1,1,1,1,0,1,2,3,1,1,5,1
20592,2,2,1,2,1,1,1,1,0,2,1,1,,0,5,0
20593,2,2,1,2,1,1,1,1,0,2,1,2,1,1,6,1
20594,2,2,1,2,1,1,1,1,0,2,1,3,1,1,8,1
20595,2,2,1,2,1,1,1,1,0,2,2,1,,0,5,0
20596,2,2,1,2,1,1,1,1,0,2,2,2,,0,6,0
20597,2,2,1,2,1,1,1,1,0,2,2,3,1,1,6,1
20598,2,2,1,2,1,1,1,1,0,3,1,1,,0,5,0
20599,2,2,1,2,1,1,1,1,0,3,1,2,1,1,6,1
20600,2,2,1,2,1,1,1,1,0,3,1,3,1,1,8,1
20601,2,2,1,2,1,1,1,1,0,3,2,1,,0,5,0
20602,2,2,1,2,1,1,1,1,0,3,2,2,,0,6,0
20603,2,2,1,2,1,1,1,1,0,3,2,3,1,1,6,1
20604,2,2,1,2,1,1,1,1,0,4,1,1,,0,5,0
20605,2,2,1,2,1,1,1,1,0,4,1,2,1,1,6,1
20606,2,2,1,2,1,1,1,1,0,4,1,3,1,1,8,1
20607,2,2,1,2,1,1,1,1,0,4,2,1,,0,5,0
20608,2,2,1,2,1,1,1,1,0,4,2,2,,0,6,0
20609,2,2,1,2,1,1,1,1,0,4,2,3,1,1,6,1
20610,2,2,1,2,1,1,1,1,1,0,1,1,0,1,4,1
20611,2,2,1,2,1,1,1,1,1,0,1,2,0,1,4,1
20612,2,2,1,2,1,1,1,1,1,0,1,3,0,1,4,1
20613,2,2,1,2,1,1,1,1,1,0,2,1,0,1,4,1
20614,2,2,1,2,1,1,1,1,1,0,2,2,0,1,4,1
20615,2,2,1,2,1,1,1,1,1,0,2,3,0,1,4,1
20616,2,2,1,2,1,1,1,1,1,1,1,1,0,1,5,1
20617,2,2,1,2,1,1,1,1,1,1,1,2,0,1,5,1
20618,2,2,1,2,1,1,1,1,1,1,1,3,0,1,5,1
20619,2,2,1,2,1,1,1,1,1,1,2,1,0,1,5,1
20620,2,2,1,2,1,1,1,1,1,1,2,2,0,1,5,1
20621,2,2,1,2,1,1,1,1,1,1,2,3,0,1,5,1
20622,2,2,1,2,1,1,1,1,1,2,1,1,0,1,8,1
20623,2,2,1,2,1,1,1,1,1,2,1,2,0,1,8,1
20624,2,2,1,2,1,1,1,1,1,2,1,3,0,1,8,1
20625,2,2,1,2,1,1,1,1,1,2,2,1,0,1,8,1
20626,2,2,1,2,1,1,1,1,1,2,2,2,0,1,8,1
20627,2,2,1,2,1,1,1,1,1,2,2,3,0,1,8,1
20628,2,2,1,2,1,1,1,1,1,3,1,1,0,1,8,1
20629,2,2,1,2,1,1,1,1,1,3,1,2,0,1,8,1
20630,2,2,1,2,1,1,1,1,1,3,1,3,0,1,8,1
20631,2,2,1,2,1,1,1,1,1,3,2,1,0,1,8,1
20632,2,2,1,2,1,1,1,1,1,3,2,2,0,1,8,1
20633,2,2,1,2,1,1,1,1,1,3,2,3,0,1,8,1
20634,2,2,1,2,1,1,1,1,1,4,1,1,0,1,8,1
20635,2,2,1,2,1,1,1,1,1,4,1,2,0,1,8,1
20636,2,2,1,2,1,1,1,1,1,4,1,3,0,1,8,1
20637,2,2,1,2,1,1,1,1,1,4,2,1,0,1,8,1
20638,2,2,1,2,1,1,1,1,1,4,2,2,0,1,8,1
20639,2,2,1,2,1,1,1,1,1,4,2,3,0,1,8,1
20640,2,2,1,2,2,0,0,0,0,0,1,1,,0,4,0
20641,2,2,1,2,2,0,0,0,0,0,1,2,,0,4,0
20642,2,2,1,2,2,0,0,0,0,0,1,3,,0,4,0
20643,2,2,1,2,2,0,0,0,0,0,2,1,,0,4,0
20644,2,2,1,2,2,0,0,0,0,0,2,2,,0,4,0
20645,2,2,1,2,2,0,0,0,0,0,2,3,,0,4,0
20646,2,2,1,2,2,0,0,0,0,1,1,1,,0,4,0
20647,2,2,1,2,2,0,0,0,0,1,1,2,1,1,4,1
20648,2,2,1,2,2,0,0,0,0,1,1,3,1,1,4,1
20649,2,2,1,2,2,0,0,0,0,1,2,1,,0,4,0
20650,2,2,1,2,2,0,0,0,0,1,2,2,1,1,4,1
20651,2,2,1,2,2,0,0,0,0,1,2,3,1,1,4,1
20652,2,2,1,2,2,0,0,0,0,2,1,1,,0,4,0
20653,2,2,1,2,2,0,0,0,0,2,1,2,1,1,4,1
20654,2,2,1,2,2,0,0,0,0,2,1,3,1,1,4,1
20655,2,2,1,2,2,0,0,0,0,2,2,1,,0,4,0
20656,2,2,1,2,2,0,0,0,0,2,2,2,1,1,4,1
20657,2,2,1,2,2,0,0,0,0,2,2,3,1,1,4,1
20658,2,2,1,2,2,0,0,0,0,3,1,1,,0,4,0
20659,2,2,1,2,2,0,0,0,0,3,1,2,1,1,4,1
20660,2,2,1,2,2,0,0,0,0,3,1,3,1,1,4,1
20661,2,2,1,2,2,0,0,0,0,3,2,1,,0,4,0
20662,2,2,1,2,2,0,0,0,0,3,2,2,1,1,4,1
20663,2,2,1,2,2,0,0,0,0,3,2,3,1,1,4,1
20664,2,2,1,2,2,0,0,0,0,4,1,1,,0,4,0
20665,2,2,1,2,2,0,0,0,0,4,1,2,1,1,4,1
20666,2,2,1,2,2,0,0,0,0,4,1,3,1,1,4,1
20667,2,2,1,2,2,0,0,0,0,4,2,1,,0,4,0
20668,2,2,1,2,2,0,0,0,0,4,2,2,1,1,4,1
20669,2,2,1,2,2,0,0,0,0,4,2,3,1,1,4,1
20670,2,2,1,2,2,0,0,0,1,0,1,1,0,1,4,1
20671,2,2,1,2,2,0,0,0,1,0,1,2,0,1,4,1
20672,2,2,1,2,2,0,0,0,1,0,1,3,0,1,4,1
20673,2,2,1,2,2,0,0,0,1,0,2,1,0,1,4,1
20674,2,2,1,2,2,0,0,0,1,0,2,2,0,1,4,1
20675,2,2,1,2,2,0,0,0,1,0,2,3,0,1,4,1
20676,2,2,1,2,2,0,0,0,1,1,1,1,0,1,4,1
20677,2,2,1,2,2,0,0,0,1,1,1,2,0,1,4,1
20678,2,2,1,2,2,0,0,0,1,1,1,3,0,1,4,1
20679,2,2,1,2,2,0,0,0,1,1,2,1,0,1,4,1
20680,2,2,1,2,2,0,0,0,1,1,2,2,0,1,4,1
20681,2,2,1,2,2,0,0,0,1,1,2,3,0,1,4,1
20682,2,2,1,2,2,0,0,0,1,2,1,1,0,1,4,1
20683,2,2,1,2,2,0,0,0,1,2,1,2,0,1,4,1
20684,2,2,1,2,2,0,0,0,1,2,1,3,0,1,4,1
20685,2,2,1,2,2,0,0,0,1,2,2,1,0,1,4,1
20686,2,2,1,2,2,0,0,0,1,2,2,2,0,1,4,1
20687,2,2,1,2,2,0,0,0,1,2,2,3,0,1,4,1
20688,2,2,1,2,2,0,0,0,1,3,1,1,0,1,4,1
20689,2,2,1,2,2,0,0,0,1,3,1,2,0,1,4,1
20690,2,2,1,2,2,0,0,0,1,3,1,3,0,1,4,1
20691,2,2,1,2,2,0,0,0,1,3,2,1,0,1,4,1
20692,2,2,1,2,2,0,0,0,1,3,2,2,0,1,4,1
20693,2,2,1,2,2,0,0,0,1,3,2,3,0,1,4,1
20694,2,2,1,2,2,0,0,0,1,4,1,1,0,1,4,1
20695,2,2,1,2,2,0,0,0,1,4,1,2,0,1,4,1
20696,2,2,1,2,2,0,0,0,1,4,1,3,0,1,4,1
20697,2,2,1,2,2,0,0,0,1,4,2,1,0,1,4,1
20698,2,2,1,2,2,0,0,0,1,4,2,2,0,1,4,1
20699,2,2,1,2,2,0,0,0,1,4,2,3,0,1,4,1
20700,2,2,1,2,2,0,0,1,0,0,1,1,,0,4,0
20701,2,2,1,2,2,0,0,1,0,0,1,2,,0,4,0
20702,2,2,1,2,2,0,0,1,0,0,1,3,,0,4,0
20703,2,2,1,2,2,0,0,1,0,0,2,1,,0,4,0
20704,2,2,1,2,2,0,0,1,0,0,2,2,,0,4,0
20705,2,2,1,2,2,0,0,1,0,0,2,3,,0,4,0
20706,2,2,1,2,2,0,0,1,0,1,1,1,,0,4,0
20707,2,2,1,2,2,0,0,1,0,1,1,2,1,1,4,1
20708,2,2,1,2,2,0,0,1,0,1,1,3,1,1,4,1
20709,2,2,1,2,2,0,0,1,0,1,2,1,,0,4,0
20710,2,2,1,2,2,0,0,1,0,1,2,2,1,1,4,1
20711,2,2,1,2,2,0,0,1,0,1,2,3,1,1,4,1
20712,2,2,1,2,2,0,0,1,0,2,1,1,,0,4,0
20713,2,2,1,2,2,0,0,1,0,2,1,2,1,1,4,1
20714,2,2,1,2,2,0,0,1,0,2,1,3,1,1,4,1
20715,2,2,1,2,2,0,0,1,0,2,2,1,,0,4,0
20716,2,2,1,2,2,0,0,1,0,2,2,2,1,1,4,1
20717,2,2,1,2,2,0,0,1,0,2,2,3,1,1,4,1
20718,2,2,1,2,2,0,0,1,0,3,1,1,,0,4,0
20719,2,2,1,2,2,0,0,1,0,3,1,2,1,1,4,1
20720,2,2,1,2,2,0,0,1,0,3,1,3,1,1,4,1
20721,2,2,1,2,2,0,0,1,0,3,2,1,,0,4,0
20722,2,2,1,2,2,0,0,1,0,3,2,2,1,1,4,1
20723,2,2,1,2,2,0,0,1,0,3,2,3,1,1,4,1
20724,2,2,1,2,2,0,0,1,0,4,1,1,,0,4,0
20725,2,2,1,2,2,0,0,1,0,4,1,2,1,1,4,1
20726,2,2,1,2,2,0,0,1,0,4,1,3,1,1,4,1
20727,2,2,1,2,2,0,0,1,0,4,2,1,,0,4,0
20728,2,2,1,2,2,0,0,1,0,4,2,2,1,1,4,1
20729,2,2,1,2,2,0,0,1,0,4,2,3,1,1,4,1
20730,2,2,1,2,2,0,0,1,1,0,1,1,0,1,4,1
20731,2,2,1,2,2,0,0,1,1,0,1,2,0,1,4,1
20732,2,2,1,2,2,0,0,1,1,0,1,3,0,1,4,1
20733,2,2,1,2,2,0,0,1,1,0,2,1,0,1,4,1
20734,2,2,1,2,2,0,0,1,1,0,2,2,0,1,4,1
20735,2,2,1,2,2,0,0,1,1,0,2,3,0,1,4,1
20736,2,2,1,2,2,0,0,1,1,1,1,1,0,1,4,1
20737,2,2,1,2,2,0,0,1,1,1,1,2,0,1,4,1
20738,2,2,1,2,2,0,0,1,1,1,1,3,0,1,4,1
20739,2,2,1,2,2,0,0,1,1,1,2,1,0,1,4,1
20740,2,2,1,2,2,0,0,1,1,1,2,2,0,1,4,1
20741,2,2,1,2,2,0,0,1,1,1,2,3,0,1,4,1
20742,2,2,1,2,2,0,0,1,1,2,1,1,0,1,4,1
20743,2,2,1,2,2,0,0,1,1,2,1,2,0,1,4,1
20744,2,2,1,2,2,0,0,1,1,2,1,3,0,1,4,1
20745,2,2,1,2,2,0,0,1,1,2,2,1,0,1,4,1
20746,2,2,1,2,2,0,0,1,1,2,2,2,0,1,4,1
20747,2,2,1,2,2,0,0,1,1,2,2,3,0,1,4,1
20748,2,2,1,2,2,0,0,1,1,3,1,1,0,1,4,1
20749,2,2,1,2,2,0,0,1,1,3,1,2,0,1,4,1
20750,2,2,1,2,2,0,0,1,1,3,1,3,0,1,4,1
20751,2,2,1,2,2,0,0,1,1,3,2,1,0,1,4,1
20752,2,2,1,2,2,0,0,1,1,3,2,2,0,1,4,1
20753,2,2,1,2,2,0,0,1,1,3,2,3,0,1,4,1
20754,2,2,1,2,2,0,0,1,1,4,1,1,0,1,4,1
20755,2,2,1,2,2,0,0,1,1,4,1,2,0,1,4,1
20756,2,2,1,2,2,0,0,1,1,4,1,3,0,1,4,1
20757,2,2,1,2,2,0,0,1,1,4,2,1,0,1,4,1
20758,2,2,1,2,2,0,0,1,1,4,2,2,0,1,4,1
20759,2,2,1,2,2,0,0,1,1,4,2,3,0,1,4,1
20760,2,2,1,2,2,0,1,0,0,0,1,1,,0,4,0
20761,2,2,1,2,2,0,1,0,0,0,1,2,,0,4,0
20762,2,2,1,2,2,0,1,0,0,0,1,3,,0,4,0
20763,2,2,1,2,2,0,1,0,0,0,2,1,,0,4,0
20764,2,2,1,2,2,0,1,0,0,0,2,2,,0,4,0
20765,2,2,1,2,2,0,1,0,0,0,2,3,,0,4,0
20766,2,2,1,2,2,0,1,0,0,1,1,1,,0,4,0
20767,2,2,1,2,2,0,1,0,0,1,1,2,,0,5,0
20768,2,2,1,2,2,0,1,0,0,1,1,3,1,1,5,1
20769,2,2,1,2,2,0,1,0,0,1,2,1,,0,4,0
20770,2,2,1,2,2,0,1,0,0,1,2,2,,0,5,0
20771,2,2,1,2,2,0,1,0,0,1,2,3,,0,5,0
20772,2,2,1,2,2,0,1,0,0,2,1,1,,0,4,0
20773,2,2,1,2,2,0,1,0,0,2,1,2,,0,6,0
20774,2,2,1,2,2,0,1,0,0,2,1,3,1,1,6,1
20775,2,2,1,2,2,0,1,0,0,2,2,1,,0,4,0
20776,2,2,1,2,2,0,1,0,0,2,2,2,,0,6,0
20777,2,2,1,2,2,0,1,0,0,2,2,3,,0,6,0
20778,2,2,1,2,2,0,1,0,0,3,1,1,,0,4,0
20779,2,2,1,2,2,0,1,0,0,3,1,2,,0,6,0
20780,2,2,1,2,2,0,1,0,0,3,1,3,1,1,6,1
20781,2,2,1,2,2,0,1,0,0,3,2,1,,0,4,0
20782,2,2,1,2,2,0,1,0,0,3,2,2,,0,6,0
20783,2,2,1,2,2,0,1,0,0,3,2,3,,0,6,0
20784,2,2,1,2,2,0,1,0,0,4,1,1,,0,4,0
20785,2,2,1,2,2,0,1,0,0,4,1,2,,0,6,0
20786,2,2,1,2,2,0,1,0,0,4,1,3,1,1,6,1
20787,2,2,1,2,2,0,1,0,0,4,2,1,,0,4,0
20788,2,2,1,2,2,0,1,0,0,4,2,2,,0,6,0
20789,2,2,1,2,2,0,1,0,0,4,2,3,,0,6,0
20790,2,2,1,2,2,0,1,0,1,0,1,1,0,1,4,1
20791,2,2,1,2,2,0,1,0,1,0,1,2,0,1,4,1
20792,2,2,1,2,2,0,1,0,1,0,1,3,0,1,4,1
20793,2,2,1,2,2,0,1,0,1,0,2,1,0,1,4,1
20794,2,2,1,2,2,0,1,0,1,0,2,2,0,1,4,1
20795,2,2,1,2,2,0,1,0,1,0,2,3,0,1,4,1
20796,2,2,1,2,2,0,1,0,1,1,1,1,0,1,5,1
20797,2,2,1,2,2,0,1,0,1,1,1,2,0,1,5,1
20798,2,2,1,2,2,0,1,0,1,1,1,3,0,1,5,1
20799,2,2,1,2,2,0,1,0,1,1,2,1,0,1,5,1
20800,2,2,1,2,2,0,1,0,1,1,2,2,0,1,5,1
20801,2,2,1,2,2,0,1,0,1,1,2,3,0,1,5,1
20802,2,2,1,2,2,0,1,0,1,2,1,1,0,1,6,1
20803,2,2,1,2,2,0,1,0,1,2,1,2,0,1,6,1
20804,2,2,1,2,2,0,1,0,1,2,1,3,0,1,6,1
20805,2,2,1,2,2,0,1,0,1,2,2,1,0,1,6,1
20806,2,2,1,2,2,0,1,0,1,2,2,2,0,1,6,1
20807,2,2,1,2,2,0,1,0,1,2,2,3,0,1,6,1
20808,2,2,1,2,2,0,1,0,1,3,1,1,0,1,6,1
20809,2,2,1,2,2,0,1,0,1,3,1,2,0,1,6,1
20810,2,2,1,2,2,0,1,0,1,3,1,3,0,1,6,1
20811,2,2,1,2,2,0,1,0,1,3,2,1,0,1,6,1
20812,2,2,1,2,2,0,1,0,1,3,2,2,0,1,6,1
20813,2,2,1,2,2,0,1,0,1,3,2,3,0,1,6,1
20814,2,2,1,2,2,0,1,0,1,4,1,1,0,1,6,1
20815,2,2,1,2,2,0,1,0,1,4,1,2,0,1,6,1
20816,2,2,1,2,2,0,1,0,1,4,1,3,0,1,6,1
20817,2,2,1,2,2,0,1,0,1,4,2,1,0,1,6,1
20818,2,2,1,2,2,0,1,0,1,4,2,2,0,1,6,1
20819,2,2,1,2,2,0,1,0,1,4,2,3,0,1,6,1
20820,2,2,1,2,2,0,1,1,0,0,1,1,,0,4,0
20821,2,2,1,2,2,0,1,1,0,0,1,2,,0,4,0
20822,2,2,1,2,2,0,1,1,0,0,1,3,,0,4,0
20823,2,2,1,2,2,0,1,1,0,0,2,1,,0,4,0
20824,2,2,1,2,2,0,1,1,0,0,2,2,,0,4,0
20825,2,2,1,2,2,0,1,1,0,0,2,3,,0,4,0
20826,2,2,1,2,2,0,1,1,0,1,1,1,,0,4,0
20827,2,2,1,2,2,0,1,1,0,1,1,2,,0,5,0
20828,2,2,1,2,2,0,1,1,0,1,1,3,1,1,5,1
20829,2,2,1,2,2,0,1,1,0,1,2,1,,0,4,0
20830,2,2,1,2,2,0,1,1,0,1,2,2,,0,5,0
20831,2,2,1,2,2,0,1,1,0,1,2,3,,0,5,0
20832,2,2,1,2,2,0,1,1,0,2,1,1,,0,4,0
20833,2,2,1,2,2,0,1,1,0,2,1,2,,0,6,0
20834,2,2,1,2,2,0,1,1,0,2,1,3,1,1,6,1
20835,2,2,1,2,2,0,1,1,0,2,2,1,,0,4,0
20836,2,2,1,2,2,0,1,1,0,2,2,2,,0,6,0
20837,2,2,1,2,2,0,1,1,0,2,2,3,,0,6,0
20838,2,2,1,2,2,0,1,1,0,3,1,1,,0,4,0
20839,2,2,1,2,2,0,1,1,0,3,1,2,,0,6,0
20840,2,2,1,2,2,0,1,1,0,3,1,3,1,1,6,1
20841,2,2,1,2,2,0,1,1,0,3,2,1,,0,4,0
20842,2,2,1,2,2,0,1,1,0,3,2,2,,0,6,0
20843,2,2,1,2,2,0,1,1,0,3,2,3,,0,6,0
20844,2,2,1,2,2,0,1,1,0,4,1,1,,0,4,0
20845,2,2,1,2,2,0,1,1,0,4,1,2,,0,6,0
20846,2,2,1,2,2,0,1,1,0,4,1,3,1,1,6,1
20847,2,2,1,2,2,0,1,1,0,4,2,1,,0,4,0
20848,2,2,1,2,2,0,1,1,0,4,2,2,,0,6,0
20849,2,2,1,2,2,0,1,1,0,4,2,3,,0,6,0
20850,2,2,1,2,2,0,1,1,1,0,1,1,0,1,4,1
20851,2,2,1,2,2,0,1,1,1,0,1,2,0,1,4,1
20852,2,2,1,2,2,0,1,1,1,0,1,3,0,1,4,1
20853,2,2,1,2,2,0,1,1,1,0,2,1,0,1,4,1
20854,2,2,1,2,2,0,1,1,1,0,2,2,0,1,4,1
20855,2,2,1,2,2,0,1,1,1,0,2,3,0,1,4,1
20856,2,2,1,2,2,0,1,1,1,1,1,1,0,1,5,1
20857,2,2,1,2,2,0,1,1,1,1,1,2,0,1,5,1
20858,2,2,1,2,2,0,1,1,1,1,1,3,0,1,5,1
20859,2,2,1,2,2,0,1,1,1,1,2,1,0,1,5,1
20860,2,2,1,2,2,0,1,1,1,1,2,2,0,1,5,1
20861,2,2,1,2,2,0,1,1,1,1,2,3,0,1,5,1
20862,2,2,1,2,2,0,1,1,1,2,1,1,0,1,6,1
20863,2,2,1,2,2,0,1,1,1,2,1,2,0,1,6,1
20864,2,2,1,2,2,0,1,1,1,2,1,3,0,1,6,1
20865,2,2,1,2,2,0,1,1,1,2,2,1,0,1,6,1
20866,2,2,1,2,2,0,1,1,1,2,2,2,0,1,6,1
20867,2,2,1,2,2,0,1,1,1,2,2,3,0,1,6,1
20868,2,2,1,2,2,0,1,1,1,3,1,1,0,1,6,1
20869,2,2,1,2,2,0,1,1,1,3,1,2,0,1,6,1
20870,2,2,1,2,2,0,1,1,1,3,1,3,0,1,6,1
20871,2,2,1,2,2,0,1,1,1,3,2,1,0,1,6,1
20872,2,2,1,2,2,0,1,1,1,3,2,2,0,1,6,1
20873,2,2,1,2,2,0,1,1,1,3,2,3,0,1,6,1
20874,2,2,1,2,2,0,1,1,1,4,1,1,0,1,6,1
20875,2,2,1,2,2,0,1,1,1,4,1,2,0,1,6,1
20876,2,2,1,2,2,0,1,1,1,4,1,3,0,1,6,1
20877,2,2,1,2,2,0,1,1,1,4,2,1,0,1,6,1
20878,2,2,1,2,2,0,1,1,1,4,2,2,0,1,6,1
20879,2,2,1,2,2,0,1,1,1,4,2,3,0,1,6,1
20880,2,2,1,2,2,1,0,0,0,0,1,1,,0,4,0
20881,2,2,1,2,2,1,0,0,0,0,1,2,,0,4,0
20882,2,2,1,2,2,1,0,0,0,0,1,3,,0,4,0
20883,2,2,1,2,2,1,0,0,0,0,2,1,,0,4,0
20884,2,2,1,2,2,1,0,0,0,0,2,2,,0,4,0
20885,2,2,1,2,2,1,0,0,0,0,2,3,,0,4,0
20886,2,2,1,2,2,1,0,0,0,1,1,1,,0,4,0
20887,2,2,1,2,2,1,0,0,0,1,1,2,1,1,4,1
20888,2,2,1,2,2,1,0,0,0,1,1,3,1,1,4,1
20889,2,2,1,2,2,1,0,0,0,1,2,1,,0,4,0
20890,2,2,1,2,2,1,0,0,0,1,2,2,1,1,4,1
20891,2,2,1,2,2,1,0,0,0,1,2,3,1,1,4,1
20892,2,2,1,2,2,1,0,0,0,2,1,1,,0,4,0
20893,2,2,1,2,2,1,0,0,0,2,1,2,1,1,5,1
20894,2,2,1,2,2,1,0,0,0,2,1,3,1,1,5,1
20895,2,2,1,2,2,1,0,0,0,2,2,1,,0,4,0
20896,2,2,1,2,2,1,0,0,0,2,2,2,1,1,5,1
20897,2,2,1,2,2,1,0,0,0,2,2,3,1,1,5,1
20898,2,2,1,2,2,1,0,0,0,3,1,1,,0,4,0
20899,2,2,1,2,2,1,0,0,0,3,1,2,1,1,5,1
20900,2,2,1,2,2,1,0,0,0,3,1,3,1,1,5,1
20901,2,2,1,2,2,1,0,0,0,3,2,1,,0,4,0
20902,2,2,1,2,2,1,0,0,0,3,2,2,1,1,5,1
20903,2,2,1,2,2,1,0,0,0,3,2,3,1,1,5,1
20904,2,2,1,2,2,1,0,0,0,4,1,1,,0,4,0
20905,2,2,1,2,2,1,0,0,0,4,1,2,1,1,5,1
20906,2,2,1,2,2,1,0,0,0,4,1,3,1,1,5,1
20907,2,2,1,2,2,1,0,0,0,4,2,1,,0,4,0
20908,2,2,1,2,2,1,0,0,0,4,2,2,1,1,5,1
20909,2,2,1,2,2,1,0,0,0,4,2,3,1,1,5,1
20910,2,2,1,2,2,1,0,0,1,0,1,1,0,1,4,1
20911,2,2,1,2,2,1,0,0,1,0,1,2,0,1,4,1
20912,2,2,1,2,2,1,0,0,1,0,1,3,0,1,4,1
20913,2,2,1,2,2,1,0,0,1,0,2,1,0,1,4,1
20914,2,2,1,2,2,1,0,0,1,0,2,2,0,1,4,1
20915,2,2,1,2,2,1,0,0,1,0,2,3,0,1,4,1
20916,2,2,1,2,2,1,0,0,1,1,1,1,0,1,4,1
20917,2,2,1,2,2,1,0,0,1,1,1,2,0,1,4,1
20918,2,2,1,2,2,1,0,0,1,1,1,3,0,1,4,1
20919,2,2,1,2,2,1,0,0,1,1,2,1,0,1,4,1
20920,2,2,1,2,2,1,0,0,1,1,2,2,0,1,4,1
20921,2,2,1,2,2,1,0,0,1,1,2,3,0,1,4,1
20922,2,2,1,2,2,1,0,0,1,2,1,1,0,1,5,1
20923,2,2,1,2,2,1,0,0,1,2,1,2,0,1,5,1
20924,2,2,1,2,2,1,0,0,1,2,1,3,0,1,5,1
20925,2,2,1,2,2,1,0,0,1,2,2,1,0,1,5,1
20926,2,2,1,2,2,1,0,0,1,2,2,2,0,1,5,1
20927,2,2,1,2,2,1,0,0,1,2,2,3,0,1,5,1
20928,2,2,1,2,2,1,0,0,1,3,1,1,0,1,5,1
20929,2,2,1,2,2,1,0,0,1,3,1,2,0,1,5,1
20930,2,2,1,2,2,1,0,0,1,3,1,3,0,1,5,1
20931,2,2,1,2,2,1,0,0,1,3,2,1,0,1,5,1
20932,2,2,1,2,2,1,0,0,1,3,2,2,0,1,5,1
20933,2,2,1,2,2,1,0,0,1,3,2,3,0,1,5,1
20934,2,2,1,2,2,1,0,0,1,4,1,1,0,1,5,1
20935,2,2,1,2,2,1,0,0,1,4,1,2,0,1,5,1
20936,2,2,1,2,2,1,0,0,1,4,1,3,0,1,5,1
20937,2,2,1,2,2,1,0,0,1,4,2,1,0,1,5,1
20938,2,2,1,2,2,1,0,0,1,4,2,2,0,1,5,1
20939,2,2,1,2,2,1,0,0,1,4,2,3,0,1,5,1
20940,2,2,1,2,2,1,0,1,0,0,1,1,,0,4,0
20941,2,2,1,2,2,1,0,1,0,0,1,2,,0,4,0
20942,2,2,1,2,2,1,0,1,0,0,1,3,,0,4,0
20943,2,2,1,2,2,1,0,1,0,0,2,1,,0,4,0
20944,2,2,1,2,2,1,0,1,0,0,2,2,,0,4,0
20945,2,2,1,2,2,1,0,1,0,0,2,3,,0,4,0
20946,2,2,1,2,2,1,0,1,0,1,1,1,,0,4,0
20947,2,2,1,2,2,1,0,1,0,1,1,2,1,1,4,1
20948,2,2,1,2,2,1,0,1,0,1,1,3,1,1,4,1
20949,2,2,1,2,2,1,0,1,0,1,2,1,,0,4,0
20950,2,2,1,2,2,1,0,1,0,1,2,2,1,1,4,1
20951,2,2,1,2,2,1,0,1,0,1,2,3,1,1,4,1
20952,2,2,1,2,2,1,0,1,0,2,1,1,,0,4,0
20953,2,2,1,2,2,1,0,1,0,2,1,2,1,1,5,1
20954,2,2,1,2,2,1,0,1,0,2,1,3,1,1,5,1
20955,2,2,1,2,2,1,0,1,0,2,2,1,,0,4,0
20956,2,2,1,2,2,1,0,1,0,2,2,2,1,1,5,1
20957,2,2,1,2,2,1,0,1,0,2,2,3,1,1,5,1
20958,2,2,1,2,2,1,0,1,0,3,1,1,,0,4,0
20959,2,2,1,2,2,1,0,1,0,3,1,2,1,1,5,1
20960,2,2,1,2,2,1,0,1,0,3,1,3,1,1,5,1
20961,2,2,1,2,2,1,0,1,0,3,2,1,,0,4,0
20962,2,2,1,2,2,1,0,1,0,3,2,2,1,1,5,1
20963,2,2,1,2,2,1,0,1,0,3,2,3,1,1,5,1
20964,2,2,1,2,2,1,0,1,0,4,1,1,,0,4,0
20965,2,2,1,2,2,1,0,1,0,4,1,2,1,1,5,1
20966,2,2,1,2,2,1,0,1,0,4,1,3,1,1,5,1
20967,2,2,1,2,2,1,0,1,0,4,2,1,,0,4,0
20968,2,2,1,2,2,1,0,1,0,4,2,2,1,1,5,1
20969,2,2,1,2,2,1,0,1,0,4,2,3,1,1,5,1
20970,2,2,1,2,2,1,0,1,1,0,1,1,0,1,4,1
20971,2,2,1,2,2,1,0,1,1,0,1,2,0,1,4,1
20972,2,2,1,2,2,1,0,1,1,0,1,3,0,1,4,1
20973,2,2,1,2,2,1,0,1,1,0,2,1,0,1,4,1
20974,2,2,1,2,2,1,0,1,1,0,2,2,0,1,4,1
20975,2,2,1,2,2,1,0,1,1,0,2,3,0,1,4,1
20976,2,2,1,2,2,1,0,1,1,1,1,1,0,1,4,1
20977,2,2,1,2,2,1,0,1,1,1,1,2,0,1,4,1
20978,2,2,1,2,2,1,0,1,1,1,1,3,0,1,4,1
20979,2,2,1,2,2,1,0,1,1,1,2,1,0,1,4,1
20980,2,2,1,2,2,1,0,1,1,1,2,2,0,1,4,1
20981,2,2,1,2,2,1,0,1,1,1,2,3,0,1,4,1
20982,2,2,1,2,2,1,0,1,1,2,1,1,0,1,5,1
20983,2,2,1,2,2,1,0,1,1,2,1,2,0,1,5,1
20984,2,2,1,2,2,1,0,1,1,2,1,3,0,1,5,1
20985,2,2,1,2,2,1,0,1,1,2,2,1,0,1,5,1
20986,2,2,1,2,2,1,0,1,1,2,2,2,0,1,5,1
20987,2,2,1,2,2,1,0,1,1,2,2,3,0,1,5,1
20988,2,2,1,2,2,1,0,1,1,3,1,1,0,1,5,1
20989,2,2,1,2,2,1,0,1,1,3,1,2,0,1,5,1
20990,2,2,1,2,2,1,0,1,1,3,1,3,0,1,5,1
20991,2,2,1,2,2,1,0,1,1,3,2,1,0,1,5,1
20992,2,2,1,2,2,1,0,1,1,3,2,2,0,1,5,1
20993,2,2,1,2,2,1,0,1,1,3,2,3,0,1,5,1
20994,2,2,1,2,2,1,0,1,1,4,1,1,0,1,5,1
20995,2,2,1,2,2,1,0,1,1,4,1,2,0,1,5,1
20996,2,2,1,2,2,1,0,1,1,4,1,3,0,1,5,1
20997,2,2,1,2,2,1,0,1,1,4,2,1,0,1,5,1
20998,2,2,1,2,2,1,0,1,1,4,2,2,0,1,5,1
20999,2,2,1,2,2,1,0,1,1,4,2,3,0,1,5,1
21000,2,2,1,2,2,1,1,0,0,0,1,1,,0,4,0
21001,2,2,1,2,2,1,1,0,0,0,1,2,,0,4,0
21002,2,2,1,2,2,1,1,0,0,0,1,3,,0,4,0
21003,2,2,1,2,2,1,1,0,0,0,2,1,,0,4,0
21004,2,2,1,2,2,1,1,0,0,0,2,2,,0,4,0
21005,2,2,1,2,2,1,1,0,0,0,2,3,,0,4,0
21006,2,2,1,2,2,1,1,0,0,1,1,1,,0,4,0
21007,2,2,1,2,2,1,1,0,0,1,1,2,,0,5,0
21008,2,2,1,2,2,1,1,0,0,1,1,3,1,1,5,1
21009,2,2,1,2,2,1,1,0,0,1,2,1,,0,4,0
21010,2,2,1,2,2,1,1,0,0,1,2,2,,0,5,0
21011,2,2,1,2,2,1,1,0,0,1,2,3,,0,5,0
21012,2,2,1,2,2,1,1,0,0,2,1,1,,0,4,0
21013,2,2,1,2,2,1,1,0,0,2,1,2,,0,6,0
21014,2,2,1,2,2,1,1,0,0,2,1,3,1,1,7,1
21015,2,2,1,2,2,1,1,0,0,2,2,1,,0,4,0
21016,2,2,1,2,2,1,1,0,0,2,2,2,,0,6,0
21017,2,2,1,2,2,1,1,0,0,2,2,3,,0,6,0
21018,2,2,1,2,2,1,1,0,0,3,1,1,,0,4,0
21019,2,2,1,2,2,1,1,0,0,3,1,2,,0,6,0
21020,2,2,1,2,2,1,1,0,0,3,1,3,1,1,7,1
21021,2,2,1,2,2,1,1,0,0,3,2,1,,0,4,0
21022,2,2,1,2,2,1,1,0,0,3,2,2,,0,6,0
21023,2,2,1,2,2,1,1,0,0,3,2,3,,0,6,0
21024,2,2,1,2,2,1,1,0,0,4,1,1,,0,4,0
21025,2,2,1,2,2,1,1,0,0,4,1,2,,0,6,0
21026,2,2,1,2,2,1,1,0,0,4,1,3,1,1,7,1
21027,2,2,1,2,2,1,1,0,0,4,2,1,,0,4,0
21028,2,2,1,2,2,1,1,0,0,4,2,2,,0,6,0
21029,2,2,1,2,2,1,1,0,0,4,2,3,,0,6,0
21030,2,2,1,2,2,1,1,0,1,0,1,1,0,1,4,1
21031,2,2,1,2,2,1,1,0,1,0,1,2,0,1,4,1
21032,2,2,1,2,2,1,1,0,1,0,1,3,0,1,4,1
21033,2,2,1,2,2,1,1,0,1,0,2,1,0,1,4,1
21034,2,2,1,2,2,1,1,0,1,0,2,2,0,1,4,1
21035,2,2,1,2,2,1,1,0,1,0,2,3,0,1,4,1
21036,2,2,1,2,2,1,1,0,1,1,1,1,0,1,5,1
21037,2,2,1,2,2,1,1,0,1,1,1,2,0,1,5,1
21038,2,2,1,2,2,1,1,0,1,1,1,3,0,1,5,1
21039,2,2,1,2,2,1,1,0,1,1,2,1,0,1,5,1
21040,2,2,1,2,2,1,1,0,1,1,2,2,0,1,5,1
21041,2,2,1,2,2,1,1,0,1,1,2,3,0,1,5,1
21042,2,2,1,2,2,1,1,0,1,2,1,1,0,1,7,1
21043,2,2,1,2,2,1,1,0,1,2,1,2,0,1,7,1
21044,2,2,1,2,2,1,1,0,1,2,1,3,0,1,7,1
21045,2,2,1,2,2,1,1,0,1,2,2,1,0,1,7,1
21046,2,2,1,2,2,1,1,0,1,2,2,2,0,1,7,1
21047,2,2,1,2,2,1,1,0,1,2,2,3,0,1,7,1
21048,2,2,1,2,2,1,1,0,1,3,1,1,0,1,7,1
21049,2,2,1,2,2,1,1,0,1,3,1,2,0,1,7,1
21050,2,2,1,2,2,1,1,0,1,3,1,3,0,1,7,1
21051,2,2,1,2,2,1,1,0,1,3,2,1,0,1,7,1
21052,2,2,1,2,2,1,1,0,1,3,2,2,0,1,7,1
21053,2,2,1,2,2,1,1,0,1,3,2,3,0,1,7,1
21054,2,2,1,2,2,1,1,0,1,4,1,1,0,1,7,1
21055,2,2,1,2,2,1,1,0,1,4,1,2,0,1,7,1
21056,2,2,1,2,2,1,1,0,1,4,1,3,0,1,7,1
21057,2,2,1,2,2,1,1,0,1,4,2,1,0,1,7,1
21058,2,2,1,2,2,1,1,0,1,4,2,2,0,1,7,1
21059,2,2,1,2,2,1,1,0,1,4,2,3,0,1,7,1
21060,2,2,1,2,2,1,1,1,0,0,1,1,,0,4,0
21061,2,2,1,2,2,1,1,1,0,0,1,2,,0,4,0
21062,2,2,1,2,2,1,1,1,0,0,1,3,,0,4,0
21063,2,2,1,2,2,1,1,1,0,0,2,1,,0,4,0
21064,2,2,1,2,2,1,1,1,0,0,2,2,,0,4,0
21065,2,2,1,2,2,1,1,1,0,0,2,3,,0,4,0
21066,2,2,1,2,2,1,1,1,0,1,1,1,,0,4,0
21067,2,2,1,2,2,1,1,1,0,1,1,2,,0,5,0
21068,2,2,1,2,2,1,1,1,0,1,1,3,1,1,5,1
21069,2,2,1,2,2,1,1,1,0,1,2,1,,0,4,0
21070,2,2,1,2,2,1,1,1,0,1,2,2,,0,5,0
21071,2,2,1,2,2,1,1,1,0,1,2,3,,0,5,0
21072,2,2,1,2,2,1,1,1,0,2,1,1,,0,4,0
21073,2,2,1,2,2,1,1,1,0,2,1,2,,0,6,0
21074,2,2,1,2,2,1,1,1,0,2,1,3,1,1,8,1
21075,2,2,1,2,2,1,1,1,0,2,2,1,,0,4,0
21076,2,2,1,2,2,1,1,1,0,2,2,2,,0,6,0
21077,2,2,1,2,2,1,1,1,0,2,2,3,,0,6,0
21078,2,2,1,2,2,1,1,1,0,3,1,1,,0,4,0
21079,2,2,1,2,2,1,1,1,0,3,1,2,,0,6,0
21080,2,2,1,2,2,1,1,1,0,3,1,3,1,1,8,1
21081,2,2,1,2,2,1,1,1,0,3,2,1,,0,4,0
21082,2,2,1,2,2,1,1,1,0,3,2,2,,0,6,0
21083,2,2,1,2,2,1,1,1,0,3,2,3,,0,6,0
21084,2,2,1,2,2,1,1,1,0,4,1,1,,0,4,0
21085,2,2,1,2,2,1,1,1,0,4,1,2,,0,6,0
21086,2,2,1,2,2,1,1,1,0,4,1,3,1,1,8,1
21087,2,2,1,2,2,1,1,1,0,4,2,1,,0,4,0
21088,2,2,1,2,2,1,1,1,0,4,2,2,,0,6,0
21089,2,2,1,2,2,1,1,1,0,4,2,3,,0,6,0
21090,2,2,1,2,2,1,1,1,1,0,1,1,0,1,4,1
21091,2,2,1,2,2,1,1,1,1,0,1,2,0,1,4,1
21092,2,2,1,2,2,1,1,1,1,0,1,3,0,1,4,1
21093,2,2,1,2,2,1,1,1,1,0,2,1,0,1,4,1
21094,2,2,1,2,2,1,1,1,1,0,2,2,0,1,4,1
21095,2,2,1,2,2,1,1,1,1,0,2,3,0,1,4,1
21096,2,2,1,2,2,1,1,1,1,1,1,1,0,1,5,1
21097,2,2,1,2,2,1,1,1,1,1,1,2,0,1,5,1
21098,2,2,1,2,2,1,1,1,1,1,1,3,0,1,5,1
21099,2,2,1,2,2,1,1,1,1,1,2,1,0,1,5,1
21100,2,2,1,2,2,1,1,1,1,1,2,2,0,1,5,1
21101,2,2,1,2,2,1,1,1,1,1,2,3,0,1,5,1
21102,2,2,1,2,2,1,1,1,1,2,1,1,0,1,8,1
21103,2,2,1,2,2,1,1,1,1,2,1,2,0,1,8,1
21104,2,2,1,2,2,1,1,1,1,2,1,3,0,1,8,1
21105,2,2,1,2,2,1,1,1,1,2,2,1,0,1,8,1
21106,2,2,1,2,2,1,1,1,1,2,2,2,0,1,8,1
21107,2,2,1,2,2,1,1,1,1,2,2,3,0,1,8,1
21108,2,2,1,2,2,1,1,1,1,3,1,1,0,1,8,1
21109,2,2,1,2,2,1,1,1,1,3,1,2,0,1,8,1
21110,2,2,1,2,2,1,1,1,1,3,1,3,0,1,8,1
21111,2,2,1,2,2,1,1,1,1,3,2,1,0,1,8,1
21112,2,2,1,2,2,1,1,1,1,3,2,2,0,1,8,1
21113,2,2,1,2,2,1,1,1,1,3,2,3,0,1,8,1
21114,2,2,1,2,2,1,1,1,1,4,1,1,0,1,8,1
21115,2,2,1,2,2,1,1,1,1,4,1,2,0,1,8,1
21116,2,2,1,2,2,1,1,1,1,4,1,3,0,1,8,1
21117,2,2,1,2,2,1,1,1,1,4,2,1,0,1,8,1
21118,2,2,1,2,2,1,1,1,1,4,2,2,0,1,8,1
21119,2,2,1,2,2,1,1,1,1,4,2,3,0,1,8,1
21120,2,2,2,1,1,0,0,0,0,0,1,1,,0,3,0
21121,2,2,2,1,1,0,0,0,0,0,1,2,,0,3,0
21122,2,2,2,1,1,0,0,0,0,0,1,3,,0,3,0
21123,2,2,2,1,1,0,0,0,0,0,2,1,,0,3,0
21124,2,2,2,1,1,0,0,0,0,0,2,2,,0,3,0
21125,2,2,2,1,1,0,0,0,0,0,2,3,,0,3,0
21126,2,2,2,1,1,0,0,0,0,1,1,1,,0,3,0
21127,2,2,2,1,1,0,0,0,0,1,1,2,,0,3,0
21128,2,2,2,1,1,0,0,0,0,1,1,3,,0,3,0
21129,2,2,2,1,1,0,0,0,0,1,2,1,,0,3,0
21130,2,2,2,1,1,0,0,0,0,1,2,2,,0,3,0
21131,2,2,2,1,1,0,0,0,0,1,2,3,,0,3,0
21132,2,2,2,1,1,0,0,0,0,2,1,1,2,1,3,1
21133,2,2,2,1,1,0,0,0,0,2,1,2,2,1,3,1
21134,2,2,2,1,1,0,0,0,0,2,1,3,2,1,3,1
21135,2,2,2,1,1,0,0,0,0,2,2,1,2,1,3,1
21136,2,2,2,1,1,0,0,0,0,2,2,2,2,1,3,1
21137,2,2,2,1,1,0,0,0,0,2,2,3,2,1,3,1
21138,2,2,2,1,1,0,0,0,0,3,1,1,2,1,3,1
21139,2,2,2,1,1,0,0,0,0,3,1,2,2,1,3,1
21140,2,2,2,1,1,0,0,0,0,3,1,3,2,1,3,1
21141,2,2,2,1,1,0,0,0,0,3,2,1,2,1,3,1
21142,2,2,2,1,1,0,0,0,0,3,2,2,2,1,3,1
21143,2,2,2,1,1,0,0,0,0,3,2,3,2,1,3,1
21144,2,2,2,1,1,0,0,0,0,4,1,1,2,1,3,1
21145,2,2,2,1,1,0,0,0,0,4,1,2,2,1,3,1
21146,2,2,2,1,1,0,0,0,0,4,1,3,2,1,3,1
21147,2,2,2,1,1,0,0,0,0,4,2,1,2,1,3,1
21148,2,2,2,1,1,0,0,0,0,4,2,2,2,1,3,1
21149,2,2,2,1,1,0,0,0,0,4,2,3,2,1,3,1
21150,2,2,2,1,1,0,0,0,1,0,1,1,0,1,3,1
21151,2,2,2,1,1,0,0,0,1,0,1,2,0,1,3,1
21152,2,2,2,1,1,0,0,0,1,0,1,3,0,1,3,1
21153,2,2,2,1,1,0,0,0,1,0,2,1,0,1,3,1
21154,2,2,2,1,1,0,0,0,1,0,2,2,0,1,3,1
21155,2,2,2,1,1,0,0,0,1,0,2,3,0,1,3,1
21156,2,2,2,1,1,0,0,0,1,1,1,1,0,1,3,1
21157,2,2,2,1,1,0,0,0,1,1,1,2,0,1,3,1
21158,2,2,2,1,1,0,0,0,1,1,1,3,0,1,3,1
21159,2,2,2,1,1,0,0,0,1,1,2,1,0,1,3,1
21160,2,2,2,1,1,0,0,0,1,1,2,2,0,1,3,1
21161,2,2,2,1,1,0,0,0,1,1,2,3,0,1,3,1
21162,2,2,2,1,1,0,0,0,1,2,1,1,0,1,3,1
21163,2,2,2,1,1,0,0,0,1,2,1,2,0,1,3,1
21164,2,2,2,1,1,0,0,0,1,2,1,3,0,1,3,1
21165,2,2,2,1,1,0,0,0,1,2,2,1,0,1,3,1
21166,2,2,2,1,1,0,0,0,1,2,2,2,0,1,3,1
21167,2,2,2,1,1,0,0,0,1,2,2,3,0,1,3,1
21168,2,2,2,1,1,0,0,0,1,3,1,1,0,1,3,1
21169,2,2,2,1,1,0,0,0,1,3,1,2,0,1,3,1
21170,2,2,2,1,1,0,0,0,1,3,1,3,0,1,3,1
21171,2,2,2,1,1,0,0,0,1,3,2,1,0,1,3,1
21172,2,2,2,1,1,0,0,0,1,3,2,2,0,1,3,1
21173,2,2,2,1,1,0,0,0,1,3,2,3,0,1,3,1
21174,2,2,2,1,1,0,0,0,1,4,1,1,0,1,3,1
21175,2,2,2,1,1,0,0,0,1,4,1,2,0,1,3,1
21176,2,2,2,1,1,0,0,0,1,4,1,3,0,1,3,1
21177,2,2,2,1,1,0,0,0,1,4,2,1,0,1,3,1
21178,2,2,2,1,1,0,0,0,1,4,2,2,0,1,3,1
21179,2,2,2,1,1,0,0,0,1,4,2,3,0,1,3,1
21180,2,2,2,1,1,0,0,1,0,0,1,1,,0,3,0
21181,2,2,2,1,1,0,0,1,0,0,1,2,,0,3,0
21182,2,2,2,1,1,0,0,1,0,0,1,3,,0,3,0
21183,2,2,2,1,1,0,0,1,0,0,2,1,,0,3,0
21184,2,2,2,1,1,0,0,1,0,0,2,2,,0,3,0
21185,2,2,2,1,1,0,0,1,0,0,2,3,,0,3,0
21186,2,2,2,1,1,0,0,1,0,1,1,1,,0,3,0
21187,2,2,2,1,1,0,0,1,0,1,1,2,,0,3,0
21188,2,2,2,1,1,0,0,1,0,1,1,3,,0,3,0
21189,2,2,2,1,1,0,0,1,0,1,2,1,,0,3,0
21190,2,2,2,1,1,0,0,1,0,1,2,2,,0,3,0
21191,2,2,2,1,1,0,0,1,0,1,2,3,,0,3,0
21192,2,2,2,1,1,0,0,1,0,2,1,1,2,1,3,1
21193,2,2,2,1,1,0,0,1,0,2,1,2,2,1,3,1
21194,2,2,2,1,1,0,0,1,0,2,1,3,2,1,3,1
21195,2,2,2,1,1,0,0,1,0,2,2,1,2,1,3,1
21196,2,2,2,1,1,0,0,1,0,2,2,2,2,1,3,1
21197,2,2,2,1,1,0,0,1,0,2,2,3,2,1,3,1
21198,2,2,2,1,1,0,0,1,0,3,1,1,2,1,3,1
21199,2,2,2,1,1,0,0,1,0,3,1,2,2,1,3,1
21200,2,2,2,1,1,0,0,1,0,3,1,3,2,1,3,1
21201,2,2,2,1,1,0,0,1,0,3,2,1,2,1,3,1
21202,2,2,2,1,1,0,0,1,0,3,2,2,2,1,3,1
21203,2,2,2,1,1,0,0,1,0,3,2,3,2,1,3,1
21204,2,2,2,1,1,0,0,1,0,4,1,1,2,1,3,1
21205,2,2,2,1,1,0,0,1,0,4,1,2,2,1,3,1
21206,2,2,2,1,1,0,0,1,0,4,1,3,2,1,3,1
21207,2,2,2,1,1,0,0,1,0,4,2,1,2,1,3,1
21208,2,2,2,1,1,0,0,1,0,4,2,2,2,1,3,1
21209,2,2,2,1,1,0,0,1,0,4,2,3,2,1,3,1
21210,2,2,2,1,1,0,0,1,1,0,1,1,0,1,3,1
21211,2,2,2,1,1,0,0,1,1,0,1,2,0,1,3,1
21212,2,2,2,1,1,0,0,1,1,0,1,3,0,1,3,1
21213,2,2,2,1,1,0,0,1,1,0,2,1,0,1,3,1
21214,2,2,2,1,1,0,0,1,1,0,2,2,0,1,3,1
21215,2,2,2,1,1,0,0,1,1,0,2,3,0,1,3,1
21216,2,2,2,1,1,0,0,1,1,1,1,1,0,1,3,1
21217,2,2,2,1,1,0,0,1,1,1,1,2,0,1,3,1
21218,2,2,2,1,1,0,0,1,1,1,1,3,0,1,3,1
21219,2,2,2,1,1,0,0,1,1,1,2,1,0,1,3,1
21220,2,2,2,1,1,0,0,1,1,1,2,2,0,1,3,1
21221,2,2,2,1,1,0,0,1,1,1,2,3,0,1,3,1
21222,2,2,2,1,1,0,0,1,1,2,1,1,0,1,3,1
21223,2,2,2,1,1,0,0,1,1,2,1,2,0,1,3,1
21224,2,2,2,1,1,0,0,1,1,2,1,3,0,1,3,1
21225,2,2,2,1,1,0,0,1,1,2,2,1,0,1,3,1
21226,2,2,2,1,1,0,0,1,1,2,2,2,0,1,3,1
21227,2,2,2,1,1,0,0,1,1,2,2,3,0,1,3,1
21228,2,2,2,1,1,0,0,1,1,3,1,1,0,1,3,1
21229,2,2,2,1,1,0,0,1,1,3,1,2,0,1,3,1
21230,2,2,2,1,1,0,0,1,1,3,1,3,0,1,3,1
21231,2,2,2,1,1,0,0,1,1,3,2,1,0,1,3,1
21232,2,2,2,1,1,0,0,1,1,3,2,2,0,1,3,1
21233,2,2,2,1,1,0,0,1,1,3,2,3,0,1,3,1
21234,2,2,2,1,1,0,0,1,1,4,1,1,0,1,3,1
21235,2,2,2,1,1,0,0,1,1,4,1,2,0,1,3,1
21236,2,2,2,1,1,0,0,1,1,4,1,3,0,1,3,1
21237,2,2,2,1,1,0,0,1,1,4,2,1,0,1,3,1
21238,2,2,2,1,1,0,0,1,1,4,2,2,0,1,3,1
21239,2,2,2,1,1,0,0,1,1,4,2,3,0,1,3,1
21240,2,2,2,1,1,0,1,0,0,0,1,1,,0,3,0
21241,2,2,2,1,1,0,1,0,0,0,1,2,,0,3,0
21242,2,2,2,1,1,0,1,0,0,0,1,3,,0,3,0
21243,2,2,2,1,1,0,1,0,0,0,2,1,,0,3,0
21244,2,2,2,1,1,0,1,0,0,0,2,2,,0,3,0
21245,2,2,2,1,1,0,1,0,0,0,2,3,,0,3,0
21246,2,2,2,1,1,0,1,0,0,1,1,1,,0,3,0
21247,2,2,2,1,1,0,1,0,0,1,1,2,,0,3,0
21248,2,2,2,1,1,0,1,0,0,1,1,3,,0,3,0
21249,2,2,2,1,1,0,1,0,0,1,2,1,,0,3,0
21250,2,2,2,1,1,0,1,0,0,1,2,2,,0,3,0
21251,2,2,2,1,1,0,1,0,0,1,2,3,,0,3,0
21252,2,2,2,1,1,0,1,0,0,2,1,1,,0,4,0
21253,2,2,2,1,1,0,1,0,0,2,1,2,2,1,4,1
21254,2,2,2,1,1,0,1,0,0,2,1,3,2,1,4,1
21255,2,2,2,1,1,0,1,0,0,2,2,1,,0,4,0
21256,2,2,2,1,1,0,1,0,0,2,2,2,,0,4,0
21257,2,2,2,1,1,0,1,0,0,2,2,3,2,1,4,1
21258,2,2,2,1,1,0,1,0,0,3,1,1,,0,4,0
21259,2,2,2,1,1,0,1,0,0,3,1,2,2,1,4,1
21260,2,2,2,1,1,0,1,0,0,3,1,3,2,1,4,1
21261,2,2,2,1,1,0,1,0,0,3,2,1,,0,4,0
21262,2,2,2,1,1,0,1,0,0,3,2,2,,0,4,0
21263,2,2,2,1,1,0,1,0,0,3,2,3,2,1,4,1
21264,2,2,2,1,1,0,1,0,0,4,1,1,,0,4,0
21265,2,2,2,1,1,0,1,0,0,4,1,2,2,1,4,1
21266,2,2,2,1,1,0,1,0,0,4,1,3,2,1,4,1
21267,2,2,2,1,1,0,1,0,0,4,2,1,,0,4,0
21268,2,2,2,1,1,0,1,0,0,4,2,2,,0,4,0
21269,2,2,2,1,1,0,1,0,0,4,2,3,2,1,4,1
21270,2,2,2,1,1,0,1,0,1,0,1,1,0,1,3,1
21271,2,2,2,1,1,0,1,0,1,0,1,2,0,1,3,1
21272,2,2,2,1,1,0,1,0,1,0,1,3,0,1,3,1
21273,2,2,2,1,1,0,1,0,1,0,2,1,0,1,3,1
21274,2,2,2,1,1,0,1,0,1,0,2,2,0,1,3,1
21275,2,2,2,1,1,0,1,0,1,0,2,3,0,1,3,1
21276,2,2,2,1,1,0,1,0,1,1,1,1,0,1,3,1
21277,2,2,2,1,1,0,1,0,1,1,1,2,0,1,3,1
21278,2,2,2,1,1,0,1,0,1,1,1,3,0,1,3,1
21279,2,2,2,1,1,0,1,0,1,1,2,1,0,1,3,1
21280,2,2,2,1,1,0,1,0,1,1,2,2,0,1,3,1
21281,2,2,2,1,1,0,1,0,1,1,2,3,0,1,3,1
21282,2,2,2,1,1,0,1,0,1,2,1,1,0,1,4,1
21283,2,2,2,1,1,0,1,0,1,2,1,2,0,1,4,1
21284,2,2,2,1,1,0,1,0,1,2,1,3,0,1,4,1
21285,2,2,2,1,1,0,1,0,1,2,2,1,0,1,4,1
21286,2,2,2,1,1,0,1,0,1,2,2,2,0,1,4,1
21287,2,2,2,1,1,0,1,0,1,2,2,3,0,1,4,1
21288,2,2,2,1,1,0,1,0,1,3,1,1,0,1,4,1
21289,2,2,2,1,1,0,1,0,1,3,1,2,0,1,4,1
21290,2,2,2,1,1,0,1,0,1,3,1,3,0,1,4,1
21291,2,2,2,1,1,0,1,0,1,3,2,1,0,1,4,1
21292,2,2,2,1,1,0,1,0,1,3,2,2,0,1,4,1
21293,2,2,2,1,1,0,1,0,1,3,2,3,0,1,4,1
21294,2,2,2,1,1,0,1,0,1,4,1,1,0,1,4,1
21295,2,2,2,1,1,0,1,0,1,4,1,2,0,1,4,1
21296,2,2,2,1,1,0,1,0,1,4,1,3,0,1,4,1
21297,2,2,2,1,1,0,1,0,1,4,2,1,0,1,4,1
21298,2,2,2,1,1,0,1,0,1,4,2,2,0,1,4,1
21299,2,2,2,1,1,0,1,0,1,4,2,3,0,1,4,1
21300,2,2,2,1,1,0,1,1,0,0,1,1,,0,3,0
21301,2,2,2,1,1,0,1,1,0,0,1,2,,0,3,0
21302,2,2,2,1,1,0,1,1,0,0,1,3,,0,3,0
21303,2,2,2,1,1,0,1,1,0,0,2,1,,0,3,0
21304,2,2,2,1,1,0,1,1,0,0,2,2,,0,3,0
21305,2,2,2,1,1,0,1,1,0,0,2,3,,0,3,0
21306,2,2,2,1,1,0,1,1,0,1,1,1,,0,3,0
21307,2,2,2,1,1,0,1,1,0,1,1,2,,0,3,0
21308,2,2,2,1,1,0,1,1,0,1,1,3,,0,3,0
21309,2,2,2,1,1,0,1,1,0,1,2,1,,0,3,0
21310,2,2,2,1,1,0,1,1,0,1,2,2,,0,3,0
21311,2,2,2,1,1,0,1,1,0,1,2,3,,0,3,0
21312,2,2,2,1,1,0,1,1,0,2,1,1,,0,4,0
21313,2,2,2,1,1,0,1,1,0,2,1,2,2,1,4,1
21314,2,2,2,1,1,0,1,1,0,2,1,3,2,1,4,1
21315,2,2,2,1,1,0,1,1,0,2,2,1,,0,4,0
21316,2,2,2,1,1,0,1,1,0,2,2,2,,0,4,0
21317,2,2,2,1,1,0,1,1,0,2,2,3,2,1,4,1
21318,2,2,2,1,1,0,1,1,0,3,1,1,,0,4,0
21319,2,2,2,1,1,0,1,1,0,3,1,2,2,1,4,1
21320,2,2,2,1,1,0,1,1,0,3,1,3,2,1,4,1
21321,2,2,2,1,1,0,1,1,0,3,2,1,,0,4,0
21322,2,2,2,1,1,0,1,1,0,3,2,2,,0,4,0
21323,2,2,2,1,1,0,1,1,0,3,2,3,2,1,4,1
21324,2,2,2,1,1,0,1,1,0,4,1,1,,0,4,0
21325,2,2,2,1,1,0,1,1,0,4,1,2,2,1,4,1
21326,2,2,2,1,1,0,1,1,0,4,1,3,2,1,4,1
21327,2,2,2,1,1,0,1,1,0,4,2,1,,0,4,0
21328,2,2,2,1,1,0,1,1,0,4,2,2,,0,4,0
21329,2,2,2,1,1,0,1,1,0,4,2,3,2,1,4,1
21330,2,2,2,1,1,0,1,1,1,0,1,1,0,1,3,1
21331,2,2,2,1,1,0,1,1,1,0,1,2,0,1,3,1
21332,2,2,2,1,1,0,1,1,1,0,1,3,0,1,3,1
21333,2,2,2,1,1,0,1,1,1,0,2,1,0,1,3,1
21334,2,2,2,1,1,0,1,1,1,0,2,2,0,1,3,1
21335,2,2,2,1,1,0,1,1,1,0,2,3,0,1,3,1
21336,2,2,2,1,1,0,1,1,1,1,1,1,0,1,3,1
21337,2,2,2,1,1,0,1,1,1,1,1,2,0,1,3,1
21338,2,2,2,1,1,0,1,1,1,1,1,3,0,1,3,1
21339,2,2,2,1,1,0,1,1,1,1,2,1,0,1,3,1
21340,2,2,2,1,1,0,1,1,1,1,2,2,0,1,3,1
21341,2,2,2,1,1,0,1,1,1,1,2,3,0,1,3,1
21342,2,2,2,1,1,0,1,1,1,2,1,1,0,1,4,1
21343,2,2,2,1,1,0,1,1,1,2,1,2,0,1,4,1
21344,2,2,2,1,1,0,1,1,1,2,1,3,0,1,4,1
21345,2,2,2,1,1,0,1,1,1,2,2,1,0,1,4,1
21346,2,2,2,1,1,0,1,1,1,2,2,2,0,1,4,1
21347,2,2,2,1,1,0,1,1,1,2,2,3,0,1,4,1
21348,2,2,2,1,1,0,1,1,1,3,1,1,0,1,4,1
21349,2,2,2,1,1,0,1,1,1,3,1,2,0,1,4,1
21350,2,2,2,1,1,0,1,1,1,3,1,3,0,1,4,1
21351,2,2,2,1,1,0,1,1,1,3,2,1,0,1,4,1
21352,2,2,2,1,1,0,1,1,1,3,2,2,0,1,4,1
21353,2,2,2,1,1,0,1,1,1,3,2,3,0,1,4,1
21354,2,2,2,1,1,0,1,1,1,4,1,1,0,1,4,1
21355,2,2,2,1,1,0,1,1,1,4,1,2,0,1,4,1
21356,2,2,2,1,1,0,1,1,1,4,1,3,0,1,4,1
21357,2,2,2,1,1,0,1,1,1,4,2,1,0,1,4,1
21358,2,2,2,1,1,0,1,1,1,4,2,2,0,1,4,1
21359,2,2,2,1,1,0,1,1,1,4,2,3,0,1,4,1
21360,2,2,2,1,1,1,0,0,0,0,1,1,,0,3,0
21361,2,2,2,1,1,1,0,0,0,0,1,2,,0,3,0
21362,2,2,2,1,1,1,0,0,0,0,1,3,,0,3,0
21363,2,2,2,1,1,1,0,0,0,0,2,1,,0,3,0
21364,2,2,2,1,1,1,0,0,0,0,2,2,,0,3,0
21365,2,2,2,1,1,1,0,0,0,0,2,3,,0,3,0
21366,2,2,2,1,1,1,0,0,0,1,1,1,,0,3,0
21367,2,2,2,1,1,1,0,0,0,1,1,2,,0,3,0
21368,2,2,2,1,1,1,0,0,0,1,1,3,,0,3,0
21369,2,2,2,1,1,1,0,0,0,1,2,1,,0,3,0
21370,2,2,2,1,1,1,0,0,0,1,2,2,,0,3,0
21371,2,2,2,1,1,1,0,0,0,1,2,3,,0,3,0
21372,2,2,2,1,1,1,0,0,0,2,1,1,2,1,4,1
21373,2,2,2,1,1,1,0,0,0,2,1,2,2,1,4,1
21374,2,2,2,1,1,1,0,0,0,2,1,3,2,1,4,1
21375,2,2,2,1,1,1,0,0,0,2,2,1,2,1,4,1
21376,2,2,2,1,1,1,0,0,0,2,2,2,2,1,4,1
21377,2,2,2,1,1,1,0,0,0,2,2,3,2,1,4,1
21378,2,2,2,1,1,1,0,0,0,3,1,1,2,1,4,1
21379,2,2,2,1,1,1,0,0,0,3,1,2,2,1,4,1
21380,2,2,2,1,1,1,0,0,0,3,1,3,2,1,4,1
21381,2,2,2,1,1,1,0,0,0,3,2,1,2,1,4,1
21382,2,2,2,1,1,1,0,0,0,3,2,2,2,1,4,1
21383,2,2,2,1,1,1,0,0,0,3,2,3,2,1,4,1
21384,2,2,2,1,1,1,0,0,0,4,1,1,2,1,4,1
21385,2,2,2,1,1,1,0,0,0,4,1,2,2,1,4,1
21386,2,2,2,1,1,1,0,0,0,4,1,3,2,1,4,1
21387,2,2,2,1,1,1,0,0,0,4,2,1,2,1,4,1
21388,2,2,2,1,1,1,0,0,0,4,2,2,2,1,4,1
21389,2,2,2,1,1,1,0,0,0,4,2,3,2,1,4,1
21390,2,2,2,1,1,1,0,0,1,0,1,1,0,1,3,1
21391,2,2,2,1,1,1,0,0,1,0,1,2,0,1,3,1
21392,2,2,2,1,1,1,0,0,1,0,1,3,0,1,3,1
21393,2,2,2,1,1,1,0,0,1,0,2,1,0,1,3,1
21394,2,2,2,1,1,1,0,0,1,0,2,2,0,1,3,1
21395,2,2,2,1,1,1,0,0,1,0,2,3,0,1,3,1
21396,2,2,2,1,1,1,0,0,1,1,1,1,0,1,3,1
21397,2,2,2,1,1,1,0,0,1,1,1,2,0,1,3,1
21398,2,2,2,1,1,1,0,0,1,1,1,3,0,1,3,1
21399,2,2,2,1,1,1,0,0,1,1,2,1,0,1,3,1
21400,2,2,2,1,1,1,0,0,1,1,2,2,0,1,3,1
21401,2,2,2,1,1,1,0,0,1,1,2,3,0,1,3,1
21402,2,2,2,1,1,1,0,0,1,2,1,1,0,1,4,1
21403,2,2,2,1,1,1,0,0,1,2,1,2,0,1,4,1
21404,2,2,2,1,1,1,0,0,1,2,1,3,0,1,4,1
21405,2,2,2,1,1,1,0,0,1,2,2,1,0,1,4,1
21406,2,2,2,1,1,1,0,0,1,2,2,2,0,1,4,1
21407,2,2,2,1,1,1,0,0,1,2,2,3,0,1,4,1
21408,2,2,2,1,1,1,0,0,1,3,1,1,0,1,4,1
21409,2,2,2,1,1,1,0,0,1,3,1,2,0,1,4,1
21410,2,2,2,1,1,1,0,0,1,3,1,3,0,1,4,1
21411,2,2,2,1,1,1,0,0,1,3,2,1,0,1,4,1
21412,2,2,2,1,1,1,0,0,1,3,2,2,0,1,4,1
21413,2,2,2,1,1,1,0,0,1,3,2,3,0,1,4,1
21414,2,2,2,1,1,1,0,0,1,4,1,1,0,1,4,1
21415,2,2,2,1,1,1,0,0,1,4,1,2,0,1,4,1
21416,2,2,2,1,1,1,0,0,1,4,1,3,0,1,4,1
21417,2,2,2,1,1,1,0,0,1,4,2,1,0,1,4,1
21418,2,2,2,1,1,1,0,0,1,4,2,2,0,1,4,1
21419,2,2,2,1,1,1,0,0,1,4,2,3,0,1,4,1
21420,2,2,2,1,1,1,0,1,0,0,1,1,,0,3,0
21421,2,2,2,1,1,1,0,1,0,0,1,2,,0,3,0
21422,2,2,2,1,1,1,0,1,0,0,1,3,,0,3,0
21423,2,2,2,1,1,1,0,1,0,0,2,1,,0,3,0
21424,2,2,2,1,1,1,0,1,0,0,2,2,,0,3,0
21425,2,2,2,1,1,1,0,1,0,0,2,3,,0,3,0
21426,2,2,2,1,1,1,0,1,0,1,1,1,,0,3,0
21427,2,2,2,1,1,1,0,1,0,1,1,2,,0,3,0
21428,2,2,2,1,1,1,0,1,0,1,1,3,,0,3,0
21429,2,2,2,1,1,1,0,1,0,1,2,1,,0,3,0
21430,2,2,2,1,1,1,0,1,0,1,2,2,,0,3,0
21431,2,2,2,1,1,1,0,1,0,1,2,3,,0,3,0
21432,2,2,2,1,1,1,0,1,0,2,1,1,2,1,4,1
21433,2,2,2,1,1,1,0,1,0,2,1,2,2,1,4,1
21434,2,2,2,1,1,1,0,1,0,2,1,3,2,1,4,1
21435,2,2,2,1,1,1,0,1,0,2,2,1,2,1,4,1
21436,2,2,2,1,1,1,0,1,0,2,2,2,2,1,4,1
21437,2,2,2,1,1,1,0,1,0,2,2,3,2,1,4,1
21438,2,2,2,1,1,1,0,1,0,3,1,1,2,1,4,1
21439,2,2,2,1,1,1,0,1,0,3,1,2,2,1,4,1
21440,2,2,2,1,1,1,0,1,0,3,1,3,2,1,4,1
21441,2,2,2,1,1,1,0,1,0,3,2,1,2,1,4,1
21442,2,2,2,1,1,1,0,1,0,3,2,2,2,1,4,1
21443,2,2,2,1,1,1,0,1,0,3,2,3,2,1,4,1
21444,2,2,2,1,1,1,0,1,0,4,1,1,2,1,4,1
21445,2,2,2,1,1,1,0,1,0,4,1,2,2,1,4,1
21446,2,2,2,1,1,1,0,1,0,4,1,3,2,1,4,1
21447,2,2,2,1,1,1,0,1,0,4,2,1,2,1,4,1
21448,2,2,2,1,1,1,0,1,0,4,2,2,2,1,4,1
21449,2,2,2,1,1,1,0,1,0,4,2,3,2,1,4,1
21450,2,2,2,1,1,1,0,1,1,0,1,1,0,1,3,1
21451,2,2,2,1,1,1,0,1,1,0,1,2,0,1,3,1
21452,2,2,2,1,1,1,0,1,1,0,1,3,0,1,3,1
21453,2,2,2,1,1,1,0,1,1,0,2,1,0,1,3,1
21454,2,2,2,1,1,1,0,1,1,0,2,2,0,1,3,1
21455,2,2,2,1,1,1,0,1,1,0,2,3,0,1,3,1
21456,2,2,2,1,1,1,0,1,1,1,1,1,0,1,3,1
21457,2,2,2,1,1,1,0,1,1,1,1,2,0,1,3,1
21458,2,2,2,1,1,1,0,1,1,1,1,3,0,1,3,1
21459,2,2,2,1,1,1,0,1,1,1,2,1,0,1,3,1
21460,2,2,2,1,1,1,0,1,1,1,2,2,0,1,3,1
21461,2,2,2,1,1,1,0,1,1,1,2,3,0,1,3,1
21462,2,2,2,1,1,1,0,1,1,2,1,1,0,1,4,1
21463,2,2,2,1,1,1,0,1,1,2,1,2,0,1,4,1
21464,2,2,2,1,1,1,0,1,1,2,1,3,0,1,4,1
21465,2,2,2,1,1,1,0,1,1,2,2,1,0,1,4,1
21466,2,2,2,1,1,1,0,1,1,2,2,2,0,1,4,1
21467,2,2,2,1,1,1,0,1,1,2,2,3,0,1,4,1
21468,2,2,2,1,1,1,0,1,1,3,1,1,0,1,4,1
21469,2,2,2,1,1,1,0,1,1,3,1,2,0,1,4,1
21470,2,2,2,1,1,1,0,1,1,3,1,3,0,1,4,1
21471,2,2,2,1,1,1,0,1,1,3,2,1,0,1,4,1
21472,2,2,2,1,1,1,0,1,1,3,2,2,0,1,4,1
21473,2,2,2,1,1,1,0,1,1,3,2,3,0,1,4,1
21474,2,2,2,1,1,1,0,1,1,4,1,1,0,1,4,1
21475,2,2,2,1,1,1,0,1,1,4,1,2,0,1,4,1
21476,2,2,2,1,1,1,0,1,1,4,1,3,0,1,4,1
21477,2,2,2,1,1,1,0,1,1,4,2,1,0,1,4,1
21478,2,2,2,1,1,1,0,1,1,4,2,2,0,1,4,1
21479,2,2,2,1,1,1,0,1,1,4,2,3,0,1,4,1
21480,2,2,2,1,1,1,1,0,0,0,1,1,,0,3,0
21481,2,2,2,1,1,1,1,0,0,0,1,2,,0,3,0
21482,2,2,2,1,1,1,1,0,0,0,1,3,,0,3,0
21483,2,2,2,1,1,1,1,0,0,0,2,1,,0,3,0
21484,2,2,2,1,1,1,1,0,0,0,2,2,,0,3,0
21485,2,2,2,1,1,1,1,0,0,0,2,3,,0,3,0
21486,2,2,2,1,1,1,1,0,0,1,1,1,,0,3,0
21487,2,2,2,1,1,1,1,0,0,1,1,2,,0,3,0
21488,2,2,2,1,1,1,1,0,0,1,1,3,,0,3,0
21489,2,2,2,1,1,1,1,0,0,1,2,1,,0,3,0
21490,2,2,2,1,1,1,1,0,0,1,2,2,,0,3,0
21491,2,2,2,1,1,1,1,0,0,1,2,3,,0,3,0
21492,2,2,2,1,1,1,1,0,0,2,1,1,,0,4,0
21493,2,2,2,1,1,1,1,0,0,2,1,2,2,1,5,1
21494,2,2,2,1,1,1,1,0,0,2,1,3,2,1,5,1
21495,2,2,2,1,1,1,1,0,0,2,2,1,,0,4,0
21496,2,2,2,1,1,1,1,0,0,2,2,2,,0,4,0
21497,2,2,2,1,1,1,1,0,0,2,2,3,2,1,5,1
21498,2,2,2,1,1,1,1,0,0,3,1,1,,0,4,0
21499,2,2,2,1,1,1,1,0,0,3,1,2,2,1,5,1
21500,2,2,2,1,1,1,1,0,0,3,1,3,2,1,5,1
21501,2,2,2,1,1,1,1,0,0,3,2,1,,0,4,0
21502,2,2,2,1,1,1,1,0,0,3,2,2,,0,4,0
21503,2,2,2,1,1,1,1,0,0,3,2,3,2,1,5,1
21504,2,2,2,1,1,1,1,0,0,4,1,1,,0,4,0
21505,2,2,2,1,1,1,1,0,0,4,1,2,2,1,5,1
21506,2,2,2,1,1,1,1,0,0,4,1,3,2,1,5,1
21507,2,2,2,1,1,1,1,0,0,4,2,1,,0,4,0
21508,2,2,2,1,1,1,1,0,0,4,2,2,,0,4,0
21509,2,2,2,1,1,1,1,0,0,4,2,3,2,1,5,1
21510,2,2,2,1,1,1,1,0,1,0,1,1,0,1,3,1
21511,2,2,2,1,1,1,1,0,1,0,1,2,0,1,3,1
21512,2,2,2,1,1,1,1,0,1,0,1,3,0,1,3,1
21513,2,2,2,1,1,1,1,0,1,0,2,1,0,1,3,1
21514,2,2,2,1,1,1,1,0,1,0,2,2,0,1,3,1
21515,2,2,2,1,1,1,1,0,1,0,2,3,0,1,3,1
21516,2,2,2,1,1,1,1,0,1,1,1,1,0,1,3,1
21517,2,2,2,1,1,1,1,0,1,1,1,2,0,1,3,1
21518,2,2,2,1,1,1,1,0,1,1,1,3,0,1,3,1
21519,2,2,2,1,1,1,1,0,1,1,2,1,0,1,3,1
21520,2,2,2,1,1,1,1,0,1,1,2,2,0,1,3,1
21521,2,2,2,1,1,1,1,0,1,1,2,3,0,1,3,1
21522,2,2,2,1,1,1,1,0,1,2,1,1,0,1,5,1
21523,2,2,2,1,1,1,1,0,1,2,1,2,0,1,5,1
21524,2,2,2,1,1,1,1,0,1,2,1,3,0,1,5,1
21525,2,2,2,1,1,1,1,0,1,2,2,1,0,1,5,1
21526,2,2,2,1,1,1,1,0,1,2,2,2,0,1,5,1
21527,2,2,2,1,1,1,1,0,1,2,2,3,0,1,5,1
21528,2,2,2,1,1,1,1,0,1,3,1,1,0,1,5,1
21529,2,2,2,1,1,1,1,0,1,3,1,2,0,1,5,1
21530,2,2,2,1,1,1,1,0,1,3,1,3,0,1,5,1
21531,2,2,2,1,1,1,1,0,1,3,2,1,0,1,5,1
21532,2,2,2,1,1,1,1,0,1,3,2,2,0,1,5,1
21533,2,2,2,1,1,1,1,0,1,3,2,3,0,1,5,1
21534,2,2,2,1,1,1,1,0,1,4,1,1,0,1,5,1
21535,2,2,2,1,1,1,1,0,1,4,1,2,0,1,5,1
21536,2,2,2,1,1,1,1,0,1,4,1,3,0,1,5,1
21537,2,2,2,1,1,1,1,0,1,4,2,1,0,1,5,1
21538,2,2,2,1,1,1,1,0,1,4,2,2,0,1,5,1
21539,2,2,2,1,1,1,1,0,1,4,2,3,0,1,5,1
21540,2,2,2,1,1,1,1,1,0,0,1,1,,0,3,0
21541,2,2,2,1,1,1,1,1,0,0,1,2,,0,3,0
21542,2,2,2,1,1,1,1,1,0,0,1,3,,0,3,0
21543,2,2,2,1,1,1,1,1,0,0,2,1,,0,3,0
21544,2,2,2,1,1,1,1,1,0,0,2,2,,0,3,0
21545,2,2,2,1,1,1,1,1,0,0,2,3,,0,3,0
21546,2,2,2,1,1,1,1,1,0,1,1,1,,0,3,0
21547,2,2,2,1,1,1,1,1,0,1,1,2,,0,3,0
21548,2,2,2,1,1,1,1,1,0,1,1,3,,0,3,0
21549,2,2,2,1,1,1,1,1,0,1,2,1,,0,3,0
21550,2,2,2,1,1,1,1,1,0,1,2,2,,0,3,0
21551,2,2,2,1,1,1,1,1,0,1,2,3,,0,3,0
21552,2,2,2,1,1,1,1,1,0,2,1,1,,0,4,0
21553,2,2,2,1,1,1,1,1,0,2,1,2,2,1,6,1
21554,2,2,2,1,1,1,1,1,0,2,1,3,2,1,6,1
21555,2,2,2,1,1,1,1,1,0,2,2,1,,0,4,0
21556,2,2,2,1,1,1,1,1,0,2,2,2,,0,4,0
21557,2,2,2,1,1,1,1,1,0,2,2,3,2,1,6,1
21558,2,2,2,1,1,1,1,1,0,3,1,1,,0,4,0
21559,2,2,2,1,1,1,1,1,0,3,1,2,2,1,6,1
21560,2,2,2,1,1,1,1,1,0,3,1,3,2,1,6,1
21561,2,2,2,1,1,1,1,1,0,3,2,1,,0,4,0
21562,2,2,2,1,1,1,1,1,0,3,2,2,,0,4,0
21563,2,2,2,1,1,1,1,1,0,3,2,3,2,1,6,1
21564,2,2,2,1,1,1,1,1,0,4,1,1,,0,4,0
21565,2,2,2,1,1,1,1,1,0,4,1,2,2,1,6,1
21566,2,2,2,1,1,1,1,1,0,4,1,3,2,1,6,1
21567,2,2,2,1,1,1,1,1,0,4,2,1,,0,4,0
21568,2,2,2,1,1,1,1,1,0,4,2,2,,0,4,0
21569,2,2,2,1,1,1,1,1,0,4,2,3,2,1,6,1
21570,2,2,2,1,1,1,1,1,1,0,1,1,0,1,3,1
21571,2,2,2,1,1,1,1,1,1,0,1,2,0,1,3,1
21572,2,2,2,1,1,1,1,1,1,0,1,3,0,1,3,1
21573,2,2,2,1,1,1,1,1,1,0,2,1,0,1,3,1
21574,2,2,2,1,1,1,1,1,1,0,2,2,0,1,3,1
21575,2,2,2,1,1,1,1,1,1,0,2,3,0,1,3,1
21576,2,2,2,1,1,1,1,1,1,1,1,1,0,1,3,1
21577,2,2,2,1,1,1,1,1,1,1,1,2,0,1,3,1
21578,2,2,2,1,1,1,1,1,1,1,1,3,0,1,3,1
21579,2,2,2,1,1,1,1,1,1,1,2,1,0,1,3,1
21580,2,2,2,1,1,1,1,1,1,1,2,2,0,1,3,1
21581,2,2,2,1,1,1,1,1,1,1,2,3,0,1,3,1
21582,2,2,2,1,1,1,1,1,1,2,1,1,0,1,6,1
21583,2,2,2,1,1,1,1,1,1,2,1,2,0,1,6,1
21584,2,2,2,1,1,1,1,1,1,2,1,3,0,1,6,1
21585,2,2,2,1,1,1,1,1,1,2,2,1,0,1,6,1
21586,2,2,2,1,1,1,1,1,1,2,2,2,0,1,6,1
21587,2,2,2,1,1,1,1,1,1,2,2,3,0,1,6,1
21588,2,2,2,1,1,1,1,1,1,3,1,1,0,1,6,1
21589,2,2,2,1,1,1,1,1,1,3,1,2,0,1,6,1
21590,2,2,2,1,1,1,1,1,1,3,1,3,0,1,6,1
21591,2,2,2,1,1,1,1,1,1,3,2,1,0,1,6,1
21592,2,2,2,1,1,1,1,1,1,3,2,2,0,1,6,1
21593,2,2,2,1,1,1,1,1,1,3,2,3,0,1,6,1
21594,2,2,2,1,1,1,1,1,1,4,1,1,0,1,6,1
21595,2,2,2,1,1,1,1,1,1,4,1,2,0,1,6,1
21596,2,2,2,1,1,1,1,1,1,4,1,3,0,1,6,1
21597,2,2,2,1,1,1,1,1,1,4,2,1,0,1,6,1
21598,2,2,2,1,1,1,1,1,1,4,2,2,0,1,6,1
21599,2,2,2,1,1,1,1,1,1,4,2,3,0,1,6,1
21600,2,2,2,1,2,0,0,0,0,0,1,1,,0,4,0
21601,2,2,2,1,2,0,0,0,0,0,1,2,,0,3,0
21602,2,2,2,1,2,0,0,0,0,0,1,3,,0,3,0
21603,2,2,2,1,2,0,0,0,0,0,2,1,,0,4,0
21604,2,2,2,1,2,0,0,0,0,0,2,2,,0,3,0
21605,2,2,2,1,2,0,0,0,0,0,2,3,,0,3,0
21606,2,2,2,1,2,0,0,0,0,1,1,1,,0,4,0
21607,2,2,2,1,2,0,0,0,0,1,1,2,,0,3,0
21608,2,2,2,1,2,0,0,0,0,1,1,3,,0,3,0
21609,2,2,2,1,2,0,0,0,0,1,2,1,,0,4,0
21610,2,2,2,1,2,0,0,0,0,1,2,2,,0,3,0
21611,2,2,2,1,2,0,0,0,0,1,2,3,,0,3,0
21612,2,2,2,1,2,0,0,0,0,2,1,1,2,1,4,1
21613,2,2,2,1,2,0,0,0,0,2,1,2,2,1,3,1
21614,2,2,2,1,2,0,0,0,0,2,1,3,2,1,3,1
21615,2,2,2,1,2,0,0,0,0,2,2,1,2,1,4,1
21616,2,2,2,1,2,0,0,0,0,2,2,2,2,1,3,1
21617,2,2,2,1,2,0,0,0,0,2,2,3,2,1,3,1
21618,2,2,2,1,2,0,0,0,0,3,1,1,2,1,4,1
21619,2,2,2,1,2,0,0,0,0,3,1,2,2,1,3,1
21620,2,2,2,1,2,0,0,0,0,3,1,3,2,1,3,1
21621,2,2,2,1,2,0,0,0,0,3,2,1,2,1,4,1
21622,2,2,2,1,2,0,0,0,0,3,2,2,2,1,3,1
21623,2,2,2,1,2,0,0,0,0,3,2,3,2,1,3,1
21624,2,2,2,1,2,0,0,0,0,4,1,1,2,1,4,1
21625,2,2,2,1,2,0,0,0,0,4,1,2,2,1,3,1
21626,2,2,2,1,2,0,0,0,0,4,1,3,2,1,3,1
21627,2,2,2,1,2,0,0,0,0,4,2,1,2,1,4,1
21628,2,2,2,1,2,0,0,0,0,4,2,2,2,1,3,1
21629,2,2,2,1,2,0,0,0,0,4,2,3,2,1,3,1
21630,2,2,2,1,2,0,0,0,1,0,1,1,0,1,4,1
21631,2,2,2,1,2,0,0,0,1,0,1,2,0,1,3,1
21632,2,2,2,1,2,0,0,0,1,0,1,3,0,1,3,1
21633,2,2,2,1,2,0,0,0,1,0,2,1,0,1,4,1
21634,2,2,2,1,2,0,0,0,1,0,2,2,0,1,3,1
21635,2,2,2,1,2,0,0,0,1,0,2,3,0,1,3,1
21636,2,2,2,1,2,0,0,0,1,1,1,1,0,1,4,1
21637,2,2,2,1,2,0,0,0,1,1,1,2,0,1,3,1
21638,2,2,2,1,2,0,0,0,1,1,1,3,0,1,3,1
21639,2,2,2,1,2,0,0,0,1,1,2,1,0,1,4,1
21640,2,2,2,1,2,0,0,0,1,1,2,2,0,1,3,1
21641,2,2,2,1,2,0,0,0,1,1,2,3,0,1,3,1
21642,2,2,2,1,2,0,0,0,1,2,1,1,0,1,4,1
21643,2,2,2,1,2,0,0,0,1,2,1,2,0,1,3,1
21644,2,2,2,1,2,0,0,0,1,2,1,3,0,1,3,1
21645,2,2,2,1,2,0,0,0,1,2,2,1,0,1,4,1
21646,2,2,2,1,2,0,0,0,1,2,2,2,0,1,3,1
21647,2,2,2,1,2,0,0,0,1,2,2,3,0,1,3,1
21648,2,2,2,1,2,0,0,0,1,3,1,1,0,1,4,1
21649,2,2,2,1,2,0,0,0,1,3,1,2,0,1,3,1
21650,2,2,2,1,2,0,0,0,1,3,1,3,0,1,3,1
21651,2,2,2,1,2,0,0,0,1,3,2,1,0,1,4,1
21652,2,2,2,1,2,0,0,0,1,3,2,2,0,1,3,1
21653,2,2,2,1,2,0,0,0,1,3,2,3,0,1,3,1
21654,2,2,2,1,2,0,0,0,1,4,1,1,0,1,4,1
21655,2,2,2,1,2,0,0,0,1,4,1,2,0,1,3,1
21656,2,2,2,1,2,0,0,0,1,4,1,3,0,1,3,1
21657,2,2,2,1,2,0,0,0,1,4,2,1,0,1,4,1
21658,2,2,2,1,2,0,0,0,1,4,2,2,0,1,3,1
21659,2,2,2,1,2,0,0,0,1,4,2,3,0,1,3,1
21660,2,2,2,1,2,0,0,1,0,0,1,1,,0,4,0
21661,2,2,2,1,2,0,0,1,0,0,1,2,,0,3,0
21662,2,2,2,1,2,0,0,1,0,0,1,3,,0,3,0
21663,2,2,2,1,2,0,0,1,0,0,2,1,,0,4,0
21664,2,2,2,1,2,0,0,1,0,0,2,2,,0,3,0
21665,2,2,2,1,2,0,0,1,0,0,2,3,,0,3,0
21666,2,2,2,1,2,0,0,1,0,1,1,1,,0,4,0
21667,2,2,2,1,2,0,0,1,0,1,1,2,,0,3,0
21668,2,2,2,1,2,0,0,1,0,1,1,3,,0,3,0
21669,2,2,2,1,2,0,0,1,0,1,2,1,,0,4,0
21670,2,2,2,1,2,0,0,1,0,1,2,2,,0,3,0
21671,2,2,2,1,2,0,0,1,0,1,2,3,,0,3,0
21672,2,2,2,1,2,0,0,1,0,2,1,1,2,1,4,1
21673,2,2,2,1,2,0,0,1,0,2,1,2,2,1,3,1
21674,2,2,2,1,2,0,0,1,0,2,1,3,2,1,3,1
21675,2,2,2,1,2,0,0,1,0,2,2,1,2,1,4,1
21676,2,2,2,1,2,0,0,1,0,2,2,2,2,1,3,1
21677,2,2,2,1,2,0,0,1,0,2,2,3,2,1,3,1
21678,2,2,2,1,2,0,0,1,0,3,1,1,2,1,4,1
21679,2,2,2,1,2,0,0,1,0,3,1,2,2,1,3,1
21680,2,2,2,1,2,0,0,1,0,3,1,3,2,1,3,1
21681,2,2,2,1,2,0,0,1,0,3,2,1,2,1,4,1
21682,2,2,2,1,2,0,0,1,0,3,2,2,2,1,3,1
21683,2,2,2,1,2,0,0,1,0,3,2,3,2,1,3,1
21684,2,2,2,1,2,0,0,1,0,4,1,1,2,1,4,1
21685,2,2,2,1,2,0,0,1,0,4,1,2,2,1,3,1
21686,2,2,2,1,2,0,0,1,0,4,1,3,2,1,3,1
21687,2,2,2,1,2,0,0,1,0,4,2,1,2,1,4,1
21688,2,2,2,1,2,0,0,1,0,4,2,2,2,1,3,1
21689,2,2,2,1,2,0,0,1,0,4,2,3,2,1,3,1
21690,2,2,2,1,2,0,0,1,1,0,1,1,0,1,4,1
21691,2,2,2,1,2,0,0,1,1,0,1,2,0,1,3,1
21692,2,2,2,1,2,0,0,1,1,0,1,3,0,1,3,1
21693,2,2,2,1,2,0,0,1,1,0,2,1,0,1,4,1
21694,2,2,2,1,2,0,0,1,1,0,2,2,0,1,3,1
21695,2,2,2,1,2,0,0,1,1,0,2,3,0,1,3,1
21696,2,2,2,1,2,0,0,1,1,1,1,1,0,1,4,1
21697,2,2,2,1,2,0,0,1,1,1,1,2,0,1,3,1
21698,2,2,2,1,2,0,0,1,1,1,1,3,0,1,3,1
21699,2,2,2,1,2,0,0,1,1,1,2,1,0,1,4,1
21700,2,2,2,1,2,0,0,1,1,1,2,2,0,1,3,1
21701,2,2,2,1,2,0,0,1,1,1,2,3,0,1,3,1
21702,2,2,2,1,2,0,0,1,1,2,1,1,0,1,4,1
21703,2,2,2,1,2,0,0,1,1,2,1,2,0,1,3,1
21704,2,2,2,1,2,0,0,1,1,2,1,3,0,1,3,1
21705,2,2,2,1,2,0,0,1,1,2,2,1,0,1,4,1
21706,2,2,2,1,2,0,0,1,1,2,2,2,0,1,3,1
21707,2,2,2,1,2,0,0,1,1,2,2,3,0,1,3,1
21708,2,2,2,1,2,0,0,1,1,3,1,1,0,1,4,1
21709,2,2,2,1,2,0,0,1,1,3,1,2,0,1,3,1
21710,2,2,2,1,2,0,0,1,1,3,1,3,0,1,3,1
21711,2,2,2,1,2,0,0,1,1,3,2,1,0,1,4,1
21712,2,2,2,1,2,0,0,1,1,3,2,2,0,1,3,1
21713,2,2,2,1,2,0,0,1,1,3,2,3,0,1,3,1
21714,2,2,2,1,2,0,0,1,1,4,1,1,0,1,4,1
21715,2,2,2,1,2,0,0,1,1,4,1,2,0,1,3,1
21716,2,2,2,1,2,0,0,1,1,4,1,3,0,1,3,1
21717,2,2,2,1,2,0,0,1,1,4,2,1,0,1,4,1
21718,2,2,2,1,2,0,0,1,1,4,2,2,0,1,3,1
21719,2,2,2,1,2,0,0,1,1,4,2,3,0,1,3,1
21720,2,2,2,1,2,0,1,0,0,0,1,1,,0,4,0
21721,2,2,2,1,2,0,1,0,0,0,1,2,,0,3,0
21722,2,2,2,1,2,0,1,0,0,0,1,3,,0,3,0
21723,2,2,2,1,2,0,1,0,0,0,2,1,,0,4,0
21724,2,2,2,1,2,0,1,0,0,0,2,2,,0,3,0
21725,2,2,2,1,2,0,1,0,0,0,2,3,,0,3,0
21726,2,2,2,1,2,0,1,0,0,1,1,1,,0,4,0
21727,2,2,2,1,2,0,1,0,0,1,1,2,,0,3,0
21728,2,2,2,1,2,0,1,0,0,1,1,3,,0,3,0
21729,2,2,2,1,2,0,1,0,0,1,2,1,,0,4,0
21730,2,2,2,1,2,0,1,0,0,1,2,2,,0,3,0
21731,2,2,2,1,2,0,1,0,0,1,2,3,,0,3,0
21732,2,2,2,1,2,0,1,0,0,2,1,1,,0,5,0
21733,2,2,2,1,2,0,1,0,0,2,1,2,2,1,5,1
21734,2,2,2,1,2,0,1,0,0,2,1,3,2,1,4,1
21735,2,2,2,1,2,0,1,0,0,2,2,1,,0,5,0
21736,2,2,2,1,2,0,1,0,0,2,2,2,,0,4,0
21737,2,2,2,1,2,0,1,0,0,2,2,3,2,1,5,1
21738,2,2,2,1,2,0,1,0,0,3,1,1,,0,5,0
21739,2,2,2,1,2,0,1,0,0,3,1,2,2,1,5,1
21740,2,2,2,1,2,0,1,0,0,3,1,3,2,1,4,1
21741,2,2,2,1,2,0,1,0,0,3,2,1,,0,5,0
21742,2,2,2,1,2,0,1,0,0,3,2,2,,0,4,0
21743,2,2,2,1,2,0,1,0,0,3,2,3,2,1,5,1
21744,2,2,2,1,2,0,1,0,0,4,1,1,,0,5,0
21745,2,2,2,1,2,0,1,0,0,4,1,2,2,1,5,1
21746,2,2,2,1,2,0,1,0,0,4,1,3,2,1,4,1
21747,2,2,2,1,2,0,1,0,0,4,2,1,,0,5,0
21748,2,2,2,1,2,0,1,0,0,4,2,2,,0,4,0
21749,2,2,2,1,2,0,1,0,0,4,2,3,2,1,5,1
21750,2,2,2,1,2,0,1,0,1,0,1,1,0,1,4,1
21751,2,2,2,1,2,0,1,0,1,0,1,2,0,1,3,1
21752,2,2,2,1,2,0,1,0,1,0,1,3,0,1,3,1
21753,2,2,2,1,2,0,1,0,1,0,2,1,0,1,4,1
21754,2,2,2,1,2,0,1,0,1,0,2,2,0,1,3,1
21755,2,2,2,1,2,0,1,0,1,0,2,3,0,1,3,1
21756,2,2,2,1,2,0,1,0,1,1,1,1,0,1,4,1
21757,2,2,2,1,2,0,1,0,1,1,1,2,0,1,3,1
21758,2,2,2,1,2,0,1,0,1,1,1,3,0,1,3,1
21759,2,2,2,1,2,0,1,0,1,1,2,1,0,1,4,1
21760,2,2,2,1,2,0,1,0,1,1,2,2,0,1,3,1
21761,2,2,2,1,2,0,1,0,1,1,2,3,0,1,3,1
21762,2,2,2,1,2,0,1,0,1,2,1,1,0,1,5,1
21763,2,2,2,1,2,0,1,0,1,2,1,2,0,1,5,1
21764,2,2,2,1,2,0,1,0,1,2,1,3,0,1,4,1
21765,2,2,2,1,2,0,1,0,1,2,2,1,0,1,5,1
21766,2,2,2,1,2,0,1,0,1,2,2,2,0,1,4,1
21767,2,2,2,1,2,0,1,0,1,2,2,3,0,1,5,1
21768,2,2,2,1,2,0,1,0,1,3,1,1,0,1,5,1
21769,2,2,2,1,2,0,1,0,1,3,1,2,0,1,5,1
21770,2,2,2,1,2,0,1,0,1,3,1,3,0,1,4,1
21771,2,2,2,1,2,0,1,0,1,3,2,1,0,1,5,1
21772,2,2,2,1,2,0,1,0,1,3,2,2,0,1,4,1
21773,2,2,2,1,2,0,1,0,1,3,2,3,0,1,5,1
21774,2,2,2,1,2,0,1,0,1,4,1,1,0,1,5,1
21775,2,2,2,1,2,0,1,0,1,4,1,2,0,1,5,1
21776,2,2,2,1,2,0,1,0,1,4,1,3,0,1,4,1
21777,2,2,2,1,2,0,1,0,1,4,2,1,0,1,5,1
21778,2,2,2,1,2,0,1,0,1,4,2,2,0,1,4,1
21779,2,2,2,1,2,0,1,0,1,4,2,3,0,1,5,1
21780,2,2,2,1,2,0,1,1,0,0,1,1,,0,4,0
21781,2,2,2,1,2,0,1,1,0,0,1,2,,0,3,0
21782,2,2,2,1,2,0,1,1,0,0,1,3,,0,3,0
21783,2,2,2,1,2,0,1,1,0,0,2,1,,0,4,0
21784,2,2,2,1,2,0,1,1,0,0,2,2,,0,3,0
21785,2,2,2,1,2,0,1,1,0,0,2,3,,0,3,0
21786,2,2,2,1,2,0,1,1,0,1,1,1,,0,4,0
21787,2,2,2,1,2,0,1,1,0,1,1,2,,0,3,0
21788,2,2,2,1,2,0,1,1,0,1,1,3,,0,3,0
21789,2,2,2,1,2,0,1,1,0,1,2,1,,0,4,0
21790,2,2,2,1,2,0,1,1,0,1,2,2,,0,3,0
21791,2,2,2,1,2,0,1,1,0,1,2,3,,0,3,0
21792,2,2,2,1,2,0,1,1,0,2,1,1,,0,5,0
21793,2,2,2,1,2,0,1,1,0,2,1,2,2,1,5,1
21794,2,2,2,1,2,0,1,1,0,2,1,3,2,1,4,1
21795,2,2,2,1,2,0,1,1,0,2,2,1,,0,5,0
21796,2,2,2,1,2,0,1,1,0,2,2,2,,0,4,0
21797,2,2,2,1,2,0,1,1,0,2,2,3,2,1,5,1
21798,2,2,2,1,2,0,1,1,0,3,1,1,,0,5,0
21799,2,2,2,1,2,0,1,1,0,3,1,2,2,1,5,1
21800,2,2,2,1,2,0,1,1,0,3,1,3,2,1,4,1
21801,2,2,2,1,2,0,1,1,0,3,2,1,,0,5,0
21802,2,2,2,1,2,0,1,1,0,3,2,2,,0,4,0
21803,2,2,2,1,2,0,1,1,0,3,2,3,2,1,5,1
21804,2,2,2,1,2,0,1,1,0,4,1,1,,0,5,0
21805,2,2,2,1,2,0,1,1,0,4,1,2,2,1,5,1
21806,2,2,2,1,2,0,1,1,0,4,1,3,2,1,4,1
21807,2,2,2,1,2,0,1,1,0,4,2,1,,0,5,0
21808,2,2,2,1,2,0,1,1,0,4,2,2,,0,4,0
21809,2,2,2,1,2,0,1,1,0,4,2,3,2,1,5,1
21810,2,2,2,1,2,0,1,1,1,0,1,1,0,1,4,1
21811,2,2,2,1,2,0,1,1,1,0,1,2,0,1,3,1
21812,2,2,2,1,2,0,1,1,1,0,1,3,0,1,3,1
21813,2,2,2,1,2,0,1,1,1,0,2,1,0,1,4,1
21814,2,2,2,1,2,0,1,1,1,0,2,2,0,1,3,1
21815,2,2,2,1,2,0,1,1,1,0,2,3,0,1,3,1
21816,2,2,2,1,2,0,1,1,1,1,1,1,0,1,4,1
21817,2,2,2,1,2,0,1,1,1,1,1,2,0,1,3,1
21818,2,2,2,1,2,0,1,1,1,1,1,3,0,1,3,1
21819,2,2,2,1,2,0,1,1,1,1,2,1,0,1,4,1
21820,2,2,2,1,2,0,1,1,1,1,2,2,0,1,3,1
21821,2,2,2,1,2,0,1,1,1,1,2,3,0,1,3,1
21822,2,2,2,1,2,0,1,1,1,2,1,1,0,1,5,1
21823,2,2,2,1,2,0,1,1,1,2,1,2,0,1,5,1
21824,2,2,2,1,2,0,1,1,1,2,1,3,0,1,4,1
21825,2,2,2,1,2,0,1,1,1,2,2,1,0,1,5,1
21826,2,2,2,1,2,0,1,1,1,2,2,2,0,1,4,1
21827,2,2,2,1,2,0,1,1,1,2,2,3,0,1,5,1
21828,2,2,2,1,2,0,1,1,1,3,1,1,0,1,5,1
21829,2,2,2,1,2,0,1,1,1,3,1,2,0,1,5,1
21830,2,2,2,1,2,0,1,1,1,3,1,3,0,1,4,1
21831,2,2,2,1,2,0,1,1,1,3,2,1,0,1,5,1
21832,2,2,2,1,2,0,1,1,1,3,2,2,0,1,4,1
21833,2,2,2,1,2,0,1,1,1,3,2,3,0,1,5,1
21834,2,2,2,1,2,0,1,1,1,4,1,1,0,1,5,1
21835,2,2,2,1,2,0,1,1,1,4,1,2,0,1,5,1
21836,2,2,2,1,2,0,1,1,1,4,1,3,0,1,4,1
21837,2,2,2,1,2,0,1,1,1,4,2,1,0,1,5,1
21838,2,2,2,1,2,0,1,1,1,4,2,2,0,1,4,1
21839,2,2,2,1,2,0,1,1,1,4,2,3,0,1,5,1
21840,2,2,2,1,2,1,0,0,0,0,1,1,,0,4,0
21841,2,2,2,1,2,1,0,0,0,0,1,2,,0,3,0
21842,2,2,2,1,2,1,0,0,0,0,1,3,,0,3,0
21843,2,2,2,1,2,1,0,0,0,0,2,1,,0,4,0
21844,2,2,2,1,2,1,0,0,0,0,2,2,,0,3,0
21845,2,2,2,1,2,1,0,0,0,0,2,3,,0,3,0
21846,2,2,2,1,2,1,0,0,0,1,1,1,,0,4,0
21847,2,2,2,1,2,1,0,0,0,1,1,2,,0,3,0
21848,2,2,2,1,2,1,0,0,0,1,1,3,,0,3,0
21849,2,2,2,1,2,1,0,0,0,1,2,1,,0,4,0
21850,2,2,2,1,2,1,0,0,0,1,2,2,,0,3,0
21851,2,2,2,1,2,1,0,0,0,1,2,3,,0,3,0
21852,2,2,2,1,2,1,0,0,0,2,1,1,,0,5,0
21853,2,2,2,1,2,1,0,0,0,2,1,2,2,1,4,1
21854,2,2,2,1,2,1,0,0,0,2,1,3,2,1,4,1
21855,2,2,2,1,2,1,0,0,0,2,2,1,,0,5,0
21856,2,2,2,1,2,1,0,0,0,2,2,2,2,1,4,1
21857,2,2,2,1,2,1,0,0,0,2,2,3,2,1,4,1
21858,2,2,2,1,2,1,0,0,0,3,1,1,,0,5,0
21859,2,2,2,1,2,1,0,0,0,3,1,2,2,1,4,1
21860,2,2,2,1,2,1,0,0,0,3,1,3,2,1,4,1
21861,2,2,2,1,2,1,0,0,0,3,2,1,,0,5,0
21862,2,2,2,1,2,1,0,0,0,3,2,2,2,1,4,1
21863,2,2,2,1,2,1,0,0,0,3,2,3,2,1,4,1
21864,2,2,2,1,2,1,0,0,0,4,1,1,,0,5,0
21865,2,2,2,1,2,1,0,0,0,4,1,2,2,1,4,1
21866,2,2,2,1,2,1,0,0,0,4,1,3,2,1,4,1
21867,2,2,2,1,2,1,0,0,0,4,2,1,,0,5,0
21868,2,2,2,1,2,1,0,0,0,4,2,2,2,1,4,1
21869,2,2,2,1,2,1,0,0,0,4,2,3,2,1,4,1
21870,2,2,2,1,2,1,0,0,1,0,1,1,0,1,4,1
21871,2,2,2,1,2,1,0,0,1,0,1,2,0,1,3,1
21872,2,2,2,1,2,1,0,0,1,0,1,3,0,1,3,1
21873,2,2,2,1,2,1,0,0,1,0,2,1,0,1,4,1
21874,2,2,2,1,2,1,0,0,1,0,2,2,0,1,3,1
21875,2,2,2,1,2,1,0,0,1,0,2,3,0,1,3,1
21876,2,2,2,1,2,1,0,0,1,1,1,1,0,1,4,1
21877,2,2,2,1,2,1,0,0,1,1,1,2,0,1,3,1
21878,2,2,2,1,2,1,0,0,1,1,1,3,0,1,3,1
21879,2,2,2,1,2,1,0,0,1,1,2,1,0,1,4,1
21880,2,2,2,1,2,1,0,0,1,1,2,2,0,1,3,1
21881,2,2,2,1,2,1,0,0,1,1,2,3,0,1,3,1
21882,2,2,2,1,2,1,0,0,1,2,1,1,0,1,5,1
21883,2,2,2,1,2,1,0,0,1,2,1,2,0,1,4,1
21884,2,2,2,1,2,1,0,0,1,2,1,3,0,1,4,1
21885,2,2,2,1,2,1,0,0,1,2,2,1,0,1,5,1
21886,2,2,2,1,2,1,0,0,1,2,2,2,0,1,4,1
21887,2,2,2,1,2,1,0,0,1,2,2,3,0,1,4,1
21888,2,2,2,1,2,1,0,0,1,3,1,1,0,1,5,1
21889,2,2,2,1,2,1,0,0,1,3,1,2,0,1,4,1
21890,2,2,2,1,2,1,0,0,1,3,1,3,0,1,4,1
21891,2,2,2,1,2,1,0,0,1,3,2,1,0,1,5,1
21892,2,2,2,1,2,1,0,0,1,3,2,2,0,1,4,1
21893,2,2,2,1,2,1,0,0,1,3,2,3,0,1,4,1
21894,2,2,2,1,2,1,0,0,1,4,1,1,0,1,5,1
21895,2,2,2,1,2,1,0,0,1,4,1,2,0,1,4,1
21896,2,2,2,1,2,1,0,0,1,4,1,3,0,1,4,1
21897,2,2,2,1,2,1,0,0,1,4,2,1,0,1,5,1
21898,2,2,2,1,2,1,0,0,1,4,2,2,0,1,4,1
21899,2,2,2,1,2,1,0,0,1,4,2,3,0,1,4,1
21900,2,2,2,1,2,1,0,1,0,0,1,1,,0,4,0
21901,2,2,2,1,2,1,0,1,0,0,1,2,,0,3,0
21902,2,2,2,1,2,1,0,1,0,0,1,3,,0,3,0
21903,2,2,2,1,2,1,0,1,0,0,2,1,,0,4,0
21904,2,2,2,1,2,1,0,1,0,0,2,2,,0,3,0
21905,2,2,2,1,2,1,0,1,0,0,2,3,,0,3,0
21906,2,2,2,1,2,1,0,1,0,1,1,1,,0,4,0
21907,2,2,2,1,2,1,0,1,0,1,1,2,,0,3,0
21908,2,2,2,1,2,1,0,1,0,1,1,3,,0,3,0
21909,2,2,2,1,2,1,0,1,0,1,2,1,,0,4,0
21910,2,2,2,1,2,1,0,1,0,1,2,2,,0,3,0
21911,2,2,2,1,2,1,0,1,0,1,2,3,,0,3,0
21912,2,2,2,1,2,1,0,1,0,2,1,1,2,1,5,1
21913,2,2,2,1,2,1,0,1,0,2,1,2,2,1,4,1
21914,2,2,2,1,2,1,0,1,0,2,1,3,2,1,4,1
21915,2,2,2,1,2,1,0,1,0,2,2,1,2,1,5,1
21916,2,2,2,1,2,1,0,1,0,2,2,2,2,1,4,1
21917,2,2,2,1,2,1,0,1,0,2,2,3,2,1,4,1
21918,2,2,2,1,2,1,0,1,0,3,1,1,2,1,5,1
21919,2,2,2,1,2,1,0,1,0,3,1,2,2,1,4,1
21920,2,2,2,1,2,1,0,1,0,3,1,3,2,1,4,1
21921,2,2,2,1,2,1,0,1,0,3,2,1,2,1,5,1
21922,2,2,2,1,2,1,0,1,0,3,2,2,2,1,4,1
21923,2,2,2,1,2,1,0,1,0,3,2,3,2,1,4,1
21924,2,2,2,1,2,1,0,1,0,4,1,1,2,1,5,1
21925,2,2,2,1,2,1,0,1,0,4,1,2,2,1,4,1
21926,2,2,2,1,2,1,0,1,0,4,1,3,2,1,4,1
21927,2,2,2,1,2,1,0,1,0,4,2,1,2,1,5,1
21928,2,2,2,1,2,1,0,1,0,4,2,2,2,1,4,1
21929,2,2,2,1,2,1,0,1,0,4,2,3,2,1,4,1
21930,2,2,2,1,2,1,0,1,1,0,1,1,0,1,4,1
21931,2,2,2,1,2,1,0,1,1,0,1,2,0,1,3,1
21932,2,2,2,1,2,1,0,1,1,0,1,3,0,1,3,1
21933,2,2,2,1,2,1,0,1,1,0,2,1,0,1,4,1
21934,2,2,2,1,2,1,0,1,1,0,2,2,0,1,3,1
21935,2,2,2,1,2,1,0,1,1,0,2,3,0,1,3,1
21936,2,2,2,1,2,1,0,1,1,1,1,1,0,1,4,1
21937,2,2,2,1,2,1,0,1,1,1,1,2,0,1,3,1
21938,2,2,2,1,2,1,0,1,1,1,1,3,0,1,3,1
21939,2,2,2,1,2,1,0,1,1,1,2,1,0,1,4,1
21940,2,2,2,1,2,1,0,1,1,1,2,2,0,1,3,1
21941,2,2,2,1,2,1,0,1,1,1,2,3,0,1,3,1
21942,2,2,2,1,2,1,0,1,1,2,1,1,0,1,5,1
21943,2,2,2,1,2,1,0,1,1,2,1,2,0,1,4,1
21944,2,2,2,1,2,1,0,1,1,2,1,3,0,1,4,1
21945,2,2,2,1,2,1,0,1,1,2,2,1,0,1,5,1
21946,2,2,2,1,2,1,0,1,1,2,2,2,0,1,4,1
21947,2,2,2,1,2,1,0,1,1,2,2,3,0,1,4,1
21948,2,2,2,1,2,1,0,1,1,3,1,1,0,1,5,1
21949,2,2,2,1,2,1,0,1,1,3,1,2,0,1,4,1
21950,2,2,2,1,2,1,0,1,1,3,1,3,0,1,4,1
21951,2,2,2,1,2,1,0,1,1,3,2,1,0,1,5,1
21952,2,2,2,1,2,1,0,1,1,3,2,2,0,1,4,1
21953,2,2,2,1,2,1,0,1,1,3,2,3,0,1,4,1
21954,2,2,2,1,2,1,0,1,1,4,1,1,0,1,5,1
21955,2,2,2,1,2,1,0,1,1,4,1,2,0,1,4,1
21956,2,2,2,1,2,1,0,1,1,4,1,3,0,1,4,1
21957,2,2,2,1,2,1,0,1,1,4,2,1,0,1,5,1
21958,2,2,2,1,2,1,0,1,1,4,2,2,0,1,4,1
21959,2,2,2,1,2,1,0,1,1,4,2,3,0,1,4,1
21960,2,2,2,1,2,1,1,0,0,0,1,1,,0,4,0
21961,2,2,2,1,2,1,1,0,0,0,1,2,,0,3,0
21962,2,2,2,1,2,1,1,0,0,0,1,3,,0,3,0
21963,2,2,2,1,2,1,1,0,0,0,2,1,,0,4,0
21964,2,2,2,1,2,1,1,0,0,0,2,2,,0,3,0
21965,2,2,2,1,2,1,1,0,0,0,2,3,,0,3,0
21966,2,2,2,1,2,1,1,0,0,1,1,1,,0,4,0
21967,2,2,2,1,2,1,1,0,0,1,1,2,,0,3,0
21968,2,2,2,1,2,1,1,0,0,1,1,3,,0,3,0
21969,2,2,2,1,2,1,1,0,0,1,2,1,,0,4,0
21970,2,2,2,1,2,1,1,0,0,1,2,2,,0,3,0
21971,2,2,2,1,2,1,1,0,0,1,2,3,,0,3,0
21972,2,2,2,1,2,1,1,0,0,2,1,1,,0,5,0
21973,2,2,2,1,2,1,1,0,0,2,1,2,,0,6,0
21974,2,2,2,1,2,1,1,0,0,2,1,3,2,1,5,1
21975,2,2,2,1,2,1,1,0,0,2,2,1,,0,5,0
21976,2,2,2,1,2,1,1,0,0,2,2,2,,0,4,0
21977,2,2,2,1,2,1,1,0,0,2,2,3,,0,6,0
21978,2,2,2,1,2,1,1,0,0,3,1,1,,0,5,0
21979,2,2,2,1,2,1,1,0,0,3,1,2,,0,6,0
21980,2,2,2,1,2,1,1,0,0,3,1,3,2,1,5,1
21981,2,2,2,1,2,1,1,0,0,3,2,1,,0,5,0
21982,2,2,2,1,2,1,1,0,0,3,2,2,,0,4,0
21983,2,2,2,1,2,1,1,0,0,3,2,3,,0,6,0
21984,2,2,2,1,2,1,1,0,0,4,1,1,,0,5,0
21985,2,2,2,1,2,1,1,0,0,4,1,2,,0,6,0
21986,2,2,2,1,2,1,1,0,0,4,1,3,2,1,5,1
21987,2,2,2,1,2,1,1,0,0,4,2,1,,0,5,0
21988,2,2,2,1,2,1,1,0,0,4,2,2,,0,4,0
21989,2,2,2,1,2,1,1,0,0,4,2,3,,0,6,0
21990,2,2,2,1,2,1,1,0,1,0,1,1,0,1,4,1
21991,2,2,2,1,2,1,1,0,1,0,1,2,0,1,3,1
21992,2,2,2,1,2,1,1,0,1,0,1,3,0,1,3,1
21993,2,2,2,1,2,1,1,0,1,0,2,1,0,1,4,1
21994,2,2,2,1,2,1,1,0,1,0,2,2,0,1,3,1
21995,2,2,2,1,2,1,1,0,1,0,2,3,0,1,3,1
21996,2,2,2,1,2,1,1,0,1,1,1,1,0,1,4,1
21997,2,2,2,1,2,1,1,0,1,1,1,2,0,1,3,1
21998,2,2,2,1,2,1,1,0,1,1,1,3,0,1,3,1
21999,2,2,2,1,2,1,1,0,1,1,2,1,0,1,4,1
22000,2,2,2,1,2,1,1,0,1,1,2,2,0,1,3,1
22001,2,2,2,1,2,1,1,0,1,1,2,3,0,1,3,1
22002,2,2,2,1,2,1,1,0,1,2,1,1,0,1,6,1
22003,2,2,2,1,2,1,1,0,1,2,1,2,0,1,6,1
22004,2,2,2,1,2,1,1,0,1,2,1,3,0,1,5,1
22005,2,2,2,1,2,1,1,0,1,2,2,1,0,1,6,1
22006,2,2,2,1,2,1,1,0,1,2,2,2,0,1,5,1
22007,2,2,2,1,2,1,1,0,1,2,2,3,0,1,6,1
22008,2,2,2,1,2,1,1,0,1,3,1,1,0,1,6,1
22009,2,2,2,1,2,1,1,0,1,3,1,2,0,1,6,1
22010,2,2,2,1,2,1,1,0,1,3,1,3,0,1,5,1
22011,2,2,2,1,2,1,1,0,1,3,2,1,0,1,6,1
22012,2,2,2,1,2,1,1,0,1,3,2,2,0,1,5,1
22013,2,2,2,1,2,1,1,0,1,3,2,3,0,1,6,1
22014,2,2,2,1,2,1,1,0,1,4,1,1,0,1,6,1
22015,2,2,2,1,2,1,1,0,1,4,1,2,0,1,6,1
22016,2,2,2,1,2,1,1,0,1,4,1,3,0,1,5,1
22017,2,2,2,1,2,1,1,0,1,4,2,1,0,1,6,1
22018,2,2,2,1,2,1,1,0,1,4,2,2,0,1,5,1
22019,2,2,2,1,2,1,1,0,1,4,2,3,0,1,6,1
22020,2,2,2,1,2,1,1,1,0,0,1,1,,0,4,0
22021,2,2,2,1,2,1,1,1,0,0,1,2,,0,3,0
22022,2,2,2,1,2,1,1,1,0,0,1,3,,0,3,0
22023,2,2,2,1,2,1,1,1,0,0,2,1,,0,4,0
22024,2,2,2,1,2,1,1,1,0,0,2,2,,0,3,0
22025,2,2,2,1,2,1,1,1,0,0,2,3,,0,3,0
22026,2,2,2,1,2,1,1,1,0,1,1,1,,0,4,0
22027,2,2,2,1,2,1,1,1,0,1,1,2,,0,3,0
22028,2,2,2,1,2,1,1,1,0,1,1,3,,0,3,0
22029,2,2,2,1,2,1,1,1,0,1,2,1,,0,4,0
22030,2,2,2,1,2,1,1,1,0,1,2,2,,0,3,0
22031,2,2,2,1,2,1,1,1,0,1,2,3,,0,3,0
22032,2,2,2,1,2,1,1,1,0,2,1,1,,0,5,0
22033,2,2,2,1,2,1,1,1,0,2,1,2,2,1,7,1
22034,2,2,2,1,2,1,1,1,0,2,1,3,2,1,6,1
22035,2,2,2,1,2,1,1,1,0,2,2,1,,0,5,0
22036,2,2,2,1,2,1,1,1,0,2,2,2,,0,4,0
22037,2,2,2,1,2,1,1,1,0,2,2,3,2,1,7,1
22038,2,2,2,1,2,1,1,1,0,3,1,1,,0,5,0
22039,2,2,2,1,2,1,1,1,0,3,1,2,2,1,7,1
22040,2,2,2,1,2,1,1,1,0,3,1,3,2,1,6,1
22041,2,2,2,1,2,1,1,1,0,3,2,1,,0,5,0
22042,2,2,2,1,2,1,1,1,0,3,2,2,,0,4,0
22043,2,2,2,1,2,1,1,1,0,3,2,3,2,1,7,1
22044,2,2,2,1,2,1,1,1,0,4,1,1,,0,5,0
22045,2,2,2,1,2,1,1,1,0,4,1,2,2,1,7,1
22046,2,2,2,1,2,1,1,1,0,4,1,3,2,1,6,1
22047,2,2,2,1,2,1,1,1,0,4,2,1,,0,5,0
22048,2,2,2,1,2,1,1,1,0,4,2,2,,0,4,0
22049,2,2,2,1,2,1,1,1,0,4,2,3,2,1,7,1
22050,2,2,2,1,2,1,1,1,1,0,1,1,0,1,4,1
22051,2,2,2,1,2,1,1,1,1,0,1,2,0,1,3,1
22052,2,2,2,1,2,1,1,1,1,0,1,3,0,1,3,1
22053,2,2,2,1,2,1,1,1,1,0,2,1,0,1,4,1
22054,2,2,2,1,2,1,1,1,1,0,2,2,0,1,3,1
22055,2,2,2,1,2,1,1,1,1,0,2,3,0,1,3,1
22056,2,2,2,1,2,1,1,1,1,1,1,1,0,1,4,1
22057,2,2,2,1,2,1,1,1,1,1,1,2,0,1,3,1
22058,2,2,2,1,2,1,1,1,1,1,1,3,0,1,3,1
22059,2,2,2,1,2,1,1,1,1,1,2,1,0,1,4,1
22060,2,2,2,1,2,1,1,1,1,1,2,2,0,1,3,1
22061,2,2,2,1,2,1,1,1,1,1,2,3,0,1,3,1
22062,2,2,2,1,2,1,1,1,1,2,1,1,0,1,7,1
22063,2,2,2,1,2,1,1,1,1,2,1,2,0,1,7,1
22064,2,2,2,1,2,1,1,1,1,2,1,3,0,1,6,1
22065,2,2,2,1,2,1,1,1,1,2,2,1,0,1,7,1
22066,2,2,2,1,2,1,1,1,1,2,2,2,0,1,6,1
22067,2,2,2,1,2,1,1,1,1,2,2,3,0,1,7,1
22068,2,2,2,1,2,1,1,1,1,3,1,1,0,1,7,1
22069,2,2,2,1,2,1,1,1,1,3,1,2,0,1,7,1
22070,2,2,2,1,2,1,1,1,1,3,1,3,0,1,6,1
22071,2,2,2,1,2,1,1,1,1,3,2,1,0,1,7,1
22072,2,2,2,1,2,1,1,1,1,3,2,2,0,1,6,1
22073,2,2,2,1,2,1,1,1,1,3,2,3,0,1,7,1
22074,2,2,2,1,2,1,1,1,1,4,1,1,0,1,7,1
22075,2,2,2,1,2,1,1,1,1,4,1,2,0,1,7,1
22076,2,2,2,1,2,1,1,1,1,4,1,3,0,1,6,1
22077,2,2,2,1,2,1,1,1,1,4,2,1,0,1,7,1
22078,2,2,2,1,2,1,1,1,1,4,2,2,0,1,6,1
22079,2,2,2,1,2,1,1,1,1,4,2,3,0,1,7,1
22080,2,2,2,2,1,0,0,0,0,0,1,1,,0,4,0
22081,2,2,2,2,1,0,0,0,0,0,1,2,,0,3,0
22082,2,2,2,2,1,0,0,0,0,0,1,3,,0,3,0
22083,2,2,2,2,1,0,0,0,0,0,2,1,,0,4,0
22084,2,2,2,2,1,0,0,0,0,0,2,2,,0,3,0
22085,2,2,2,2,1,0,0,0,0,0,2,3,,0,3,0
22086,2,2,2,2,1,0,0,0,0,1,1,1,,0,4,0
22087,2,2,2,2,1,0,0,0,0,1,1,2,,0,3,0
22088,2,2,2,2,1,0,0,0,0,1,1,3,,0,3,0
22089,2,2,2,2,1,0,0,0,0,1,2,1,,0,4,0
22090,2,2,2,2,1,0,0,0,0,1,2,2,,0,3,0
22091,2,2,2,2,1,0,0,0,0,1,2,3,,0,3,0
22092,2,2,2,2,1,0,0,0,0,2,1,1,2,1,4,1
22093,2,2,2,2,1,0,0,0,0,2,1,2,2,1,3,1
22094,2,2,2,2,1,0,0,0,0,2,1,3,2,1,3,1
22095,2,2,2,2,1,0,0,0,0,2,2,1,2,1,4,1
22096,2,2,2,2,1,0,0,0,0,2,2,2,2,1,3,1
22097,2,2,2,2,1,0,0,0,0,2,2,3,2,1,3,1
22098,2,2,2,2,1,0,0,0,0,3,1,1,2,1,4,1
22099,2,2,2,2,1,0,0,0,0,3,1,2,2,1,3,1
22100,2,2,2,2,1,0,0,0,0,3,1,3,2,1,3,1
22101,2,2,2,2,1,0,0,0,0,3,2,1,2,1,4,1
22102,2,2,2,2,1,0,0,0,0,3,2,2,2,1,3,1
22103,2,2,2,2,1,0,0,0,0,3,2,3,2,1,3,1
22104,2,2,2,2,1,0,0,0,0,4,1,1,2,1,4,1
22105,2,2,2,2,1,0,0,0,0,4,1,2,2,1,3,1
22106,2,2,2,2,1,0,0,0,0,4,1,3,2,1,3,1
22107,2,2,2,2,1,0,0,0,0,4,2,1,2,1,4,1
22108,2,2,2,2,1,0,0,0,0,4,2,2,2,1,3,1
22109,2,2,2,2,1,0,0,0,0,4,2,3,2,1,3,1
22110,2,2,2,2,1,0,0,0,1,0,1,1,0,1,4,1
22111,2,2,2,2,1,0,0,0,1,0,1,2,0,1,3,1
22112,2,2,2,2,1,0,0,0,1,0,1,3,0,1,3,1
22113,2,2,2,2,1,0,0,0,1,0,2,1,0,1,4,1
22114,2,2,2,2,1,0,0,0,1,0,2,2,0,1,3,1
22115,2,2,2,2,1,0,0,0,1,0,2,3,0,1,3,1
22116,2,2,2,2,1,0,0,0,1,1,1,1,0,1,4,1
22117,2,2,2,2,1,0,0,0,1,1,1,2,0,1,3,1
22118,2,2,2,2,1,0,0,0,1,1,1,3,0,1,3,1
22119,2,2,2,2,1,0,0,0,1,1,2,1,0,1,4,1
22120,2,2,2,2,1,0,0,0,1,1,2,2,0,1,3,1
22121,2,2,2,2,1,0,0,0,1,1,2,3,0,1,3,1
22122,2,2,2,2,1,0,0,0,1,2,1,1,0,1,4,1
22123,2,2,2,2,1,0,0,0,1,2,1,2,0,1,3,1
22124,2,2,2,2,1,0,0,0,1,2,1,3,0,1,3,1
22125,2,2,2,2,1,0,0,0,1,2,2,1,0,1,4,1
22126,2,2,2,2,1,0,0,0,1,2,2,2,0,1,3,1
22127,2,2,2,2,1,0,0,0,1,2,2,3,0,1,3,1
22128,2,2,2,2,1,0,0,0,1,3,1,1,0,1,4,1
22129,2,2,2,2,1,0,0,0,1,3,1,2,0,1,3,1
22130,2,2,2,2,1,0,0,0,1,3,1,3,0,1,3,1
22131,2,2,2,2,1,0,0,0,1,3,2,1,0,1,4,1
22132,2,2,2,2,1,0,0,0,1,3,2,2,0,1,3,1
22133,2,2,2,2,1,0,0,0,1,3,2,3,0,1,3,1
22134,2,2,2,2,1,0,0,0,1,4,1,1,0,1,4,1
22135,2,2,2,2,1,0,0,0,1,4,1,2,0,1,3,1
22136,2,2,2,2,1,0,0,0,1,4,1,3,0,1,3,1
22137,2,2,2,2,1,0,0,0,1,4,2,1,0,1,4,1
22138,2,2,2,2,1,0,0,0,1,4,2,2,0,1,3,1
22139,2,2,2,2,1,0,0,0,1,4,2,3,0,1,3,1
22140,2,2,2,2,1,0,0,1,0,0,1,1,,0,4,0
22141,2,2,2,2,1,0,0,1,0,0,1,2,,0,3,0
22142,2,2,2,2,1,0,0,1,0,0,1,3,,0,3,0
22143,2,2,2,2,1,0,0,1,0,0,2,1,,0,4,0
22144,2,2,2,2,1,0,0,1,0,0,2,2,,0,3,0
22145,2,2,2,2,1,0,0,1,0,0,2,3,,0,3,0
22146,2,2,2,2,1,0,0,1,0,1,1,1,,0,4,0
22147,2,2,2,2,1,0,0,1,0,1,1,2,,0,3,0
22148,2,2,2,2,1,0,0,1,0,1,1,3,,0,3,0
22149,2,2,2,2,1,0,0,1,0,1,2,1,,0,4,0
22150,2,2,2,2,1,0,0,1,0,1,2,2,,0,3,0
22151,2,2,2,2,1,0,0,1,0,1,2,3,,0,3,0
22152,2,2,2,2,1,0,0,1,0,2,1,1,2,1,4,1
22153,2,2,2,2,1,0,0,1,0,2,1,2,2,1,3,1
22154,2,2,2,2,1,0,0,1,0,2,1,3,2,1,3,1
22155,2,2,2,2,1,0,0,1,0,2,2,1,2,1,4,1
22156,2,2,2,2,1,0,0,1,0,2,2,2,2,1,3,1
22157,2,2,2,2,1,0,0,1,0,2,2,3,2,1,3,1
22158,2,2,2,2,1,0,0,1,0,3,1,1,2,1,4,1
22159,2,2,2,2,1,0,0,1,0,3,1,2,2,1,3,1
22160,2,2,2,2,1,0,0,1,0,3,1,3,2,1,3,1
22161,2,2,2,2,1,0,0,1,0,3,2,1,2,1,4,1
22162,2,2,2,2,1,0,0,1,0,3,2,2,2,1,3,1
22163,2,2,2,2,1,0,0,1,0,3,2,3,2,1,3,1
22164,2,2,2,2,1,0,0,1,0,4,1,1,2,1,4,1
22165,2,2,2,2,1,0,0,1,0,4,1,2,2,1,3,1
22166,2,2,2,2,1,0,0,1,0,4,1,3,2,1,3,1
22167,2,2,2,2,1,0,0,1,0,4,2,1,2,1,4,1
22168,2,2,2,2,1,0,0,1,0,4,2,2,2,1,3,1
22169,2,2,2,2,1,0,0,1,0,4,2,3,2,1,3,1
22170,2,2,2,2,1,0,0,1,1,0,1,1,0,1,4,1
22171,2,2,2,2,1,0,0,1,1,0,1,2,0,1,3,1
22172,2,2,2,2,1,0,0,1,1,0,1,3,0,1,3,1
22173,2,2,2,2,1,0,0,1,1,0,2,1,0,1,4,1
22174,2,2,2,2,1,0,0,1,1,0,2,2,0,1,3,1
22175,2,2,2,2,1,0,0,1,1,0,2,3,0,1,3,1
22176,2,2,2,2,1,0,0,1,1,1,1,1,0,1,4,1
22177,2,2,2,2,1,0,0,1,1,1,1,2,0,1,3,1
22178,2,2,2,2,1,0,0,1,1,1,1,3,0,1,3,1
22179,2,2,2,2,1,0,0,1,1,1,2,1,0,1,4,1
22180,2,2,2,2,1,0,0,1,1,1,2,2,0,1,3,1
22181,2,2,2,2,1,0,0,1,1,1,2,3,0,1,3,1
22182,2,2,2,2,1,0,0,1,1,2,1,1,0,1,4,1
22183,2,2,2,2,1,0,0,1,1,2,1,2,0,1,3,1
22184,2,2,2,2,1,0,0,1,1,2,1,3,0,1,3,1
22185,2,2,2,2,1,0,0,1,1,2,2,1,0,1,4,1
22186,2,2,2,2,1,0,0,1,1,2,2,2,0,1,3,1
22187,2,2,2,2,1,0,0,1,1,2,2,3,0,1,3,1
22188,2,2,2,2,1,0,0,1,1,3,1,1,0,1,4,1
22189,2,2,2,2,1,0,0,1,1,3,1,2,0,1,3,1
22190,2,2,2,2,1,0,0,1,1,3,1,3,0,1,3,1
22191,2,2,2,2,1,0,0,1,1,3,2,1,0,1,4,1
22192,2,2,2,2,1,0,0,1,1,3,2,2,0,1,3,1
22193,2,2,2,2,1,0,0,1,1,3,2,3,0,1,3,1
22194,2,2,2,2,1,0,0,1,1,4,1,1,0,1,4,1
22195,2,2,2,2,1,0,0,1,1,4,1,2,0,1,3,1
22196,2,2,2,2,1,0,0,1,1,4,1,3,0,1,3,1
22197,2,2,2,2,1,0,0,1,1,4,2,1,0,1,4,1
22198,2,2,2,2,1,0,0,1,1,4,2,2,0,1,3,1
22199,2,2,2,2,1,0,0,1,1,4,2,3,0,1,3,1
22200,2,2,2,2,1,0,1,0,0,0,1,1,,0,4,0
22201,2,2,2,2,1,0,1,0,0,0,1,2,,0,3,0
22202,2,2,2,2,1,0,1,0,0,0,1,3,,0,3,0
22203,2,2,2,2,1,0,1,0,0,0,2,1,,0,4,0
22204,2,2,2,2,1,0,1,0,0,0,2,2,,0,3,0
22205,2,2,2,2,1,0,1,0,0,0,2,3,,0,3,0
22206,2,2,2,2,1,0,1,0,0,1,1,1,,0,4,0
22207,2,2,2,2,1,0,1,0,0,1,1,2,,0,3,0
22208,2,2,2,2,1,0,1,0,0,1,1,3,,0,3,0
22209,2,2,2,2,1,0,1,0,0,1,2,1,,0,4,0
22210,2,2,2,2,1,0,1,0,0,1,2,2,,0,3,0
22211,2,2,2,2,1,0,1,0,0,1,2,3,,0,3,0
22212,2,2,2,2,1,0,1,0,0,2,1,1,,0,5,0
22213,2,2,2,2,1,0,1,0,0,2,1,2,2,1,5,1
22214,2,2,2,2,1,0,1,0,0,2,1,3,2,1,4,1
22215,2,2,2,2,1,0,1,0,0,2,2,1,,0,5,0
22216,2,2,2,2,1,0,1,0,0,2,2,2,,0,4,0
22217,2,2,2,2,1,0,1,0,0,2,2,3,2,1,5,1
22218,2,2,2,2,1,0,1,0,0,3,1,1,,0,5,0
22219,2,2,2,2,1,0,1,0,0,3,1,2,2,1,5,1
22220,2,2,2,2,1,0,1,0,0,3,1,3,2,1,4,1
22221,2,2,2,2,1,0,1,0,0,3,2,1,,0,5,0
22222,2,2,2,2,1,0,1,0,0,3,2,2,,0,4,0
22223,2,2,2,2,1,0,1,0,0,3,2,3,2,1,5,1
22224,2,2,2,2,1,0,1,0,0,4,1,1,,0,5,0
22225,2,2,2,2,1,0,1,0,0,4,1,2,2,1,5,1
22226,2,2,2,2,1,0,1,0,0,4,1,3,2,1,4,1
22227,2,2,2,2,1,0,1,0,0,4,2,1,,0,5,0
22228,2,2,2,2,1,0,1,0,0,4,2,2,,0,4,0
22229,2,2,2,2,1,0,1,0,0,4,2,3,2,1,5,1
22230,2,2,2,2,1,0,1,0,1,0,1,1,0,1,4,1
22231,2,2,2,2,1,0,1,0,1,0,1,2,0,1,3,1
22232,2,2,2,2,1,0,1,0,1,0,1,3,0,1,3,1
22233,2,2,2,2,1,0,1,0,1,0,2,1,0,1,4,1
22234,2,2,2,2,1,0,1,0,1,0,2,2,0,1,3,1
22235,2,2,2,2,1,0,1,0,1,0,2,3,0,1,3,1
22236,2,2,2,2,1,0,1,0,1,1,1,1,0,1,4,1
22237,2,2,2,2,1,0,1,0,1,1,1,2,0,1,3,1
22238,2,2,2,2,1,0,1,0,1,1,1,3,0,1,3,1
22239,2,2,2,2,1,0,1,0,1,1,2,1,0,1,4,1
22240,2,2,2,2,1,0,1,0,1,1,2,2,0,1,3,1
22241,2,2,2,2,1,0,1,0,1,1,2,3,0,1,3,1
22242,2,2,2,2,1,0,1,0,1,2,1,1,0,1,5,1
22243,2,2,2,2,1,0,1,0,1,2,1,2,0,1,5,1
22244,2,2,2,2,1,0,1,0,1,2,1,3,0,1,4,1
22245,2,2,2,2,1,0,1,0,1,2,2,1,0,1,5,1
22246,2,2,2,2,1,0,1,0,1,2,2,2,0,1,4,1
22247,2,2,2,2,1,0,1,0,1,2,2,3,0,1,5,1
22248,2,2,2,2,1,0,1,0,1,3,1,1,0,1,5,1
22249,2,2,2,2,1,0,1,0,1,3,1,2,0,1,5,1
22250,2,2,2,2,1,0,1,0,1,3,1,3,0,1,4,1
22251,2,2,2,2,1,0,1,0,1,3,2,1,0,1,5,1
22252,2,2,2,2,1,0,1,0,1,3,2,2,0,1,4,1
22253,2,2,2,2,1,0,1,0,1,3,2,3,0,1,5,1
22254,2,2,2,2,1,0,1,0,1,4,1,1,0,1,5,1
22255,2,2,2,2,1,0,1,0,1,4,1,2,0,1,5,1
22256,2,2,2,2,1,0,1,0,1,4,1,3,0,1,4,1
22257,2,2,2,2,1,0,1,0,1,4,2,1,0,1,5,1
22258,2,2,2,2,1,0,1,0,1,4,2,2,0,1,4,1
22259,2,2,2,2,1,0,1,0,1,4,2,3,0,1,5,1
22260,2,2,2,2,1,0,1,1,0,0,1,1,,0,4,0
22261,2,2,2,2,1,0,1,1,0,0,1,2,,0,3,0
22262,2,2,2,2,1,0,1,1,0,0,1,3,,0,3,0
22263,2,2,2,2,1,0,1,1,0,0,2,1,,0,4,0
22264,2,2,2,2,1,0,1,1,0,0,2,2,,0,3,0
22265,2,2,2,2,1,0,1,1,0,0,2,3,,0,3,0
22266,2,2,2,2,1,0,1,1,0,1,1,1,,0,4,0
22267,2,2,2,2,1,0,1,1,0,1,1,2,,0,3,0
22268,2,2,2,2,1,0,1,1,0,1,1,3,,0,3,0
22269,2,2,2,2,1,0,1,1,0,1,2,1,,0,4,0
22270,2,2,2,2,1,0,1,1,0,1,2,2,,0,3,0
22271,2,2,2,2,1,0,1,1,0,1,2,3,,0,3,0
22272,2,2,2,2,1,0,1,1,0,2,1,1,,0,5,0
22273,2,2,2,2,1,0,1,1,0,2,1,2,2,1,5,1
22274,2,2,2,2,1,0,1,1,0,2,1,3,2,1,4,1
22275,2,2,2,2,1,0,1,1,0,2,2,1,,0,5,0
22276,2,2,2,2,1,0,1,1,0,2,2,2,,0,4,0
22277,2,2,2,2,1,0,1,1,0,2,2,3,2,1,5,1
22278,2,2,2,2,1,0,1,1,0,3,1,1,,0,5,0
22279,2,2,2,2,1,0,1,1,0,3,1,2,2,1,5,1
22280,2,2,2,2,1,0,1,1,0,3,1,3,2,1,4,1
22281,2,2,2,2,1,0,1,1,0,3,2,1,,0,5,0
22282,2,2,2,2,1,0,1,1,0,3,2,2,,0,4,0
22283,2,2,2,2,1,0,1,1,0,3,2,3,2,1,5,1
22284,2,2,2,2,1,0,1,1,0,4,1,1,,0,5,0
22285,2,2,2,2,1,0,1,1,0,4,1,2,2,1,5,1
22286,2,2,2,2,1,0,1,1,0,4,1,3,2,1,4,1
22287,2,2,2,2,1,0,1,1,0,4,2,1,,0,5,0
22288,2,2,2,2,1,0,1,1,0,4,2,2,,0,4,0
22289,2,2,2,2,1,0,1,1,0,4,2,3,2,1,5,1
22290,2,2,2,2,1,0,1,1,1,0,1,1,0,1,4,1
22291,2,2,2,2,1,0,1,1,1,0,1,2,0,1,3,1
22292,2,2,2,2,1,0,1,1,1,0,1,3,0,1,3,1
22293,2,2,2,2,1,0,1,1,1,0,2,1,0,1,4,1
22294,2,2,2,2,1,0,1,1,1,0,2,2,0,1,3,1
22295,2,2,2,2,1,0,1,1,1,0,2,3,0,1,3,1
22296,2,2,2,2,1,0,1,1,1,1,1,1,0,1,4,1
22297,2,2,2,2,1,0,1,1,1,1,1,2,0,1,3,1
22298,2,2,2,2,1,0,1,1,1,1,1,3,0,1,3,1
22299,2,2,2,2,1,0,1,1,1,1,2,1,0,1,4,1
22300,2,2,2,2,1,0,1,1,1,1,2,2,0,1,3,1
22301,2,2,2,2,1,0,1,1,1,1,2,3,0,1,3,1
22302,2,2,2,2,1,0,1,1,1,2,1,1,0,1,5,1
22303,2,2,2,2,1,0,1,1,1,2,1,2,0,1,5,1
22304,2,2,2,2,1,0,1,1,1,2,1,3,0,1,4,1
22305,2,2,2,2,1,0,1,1,1,2,2,1,0,1,5,1
22306,2,2,2,2,1,0,1,1,1,2,2,2,0,1,4,1
22307,2,2,2,2,1,0,1,1,1,2,2,3,0,1,5,1
22308,2,2,2,2,1,0,1,1,1,3,1,1,0,1,5,1
22309,2,2,2,2,1,0,1,1,1,3,1,2,0,1,5,1
22310,2,2,2,2,1,0,1,1,1,3,1,3,0,1,4,1
22311,2,2,2,2,1,0,1,1,1,3,2,1,0,1,5,1
22312,2,2,2,2,1,0,1,1,1,3,2,2,0,1,4,1
22313,2,2,2,2,1,0,1,1,1,3,2,3,0,1,5,1
22314,2,2,2,2,1,0,1,1,1,4,1,1,0,1,5,1
22315,2,2,2,2,1,0,1,1,1,4,1,2,0,1,5,1
22316,2,2,2,2,1,0,1,1,1,4,1,3,0,1,4,1
22317,2,2,2,2,1,0,1,1,1,4,2,1,0,1,5,1
22318,2,2,2,2,1,0,1,1,1,4,2,2,0,1,4,1
22319,2,2,2,2,1,0,1,1,1,4,2,3,0,1,5,1
22320,2,2,2,2,1,1,0,0,0,0,1,1,,0,4,0
22321,2,2,2,2,1,1,0,0,0,0,1,2,,0,3,0
22322,2,2,2,2,1,1,0,0,0,0,1,3,,0,3,0
22323,2,2,2,2,1,1,0,0,0,0,2,1,,0,4,0
22324,2,2,2,2,1,1,0,0,0,0,2,2,,0,3,0
22325,2,2,2,2,1,1,0,0,0,0,2,3,,0,3,0
22326,2,2,2,2,1,1,0,0,0,1,1,1,,0,4,0
22327,2,2,2,2,1,1,0,0,0,1,1,2,,0,3,0
22328,2,2,2,2,1,1,0,0,0,1,1,3,,0,3,0
22329,2,2,2,2,1,1,0,0,0,1,2,1,,0,4,0
22330,2,2,2,2,1,1,0,0,0,1,2,2,,0,3,0
22331,2,2,2,2,1,1,0,0,0,1,2,3,,0,3,0
22332,2,2,2,2,1,1,0,0,0,2,1,1,2,1,4,1
22333,2,2,2,2,1,1,0,0,0,2,1,2,2,1,4,1
22334,2,2,2,2,1,1,0,0,0,2,1,3,2,1,4,1
22335,2,2,2,2,1,1,0,0,0,2,2,1,2,1,4,1
22336,2,2,2,2,1,1,0,0,0,2,2,2,2,1,4,1
22337,2,2,2,2,1,1,0,0,0,2,2,3,2,1,4,1
22338,2,2,2,2,1,1,0,0,0,3,1,1,2,1,4,1
22339,2,2,2,2,1,1,0,0,0,3,1,2,2,1,4,1
22340,2,2,2,2,1,1,0,0,0,3,1,3,2,1,4,1
22341,2,2,2,2,1,1,0,0,0,3,2,1,2,1,4,1
22342,2,2,2,2,1,1,0,0,0,3,2,2,2,1,4,1
22343,2,2,2,2,1,1,0,0,0,3,2,3,2,1,4,1
22344,2,2,2,2,1,1,0,0,0,4,1,1,2,1,4,1
22345,2,2,2,2,1,1,0,0,0,4,1,2,2,1,4,1
22346,2,2,2,2,1,1,0,0,0,4,1,3,2,1,4,1
22347,2,2,2,2,1,1,0,0,0,4,2,1,2,1,4,1
22348,2,2,2,2,1,1,0,0,0,4,2,2,2,1,4,1
22349,2,2,2,2,1,1,0,0,0,4,2,3,2,1,4,1
22350,2,2,2,2,1,1,0,0,1,0,1,1,0,1,4,1
22351,2,2,2,2,1,1,0,0,1,0,1,2,0,1,3,1
22352,2,2,2,2,1,1,0,0,1,0,1,3,0,1,3,1
22353,2,2,2,2,1,1,0,0,1,0,2,1,0,1,4,1
22354,2,2,2,2,1,1,0,0,1,0,2,2,0,1,3,1
22355,2,2,2,2,1,1,0,0,1,0,2,3,0,1,3,1
22356,2,2,2,2,1,1,0,0,1,1,1,1,0,1,4,1
22357,2,2,2,2,1,1,0,0,1,1,1,2,0,1,3,1
22358,2,2,2,2,1,1,0,0,1,1,1,3,0,1,3,1
22359,2,2,2,2,1,1,0,0,1,1,2,1,0,1,4,1
22360,2,2,2,2,1,1,0,0,1,1,2,2,0,1,3,1
22361,2,2,2,2,1,1,0,0,1,1,2,3,0,1,3,1
22362,2,2,2,2,1,1,0,0,1,2,1,1,0,1,5,1
22363,2,2,2,2,1,1,0,0,1,2,1,2,0,1,4,1
22364,2,2,2,2,1,1,0,0,1,2,1,3,0,1,4,1
22365,2,2,2,2,1,1,0,0,1,2,2,1,0,1,5,1
22366,2,2,2,2,1,1,0,0,1,2,2,2,0,1,4,1
22367,2,2,2,2,1,1,0,0,1,2,2,3,0,1,4,1
22368,2,2,2,2,1,1,0,0,1,3,1,1,0,1,5,1
22369,2,2,2,2,1,1,0,0,1,3,1,2,0,1,4,1
22370,2,2,2,2,1,1,0,0,1,3,1,3,0,1,4,1
22371,2,2,2,2,1,1,0,0,1,3,2,1,0,1,5,1
22372,2,2,2,2,1,1,0,0,1,3,2,2,0,1,4,1
22373,2,2,2,2,1,1,0,0,1,3,2,3,0,1,4,1
22374,2,2,2,2,1,1,0,0,1,4,1,1,0,1,5,1
22375,2,2,2,2,1,1,0,0,1,4,1,2,0,1,4,1
22376,2,2,2,2,1,1,0,0,1,4,1,3,0,1,4,1
22377,2,2,2,2,1,1,0,0,1,4,2,1,0,1,5,1
22378,2,2,2,2,1,1,0,0,1,4,2,2,0,1,4,1
22379,2,2,2,2,1,1,0,0,1,4,2,3,0,1,4,1
22380,2,2,2,2,1,1,0,1,0,0,1,1,,0,4,0
22381,2,2,2,2,1,1,0,1,0,0,1,2,,0,3,0
22382,2,2,2,2,1,1,0,1,0,0,1,3,,0,3,0
22383,2,2,2,2,1,1,0,1,0,0,2,1,,0,4,0
22384,2,2,2,2,1,1,0,1,0,0,2,2,,0,3,0
22385,2,2,2,2,1,1,0,1,0,0,2,3,,0,3,0
22386,2,2,2,2,1,1,0,1,0,1,1,1,,0,4,0
22387,2,2,2,2,1,1,0,1,0,1,1,2,,0,3,0
22388,2,2,2,2,1,1,0,1,0,1,1,3,,0,3,0
22389,2,2,2,2,1,1,0,1,0,1,2,1,,0,4,0
22390,2,2,2,2,1,1,0,1,0,1,2,2,,0,3,0
22391,2,2,2,2,1,1,0,1,0,1,2,3,,0,3,0
22392,2,2,2,2,1,1,0,1,0,2,1,1,2,1,4,1
22393,2,2,2,2,1,1,0,1,0,2,1,2,2,1,4,1
22394,2,2,2,2,1,1,0,1,0,2,1,3,2,1,4,1
22395,2,2,2,2,1,1,0,1,0,2,2,1,2,1,4,1
22396,2,2,2,2,1,1,0,1,0,2,2,2,2,1,4,1
22397,2,2,2,2,1,1,0,1,0,2,2,3,2,1,4,1
22398,2,2,2,2,1,1,0,1,0,3,1,1,2,1,4,1
22399,2,2,2,2,1,1,0,1,0,3,1,2,2,1,4,1
22400,2,2,2,2,1,1,0,1,0,3,1,3,2,1,4,1
22401,2,2,2,2,1,1,0,1,0,3,2,1,2,1,4,1
22402,2,2,2,2,1,1,0,1,0,3,2,2,2,1,4,1
22403,2,2,2,2,1,1,0,1,0,3,2,3,2,1,4,1
22404,2,2,2,2,1,1,0,1,0,4,1,1,2,1,4,1
22405,2,2,2,2,1,1,0,1,0,4,1,2,2,1,4,1
22406,2,2,2,2,1,1,0,1,0,4,1,3,2,1,4,1
22407,2,2,2,2,1,1,0,1,0,4,2,1,2,1,4,1
22408,2,2,2,2,1,1,0,1,0,4,2,2,2,1,4,1
22409,2,2,2,2,1,1,0,1,0,4,2,3,2,1,4,1
22410,2,2,2,2,1,1,0,1,1,0,1,1,0,1,4,1
22411,2,2,2,2,1,1,0,1,1,0,1,2,0,1,3,1
22412,2,2,2,2,1,1,0,1,1,0,1,3,0,1,3,1
22413,2,2,2,2,1,1,0,1,1,0,2,1,0,1,4,1
22414,2,2,2,2,1,1,0,1,1,0,2,2,0,1,3,1
22415,2,2,2,2,1,1,0,1,1,0,2,3,0,1,3,1
22416,2,2,2,2,1,1,0,1,1,1,1,1,0,1,4,1
22417,2,2,2,2,1,1,0,1,1,1,1,2,0,1,3,1
22418,2,2,2,2,1,1,0,1,1,1,1,3,0,1,3,1
22419,2,2,2,2,1,1,0,1,1,1,2,1,0,1,4,1
22420,2,2,2,2,1,1,0,1,1,1,2,2,0,1,3,1
22421,2,2,2,2,1,1,0,1,1,1,2,3,0,1,3,1
22422,2,2,2,2,1,1,0,1,1,2,1,1,0,1,5,1
22423,2,2,2,2,1,1,0,1,1,2,1,2,0,1,4,1
22424,2,2,2,2,1,1,0,1,1,2,1,3,0,1,4,1
22425,2,2,2,2,1,1,0,1,1,2,2,1,0,1,5,1
22426,2,2,2,2,1,1,0,1,1,2,2,2,0,1,4,1
22427,2,2,2,2,1,1,0,1,1,2,2,3,0,1,4,1
22428,2,2,2,2,1,1,0,1,1,3,1,1,0,1,5,1
22429,2,2,2,2,1,1,0,1,1,3,1,2,0,1,4,1
22430,2,2,2,2,1,1,0,1,1,3,1,3,0,1,4,1
22431,2,2,2,2,1,1,0,1,1,3,2,1,0,1,5,1
22432,2,2,2,2,1,1,0,1,1,3,2,2,0,1,4,1
22433,2,2,2,2,1,1,0,1,1,3,2,3,0,1,4,1
22434,2,2,2,2,1,1,0,1,1,4,1,1,0,1,5,1
22435,2,2,2,2,1,1,0,1,1,4,1,2,0,1,4,1
22436,2,2,2,2,1,1,0,1,1,4,1,3,0,1,4,1
22437,2,2,2,2,1,1,0,1,1,4,2,1,0,1,5,1
22438,2,2,2,2,1,1,0,1,1,4,2,2,0,1,4,1
22439,2,2,2,2,1,1,0,1,1,4,2,3,0,1,4,1
22440,2,2,2,2,1,1,1,0,0,0,1,1,,0,4,0
22441,2,2,2,2,1,1,1,0,0,0,1,2,,0,3,0
22442,2,2,2,2,1,1,1,0,0,0,1,3,,0,3,0
22443,2,2,2,2,1,1,1,0,0,0,2,1,,0,4,0
22444,2,2,2,2,1,1,1,0,0,0,2,2,,0,3,0
22445,2,2,2,2,1,1,1,0,0,0,2,3,,0,3,0
22446,2,2,2,2,1,1,1,0,0,1,1,1,,0,4,0
22447,2,2,2,2,1,1,1,0,0,1,1,2,,0,3,0
22448,2,2,2,2,1,1,1,0,0,1,1,3,,0,3,0
22449,2,2,2,2,1,1,1,0,0,1,2,1,,0,4,0
22450,2,2,2,2,1,1,1,0,0,1,2,2,,0,3,0
22451,2,2,2,2,1,1,1,0,0,1,2,3,,0,3,0
22452,2,2,2,2,1,1,1,0,0,2,1,1,,0,5,0
22453,2,2,2,2,1,1,1,0,0,2,1,2,2,1,5,1
22454,2,2,2,2,1,1,1,0,0,2,1,3,2,1,5,1
22455,2,2,2,2,1,1,1,0,0,2,2,1,,0,5,0
22456,2,2,2,2,1,1,1,0,0,2,2,2,,0,4,0
22457,2,2,2,2,1,1,1,0,0,2,2,3,2,1,5,1
22458,2,2,2,2,1,1,1,0,0,3,1,1,,0,5,0
22459,2,2,2,2,1,1,1,0,0,3,1,2,2,1,5,1
22460,2,2,2,2,1,1,1,0,0,3,1,3,2,1,5,1
22461,2,2,2,2,1,1,1,0,0,3,2,1,,0,5,0
22462,2,2,2,2,1,1,1,0,0,3,2,2,,0,4,0
22463,2,2,2,2,1,1,1,0,0,3,2,3,2,1,5,1
22464,2,2,2,2,1,1,1,0,0,4,1,1,,0,5,0
22465,2,2,2,2,1,1,1,0,0,4,1,2,2,1,5,1
22466,2,2,2,2,1,1,1,0,0,4,1,3,2,1,5,1
22467,2,2,2,2,1,1,1,0,0,4,2,1,,0,5,0
22468,2,2,2,2,1,1,1,0,0,4,2,2,,0,4,0
22469,2,2,2,2,1,1,1,0,0,4,2,3,2,1,5,1
22470,2,2,2,2,1,1,1,0,1,0,1,1,0,1,4,1
22471,2,2,2,2,1,1,1,0,1,0,1,2,0,1,3,1
22472,2,2,2,2,1,1,1,0,1,0,1,3,0,1,3,1
22473,2,2,2,2,1,1,1,0,1,0,2,1,0,1,4,1
22474,2,2,2,2,1,1,1,0,1,0,2,2,0,1,3,1
22475,2,2,2,2,1,1,1,0,1,0,2,3,0,1,3,1
22476,2,2,2,2,1,1,1,0,1,1,1,1,0,1,4,1
22477,2,2,2,2,1,1,1,0,1,1,1,2,0,1,3,1
22478,2,2,2,2,1,1,1,0,1,1,1,3,0,1,3,1
22479,2,2,2,2,1,1,1,0,1,1,2,1,0,1,4,1
22480,2,2,2,2,1,1,1,0,1,1,2,2,0,1,3,1
22481,2,2,2,2,1,1,1,0,1,1,2,3,0,1,3,1
22482,2,2,2,2,1,1,1,0,1,2,1,1,0,1,6,1
22483,2,2,2,2,1,1,1,0,1,2,1,2,0,1,6,1
22484,2,2,2,2,1,1,1,0,1,2,1,3,0,1,5,1
22485,2,2,2,2,1,1,1,0,1,2,2,1,0,1,6,1
22486,2,2,2,2,1,1,1,0,1,2,2,2,0,1,5,1
22487,2,2,2,2,1,1,1,0,1,2,2,3,0,1,6,1
22488,2,2,2,2,1,1,1,0,1,3,1,1,0,1,6,1
22489,2,2,2,2,1,1,1,0,1,3,1,2,0,1,6,1
22490,2,2,2,2,1,1,1,0,1,3,1,3,0,1,5,1
22491,2,2,2,2,1,1,1,0,1,3,2,1,0,1,6,1
22492,2,2,2,2,1,1,1,0,1,3,2,2,0,1,5,1
22493,2,2,2,2,1,1,1,0,1,3,2,3,0,1,6,1
22494,2,2,2,2,1,1,1,0,1,4,1,1,0,1,6,1
22495,2,2,2,2,1,1,1,0,1,4,1,2,0,1,6,1
22496,2,2,2,2,1,1,1,0,1,4,1,3,0,1,5,1
22497,2,2,2,2,1,1,1,0,1,4,2,1,0,1,6,1
22498,2,2,2,2,1,1,1,0,1,4,2,2,0,1,5,1
22499,2,2,2,2,1,1,1,0,1,4,2,3,0,1,6,1
22500,2,2,2,2,1,1,1,1,0,0,1,1,,0,4,0
22501,2,2,2,2,1,1,1,1,0,0,1,2,,0,3,0
22502,2,2,2,2,1,1,1,1,0,0,1,3,,0,3,0
22503,2,2,2,2,1,1,1,1,0,0,2,1,,0,4,0
22504,2,2,2,2,1,1,1,1,0,0,2,2,,0,3,0
22505,2,2,2,2,1,1,1,1,0,0,2,3,,0,3,0
22506,2,2,2,2,1,1,1,1,0,1,1,1,,0,4,0
22507,2,2,2,2,1,1,1,1,0,1,1,2,,0,3,0
22508,2,2,2,2,1,1,1,1,0,1,1,3,,0,3,0
22509,2,2,2,2,1,1,1,1,0,1,2,1,,0,4,0
22510,2,2,2,2,1,1,1,1,0,1,2,2,,0,3,0
22511,2,2,2,2,1,1,1,1,0,1,2,3,,0,3,0
22512,2,2,2,2,1,1,1,1,0,2,1,1,,0,5,0
22513,2,2,2,2,1,1,1,1,0,2,1,2,2,1,5,1
22514,2,2,2,2,1,1,1,1,0,2,1,3,2,1,6,1
22515,2,2,2,2,1,1,1,1,0,2,2,1,,0,5,0
22516,2,2,2,2,1,1,1,1,0,2,2,2,,0,4,0
22517,2,2,2,2,1,1,1,1,0,2,2,3,2,1,5,1
22518,2,2,2,2,1,1,1,1,0,3,1,1,,0,5,0
22519,2,2,2,2,1,1,1,1,0,3,1,2,2,1,5,1
22520,2,2,2,2,1,1,1,1,0,3,1,3,2,1,6,1
22521,2,2,2,2,1,1,1,1,0,3,2,1,,0,5,0
22522,2,2,2,2,1,1,1,1,0,3,2,2,,0,4,0
22523,2,2,2,2,1,1,1,1,0,3,2,3,2,1,5,1
22524,2,2,2,2,1,1,1,1,0,4,1,1,,0,5,0
22525,2,2,2,2,1,1,1,1,0,4,1,2,2,1,5,1
22526,2,2,2,2,1,1,1,1,0,4,1,3,2,1,6,1
22527,2,2,2,2,1,1,1,1,0,4,2,1,,0,5,0
22528,2,2,2,2,1,1,1,1,0,4,2,2,,0,4,0
22529,2,2,2,2,1,1,1,1,0,4,2,3,2,1,5,1
22530,2,2,2,2,1,1,1,1,1,0,1,1,0,1,4,1
22531,2,2,2,2,1,1,1,1,1,0,1,2,0,1,3,1
22532,2,2,2,2,1,1,1,1,1,0,1,3,0,1,3,1
22533,2,2,2,2,1,1,1,1,1,0,2,1,0,1,4,1
22534,2,2,2,2,1,1,1,1,1,0,2,2,0,1,3,1
22535,2,2,2,2,1,1,1,1,1,0,2,3,0,1,3,1
22536,2,2,2,2,1,1,1,1,1,1,1,1,0,1,4,1
22537,2,2,2,2,1,1,1,1,1,1,1,2,0,1,3,1
22538,2,2,2,2,1,1,1,1,1,1,1,3,0,1,3,1
22539,2,2,2,2,1,1,1,1,1,1,2,1,0,1,4,1
22540,2,2,2,2,1,1,1,1,1,1,2,2,0,1,3,1
22541,2,2,2,2,1,1,1,1,1,1,2,3,0,1,3,1
22542,2,2,2,2,1,1,1,1,1,2,1,1,0,1,7,1
22543,2,2,2,2,1,1,1,1,1,2,1,2,0,1,7,1
22544,2,2,2,2,1,1,1,1,1,2,1,3,0,1,6,1
22545,2,2,2,2,1,1,1,1,1,2,2,1,0,1,7,1
22546,2,2,2,2,1,1,1,1,1,2,2,2,0,1,6,1
22547,2,2,2,2,1,1,1,1,1,2,2,3,0,1,7,1
22548,2,2,2,2,1,1,1,1,1,3,1,1,0,1,7,1
22549,2,2,2,2,1,1,1,1,1,3,1,2,0,1,7,1
22550,2,2,2,2,1,1,1,1,1,3,1,3,0,1,6,1
22551,2,2,2,2,1,1,1,1,1,3,2,1,0,1,7,1
22552,2,2,2,2,1,1,1,1,1,3,2,2,0,1,6,1
22553,2,2,2,2,1,1,1,1,1,3,2,3,0,1,7,1
22554,2,2,2,2,1,1,1,1,1,4,1,1,0,1,7,1
22555,2,2,2,2,1,1,1,1,1,4,1,2,0,1,7,1
22556,2,2,2,2,1,1,1,1,1,4,1,3,0,1,6,1
22557,2,2,2,2,1,1,1,1,1,4,2,1,0,1,7,1
22558,2,2,2,2,1,1,1,1,1,4,2,2,0,1,6,1
22559,2,2,2,2,1,1,1,1,1,4,2,3,0,1,7,1
22560,2,2,2,2,2,0,0,0,0,0,1,1,,0,3,0
22561,2,2,2,2,2,0,0,0,0,0,1,2,,0,3,0
22562,2,2,2,2,2,0,0,0,0,0,1,3,,0,3,0
22563,2,2,2,2,2,0,0,0,0,0,2,1,,0,3,0
22564,2,2,2,2,2,0,0,0,0,0,2,2,,0,3,0
22565,2,2,2,2,2,0,0,0,0,0,2,3,,0,3,0
22566,2,2,2,2,2,0,0,0,0,1,1,1,,0,3,0
22567,2,2,2,2,2,0,0,0,0,1,1,2,,0,3,0
22568,2,2,2,2,2,0,0,0,0,1,1,3,,0,3,0
22569,2,2,2,2,2,0,0,0,0,1,2,1,,0,3,0
22570,2,2,2,2,2,0,0,0,0,1,2,2,,0,3,0
22571,2,2,2,2,2,0,0,0,0,1,2,3,,0,3,0
22572,2,2,2,2,2,0,0,0,0,2,1,1,,0,3,0
22573,2,2,2,2,2,0,0,0,0,2,1,2,2,1,3,1
22574,2,2,2,2,2,0,0,0,0,2,1,3,2,1,3,1
22575,2,2,2,2,2,0,0,0,0,2,2,1,,0,3,0
22576,2,2,2,2,2,0,0,0,0,2,2,2,2,1,3,1
22577,2,2,2,2,2,0,0,0,0,2,2,3,2,1,3,1
22578,2,2,2,2,2,0,0,0,0,3,1,1,,0,3,0
22579,2,2,2,2,2,0,0,0,0,3,1,2,2,1,3,1
22580,2,2,2,2,2,0,0,0,0,3,1,3,2,1,3,1
22581,2,2,2,2,2,0,0,0,0,3,2,1,,0,3,0
22582,2,2,2,2,2,0,0,0,0,3,2,2,2,1,3,1
22583,2,2,2,2,2,0,0,0,0,3,2,3,2,1,3,1
22584,2,2,2,2,2,0,0,0,0,4,1,1,,0,3,0
22585,2,2,2,2,2,0,0,0,0,4,1,2,2,1,3,1
22586,2,2,2,2,2,0,0,0,0,4,1,3,2,1,3,1
22587,2,2,2,2,2,0,0,0,0,4,2,1,,0,3,0
22588,2,2,2,2,2,0,0,0,0,4,2,2,2,1,3,1
22589,2,2,2,2,2,0,0,0,0,4,2,3,2,1,3,1
22590,2,2,2,2,2,0,0,0,1,0,1,1,0,1,3,1
22591,2,2,2,2,2,0,0,0,1,0,1,2,0,1,3,1
22592,2,2,2,2,2,0,0,0,1,0,1,3,0,1,3,1
22593,2,2,2,2,2,0,0,0,1,0,2,1,0,1,3,1
22594,2,2,2,2,2,0,0,0,1,0,2,2,0,1,3,1
22595,2,2,2,2,2,0,0,0,1,0,2,3,0,1,3,1
22596,2,2,2,2,2,0,0,0,1,1,1,1,0,1,3,1
22597,2,2,2,2,2,0,0,0,1,1,1,2,0,1,3,1
22598,2,2,2,2,2,0,0,0,1,1,1,3,0,1,3,1
22599,2,2,2,2,2,0,0,0,1,1,2,1,0,1,3,1
22600,2,2,2,2,2,0,0,0,1,1,2,2,0,1,3,1
22601,2,2,2,2,2,0,0,0,1,1,2,3,0,1,3,1
22602,2,2,2,2,2,0,0,0,1,2,1,1,0,1,3,1
22603,2,2,2,2,2,0,0,0,1,2,1,2,0,1,3,1
22604,2,2,2,2,2,0,0,0,1,2,1,3,0,1,3,1
22605,2,2,2,2,2,0,0,0,1,2,2,1,0,1,3,1
22606,2,2,2,2,2,0,0,0,1,2,2,2,0,1,3,1
22607,2,2,2,2,2,0,0,0,1,2,2,3,0,1,3,1
22608,2,2,2,2,2,0,0,0,1,3,1,1,0,1,3,1
22609,2,2,2,2,2,0,0,0,1,3,1,2,0,1,3,1
22610,2,2,2,2,2,0,0,0,1,3,1,3,0,1,3,1
22611,2,2,2,2,2,0,0,0,1,3,2,1,0,1,3,1
22612,2,2,2,2,2,0,0,0,1,3,2,2,0,1,3,1
22613,2,2,2,2,2,0,0,0,1,3,2,3,0,1,3,1
22614,2,2,2,2,2,0,0,0,1,4,1,1,0,1,3,1
22615,2,2,2,2,2,0,0,0,1,4,1,2,0,1,3,1
22616,2,2,2,2,2,0,0,0,1,4,1,3,0,1,3,1
22617,2,2,2,2,2,0,0,0,1,4,2,1,0,1,3,1
22618,2,2,2,2,2,0,0,0,1,4,2,2,0,1,3,1
22619,2,2,2,2,2,0,0,0,1,4,2,3,0,1,3,1
22620,2,2,2,2,2,0,0,1,0,0,1,1,,0,3,0
22621,2,2,2,2,2,0,0,1,0,0,1,2,,0,3,0
22622,2,2,2,2,2,0,0,1,0,0,1,3,,0,3,0
22623,2,2,2,2,2,0,0,1,0,0,2,1,,0,3,0
22624,2,2,2,2,2,0,0,1,0,0,2,2,,0,3,0
22625,2,2,2,2,2,0,0,1,0,0,2,3,,0,3,0
22626,2,2,2,2,2,0,0,1,0,1,1,1,,0,3,0
22627,2,2,2,2,2,0,0,1,0,1,1,2,,0,3,0
22628,2,2,2,2,2,0,0,1,0,1,1,3,,0,3,0
22629,2,2,2,2,2,0,0,1,0,1,2,1,,0,3,0
22630,2,2,2,2,2,0,0,1,0,1,2,2,,0,3,0
22631,2,2,2,2,2,0,0,1,0,1,2,3,,0,3,0
22632,2,2,2,2,2,0,0,1,0,2,1,1,,0,3,0
22633,2,2,2,2,2,0,0,1,0,2,1,2,2,1,3,1
22634,2,2,2,2,2,0,0,1,0,2,1,3,2,1,3,1
22635,2,2,2,2,2,0,0,1,0,2,2,1,,0,3,0
22636,2,2,2,2,2,0,0,1,0,2,2,2,2,1,3,1
22637,2,2,2,2,2,0,0,1,0,2,2,3,2,1,3,1
22638,2,2,2,2,2,0,0,1,0,3,1,1,,0,3,0
22639,2,2,2,2,2,0,0,1,0,3,1,2,2,1,3,1
22640,2,2,2,2,2,0,0,1,0,3,1,3,2,1,3,1
22641,2,2,2,2,2,0,0,1,0,3,2,1,,0,3,0
22642,2,2,2,2,2,0,0,1,0,3,2,2,2,1,3,1
22643,2,2,2,2,2,0,0,1,0,3,2,3,2,1,3,1
22644,2,2,2,2,2,0,0,1,0,4,1,1,,0,3,0
22645,2,2,2,2,2,0,0,1,0,4,1,2,2,1,3,1
22646,2,2,2,2,2,0,0,1,0,4,1,3,2,1,3,1
22647,2,2,2,2,2,0,0,1,0,4,2,1,,0,3,0
22648,2,2,2,2,2,0,0,1,0,4,2,2,2,1,3,1
22649,2,2,2,2,2,0,0,1,0,4,2,3,2,1,3,1
22650,2,2,2,2,2,0,0,1,1,0,1,1,0,1,3,1
22651,2,2,2,2,2,0,0,1,1,0,1,2,0,1,3,1
22652,2,2,2,2,2,0,0,1,1,0,1,3,0,1,3,1
22653,2,2,2,2,2,0,0,1,1,0,2,1,0,1,3,1
22654,2,2,2,2,2,0,0,1,1,0,2,2,0,1,3,1
22655,2,2,2,2,2,0,0,1,1,0,2,3,0,1,3,1
22656,2,2,2,2,2,0,0,1,1,1,1,1,0,1,3,1
22657,2,2,2,2,2,0,0,1,1,1,1,2,0,1,3,1
22658,2,2,2,2,2,0,0,1,1,1,1,3,0,1,3,1
22659,2,2,2,2,2,0,0,1,1,1,2,1,0,1,3,1
22660,2,2,2,2,2,0,0,1,1,1,2,2,0,1,3,1
22661,2,2,2,2,2,0,0,1,1,1,2,3,0,1,3,1
22662,2,2,2,2,2,0,0,1,1,2,1,1,0,1,3,1
22663,2,2,2,2,2,0,0,1,1,2,1,2,0,1,3,1
22664,2,2,2,2,2,0,0,1,1,2,1,3,0,1,3,1
22665,2,2,2,2,2,0,0,1,1,2,2,1,0,1,3,1
22666,2,2,2,2,2,0,0,1,1,2,2,2,0,1,3,1
22667,2,2,2,2,2,0,0,1,1,2,2,3,0,1,3,1
22668,2,2,2,2,2,0,0,1,1,3,1,1,0,1,3,1
22669,2,2,2,2,2,0,0,1,1,3,1,2,0,1,3,1
22670,2,2,2,2,2,0,0,1,1,3,1,3,0,1,3,1
22671,2,2,2,2,2,0,0,1,1,3,2,1,0,1,3,1
22672,2,2,2,2,2,0,0,1,1,3,2,2,0,1,3,1
22673,2,2,2,2,2,0,0,1,1,3,2,3,0,1,3,1
22674,2,2,2,2,2,0,0,1,1,4,1,1,0,1,3,1
22675,2,2,2,2,2,0,0,1,1,4,1,2,0,1,3,1
22676,2,2,2,2,2,0,0,1,1,4,1,3,0,1,3,1
22677,2,2,2,2,2,0,0,1,1,4,2,1,0,1,3,1
22678,2,2,2,2,2,0,0,1,1,4,2,2,0,1,3,1
22679,2,2,2,2,2,0,0,1,1,4,2,3,0,1,3,1
22680,2,2,2,2,2,0,1,0,0,0,1,1,,0,3,0
22681,2,2,2,2,2,0,1,0,0,0,1,2,,0,3,0
22682,2,2,2,2,2,0,1,0,0,0,1,3,,0,3,0
22683,2,2,2,2,2,0,1,0,0,0,2,1,,0,3,0
22684,2,2,2,2,2,0,1,0,0,0,2,2,,0,3,0
22685,2,2,2,2,2,0,1,0,0,0,2,3,,0,3,0
22686,2,2,2,2,2,0,1,0,0,1,1,1,,0,3,0
22687,2,2,2,2,2,0,1,0,0,1,1,2,,0,3,0
22688,2,2,2,2,2,0,1,0,0,1,1,3,,0,3,0
22689,2,2,2,2,2,0,1,0,0,1,2,1,,0,3,0
22690,2,2,2,2,2,0,1,0,0,1,2,2,,0,3,0
22691,2,2,2,2,2,0,1,0,0,1,2,3,,0,3,0
22692,2,2,2,2,2,0,1,0,0,2,1,1,,0,3,0
22693,2,2,2,2,2,0,1,0,0,2,1,2,,0,4,0
22694,2,2,2,2,2,0,1,0,0,2,1,3,2,1,4,1
22695,2,2,2,2,2,0,1,0,0,2,2,1,,0,3,0
22696,2,2,2,2,2,0,1,0,0,2,2,2,,0,4,0
22697,2,2,2,2,2,0,1,0,0,2,2,3,,0,4,0
22698,2,2,2,2,2,0,1,0,0,3,1,1,,0,3,0
22699,2,2,2,2,2,0,1,0,0,3,1,2,,0,4,0
22700,2,2,2,2,2,0,1,0,0,3,1,3,2,1,4,1
22701,2,2,2,2,2,0,1,0,0,3,2,1,,0,3,0
22702,2,2,2,2,2,0,1,0,0,3,2,2,,0,4,0
22703,2,2,2,2,2,0,1,0,0,3,2,3,,0,4,0
22704,2,2,2,2,2,0,1,0,0,4,1,1,,0,3,0
22705,2,2,2,2,2,0,1,0,0,4,1,2,,0,4,0
22706,2,2,2,2,2,0,1,0,0,4,1,3,2,1,4,1
22707,2,2,2,2,2,0,1,0,0,4,2,1,,0,3,0
22708,2,2,2,2,2,0,1,0,0,4,2,2,,0,4,0
22709,2,2,2,2,2,0,1,0,0,4,2,3,,0,4,0
22710,2,2,2,2,2,0,1,0,1,0,1,1,0,1,3,1
22711,2,2,2,2,2,0,1,0,1,0,1,2,0,1,3,1
22712,2,2,2,2,2,0,1,0,1,0,1,3,0,1,3,1
22713,2,2,2,2,2,0,1,0,1,0,2,1,0,1,3,1
22714,2,2,2,2,2,0,1,0,1,0,2,2,0,1,3,1
22715,2,2,2,2,2,0,1,0,1,0,2,3,0,1,3,1
22716,2,2,2,2,2,0,1,0,1,1,1,1,0,1,3,1
22717,2,2,2,2,2,0,1,0,1,1,1,2,0,1,3,1
22718,2,2,2,2,2,0,1,0,1,1,1,3,0,1,3,1
22719,2,2,2,2,2,0,1,0,1,1,2,1,0,1,3,1
22720,2,2,2,2,2,0,1,0,1,1,2,2,0,1,3,1
22721,2,2,2,2,2,0,1,0,1,1,2,3,0,1,3,1
22722,2,2,2,2,2,0,1,0,1,2,1,1,0,1,4,1
22723,2,2,2,2,2,0,1,0,1,2,1,2,0,1,4,1
22724,2,2,2,2,2,0,1,0,1,2,1,3,0,1,4,1
22725,2,2,2,2,2,0,1,0,1,2,2,1,0,1,4,1
22726,2,2,2,2,2,0,1,0,1,2,2,2,0,1,4,1
22727,2,2,2,2,2,0,1,0,1,2,2,3,0,1,4,1
22728,2,2,2,2,2,0,1,0,1,3,1,1,0,1,4,1
22729,2,2,2,2,2,0,1,0,1,3,1,2,0,1,4,1
22730,2,2,2,2,2,0,1,0,1,3,1,3,0,1,4,1
22731,2,2,2,2,2,0,1,0,1,3,2,1,0,1,4,1
22732,2,2,2,2,2,0,1,0,1,3,2,2,0,1,4,1
22733,2,2,2,2,2,0,1,0,1,3,2,3,0,1,4,1
22734,2,2,2,2,2,0,1,0,1,4,1,1,0,1,4,1
22735,2,2,2,2,2,0,1,0,1,4,1,2,0,1,4,1
22736,2,2,2,2,2,0,1,0,1,4,1,3,0,1,4,1
22737,2,2,2,2,2,0,1,0,1,4,2,1,0,1,4,1
22738,2,2,2,2,2,0,1,0,1,4,2,2,0,1,4,1
22739,2,2,2,2,2,0,1,0,1,4,2,3,0,1,4,1
22740,2,2,2,2,2,0,1,1,0,0,1,1,,0,3,0
22741,2,2,2,2,2,0,1,1,0,0,1,2,,0,3,0
22742,2,2,2,2,2,0,1,1,0,0,1,3,,0,3,0
22743,2,2,2,2,2,0,1,1,0,0,2,1,,0,3,0
22744,2,2,2,2,2,0,1,1,0,0,2,2,,0,3,0
22745,2,2,2,2,2,0,1,1,0,0,2,3,,0,3,0
22746,2,2,2,2,2,0,1,1,0,1,1,1,,0,3,0
22747,2,2,2,2,2,0,1,1,0,1,1,2,,0,3,0
22748,2,2,2,2,2,0,1,1,0,1,1,3,,0,3,0
22749,2,2,2,2,2,0,1,1,0,1,2,1,,0,3,0
22750,2,2,2,2,2,0,1,1,0,1,2,2,,0,3,0
22751,2,2,2,2,2,0,1,1,0,1,2,3,,0,3,0
22752,2,2,2,2,2,0,1,1,0,2,1,1,,0,3,0
22753,2,2,2,2,2,0,1,1,0,2,1,2,,0,4,0
22754,2,2,2,2,2,0,1,1,0,2,1,3,2,1,4,1
22755,2,2,2,2,2,0,1,1,0,2,2,1,,0,3,0
22756,2,2,2,2,2,0,1,1,0,2,2,2,,0,4,0
22757,2,2,2,2,2,0,1,1,0,2,2,3,,0,4,0
22758,2,2,2,2,2,0,1,1,0,3,1,1,,0,3,0
22759,2,2,2,2,2,0,1,1,0,3,1,2,,0,4,0
22760,2,2,2,2,2,0,1,1,0,3,1,3,2,1,4,1
22761,2,2,2,2,2,0,1,1,0,3,2,1,,0,3,0
22762,2,2,2,2,2,0,1,1,0,3,2,2,,0,4,0
22763,2,2,2,2,2,0,1,1,0,3,2,3,,0,4,0
22764,2,2,2,2,2,0,1,1,0,4,1,1,,0,3,0
22765,2,2,2,2,2,0,1,1,0,4,1,2,,0,4,0
22766,2,2,2,2,2,0,1,1,0,4,1,3,2,1,4,1
22767,2,2,2,2,2,0,1,1,0,4,2,1,,0,3,0
22768,2,2,2,2,2,0,1,1,0,4,2,2,,0,4,0
22769,2,2,2,2,2,0,1,1,0,4,2,3,,0,4,0
22770,2,2,2,2,2,0,1,1,1,0,1,1,0,1,3,1
22771,2,2,2,2,2,0,1,1,1,0,1,2,0,1,3,1
22772,2,2,2,2,2,0,1,1,1,0,1,3,0,1,3,1
22773,2,2,2,2,2,0,1,1,1,0,2,1,0,1,3,1
22774,2,2,2,2,2,0,1,1,1,0,2,2,0,1,3,1
22775,2,2,2,2,2,0,1,1,1,0,2,3,0,1,3,1
22776,2,2,2,2,2,0,1,1,1,1,1,1,0,1,3,1
22777,2,2,2,2,2,0,1,1,1,1,1,2,0,1,3,1
22778,2,2,2,2,2,0,1,1,1,1,1,3,0,1,3,1
22779,2,2,2,2,2,0,1,1,1,1,2,1,0,1,3,1
22780,2,2,2,2,2,0,1,1,1,1,2,2,0,1,3,1
22781,2,2,2,2,2,0,1,1,1,1,2,3,0,1,3,1
22782,2,2,2,2,2,0,1,1,1,2,1,1,0,1,4,1
22783,2,2,2,2,2,0,1,1,1,2,1,2,0,1,4,1
22784,2,2,2,2,2,0,1,1,1,2,1,3,0,1,4,1
22785,2,2,2,2,2,0,1,1,1,2,2,1,0,1,4,1
22786,2,2,2,2,2,0,1,1,1,2,2,2,0,1,4,1
22787,2,2,2,2,2,0,1,1,1,2,2,3,0,1,4,1
22788,2,2,2,2,2,0,1,1,1,3,1,1,0,1,4,1
22789,2,2,2,2,2,0,1,1,1,3,1,2,0,1,4,1
22790,2,2,2,2,2,0,1,1,1,3,1,3,0,1,4,1
22791,2,2,2,2,2,0,1,1,1,3,2,1,0,1,4,1
22792,2,2,2,2,2,0,1,1,1,3,2,2,0,1,4,1
22793,2,2,2,2,2,0,1,1,1,3,2,3,0,1,4,1
22794,2,2,2,2,2,0,1,1,1,4,1,1,0,1,4,1
22795,2,2,2,2,2,0,1,1,1,4,1,2,0,1,4,1
22796,2,2,2,2,2,0,1,1,1,4,1,3,0,1,4,1
22797,2,2,2,2,2,0,1,1,1,4,2,1,0,1,4,1
22798,2,2,2,2,2,0,1,1,1,4,2,2,0,1,4,1
22799,2,2,2,2,2,0,1,1,1,4,2,3,0,1,4,1
22800,2,2,2,2,2,1,0,0,0,0,1,1,,0,3,0
22801,2,2,2,2,2,1,0,0,0,0,1,2,,0,3,0
22802,2,2,2,2,2,1,0,0,0,0,1,3,,0,3,0
22803,2,2,2,2,2,1,0,0,0,0,2,1,,0,3,0
22804,2,2,2,2,2,1,0,0,0,0,2,2,,0,3,0
22805,2,2,2,2,2,1,0,0,0,0,2,3,,0,3,0
22806,2,2,2,2,2,1,0,0,0,1,1,1,,0,3,0
22807,2,2,2,2,2,1,0,0,0,1,1,2,,0,3,0
22808,2,2,2,2,2,1,0,0,0,1,1,3,,0,3,0
22809,2,2,2,2,2,1,0,0,0,1,2,1,,0,3,0
22810,2,2,2,2,2,1,0,0,0,1,2,2,,0,3,0
22811,2,2,2,2,2,1,0,0,0,1,2,3,,0,3,0
22812,2,2,2,2,2,1,0,0,0,2,1,1,,0,3,0
22813,2,2,2,2,2,1,0,0,0,2,1,2,2,1,4,1
22814,2,2,2,2,2,1,0,0,0,2,1,3,2,1,4,1
22815,2,2,2,2,2,1,0,0,0,2,2,1,,0,3,0
22816,2,2,2,2,2,1,0,0,0,2,2,2,2,1,4,1
22817,2,2,2,2,2,1,0,0,0,2,2,3,2,1,4,1
22818,2,2,2,2,2,1,0,0,0,3,1,1,,0,3,0
22819,2,2,2,2,2,1,0,0,0,3,1,2,2,1,4,1
22820,2,2,2,2,2,1,0,0,0,3,1,3,2,1,4,1
22821,2,2,2,2,2,1,0,0,0,3,2,1,,0,3,0
22822,2,2,2,2,2,1,0,0,0,3,2,2,2,1,4,1
22823,2,2,2,2,2,1,0,0,0,3,2,3,2,1,4,1
22824,2,2,2,2,2,1,0,0,0,4,1,1,,0,3,0
22825,2,2,2,2,2,1,0,0,0,4,1,2,2,1,4,1
22826,2,2,2,2,2,1,0,0,0,4,1,3,2,1,4,1
22827,2,2,2,2,2,1,0,0,0,4,2,1,,0,3,0
22828,2,2,2,2,2,1,0,0,0,4,2,2,2,1,4,1
22829,2,2,2,2,2,1,0,0,0,4,2,3,2,1,4,1
22830,2,2,2,2,2,1,0,0,1,0,1,1,0,1,3,1
22831,2,2,2,2,2,1,0,0,1,0,1,2,0,1,3,1
22832,2,2,2,2,2,1,0,0,1,0,1,3,0,1,3,1
22833,2,2,2,2,2,1,0,0,1,0,2,1,0,1,3,1
22834,2,2,2,2,2,1,0,0,1,0,2,2,0,1,3,1
22835,2,2,2,2,2,1,0,0,1,0,2,3,0,1,3,1
22836,2,2,2,2,2,1,0,0,1,1,1,1,0,1,3,1
22837,2,2,2,2,2,1,0,0,1,1,1,2,0,1,3,1
22838,2,2,2,2,2,1,0,0,1,1,1,3,0,1,3,1
22839,2,2,2,2,2,1,0,0,1,1,2,1,0,1,3,1
22840,2,2,2,2,2,1,0,0,1,1,2,2,0,1,3,1
22841,2,2,2,2,2,1,0,0,1,1,2,3,0,1,3,1
22842,2,2,2,2,2,1,0,0,1,2,1,1,0,1,4,1
22843,2,2,2,2,2,1,0,0,1,2,1,2,0,1,4,1
22844,2,2,2,2,2,1,0,0,1,2,1,3,0,1,4,1
22845,2,2,2,2,2,1,0,0,1,2,2,1,0,1,4,1
22846,2,2,2,2,2,1,0,0,1,2,2,2,0,1,4,1
22847,2,2,2,2,2,1,0,0,1,2,2,3,0,1,4,1
22848,2,2,2,2,2,1,0,0,1,3,1,1,0,1,4,1
22849,2,2,2,2,2,1,0,0,1,3,1,2,0,1,4,1
22850,2,2,2,2,2,1,0,0,1,3,1,3,0,1,4,1
22851,2,2,2,2,2,1,0,0,1,3,2,1,0,1,4,1
22852,2,2,2,2,2,1,0,0,1,3,2,2,0,1,4,1
22853,2,2,2,2,2,1,0,0,1,3,2,3,0,1,4,1
22854,2,2,2,2,2,1,0,0,1,4,1,1,0,1,4,1
22855,2,2,2,2,2,1,0,0,1,4,1,2,0,1,4,1
22856,2,2,2,2,2,1,0,0,1,4,1,3,0,1,4,1
22857,2,2,2,2,2,1,0,0,1,4,2,1,0,1,4,1
22858,2,2,2,2,2,1,0,0,1,4,2,2,0,1,4,1
22859,2,2,2,2,2,1,0,0,1,4,2,3,0,1,4,1
22860,2,2,2,2,2,1,0,1,0,0,1,1,,0,3,0
22861,2,2,2,2,2,1,0,1,0,0,1,2,,0,3,0
22862,2,2,2,2,2,1,0,1,0,0,1,3,,0,3,0
22863,2,2,2,2,2,1,0,1,0,0,2,1,,0,3,0
22864,2,2,2,2,2,1,0,1,0,0,2,2,,0,3,0
22865,2,2,2,2,2,1,0,1,0,0,2,3,,0,3,0
22866,2,2,2,2,2,1,0,1,0,1,1,1,,0,3,0
22867,2,2,2,2,2,1,0,1,0,1,1,2,,0,3,0
22868,2,2,2,2,2,1,0,1,0,1,1,3,,0,3,0
22869,2,2,2,2,2,1,0,1,0,1,2,1,,0,3,0
22870,2,2,2,2,2,1,0,1,0,1,2,2,,0,3,0
22871,2,2,2,2,2,1,0,1,0,1,2,3,,0,3,0
22872,2,2,2,2,2,1,0,1,0,2,1,1,,0,3,0
22873,2,2,2,2,2,1,0,1,0,2,1,2,2,1,4,1
22874,2,2,2,2,2,1,0,1,0,2,1,3,2,1,4,1
22875,2,2,2,2,2,1,0,1,0,2,2,1,,0,3,0
22876,2,2,2,2,2,1,0,1,0,2,2,2,2,1,4,1
22877,2,2,2,2,2,1,0,1,0,2,2,3,2,1,4,1
22878,2,2,2,2,2,1,0,1,0,3,1,1,,0,3,0
22879,2,2,2,2,2,1,0,1,0,3,1,2,2,1,4,1
22880,2,2,2,2,2,1,0,1,0,3,1,3,2,1,4,1
22881,2,2,2,2,2,1,0,1,0,3,2,1,,0,3,0
22882,2,2,2,2,2,1,0,1,0,3,2,2,2,1,4,1
22883,2,2,2,2,2,1,0,1,0,3,2,3,2,1,4,1
22884,2,2,2,2,2,1,0,1,0,4,1,1,,0,3,0
22885,2,2,2,2,2,1,0,1,0,4,1,2,2,1,4,1
22886,2,2,2,2,2,1,0,1,0,4,1,3,2,1,4,1
22887,2,2,2,2,2,1,0,1,0,4,2,1,,0,3,0
22888,2,2,2,2,2,1,0,1,0,4,2,2,2,1,4,1
22889,2,2,2,2,2,1,0,1,0,4,2,3,2,1,4,1
22890,2,2,2,2,2,1,0,1,1,0,1,1,0,1,3,1
22891,2,2,2,2,2,1,0,1,1,0,1,2,0,1,3,1
22892,2,2,2,2,2,1,0,1,1,0,1,3,0,1,3,1
22893,2,2,2,2,2,1,0,1,1,0,2,1,0,1,3,1
22894,2,2,2,2,2,1,0,1,1,0,2,2,0,1,3,1
22895,2,2,2,2,2,1,0,1,1,0,2,3,0,1,3,1
22896,2,2,2,2,2,1,0,1,1,1,1,1,0,1,3,1
22897,2,2,2,2,2,1,0,1,1,1,1,2,0,1,3,1
22898,2,2,2,2,2,1,0,1,1,1,1,3,0,1,3,1
22899,2,2,2,2,2,1,0,1,1,1,2,1,0,1,3,1
22900,2,2,2,2,2,1,0,1,1,1,2,2,0,1,3,1
22901,2,2,2,2,2,1,0,1,1,1,2,3,0,1,3,1
22902,2,2,2,2,2,1,0,1,1,2,1,1,0,1,4,1
22903,2,2,2,2,2,1,0,1,1,2,1,2,0,1,4,1
22904,2,2,2,2,2,1,0,1,1,2,1,3,0,1,4,1
22905,2,2,2,2,2,1,0,1,1,2,2,1,0,1,4,1
22906,2,2,2,2,2,1,0,1,1,2,2,2,0,1,4,1
22907,2,2,2,2,2,1,0,1,1,2,2,3,0,1,4,1
22908,2,2,2,2,2,1,0,1,1,3,1,1,0,1,4,1
22909,2,2,2,2,2,1,0,1,1,3,1,2,0,1,4,1
22910,2,2,2,2,2,1,0,1,1,3,1,3,0,1,4,1
22911,2,2,2,2,2,1,0,1,1,3,2,1,0,1,4,1
22912,2,2,2,2,2,1,0,1,1,3,2,2,0,1,4,1
22913,2,2,2,2,2,1,0,1,1,3,2,3,0,1,4,1
22914,2,2,2,2,2,1,0,1,1,4,1,1,0,1,4,1
22915,2,2,2,2,2,1,0,1,1,4,1,2,0,1,4,1
22916,2,2,2,2,2,1,0,1,1,4,1,3,0,1,4,1
22917,2,2,2,2,2,1,0,1,1,4,2,1,0,1,4,1
22918,2,2,2,2,2,1,0,1,1,4,2,2,0,1,4,1
22919,2,2,2,2,2,1,0,1,1,4,2,3,0,1,4,1
22920,2,2,2,2,2,1,1,0,0,0,1,1,,0,3,0
22921,2,2,2,2,2,1,1,0,0,0,1,2,,0,3,0
22922,2,2,2,2,2,1,1,0,0,0,1,3,,0,3,0
22923,2,2,2,2,2,1,1,0,0,0,2,1,,0,3,0
22924,2,2,2,2,2,1,1,0,0,0,2,2,,0,3,0
22925,2,2,2,2,2,1,1,0,0,0,2,3,,0,3,0
22926,2,2,2,2,2,1,1,0,0,1,1,1,,0,3,0
22927,2,2,2,2,2,1,1,0,0,1,1,2,,0,3,0
22928,2,2,2,2,2,1,1,0,0,1,1,3,,0,3,0
22929,2,2,2,2,2,1,1,0,0,1,2,1,,0,3,0
22930,2,2,2,2,2,1,1,0,0,1,2,2,,0,3,0
22931,2,2,2,2,2,1,1,0,0,1,2,3,,0,3,0
22932,2,2,2,2,2,1,1,0,0,2,1,1,,0,3,0
22933,2,2,2,2,2,1,1,0,0,2,1,2,,0,4,0
22934,2,2,2,2,2,1,1,0,0,2,1,3,2,1,5,1
22935,2,2,2,2,2,1,1,0,0,2,2,1,,0,3,0
22936,2,2,2,2,2,1,1,0,0,2,2,2,,0,4,0
22937,2,2,2,2,2,1,1,0,0,2,2,3,,0,4,0
22938,2,2,2,2,2,1,1,0,0,3,1,1,,0,3,0
22939,2,2,2,2,2,1,1,0,0,3,1,2,,0,4,0
22940,2,2,2,2,2,1,1,0,0,3,1,3,2,1,5,1
22941,2,2,2,2,2,1,1,0,0,3,2,1,,0,3,0
22942,2,2,2,2,2,1,1,0,0,3,2,2,,0,4,0
22943,2,2,2,2,2,1,1,0,0,3,2,3,,0,4,0
22944,2,2,2,2,2,1,1,0,0,4,1,1,,0,3,0
22945,2,2,2,2,2,1,1,0,0,4,1,2,,0,4,0
22946,2,2,2,2,2,1,1,0,0,4,1,3,2,1,5,1
22947,2,2,2,2,2,1,1,0,0,4,2,1,,0,3,0
22948,2,2,2,2,2,1,1,0,0,4,2,2,,0,4,0
22949,2,2,2,2,2,1,1,0,0,4,2,3,,0,4,0
22950,2,2,2,2,2,1,1,0,1,0,1,1,0,1,3,1
22951,2,2,2,2,2,1,1,0,1,0,1,2,0,1,3,1
22952,2,2,2,2,2,1,1,0,1,0,1,3,0,1,3,1
22953,2,2,2,2,2,1,1,0,1,0,2,1,0,1,3,1
22954,2,2,2,2,2,1,1,0,1,0,2,2,0,1,3,1
22955,2,2,2,2,2,1,1,0,1,0,2,3,0,1,3,1
22956,2,2,2,2,2,1,1,0,1,1,1,1,0,1,3,1
22957,2,2,2,2,2,1,1,0,1,1,1,2,0,1,3,1
22958,2,2,2,2,2,1,1,0,1,1,1,3,0,1,3,1
22959,2,2,2,2,2,1,1,0,1,1,2,1,0,1,3,1
22960,2,2,2,2,2,1,1,0,1,1,2,2,0,1,3,1
22961,2,2,2,2,2,1,1,0,1,1,2,3,0,1,3,1
22962,2,2,2,2,2,1,1,0,1,2,1,1,0,1,5,1
22963,2,2,2,2,2,1,1,0,1,2,1,2,0,1,5,1
22964,2,2,2,2,2,1,1,0,1,2,1,3,0,1,5,1
22965,2,2,2,2,2,1,1,0,1,2,2,1,0,1,5,1
22966,2,2,2,2,2,1,1,0,1,2,2,2,0,1,5,1
22967,2,2,2,2,2,1,1,0,1,2,2,3,0,1,5,1
22968,2,2,2,2,2,1,1,0,1,3,1,1,0,1,5,1
22969,2,2,2,2,2,1,1,0,1,3,1,2,0,1,5,1
22970,2,2,2,2,2,1,1,0,1,3,1,3,0,1,5,1
22971,2,2,2,2,2,1,1,0,1,3,2,1,0,1,5,1
22972,2,2,2,2,2,1,1,0,1,3,2,2,0,1,5,1
22973,2,2,2,2,2,1,1,0,1,3,2,3,0,1,5,1
22974,2,2,2,2,2,1,1,0,1,4,1,1,0,1,5,1
22975,2,2,2,2,2,1,1,0,1,4,1,2,0,1,5,1
22976,2,2,2,2,2,1,1,0,1,4,1,3,0,1,5,1
22977,2,2,2,2,2,1,1,0,1,4,2,1,0,1,5,1
22978,2,2,2,2,2,1,1,0,1,4,2,2,0,1,5,1
22979,2,2,2,2,2,1,1,0,1,4,2,3,0,1,5,1
22980,2,2,2,2,2,1,1,1,0,0,1,1,,0,3,0
22981,2,2,2,2,2,1,1,1,0,0,1,2,,0,3,0
22982,2,2,2,2,2,1,1,1,0,0,1,3,,0,3,0
22983,2,2,2,2,2,1,1,1,0,0,2,1,,0,3,0
22984,2,2,2,2,2,1,1,1,0,0,2,2,,0,3,0
22985,2,2,2,2,2,1,1,1,0,0,2,3,,0,3,0
22986,2,2,2,2,2,1,1,1,0,1,1,1,,0,3,0
22987,2,2,2,2,2,1,1,1,0,1,1,2,,0,3,0
22988,2,2,2,2,2,1,1,1,0,1,1,3,,0,3,0
22989,2,2,2,2,2,1,1,1,0,1,2,1,,0,3,0
22990,2,2,2,2,2,1,1,1,0,1,2,2,,0,3,0
22991,2,2,2,2,2,1,1,1,0,1,2,3,,0,3,0
22992,2,2,2,2,2,1,1,1,0,2,1,1,,0,3,0
22993,2,2,2,2,2,1,1,1,0,2,1,2,,0,4,0
22994,2,2,2,2,2,1,1,1,0,2,1,3,2,1,6,1
22995,2,2,2,2,2,1,1,1,0,2,2,1,,0,3,0
22996,2,2,2,2,2,1,1,1,0,2,2,2,,0,4,0
22997,2,2,2,2,2,1,1,1,0,2,2,3,,0,4,0
22998,2,2,2,2,2,1,1,1,0,3,1,1,,0,3,0
22999,2,2,2,2,2,1,1,1,0,3,1,2,,0,4,0
23000,2,2,2,2,2,1,1,1,0,3,1,3,2,1,6,1
23001,2,2,2,2,2,1,1,1,0,3,2,1,,0,3,0
23002,2,2,2,2,2,1,1,1,0,3,2,2,,0,4,0
23003,2,2,2,2,2,1,1,1,0,3,2,3,,0,4,0
23004,2,2,2,2,2,1,1,1,0,4,1,1,,0,3,0
23005,2,2,2,2,2,1,1,1,0,4,1,2,,0,4,0
23006,2,2,2,2,2,1,1,1,0,4,1,3,2,1,6,1
23007,2,2,2,2,2,1,1,1,0,4,2,1,,0,3,0
23008,2,2,2,2,2,1,1,1,0,4,2,2,,0,4,0
23009,2,2,2,2,2,1,1,1,0,4,2,3,,0,4,0
23010,2,2,2,2,2,1,1,1,1,0,1,1,0,1,3,1
23011,2,2,2,2,2,1,1,1,1,0,1,2,0,1,3,1
23012,2,2,2,2,2,1,1,1,1,0,1,3,0,1,3,1
23013,2,2,2,2,2,1,1,1,1,0,2,1,0,1,3,1
23014,2,2,2,2,2,1,1,1,1,0,2,2,0,1,3,1
23015,2,2,2,2,2,1,1,1,1,0,2,3,0,1,3,1
23016,2,2,2,2,2,1,1,1,1,1,1,1,0,1,3,1
23017,2,2,2,2,2,1,1,1,1,1,1,2,0,1,3,1
23018,2,2,2,2,2,1,1,1,1,1,1,3,0,1,3,1
23019,2,2,2,2,2,1,1,1,1,1,2,1,0,1,3,1
23020,2,2,2,2,2,1,1,1,1,1,2,2,0,1,3,1
23021,2,2,2,2,2,1,1,1,1,1,2,3,0,1,3,1
23022,2,2,2,2,2,1,1,1,1,2,1,1,0,1,6,1
23023,2,2,2,2,2,1,1,1,1,2,1,2,0,1,6,1
23024,2,2,2,2,2,1,1,1,1,2,1,3,0,1,6,1
23025,2,2,2,2,2,1,1,1,1,2,2,1,0,1,6,1
23026,2,2,2,2,2,1,1,1,1,2,2,2,0,1,6,1
23027,2,2,2,2,2,1,1,1,1,2,2,3,0,1,6,1
23028,2,2,2,2,2,1,1,1,1,3,1,1,0,1,6,1
23029,2,2,2,2,2,1,1,1,1,3,1,2,0,1,6,1
23030,2,2,2,2,2,1,1,1,1,3,1,3,0,1,6,1
23031,2,2,2,2,2,1,1,1,1,3,2,1,0,1,6,1
23032,2,2,2,2,2,1,1,1,1,3,2,2,0,1,6,1
23033,2,2,2,2,2,1,1,1,1,3,2,3,0,1,6,1
23034,2,2,2,2,2,1,1,1,1,4,1,1,0,1,6,1
23035,2,2,2,2,2,1,1,1,1,4,1,2,0,1,6,1
23036,2,2,2,2,2,1,1,1,1,4,1,3,0,1,6,1
23037,2,2,2,2,2,1,1,1,1,4,2,1,0,1,6,1
23038,2,2,2,2,2,1,1,1,1,4,2,2,0,1,6,1
23039,2,2,2,2,2,1,1,1,1,4,2,3,0,1,6,1
