source,window,drift,crashes,budget,method,feasible,worst_cost,visited_states,planning_ms
code,0,0,0,tight,adaptive,1,27,142,0.619918000211328
code,0,0,0,tight,always_accept,1,27,25,0.09116799992625602
code,0,0,0,tight,threshold_1,0,,14,0.039216000004671514
code,0,0,0,tight,threshold_2,0,,10,0.028314000246609794
code,0,0,0,tight,always_fallback,0,,10,0.026133999654121
code,0,0,0,tight,ignore_recovery,1,27,142,0.3561210000952997
code,0,0,0,roomy,adaptive,1,18,732,3.240535000259115
code,0,0,0,roomy,always_accept,1,18,111,0.25707199984026374
code,0,0,0,roomy,threshold_1,1,18,79,0.17985300019063288
code,0,0,0,roomy,threshold_2,1,20,53,0.12551200006782892
code,0,0,0,roomy,always_fallback,1,27,53,0.11966900001425529
code,0,0,0,roomy,ignore_recovery,1,18,732,2.411496000149782
code,0,0,1,tight,adaptive,0,,154,0.29721100008828216
code,0,0,1,tight,always_accept,0,,26,0.05778500008091214
code,0,0,1,tight,threshold_1,0,,14,0.03483099999357364
code,0,0,1,tight,threshold_2,0,,10,0.0277640001513646
code,0,0,1,tight,always_fallback,0,,10,0.026747999982035253
code,0,0,1,tight,ignore_recovery,0,,281,0.6873439997434616
code,0,0,1,roomy,adaptive,1,22,1659,9.076656999695842
code,0,0,1,roomy,always_accept,1,22,282,0.7866220003052149
code,0,0,1,roomy,threshold_1,1,22,185,0.4937630001222715
code,0,0,1,roomy,threshold_2,0,,57,0.3303180001239525
code,0,0,1,roomy,always_fallback,0,,56,0.15153800040934584
code,0,0,1,roomy,ignore_recovery,0,,1459,5.119432000356028
code,0,0,2,tight,adaptive,0,,154,0.35448100015855744
code,0,0,2,tight,always_accept,0,,26,0.06764199997633114
code,0,0,2,tight,threshold_1,0,,14,0.04031899970868835
code,0,0,2,tight,threshold_2,0,,10,0.21289899996190798
code,0,0,2,tight,always_fallback,0,,10,0.03933600009986549
code,0,0,2,tight,ignore_recovery,0,,420,1.2944489999426878
code,0,0,2,roomy,adaptive,1,27,2588,19.581143999857886
code,0,0,2,roomy,always_accept,1,27,451,1.6110950000438606
code,0,0,2,roomy,threshold_1,0,,214,0.5086270002720994
code,0,0,2,roomy,threshold_2,0,,57,0.1614289999452012
code,0,0,2,roomy,always_fallback,0,,56,0.11730699998224736
code,0,0,2,roomy,ignore_recovery,0,,2186,7.6952700001129415
code,0,1,0,tight,adaptive,0,,227,0.43181999990338227
code,0,1,0,tight,always_accept,0,,26,0.06339500032481737
code,0,1,0,tight,threshold_1,0,,14,0.035864999972545775
code,0,1,0,tight,threshold_2,0,,10,0.02732900020419038
code,0,1,0,tight,always_fallback,0,,10,0.026931999855150934
code,0,1,0,tight,ignore_recovery,0,,227,0.5266120001579111
code,0,1,0,roomy,adaptive,1,18,1660,8.385800999803905
code,0,1,0,roomy,always_accept,1,18,274,0.7054759998936788
code,0,1,0,roomy,threshold_1,1,18,148,0.41235399976358167
code,0,1,0,roomy,threshold_2,1,20,81,0.19545700024536927
code,0,1,0,roomy,always_fallback,1,27,53,0.12078899999323767
code,0,1,0,roomy,ignore_recovery,1,18,1660,8.201102000384708
code,0,1,1,tight,adaptive,0,,154,0.47685100025773863
code,0,1,1,tight,always_accept,0,,26,0.076693999744748
code,0,1,1,tight,threshold_1,0,,14,0.0430410000262782
code,0,1,1,tight,threshold_2,0,,10,0.09356500004287227
code,0,1,1,tight,always_fallback,0,,10,0.029041000288998475
code,0,1,1,tight,ignore_recovery,0,,405,0.9596619997864764
code,0,1,1,roomy,adaptive,1,22,3740,32.170604999919306
code,0,1,1,roomy,always_accept,1,22,686,1.9565870002224983
code,0,1,1,roomy,threshold_1,1,22,355,0.9399680002388777
code,0,1,1,roomy,threshold_2,0,,57,0.3315489998385601
code,0,1,1,roomy,always_fallback,0,,56,0.11152600018249359
code,0,1,1,roomy,ignore_recovery,0,,3315,12.327971000104299
code,0,1,2,tight,adaptive,0,,154,0.5369160003283469
code,0,1,2,tight,always_accept,0,,26,0.08942000022216234
code,0,1,2,tight,threshold_1,0,,14,0.04579400001603062
code,0,1,2,tight,threshold_2,0,,10,0.03205600023648003
code,0,1,2,tight,always_fallback,0,,10,0.0318689999403432
code,0,1,2,tight,ignore_recovery,0,,583,2.0778049997716153
code,0,1,2,roomy,adaptive,1,27,5761,45.61232600008225
code,0,1,2,roomy,always_accept,1,27,1078,3.439477000029001
code,0,1,2,roomy,threshold_1,0,,349,1.101212999856216
code,0,1,2,roomy,threshold_2,0,,57,0.14607299999624956
code,0,1,2,roomy,always_fallback,0,,56,0.11661300004561781
code,0,1,2,roomy,ignore_recovery,0,,4970,20.147983999777352
code,0,2,0,tight,adaptive,0,,260,0.46571300026698736
code,0,2,0,tight,always_accept,0,,26,0.0637409998489602
code,0,2,0,tight,threshold_1,0,,14,0.08353100020030979
code,0,2,0,tight,threshold_2,0,,10,0.030207999770937022
code,0,2,0,tight,always_fallback,0,,10,0.026885999886872014
code,0,2,0,tight,ignore_recovery,0,,260,0.6863379999231256
code,0,2,0,roomy,adaptive,1,18,2448,14.774285999919812
code,0,2,0,roomy,always_accept,1,18,214,0.7532350000474253
code,0,2,0,roomy,threshold_1,1,18,207,0.6272969999372435
code,0,2,0,roomy,threshold_2,1,20,101,1.2253800000507908
code,0,2,0,roomy,always_fallback,1,27,53,0.20457599975998164
code,0,2,0,roomy,ignore_recovery,1,18,2448,7.398449999982404
code,0,2,1,tight,adaptive,0,,154,0.6197070001690008
code,0,2,1,tight,always_accept,0,,26,0.08525300017936388
code,0,2,1,tight,threshold_1,0,,14,0.04446799994184403
code,0,2,1,tight,threshold_2,0,,10,0.03131000039502396
code,0,2,1,tight,always_fallback,0,,10,0.02898499997172621
code,0,2,1,tight,ignore_recovery,0,,471,1.1472109999886015
code,0,2,1,roomy,adaptive,1,22,5495,38.368257000001904
code,0,2,1,roomy,always_accept,1,22,449,1.5211420000014186
code,0,2,1,roomy,threshold_1,1,22,493,1.4884400002301845
code,0,2,1,roomy,threshold_2,0,,57,0.1369379997413489
code,0,2,1,roomy,always_fallback,0,,56,0.1378560000375728
code,0,2,1,roomy,ignore_recovery,0,,4891,24.49312699991424
code,0,2,2,tight,adaptive,0,,154,0.4752859999825887
code,0,2,2,tight,always_accept,0,,26,0.0870100002430263
code,0,2,2,tight,threshold_1,0,,14,0.2013749999605352
code,0,2,2,tight,threshold_2,0,,10,0.03292599967608112
code,0,2,2,tight,always_fallback,0,,10,0.03214599973944132
code,0,2,2,tight,ignore_recovery,0,,682,2.5183590000779077
code,0,2,2,roomy,adaptive,1,36,8349,70.65270299972326
code,0,2,2,roomy,always_accept,0,,399,1.1177510000379698
code,0,2,2,roomy,threshold_1,0,,430,0.9614079999664682
code,0,2,2,roomy,threshold_2,0,,57,0.13579400001617614
code,0,2,2,roomy,always_fallback,0,,56,0.2439670001876948
code,0,2,2,roomy,ignore_recovery,0,,7334,40.23214199969516
code,1,0,0,tight,adaptive,1,25,289,2.144395999948756
code,1,0,0,tight,always_accept,1,25,60,0.14916800000719377
code,1,0,0,tight,threshold_1,1,25,46,0.14250200001697522
code,1,0,0,tight,threshold_2,0,,23,0.04905700006929692
code,1,0,0,tight,always_fallback,0,,23,0.04582700012178975
code,1,0,0,tight,ignore_recovery,1,25,289,0.6468820001828135
code,1,0,0,roomy,adaptive,1,16,654,3.3845140001176333
code,1,0,0,roomy,always_accept,1,16,146,0.3292329997748311
code,1,0,0,roomy,threshold_1,1,16,135,0.39608099996257806
code,1,0,0,roomy,threshold_2,1,21,144,0.5043050000494986
code,1,0,0,roomy,always_fallback,1,25,146,0.23701500003880938
code,1,0,0,roomy,ignore_recovery,1,16,654,2.174761999867769
code,1,0,1,tight,adaptive,1,31,590,3.3706379999784986
code,1,0,1,tight,always_accept,1,31,122,0.29855799994038534
code,1,0,1,tight,threshold_1,0,,50,0.8806509999885748
code,1,0,1,tight,threshold_2,0,,23,0.06624899970120168
code,1,0,1,tight,always_fallback,0,,23,0.049406000016460894
code,1,0,1,tight,ignore_recovery,0,,574,4.738753999845358
code,1,0,1,roomy,adaptive,1,20,1378,14.35828700005004
code,1,0,1,roomy,always_accept,1,20,362,1.1209670001335326
code,1,0,1,roomy,threshold_1,1,20,328,0.9254960000362189
code,1,0,1,roomy,threshold_2,0,,180,0.30935399990994483
code,1,0,1,roomy,always_fallback,0,,153,0.26757999967230717
code,1,0,1,roomy,ignore_recovery,0,,1303,4.902732000118704
code,1,0,2,tight,adaptive,0,,413,0.9912840000652068
code,1,0,2,tight,always_accept,0,,79,0.15487000018765684
code,1,0,2,tight,threshold_1,0,,50,0.10036799994850298
code,1,0,2,tight,threshold_2,0,,23,0.052831000175501686
code,1,0,2,tight,always_fallback,0,,23,0.05171200018594391
code,1,0,2,tight,ignore_recovery,0,,859,5.6493870001759205
code,1,0,2,roomy,adaptive,1,25,2079,25.3731580000931
code,1,0,2,roomy,always_accept,1,25,592,1.5005800000835734
code,1,0,2,roomy,threshold_1,1,25,467,1.4362649999384303
code,1,0,2,roomy,threshold_2,0,,158,0.2989129998240969
code,1,0,2,roomy,always_fallback,0,,153,0.40475500009051757
code,1,0,2,roomy,ignore_recovery,0,,1952,6.781080999644473
code,1,1,0,tight,adaptive,1,25,578,2.5089019995903072
code,1,1,0,tight,always_accept,1,25,96,0.47410199977093725
code,1,1,0,tight,threshold_1,1,25,80,0.2085000000988657
code,1,1,0,tight,threshold_2,0,,23,0.05181799997444614
code,1,1,0,tight,always_fallback,0,,23,0.04844599970965646
code,1,1,0,tight,ignore_recovery,1,25,578,1.2706570000773354
code,1,1,0,roomy,adaptive,1,16,1404,6.930620999810344
code,1,1,0,roomy,always_accept,1,16,299,0.6485950002570462
code,1,1,0,roomy,threshold_1,1,16,265,0.7632420001755236
code,1,1,0,roomy,threshold_2,1,21,243,0.5989659998704155
code,1,1,0,roomy,always_fallback,1,25,146,0.25571700007276377
code,1,1,0,roomy,ignore_recovery,1,16,1404,3.9538770001854573
code,1,1,1,tight,adaptive,0,,411,0.9971509998649708
code,1,1,1,tight,always_accept,0,,78,0.2790459998323058
code,1,1,1,tight,threshold_1,0,,54,0.11675199993987917
code,1,1,1,tight,threshold_2,0,,23,0.05326300015440211
code,1,1,1,tight,always_fallback,0,,23,0.0487810002596234
code,1,1,1,tight,ignore_recovery,0,,1152,2.930210000158695
code,1,1,1,roomy,adaptive,1,20,2811,20.273192999866296
code,1,1,1,roomy,always_accept,1,20,702,1.716576999569952
code,1,1,1,roomy,threshold_1,1,20,648,2.3395160001200566
code,1,1,1,roomy,threshold_2,0,,194,1.653267000165215
code,1,1,1,roomy,always_fallback,0,,153,1.5062420002323051
code,1,1,1,roomy,ignore_recovery,0,,2801,9.548356999857788
code,1,1,2,tight,adaptive,0,,391,1.0614070001793152
code,1,1,2,tight,always_accept,0,,77,0.18714599991653813
code,1,1,2,tight,threshold_1,0,,50,0.1266449999093311
code,1,1,2,tight,threshold_2,0,,23,0.05925899995418149
code,1,1,2,tight,always_fallback,0,,23,0.05455900009110337
code,1,1,2,tight,ignore_recovery,0,,1726,5.255473000033817
code,1,1,2,roomy,adaptive,1,25,4054,25.755042000128014
code,1,1,2,roomy,always_accept,1,25,964,2.6543240001046797
code,1,1,2,roomy,threshold_1,1,25,892,2.422495999780949
code,1,1,2,roomy,threshold_2,0,,158,0.36520799994832487
code,1,1,2,roomy,always_fallback,0,,153,0.33794199998737895
code,1,1,2,roomy,ignore_recovery,0,,4198,15.570821999972395
code,1,2,0,tight,adaptive,0,,591,1.4276580000114336
code,1,2,0,tight,always_accept,0,,70,0.14829900010226993
code,1,2,0,tight,threshold_1,0,,54,0.10065900005429285
code,1,2,0,tight,threshold_2,0,,23,0.04671200031225453
code,1,2,0,tight,always_fallback,0,,23,0.04403200000524521
code,1,2,0,tight,ignore_recovery,0,,591,3.1157339999481337
code,1,2,0,roomy,adaptive,1,21,1663,7.598356000016793
code,1,2,0,roomy,always_accept,0,,271,0.5055050000919437
code,1,2,0,roomy,threshold_1,0,,232,0.40725000008023926
code,1,2,0,roomy,threshold_2,0,,219,0.4538849998425576
code,1,2,0,roomy,always_fallback,1,25,146,0.24506800036760978
code,1,2,0,roomy,ignore_recovery,1,21,1663,7.354665000093519
code,1,2,1,tight,adaptive,0,,411,2.52072200009934
code,1,2,1,tight,always_accept,0,,78,0.17543800004204968
code,1,2,1,tight,threshold_1,0,,54,1.2814669998988393
code,1,2,1,tight,threshold_2,0,,23,0.0652100002298539
code,1,2,1,tight,always_fallback,0,,23,0.05283600012262468
code,1,2,1,tight,ignore_recovery,0,,1083,3.4634190001270326
code,1,2,1,roomy,adaptive,1,29,3238,19.622370999968552
code,1,2,1,roomy,always_accept,0,,399,0.8227690000239818
code,1,2,1,roomy,threshold_1,0,,368,0.9665649999988091
code,1,2,1,roomy,threshold_2,0,,194,0.32366499999625375
code,1,2,1,roomy,always_fallback,0,,153,0.2634059997035365
code,1,2,1,roomy,ignore_recovery,0,,3312,11.622643999999127
code,1,2,2,tight,adaptive,0,,391,0.9808529998736049
code,1,2,2,tight,always_accept,0,,77,0.21142500008863863
code,1,2,2,tight,threshold_1,0,,50,0.1233829998454894
code,1,2,2,tight,threshold_2,0,,23,0.05658899999616551
code,1,2,2,tight,always_fallback,0,,23,0.05215099963606917
code,1,2,2,tight,ignore_recovery,0,,1575,5.127335999986826
code,1,2,2,roomy,adaptive,0,,3591,12.046146000102453
code,1,2,2,roomy,always_accept,0,,411,0.9921509999912814
code,1,2,2,roomy,threshold_1,0,,366,0.7828749999134743
code,1,2,2,roomy,threshold_2,0,,158,0.31217199966704356
code,1,2,2,roomy,always_fallback,0,,153,0.2808730000651849
code,1,2,2,roomy,ignore_recovery,0,,4961,15.515993000008166
code,2,0,0,tight,adaptive,1,27,209,1.0867549999602488
code,2,0,0,tight,always_accept,1,27,46,0.2021390000663814
code,2,0,0,tight,threshold_1,1,27,46,0.12306799999350915
code,2,0,0,tight,threshold_2,0,,29,0.05918399983784184
code,2,0,0,tight,always_fallback,0,,31,0.05626799975289032
code,2,0,0,tight,ignore_recovery,1,27,209,2.113955999902828
code,2,0,0,roomy,adaptive,1,18,379,1.8363770000178192
code,2,0,0,roomy,always_accept,1,18,92,0.23481200014430215
code,2,0,0,roomy,threshold_1,1,18,92,0.21112700005687657
code,2,0,0,roomy,threshold_2,1,23,86,0.32480600020790007
code,2,0,0,roomy,always_fallback,1,26,155,0.27828600013890537
code,2,0,0,roomy,ignore_recovery,1,18,379,1.154629000211571
code,2,0,1,tight,adaptive,1,32,428,2.1351240002331906
code,2,0,1,tight,always_accept,1,32,96,0.26275700020050863
code,2,0,1,tight,threshold_1,1,32,96,0.24963899977592519
code,2,0,1,tight,threshold_2,0,,29,0.6468950000453333
code,2,0,1,tight,always_fallback,0,,31,0.06616300015593879
code,2,0,1,tight,ignore_recovery,0,,415,1.0927670000455691
code,2,0,1,roomy,adaptive,1,19,826,5.268193000119936
code,2,0,1,roomy,always_accept,1,19,236,0.6084970000301837
code,2,0,1,roomy,threshold_1,1,19,236,0.5697690003216849
code,2,0,1,roomy,threshold_2,1,30,185,0.42208600007143104
code,2,0,1,roomy,always_fallback,1,33,289,1.7694849998406426
code,2,0,1,roomy,ignore_recovery,0,,753,2.3832690003473544
code,2,0,2,tight,adaptive,0,,462,1.251885999863589
code,2,0,2,tight,always_accept,0,,103,0.2503390001038497
code,2,0,2,tight,threshold_1,0,,103,0.1843400000325346
code,2,0,2,tight,threshold_2,0,,29,0.06593200032511959
code,2,0,2,tight,always_fallback,0,,31,0.06414600011339644
code,2,0,2,tight,ignore_recovery,0,,621,1.7636740003581508
code,2,0,2,roomy,adaptive,1,23,1298,10.738204000062979
code,2,0,2,roomy,always_accept,1,23,382,1.3289399998939189
code,2,0,2,roomy,threshold_1,1,23,382,1.6154760000972601
code,2,0,2,roomy,threshold_2,0,,137,0.6282539998210268
code,2,0,2,roomy,always_fallback,0,,204,0.4127779998270853
code,2,0,2,roomy,ignore_recovery,0,,1127,4.134905000228173
code,2,1,0,tight,adaptive,1,27,401,2.0242890000190528
code,2,1,0,tight,always_accept,1,27,89,0.2513710001039726
code,2,1,0,tight,threshold_1,1,27,89,0.24274800034618238
code,2,1,0,tight,threshold_2,0,,29,0.06330299993351218
code,2,1,0,tight,always_fallback,0,,31,0.05423500033430173
code,2,1,0,tight,ignore_recovery,1,27,401,2.037683999787987
code,2,1,0,roomy,adaptive,1,18,722,4.005587999927229
code,2,1,0,roomy,always_accept,1,18,179,0.48395899966635625
code,2,1,0,roomy,threshold_1,1,18,179,0.6216550000317511
code,2,1,0,roomy,threshold_2,1,23,160,0.49891500020748936
code,2,1,0,roomy,always_fallback,1,26,155,0.2986639997288876
code,2,1,0,roomy,ignore_recovery,1,18,722,5.932435999966401
code,2,1,1,tight,adaptive,1,32,815,7.035996000013256
code,2,1,1,tight,always_accept,1,32,183,0.7416040002681257
code,2,1,1,tight,threshold_1,1,32,183,0.5889199997000105
code,2,1,1,tight,threshold_2,0,,29,0.20914400010951795
code,2,1,1,tight,always_fallback,0,,31,0.06322800027191988
code,2,1,1,tight,ignore_recovery,0,,799,3.306929000245873
code,2,1,1,roomy,adaptive,1,19,1578,10.827799000253435
code,2,1,1,roomy,always_accept,1,19,465,1.2932540003021131
code,2,1,1,roomy,threshold_1,1,19,465,1.3116959999024402
code,2,1,1,roomy,threshold_2,1,30,335,1.3157090002096083
code,2,1,1,roomy,always_fallback,1,33,289,0.6279509998421418
code,2,1,1,roomy,ignore_recovery,0,,1439,4.972510999778024
code,2,1,2,tight,adaptive,0,,780,2.5843509997685032
code,2,1,2,tight,always_accept,0,,170,0.38945699998294003
code,2,1,2,tight,threshold_1,0,,170,0.34640000012586825
code,2,1,2,tight,threshold_2,0,,29,0.07278400016730302
code,2,1,2,tight,always_fallback,0,,31,0.0645149998490524
code,2,1,2,tight,ignore_recovery,0,,1197,5.35955700024715
code,2,1,2,roomy,adaptive,1,23,2486,21.260720000100264
code,2,1,2,roomy,always_accept,1,23,753,3.023518000190961
code,2,1,2,roomy,threshold_1,1,23,753,2.720419000070251
code,2,1,2,roomy,threshold_2,0,,176,0.46791699969617184
code,2,1,2,roomy,always_fallback,0,,204,0.47439900026802206
code,2,1,2,roomy,ignore_recovery,0,,2156,12.288499999613123
code,2,2,0,tight,adaptive,1,37,439,3.436435000367055
code,2,2,0,tight,always_accept,0,,63,0.2590369999779796
code,2,2,0,tight,threshold_1,0,,63,0.1542240001981554
code,2,2,0,tight,threshold_2,0,,29,0.06462099963755463
code,2,2,0,tight,always_fallback,0,,31,0.055498000165243866
code,2,2,0,tight,ignore_recovery,1,37,439,2.0313719996920554
code,2,2,0,roomy,adaptive,1,23,895,5.754723999871203
code,2,2,0,roomy,always_accept,0,,165,0.3723350000655046
code,2,2,0,roomy,threshold_1,0,,165,0.31659699970987276
code,2,2,0,roomy,threshold_2,1,26,166,0.40267199983645696
code,2,2,0,roomy,always_fallback,1,26,155,0.4591140000229643
code,2,2,0,roomy,ignore_recovery,1,23,895,2.54443399990123
code,2,2,1,tight,adaptive,0,,487,1.6558289999011322
code,2,2,1,tight,always_accept,0,,73,0.1611440002307063
code,2,2,1,tight,threshold_1,0,,73,0.164844000209996
code,2,2,1,tight,threshold_2,0,,29,0.06930100016688812
code,2,2,1,tight,always_fallback,0,,31,0.06078500018702471
code,2,2,1,tight,ignore_recovery,0,,864,2.241319999939151
code,2,2,1,roomy,adaptive,1,30,1892,13.687559999652876
code,2,2,1,roomy,always_accept,0,,269,2.3968119999153714
code,2,2,1,roomy,threshold_1,0,,269,0.7793720001245674
code,2,2,1,roomy,threshold_2,0,,261,0.6443550000767573
code,2,2,1,roomy,always_fallback,1,33,289,0.7483110002795001
code,2,2,1,roomy,ignore_recovery,0,,1783,7.887178000146378
code,2,2,2,tight,adaptive,0,,388,5.0503779998507525
code,2,2,2,tight,always_accept,0,,69,0.1850049998211034
code,2,2,2,tight,threshold_1,0,,69,0.1989960001083091
code,2,2,2,tight,threshold_2,0,,29,0.07707700024184305
code,2,2,2,tight,always_fallback,0,,31,0.06718199983879458
code,2,2,2,tight,ignore_recovery,0,,1289,6.090200000016921
code,2,2,2,roomy,adaptive,1,37,2747,21.892052000112017
code,2,2,2,roomy,always_accept,0,,324,1.1379200000192213
code,2,2,2,roomy,threshold_1,0,,324,1.0247489999528625
code,2,2,2,roomy,threshold_2,0,,176,0.3787850000662729
code,2,2,2,roomy,always_fallback,0,,204,0.6465149999712594
code,2,2,2,roomy,ignore_recovery,0,,2671,12.660801000038191
code,3,0,0,tight,adaptive,1,30,317,1.863515999957599
code,3,0,0,tight,always_accept,1,30,57,0.16634999974485254
code,3,0,0,tight,threshold_1,1,30,33,0.2671729998837691
code,3,0,0,tight,threshold_2,0,,11,0.037971999972796766
code,3,0,0,tight,always_fallback,0,,11,0.028622999707295094
code,3,0,0,tight,ignore_recovery,1,30,317,1.3168619998396025
code,3,0,0,roomy,adaptive,1,20,838,4.98200399988491
code,3,0,0,roomy,always_accept,1,20,141,0.47840800016274443
code,3,0,0,roomy,threshold_1,1,20,127,0.2761439995992987
code,3,0,0,roomy,threshold_2,1,29,101,0.1864989999376121
code,3,0,0,roomy,always_fallback,1,31,101,0.1778679998096777
code,3,0,0,roomy,ignore_recovery,1,20,838,3.544261999650189
code,3,0,1,tight,adaptive,1,36,535,2.420758999960526
code,3,0,1,tight,always_accept,1,36,96,0.2912700001616031
code,3,0,1,tight,threshold_1,0,,41,2.328848999695765
code,3,0,1,tight,threshold_2,0,,11,0.04143999967709533
code,3,0,1,tight,always_fallback,0,,11,0.029492000066966284
code,3,0,1,tight,ignore_recovery,0,,631,1.4775429999644984
code,3,0,1,roomy,adaptive,1,25,1779,10.040092000053846
code,3,0,1,roomy,always_accept,1,25,331,1.1892180000359076
code,3,0,1,roomy,threshold_1,1,25,301,0.7710869999755232
code,3,0,1,roomy,threshold_2,0,,115,0.24811399998725392
code,3,0,1,roomy,always_fallback,0,,115,0.2445670002089173
code,3,0,1,roomy,ignore_recovery,0,,1671,6.004163000397966
code,3,0,2,tight,adaptive,0,,479,1.0537550001572527
code,3,0,2,tight,always_accept,0,,80,0.15447600026163855
code,3,0,2,tight,threshold_1,0,,37,0.07315399989238358
code,3,0,2,tight,threshold_2,0,,11,0.031692999982624315
code,3,0,2,tight,always_fallback,0,,11,0.030487000003631692
code,3,0,2,tight,ignore_recovery,0,,945,2.9989589997967414
code,3,0,2,roomy,adaptive,1,30,2577,14.926563000244641
code,3,0,2,roomy,always_accept,1,30,487,1.2412269998094416
code,3,0,2,roomy,threshold_1,1,30,384,0.9720319999360072
code,3,0,2,roomy,threshold_2,0,,115,0.21801899993079132
code,3,0,2,roomy,always_fallback,0,,115,0.19276900002296316
code,3,0,2,roomy,ignore_recovery,0,,2504,10.590515999865602
code,3,1,0,tight,adaptive,1,30,653,2.484481000010419
code,3,1,0,tight,always_accept,1,30,79,0.2083049998873321
code,3,1,0,tight,threshold_1,1,30,60,0.16959699996732525
code,3,1,0,tight,threshold_2,0,,11,0.031305999982578214
code,3,1,0,tight,always_fallback,0,,11,0.026190999960817862
code,3,1,0,tight,ignore_recovery,1,30,653,1.4241680000850465
code,3,1,0,roomy,adaptive,1,20,1855,10.673248999864882
code,3,1,0,roomy,always_accept,1,20,231,0.5248910001682816
code,3,1,0,roomy,threshold_1,1,20,247,0.582991000101174
code,3,1,0,roomy,threshold_2,1,29,159,0.44619900018005865
code,3,1,0,roomy,always_fallback,1,31,101,0.18367600023339037
code,3,1,0,roomy,ignore_recovery,1,20,1855,5.657723999775044
code,3,1,1,tight,adaptive,0,,593,1.824166000005789
code,3,1,1,tight,always_accept,0,,78,0.1776579997567751
code,3,1,1,tight,threshold_1,0,,53,0.10804099974848214
code,3,1,1,tight,threshold_2,0,,11,0.0310959999296756
code,3,1,1,tight,always_fallback,0,,11,0.028887999633298023
code,3,1,1,tight,ignore_recovery,0,,1268,4.108295000150974
code,3,1,1,roomy,adaptive,1,25,3857,30.59064400031275
code,3,1,1,roomy,always_accept,1,25,487,1.4127790000202367
code,3,1,1,roomy,threshold_1,1,25,591,1.6114499999275722
code,3,1,1,roomy,threshold_2,0,,129,0.21346499988794676
code,3,1,1,roomy,always_fallback,0,,115,0.1723889999993844
code,3,1,1,roomy,ignore_recovery,0,,3705,10.772194000310265
code,3,1,2,tight,adaptive,0,,482,1.4594700000998273
code,3,1,2,tight,always_accept,0,,73,0.19167699974786956
code,3,1,2,tight,threshold_1,0,,37,0.15161500004978734
code,3,1,2,tight,threshold_2,0,,11,0.034263999623362906
code,3,1,2,tight,always_fallback,0,,11,0.03178899987688055
code,3,1,2,tight,ignore_recovery,0,,1883,6.13697000017055
code,3,1,2,roomy,adaptive,1,30,4671,42.61707399973602
code,3,1,2,roomy,always_accept,1,30,610,2.9584790004264505
code,3,1,2,roomy,threshold_1,1,30,721,2.8025169999637
code,3,1,2,roomy,threshold_2,0,,115,0.5424380001386453
code,3,1,2,roomy,always_fallback,0,,115,0.20235100009813323
code,3,1,2,roomy,ignore_recovery,0,,5555,25.225041000339843
code,3,2,0,tight,adaptive,0,,802,1.6350190003322496
code,3,2,0,tight,always_accept,0,,66,0.23864400009188103
code,3,2,0,tight,threshold_1,0,,41,0.08326499983013491
code,3,2,0,tight,threshold_2,0,,11,0.028384999950503698
code,3,2,0,tight,always_fallback,0,,11,0.027647000024444424
code,3,2,0,tight,ignore_recovery,0,,802,2.254500000162807
code,3,2,0,roomy,adaptive,1,27,2395,12.840095000228757
code,3,2,0,roomy,always_accept,0,,205,0.5339140002433851
code,3,2,0,roomy,threshold_1,0,,205,0.4881500003648398
code,3,2,0,roomy,threshold_2,0,,166,0.2521739997973782
code,3,2,0,roomy,always_fallback,1,31,101,0.18335899994781357
code,3,2,0,roomy,ignore_recovery,1,27,2395,6.096655999954237
code,3,2,1,tight,adaptive,0,,608,1.3115110000399
code,3,2,1,tight,always_accept,0,,76,0.2045790001830028
code,3,2,1,tight,threshold_1,0,,49,0.10720099999161903
code,3,2,1,tight,threshold_2,0,,11,0.031178999961412046
code,3,2,1,tight,always_fallback,0,,11,0.028760000077454606
code,3,2,1,tight,ignore_recovery,0,,1533,3.8785259998803667
code,3,2,1,roomy,adaptive,1,35,4870,30.64195999968433
code,3,2,1,roomy,always_accept,0,,333,1.10988799997358
code,3,2,1,roomy,threshold_1,0,,337,0.8123899997372064
code,3,2,1,roomy,threshold_2,0,,129,0.236672000028193
code,3,2,1,roomy,always_fallback,0,,115,0.17817299976741197
code,3,2,1,roomy,ignore_recovery,0,,4781,18.451745999755076
code,3,2,2,tight,adaptive,0,,482,1.4463930001511471
code,3,2,2,tight,always_accept,0,,73,0.18270600003233994
code,3,2,2,tight,threshold_1,0,,37,0.09019900016937754
code,3,2,2,tight,threshold_2,0,,11,0.031645000035496196
code,3,2,2,tight,always_fallback,0,,11,0.030302000141091412
code,3,2,2,tight,ignore_recovery,0,,2264,8.857164000346529
code,3,2,2,roomy,adaptive,0,,5591,20.340374000170414
code,3,2,2,roomy,always_accept,0,,369,0.9967900000447116
code,3,2,2,roomy,threshold_1,0,,325,0.9328440000899718
code,3,2,2,roomy,threshold_2,0,,115,0.21996999976181542
code,3,2,2,roomy,always_fallback,0,,115,0.22407100004784297
code,3,2,2,roomy,ignore_recovery,0,,7167,42.975283000032505
code,4,0,0,tight,adaptive,1,25,187,1.2297240000407328
code,4,0,0,tight,always_accept,1,25,44,0.13000399985685362
code,4,0,0,tight,threshold_1,1,25,44,0.11207699981241603
code,4,0,0,tight,threshold_2,1,33,40,0.2596200001789839
code,4,0,0,tight,always_fallback,0,,40,0.09812899997996283
code,4,0,0,tight,ignore_recovery,1,25,187,0.5818620002173702
code,4,0,0,roomy,adaptive,1,17,317,2.1871210001336294
code,4,0,0,roomy,always_accept,1,17,90,0.26302300011593616
code,4,0,0,roomy,threshold_1,1,17,90,0.2212509998571477
code,4,0,0,roomy,threshold_2,1,20,156,0.3693120002026262
code,4,0,0,roomy,always_fallback,1,22,146,0.6959900001675123
code,4,0,0,roomy,ignore_recovery,1,17,317,0.9755550004229008
code,4,0,1,tight,adaptive,1,26,384,2.790411000205495
code,4,0,1,tight,always_accept,1,26,93,0.3746940001292387
code,4,0,1,tight,threshold_1,1,26,93,0.3254159996686212
code,4,0,1,tight,threshold_2,0,,46,0.09380799974678666
code,4,0,1,tight,always_fallback,0,,40,0.10248399985357537
code,4,0,1,tight,ignore_recovery,0,,371,2.2508950000883488
code,4,0,1,roomy,adaptive,1,17,700,6.23773400002392
code,4,0,1,roomy,always_accept,1,17,206,0.7197710001491942
code,4,0,1,roomy,threshold_1,1,17,206,0.762777000090864
code,4,0,1,roomy,threshold_2,1,26,304,0.7753889999548846
code,4,0,1,roomy,always_fallback,1,28,266,1.244698999926186
code,4,0,1,roomy,ignore_recovery,1,17,629,2.494717999979912
code,4,0,2,tight,adaptive,1,30,556,3.7953429996377963
code,4,0,2,tight,always_accept,1,30,139,0.4172069998276129
code,4,0,2,tight,threshold_1,1,30,139,1.2646109998968313
code,4,0,2,tight,threshold_2,0,,42,0.1100449999285047
code,4,0,2,tight,always_fallback,0,,40,0.08588700029577012
code,4,0,2,tight,ignore_recovery,0,,555,2.0509340001808596
code,4,0,2,roomy,adaptive,1,21,1127,8.380131999729201
code,4,0,2,roomy,always_accept,1,21,341,1.1366559997441072
code,4,0,2,roomy,threshold_1,1,21,341,0.9835669998210506
code,4,0,2,roomy,threshold_2,1,33,424,1.1343719997967128
code,4,0,2,roomy,always_fallback,1,35,397,0.9344499999315303
code,4,0,2,roomy,ignore_recovery,0,,941,4.100080999705824
code,4,1,0,tight,adaptive,1,25,355,1.9722880001609155
code,4,1,0,tight,always_accept,1,25,85,0.333054999828164
code,4,1,0,tight,threshold_1,1,25,85,0.23326800010181614
code,4,1,0,tight,threshold_2,1,33,43,0.11030299992853543
code,4,1,0,tight,always_fallback,0,,40,0.06729899996571476
code,4,1,0,tight,ignore_recovery,1,25,355,0.9711759998936031
code,4,1,0,roomy,adaptive,1,17,598,3.9985909997994895
code,4,1,0,roomy,always_accept,1,17,175,0.4745309997815639
code,4,1,0,roomy,threshold_1,1,17,175,0.5054049997852417
code,4,1,0,roomy,threshold_2,1,20,216,0.43562800010477076
code,4,1,0,roomy,always_fallback,1,22,146,0.2783230002023629
code,4,1,0,roomy,ignore_recovery,1,17,598,1.9465049999780604
code,4,1,1,tight,adaptive,1,26,734,7.997034000254644
code,4,1,1,tight,always_accept,1,26,183,0.5524859998331522
code,4,1,1,tight,threshold_1,1,26,183,1.6640379999444121
code,4,1,1,tight,threshold_2,0,,52,0.11673700009851018
code,4,1,1,tight,always_fallback,0,,40,0.07519900009356206
code,4,1,1,tight,ignore_recovery,0,,707,2.2325009999804024
code,4,1,1,roomy,adaptive,1,17,1333,8.94523900024069
code,4,1,1,roomy,always_accept,1,17,405,1.2248580001141818
code,4,1,1,roomy,threshold_1,1,17,405,1.5636240000276302
code,4,1,1,roomy,threshold_2,1,26,440,1.040081999690301
code,4,1,1,roomy,always_fallback,1,28,266,0.5486499999278749
code,4,1,1,roomy,ignore_recovery,1,17,1191,4.985575999853609
code,4,1,2,tight,adaptive,1,30,1078,10.485813000286726
code,4,1,2,tight,always_accept,1,30,275,2.2834970000076282
code,4,1,2,tight,threshold_1,1,30,275,3.27682899978754
code,4,1,2,tight,threshold_2,0,,42,0.12881600014225114
code,4,1,2,tight,always_fallback,0,,40,0.14962099976401078
code,4,1,2,tight,ignore_recovery,0,,1059,4.930694999984553
code,4,1,2,roomy,adaptive,1,21,2152,27.201310000236845
code,4,1,2,roomy,always_accept,1,21,675,2.653585999723873
code,4,1,2,roomy,threshold_1,1,21,675,4.442481999831216
code,4,1,2,roomy,threshold_2,1,33,556,1.4744390000487329
code,4,1,2,roomy,always_fallback,1,35,397,2.8977400002077047
code,4,1,2,roomy,ignore_recovery,0,,1784,19.92634900034318
code,4,2,0,tight,adaptive,1,32,414,2.472543999829213
code,4,2,0,tight,always_accept,0,,61,0.1312899998993089
code,4,2,0,tight,threshold_1,0,,61,0.11310900026728632
code,4,2,0,tight,threshold_2,0,,44,0.10324899994884618
code,4,2,0,tight,always_fallback,0,,40,0.49333800006934325
code,4,2,0,tight,ignore_recovery,1,32,414,1.2243039996064908
code,4,2,0,roomy,adaptive,1,21,767,4.701676999957272
code,4,2,0,roomy,always_accept,0,,160,0.3295909996268165
code,4,2,0,roomy,threshold_1,0,,160,0.4490639998948609
code,4,2,0,roomy,threshold_2,1,22,237,0.8147100002133811
code,4,2,0,roomy,always_fallback,1,22,146,0.2751469996837841
code,4,2,0,roomy,ignore_recovery,1,21,767,2.3664729997108225
code,4,2,1,tight,adaptive,0,,544,1.5660849999221682
code,4,2,1,tight,always_accept,0,,85,0.18347800005358295
code,4,2,1,tight,threshold_1,0,,85,0.17169100010505645
code,4,2,1,tight,threshold_2,0,,48,0.09373700004289276
code,4,2,1,tight,always_fallback,0,,40,0.07380299985015881
code,4,2,1,tight,ignore_recovery,0,,825,3.1543529998998565
code,4,2,1,roomy,adaptive,1,26,1694,12.196096000025136
code,4,2,1,roomy,always_accept,0,,298,1.0041099999398284
code,4,2,1,roomy,threshold_1,0,,298,0.7196680003289657
code,4,2,1,roomy,threshold_2,1,29,451,0.901770999917062
code,4,2,1,roomy,always_fallback,1,28,266,0.7764760002828552
code,4,2,1,roomy,ignore_recovery,0,,1527,6.053312999938498
code,4,2,2,tight,adaptive,0,,407,2.239749999716878
code,4,2,2,tight,always_accept,0,,68,0.21015199990870315
code,4,2,2,tight,threshold_1,0,,68,0.16527200023119804
code,4,2,2,tight,threshold_2,0,,42,0.15209299999696668
code,4,2,2,tight,always_fallback,0,,40,0.08612000010543852
code,4,2,2,tight,ignore_recovery,0,,1236,5.312534000040614
code,4,2,2,roomy,adaptive,1,32,2612,18.870087999857788
code,4,2,2,roomy,always_accept,0,,322,0.9382739999637124
code,4,2,2,roomy,threshold_1,0,,322,0.8342500000253494
code,4,2,2,roomy,threshold_2,0,,418,2.3545150002064474
code,4,2,2,roomy,always_fallback,1,35,397,1.0288099997524114
code,4,2,2,roomy,ignore_recovery,0,,2287,8.700663999661629
code,5,0,0,tight,adaptive,1,27,221,0.9710950002954633
code,5,0,0,tight,always_accept,1,27,40,0.11261500003456604
code,5,0,0,tight,threshold_1,1,27,40,0.10874800000237883
code,5,0,0,tight,threshold_2,1,36,33,0.08525300017936388
code,5,0,0,tight,always_fallback,0,,31,0.05469799998536473
code,5,0,0,tight,ignore_recovery,1,27,221,0.5753569998887542
code,5,0,0,roomy,adaptive,1,18,381,2.2338909998325107
code,5,0,0,roomy,always_accept,1,18,79,0.19435900003372808
code,5,0,0,roomy,threshold_1,1,18,79,0.20064999989699572
code,5,0,0,roomy,threshold_2,1,21,163,0.3164569998261868
code,5,0,0,roomy,always_fallback,1,26,166,0.31266399992091465
code,5,0,0,roomy,ignore_recovery,1,18,381,1.103906000025745
code,5,0,1,tight,adaptive,1,32,449,2.8004189998682705
code,5,0,1,tight,always_accept,1,32,90,0.25269199977628887
code,5,0,1,tight,threshold_1,1,32,90,0.2612039997984539
code,5,0,1,tight,threshold_2,0,,34,0.0707159997546114
code,5,0,1,tight,always_fallback,0,,31,0.05921499996475177
code,5,0,1,tight,ignore_recovery,0,,439,1.3333480001165299
code,5,0,1,roomy,adaptive,1,19,838,5.6806269999469805
code,5,0,1,roomy,always_accept,1,19,205,0.49681500013321056
code,5,0,1,roomy,threshold_1,1,19,205,0.5961289998595021
code,5,0,1,roomy,threshold_2,1,28,360,0.7795169999553764
code,5,0,1,roomy,always_fallback,1,33,361,1.4050419999875885
code,5,0,1,roomy,ignore_recovery,0,,757,3.012912000031065
code,5,0,2,tight,adaptive,0,,272,0.7083870000315073
code,5,0,2,tight,always_accept,0,,47,0.10254400012854603
code,5,0,2,tight,threshold_1,0,,47,0.20831099982387968
code,5,0,2,tight,threshold_2,0,,34,0.11397500020393636
code,5,0,2,tight,always_fallback,0,,31,0.10259500004394795
code,5,0,2,tight,ignore_recovery,0,,657,2.6756560000649188
code,5,0,2,roomy,adaptive,1,23,1311,9.614155999770446
code,5,0,2,roomy,always_accept,1,23,335,1.30741599969042
code,5,0,2,roomy,threshold_1,1,23,335,0.9064779997061123
code,5,0,2,roomy,threshold_2,1,36,429,1.147628000126133
code,5,0,2,roomy,always_fallback,1,41,399,1.116218999868579
code,5,0,2,roomy,ignore_recovery,0,,1133,5.11628499998551
code,5,1,0,tight,adaptive,1,27,420,2.116808999744535
code,5,1,0,tight,always_accept,1,27,77,0.2507809999769961
code,5,1,0,tight,threshold_1,1,27,77,0.2211710002484324
code,5,1,0,tight,threshold_2,1,36,56,0.1476560000810423
code,5,1,0,tight,always_fallback,0,,31,0.05806099989058566
code,5,1,0,tight,ignore_recovery,1,27,420,1.145198000358505
code,5,1,0,roomy,adaptive,1,18,713,5.184347000067646
code,5,1,0,roomy,always_accept,1,18,153,0.4258399999343965
code,5,1,0,roomy,threshold_1,1,18,153,0.40130399975168984
code,5,1,0,roomy,threshold_2,1,21,307,1.0141070001736807
code,5,1,0,roomy,always_fallback,1,26,166,0.3461470000729605
code,5,1,0,roomy,ignore_recovery,1,18,713,3.718594000019948
code,5,1,1,tight,adaptive,1,32,860,5.867742000191356
code,5,1,1,tight,always_accept,1,32,177,0.5718219999835128
code,5,1,1,tight,threshold_1,1,32,177,0.5498710002029839
code,5,1,1,tight,threshold_2,0,,34,0.08212100010496215
code,5,1,1,tight,always_fallback,0,,31,0.32250499998554005
code,5,1,1,tight,ignore_recovery,0,,837,3.161237999847799
code,5,1,1,roomy,adaptive,1,19,1582,12.625560999822483
code,5,1,1,roomy,always_accept,1,19,403,1.1134129999845754
code,5,1,1,roomy,threshold_1,1,19,403,1.4098270003159996
code,5,1,1,roomy,threshold_2,1,28,688,1.8099629996868316
code,5,1,1,roomy,always_fallback,1,33,361,0.8581259999118629
code,5,1,1,roomy,ignore_recovery,0,,1421,6.421451999813144
code,5,1,2,tight,adaptive,0,,293,0.9930320002240478
code,5,1,2,tight,always_accept,0,,50,0.1681869998719776
code,5,1,2,tight,threshold_1,0,,50,0.1297310000154539
code,5,1,2,tight,threshold_2,0,,34,0.07906700011517387
code,5,1,2,tight,always_fallback,0,,31,0.3210499999113381
code,5,1,2,tight,ignore_recovery,0,,1254,4.968756999915058
code,5,1,2,roomy,adaptive,1,23,2490,20.15955099977873
code,5,1,2,roomy,always_accept,1,23,663,2.1990190002725285
code,5,1,2,roomy,threshold_1,1,23,663,3.556604000095831
code,5,1,2,roomy,threshold_2,1,36,745,1.7698799997560855
code,5,1,2,roomy,always_fallback,1,41,399,1.2801810003111314
code,5,1,2,roomy,ignore_recovery,0,,2129,9.390582999913022
code,5,2,0,tight,adaptive,1,37,489,2.3990650001906033
code,5,2,0,tight,always_accept,0,,57,0.12348600012046518
code,5,2,0,tight,threshold_1,0,,57,0.10940200036202441
code,5,2,0,tight,threshold_2,0,,43,0.07768599971313961
code,5,2,0,tight,always_fallback,0,,31,0.052785000207222765
code,5,2,0,tight,ignore_recovery,1,37,489,1.798995000171999
code,5,2,0,roomy,adaptive,1,23,918,5.290170999614929
code,5,2,0,roomy,always_accept,0,,147,0.32387300007030717
code,5,2,0,roomy,threshold_1,0,,147,0.27791100001195446
code,5,2,0,roomy,threshold_2,1,28,333,0.6085609998081054
code,5,2,0,roomy,always_fallback,1,26,166,0.390673000310926
code,5,2,0,roomy,ignore_recovery,1,23,918,3.1806399997549306
code,5,2,1,tight,adaptive,0,,487,1.4014869998391077
code,5,2,1,tight,always_accept,0,,53,0.13216199977250653
code,5,2,1,tight,threshold_1,0,,53,0.11745599977075472
code,5,2,1,tight,threshold_2,0,,34,0.06879799957459909
code,5,2,1,tight,always_fallback,0,,31,0.058445999911782565
code,5,2,1,tight,ignore_recovery,0,,959,3.9354410000669304
code,5,2,1,roomy,adaptive,1,30,1994,12.812639999992825
code,5,2,1,roomy,always_accept,0,,266,0.785833999998431
code,5,2,1,roomy,threshold_1,0,,266,0.562431000162178
code,5,2,1,roomy,threshold_2,0,,548,1.3293709998833947
code,5,2,1,roomy,always_fallback,1,33,361,0.8100869999907445
code,5,2,1,roomy,ignore_recovery,0,,1831,7.201845000054163
code,5,2,2,tight,adaptive,0,,293,0.8703140001671272
code,5,2,2,tight,always_accept,0,,50,0.13264000017443323
code,5,2,2,tight,threshold_1,0,,50,0.1602739998816105
code,5,2,2,tight,threshold_2,0,,34,0.07951099996716948
code,5,2,2,tight,always_fallback,0,,31,0.06313599988061469
code,5,2,2,tight,ignore_recovery,0,,1429,4.24442400026237
code,5,2,2,roomy,adaptive,1,37,3012,28.17725899967627
code,5,2,2,roomy,always_accept,0,,301,0.9146970000983856
code,5,2,2,roomy,threshold_1,0,,301,0.7016509998720721
code,5,2,2,roomy,threshold_2,0,,408,0.8303889999297098
code,5,2,2,roomy,always_fallback,1,41,399,1.1157899998579524
code,5,2,2,roomy,ignore_recovery,0,,2744,9.88940100023683
code,6,0,0,tight,adaptive,1,22,217,1.0002490002989362
code,6,0,0,tight,always_accept,1,22,55,0.13755999998465995
code,6,0,0,tight,threshold_1,1,22,55,0.13269100008983514
code,6,0,0,tight,threshold_2,1,29,45,0.10574899988569086
code,6,0,0,tight,always_fallback,0,,48,0.23725600021862192
code,6,0,0,tight,ignore_recovery,1,22,217,0.6021009999130911
code,6,0,0,roomy,adaptive,1,14,370,2.1291570001267246
code,6,0,0,roomy,always_accept,1,14,105,0.3498119999676419
code,6,0,0,roomy,threshold_1,1,14,105,0.28483999994932674
code,6,0,0,roomy,threshold_2,1,15,147,2.13844199970481
code,6,0,0,roomy,always_fallback,1,23,170,0.32953299978544237
code,6,0,0,roomy,ignore_recovery,1,14,370,1.280211999983294
code,6,0,1,tight,adaptive,1,27,445,2.7056099997935235
code,6,0,1,tight,always_accept,1,27,104,0.3254680000281951
code,6,0,1,tight,threshold_1,1,27,104,0.2749089999269927
code,6,0,1,tight,threshold_2,0,,46,0.09129999989454518
code,6,0,1,tight,always_fallback,0,,48,0.08509200006301398
code,6,0,1,tight,ignore_recovery,0,,431,1.440827000351419
code,6,0,1,roomy,adaptive,1,15,804,6.015642999955162
code,6,0,1,roomy,always_accept,1,15,243,0.6129280000095605
code,6,0,1,roomy,threshold_1,1,15,243,1.4482709998446808
code,6,0,1,roomy,threshold_2,1,21,328,0.8066559998951561
code,6,0,1,roomy,always_fallback,1,30,374,0.8013049996407062
code,6,0,1,roomy,ignore_recovery,0,,735,3.3757209998839244
code,6,0,2,tight,adaptive,0,,329,2.4845660000210046
code,6,0,2,tight,always_accept,0,,70,0.36446199965212145
code,6,0,2,tight,threshold_1,0,,70,0.18698299982133904
code,6,0,2,tight,threshold_2,0,,46,0.14609999971071375
code,6,0,2,tight,always_fallback,0,,48,0.09737100026541157
code,6,0,2,tight,ignore_recovery,0,,645,2.486553999915486
code,6,0,2,roomy,adaptive,1,18,1267,11.711032000221167
code,6,0,2,roomy,always_accept,1,18,398,1.015213999835396
code,6,0,2,roomy,threshold_1,1,18,398,1.0357669998484198
code,6,0,2,roomy,threshold_2,1,29,441,1.0323659998903167
code,6,0,2,roomy,always_fallback,1,38,500,1.2130499999329913
code,6,0,2,roomy,ignore_recovery,0,,1100,4.692862999945646
code,6,1,0,tight,adaptive,1,22,415,2.2056580000935355
code,6,1,0,tight,always_accept,1,22,107,0.28380499998093
code,6,1,0,tight,threshold_1,1,22,107,0.3704440000547038
code,6,1,0,tight,threshold_2,1,29,78,0.30466400039586006
code,6,1,0,tight,always_fallback,0,,48,0.08582500004195026
code,6,1,0,tight,ignore_recovery,1,22,415,1.2234180003360962
code,6,1,0,roomy,adaptive,1,14,697,4.440268000053038
code,6,1,0,roomy,always_accept,1,14,205,0.5377010002121096
code,6,1,0,roomy,threshold_1,1,14,205,0.5417560000751109
code,6,1,0,roomy,threshold_2,1,15,284,0.6152030000521336
code,6,1,0,roomy,always_fallback,1,23,170,0.3266559997427976
code,6,1,0,roomy,ignore_recovery,1,14,697,3.4108539998669585
code,6,1,1,tight,adaptive,1,27,841,5.303014999753941
code,6,1,1,tight,always_accept,1,27,191,1.0566869996182504
code,6,1,1,tight,threshold_1,1,27,191,0.5614100000457256
code,6,1,1,tight,threshold_2,0,,46,0.10717800023485324
code,6,1,1,tight,always_fallback,0,,48,0.08636199981992831
code,6,1,1,tight,ignore_recovery,0,,827,2.480267000009917
code,6,1,1,roomy,adaptive,1,15,1530,12.942611000198667
code,6,1,1,roomy,always_accept,1,15,481,1.7029609998644446
code,6,1,1,roomy,threshold_1,1,15,481,1.3788739997835364
code,6,1,1,roomy,threshold_2,1,21,646,1.5700969997851644
code,6,1,1,roomy,always_fallback,1,30,374,0.7533259999945585
code,6,1,1,roomy,ignore_recovery,0,,1389,5.303602999902068
code,6,1,2,tight,adaptive,0,,405,1.2949709998792969
code,6,1,2,tight,always_accept,0,,80,0.20412799995028763
code,6,1,2,tight,threshold_1,0,,80,0.18778899993776577
code,6,1,2,tight,threshold_2,0,,46,0.1123590000133845
code,6,1,2,tight,always_fallback,0,,48,0.11909699969692156
code,6,1,2,tight,ignore_recovery,0,,1239,5.328011000074184
code,6,1,2,roomy,adaptive,1,18,2420,24.08925600002476
code,6,1,2,roomy,always_accept,1,18,786,4.374719000225014
code,6,1,2,roomy,threshold_1,1,18,786,2.9435050000756746
code,6,1,2,roomy,threshold_2,1,29,812,3.020062999894435
code,6,1,2,roomy,always_fallback,1,38,500,1.1882599997079524
code,6,1,2,roomy,ignore_recovery,0,,2081,9.576348999871698
code,6,2,0,tight,adaptive,1,33,466,2.327739000065776
code,6,2,0,tight,always_accept,0,,76,0.16296099965984467
code,6,2,0,tight,threshold_1,0,,76,0.1981179998438165
code,6,2,0,tight,threshold_2,0,,49,0.09375699983138475
code,6,2,0,tight,always_fallback,0,,48,0.2264889999423758
code,6,2,0,tight,ignore_recovery,1,33,466,1.1074129997723503
code,6,2,0,roomy,adaptive,1,20,893,4.525521000232402
code,6,2,0,roomy,always_accept,0,,188,0.3840990002572653
code,6,2,0,roomy,threshold_1,0,,188,0.36508900029730285
code,6,2,0,roomy,threshold_2,0,,276,0.47500800019406597
code,6,2,0,roomy,always_fallback,1,23,170,0.32348800004911027
code,6,2,0,roomy,ignore_recovery,1,20,893,3.179135999744176
code,6,2,1,tight,adaptive,0,,466,1.1222879998058488
code,6,2,1,tight,always_accept,0,,78,0.165884999660193
code,6,2,1,tight,threshold_1,0,,78,0.16336900034730206
code,6,2,1,tight,threshold_2,0,,46,0.0975539996943553
code,6,2,1,tight,always_fallback,0,,48,0.0866979999045725
code,6,2,1,tight,ignore_recovery,0,,912,4.2560779997984355
code,6,2,1,roomy,adaptive,1,26,1908,10.86318299985578
code,6,2,1,roomy,always_accept,0,,320,0.7154720001381065
code,6,2,1,roomy,threshold_1,0,,320,0.8777089997238363
code,6,2,1,roomy,threshold_2,0,,365,0.7256549997691764
code,6,2,1,roomy,always_fallback,1,30,374,0.7368370002041047
code,6,2,1,roomy,ignore_recovery,0,,1781,5.51931300014985
code,6,2,2,tight,adaptive,0,,420,1.1716670001078455
code,6,2,2,tight,always_accept,0,,79,0.18750800018096925
code,6,2,2,tight,threshold_1,0,,79,0.18269800011694315
code,6,2,2,tight,threshold_2,0,,46,0.14116900001681643
code,6,2,2,tight,always_fallback,0,,48,0.09700000009615906
code,6,2,2,tight,ignore_recovery,0,,1358,5.928096999923582
code,6,2,2,roomy,adaptive,1,33,2913,20.901782999771967
code,6,2,2,roomy,always_accept,0,,367,1.379384999836475
code,6,2,2,roomy,threshold_1,0,,367,0.949692000176583
code,6,2,2,roomy,threshold_2,0,,442,1.0848070000974985
code,6,2,2,roomy,always_fallback,1,38,500,1.0726530003921653
code,6,2,2,roomy,ignore_recovery,0,,2669,13.609217000066565
code,7,0,0,tight,adaptive,1,26,212,1.0446290002619207
code,7,0,0,tight,always_accept,1,26,53,0.4513760000008915
code,7,0,0,tight,threshold_1,1,26,53,0.2058219997707056
code,7,0,0,tight,threshold_2,0,,11,0.036346999877423514
code,7,0,0,tight,always_fallback,0,,11,0.02864299995053443
code,7,0,0,tight,ignore_recovery,1,26,212,0.5997560001560487
code,7,0,0,roomy,adaptive,1,16,450,3.2513529999960156
code,7,0,0,roomy,always_accept,1,16,118,0.3033499997400213
code,7,0,0,roomy,threshold_1,1,16,118,0.2665920001163613
code,7,0,0,roomy,threshold_2,1,21,152,0.2737260001595132
code,7,0,0,roomy,always_fallback,1,25,122,0.22871900000609457
code,7,0,0,roomy,ignore_recovery,1,16,450,1.7348420001326303
code,7,0,1,tight,adaptive,1,31,406,2.324641000086558
code,7,0,1,tight,always_accept,1,31,105,0.340361999860761
code,7,0,1,tight,threshold_1,1,31,105,0.2760739998848294
code,7,0,1,tight,threshold_2,0,,11,0.03754199997274554
code,7,0,1,tight,always_fallback,0,,11,0.031131000014283927
code,7,0,1,tight,ignore_recovery,0,,421,1.1349410001457727
code,7,0,1,roomy,adaptive,1,18,959,6.082304000301519
code,7,0,1,roomy,always_accept,1,18,281,0.7655790000171692
code,7,0,1,roomy,threshold_1,1,18,281,1.0401270001239027
code,7,0,1,roomy,threshold_2,1,29,297,0.5573650000769703
code,7,0,1,roomy,always_fallback,1,33,236,0.45163699996919604
code,7,0,1,roomy,ignore_recovery,0,,895,3.0260620001172356
code,7,0,2,tight,adaptive,0,,453,1.7780099997253274
code,7,0,2,tight,always_accept,0,,107,0.2139379998880031
code,7,0,2,tight,threshold_1,0,,107,0.19592799981182907
code,7,0,2,tight,threshold_2,0,,11,0.03340400007800781
code,7,0,2,tight,always_fallback,0,,11,0.045963000047777314
code,7,0,2,tight,ignore_recovery,0,,630,1.8714830002863891
code,7,0,2,roomy,adaptive,1,21,1454,11.793677000241587
code,7,0,2,roomy,always_accept,1,21,458,1.4874240000608552
code,7,0,2,roomy,threshold_1,1,21,458,1.497618000030343
code,7,0,2,roomy,threshold_2,0,,183,0.6025160000717733
code,7,0,2,roomy,always_fallback,0,,148,0.25960099992516916
code,7,0,2,roomy,ignore_recovery,0,,1340,5.992540000079316
code,7,1,0,tight,adaptive,1,26,413,2.2369769999386335
code,7,1,0,tight,always_accept,1,26,103,0.28122300000177347
code,7,1,0,tight,threshold_1,1,26,103,0.26686100000006263
code,7,1,0,tight,threshold_2,0,,11,0.03584399973988184
code,7,1,0,tight,always_fallback,0,,11,0.028933000066899695
code,7,1,0,tight,ignore_recovery,1,26,413,1.5269909999915399
code,7,1,0,roomy,adaptive,1,16,867,5.298973999742884
code,7,1,0,roomy,always_accept,1,16,231,0.5699289999938628
code,7,1,0,roomy,threshold_1,1,16,231,0.5846740000379214
code,7,1,0,roomy,threshold_2,1,21,291,0.5212860000938235
code,7,1,0,roomy,always_fallback,1,25,122,0.24813000027279486
code,7,1,0,roomy,ignore_recovery,1,16,867,3.504725999846414
code,7,1,1,tight,adaptive,1,31,779,9.582523000062793
code,7,1,1,tight,always_accept,1,31,201,0.8270869998341368
code,7,1,1,tight,threshold_1,1,31,201,2.4400319998676423
code,7,1,1,tight,threshold_2,0,,11,0.0628089997007919
code,7,1,1,tight,always_fallback,0,,11,0.03152499994030222
code,7,1,1,tight,ignore_recovery,0,,823,6.010089000028529
code,7,1,1,roomy,adaptive,1,18,1846,16.790241999842692
code,7,1,1,roomy,always_accept,1,18,557,2.4328009999408096
code,7,1,1,roomy,threshold_1,1,18,557,1.9467069996608188
code,7,1,1,roomy,threshold_2,1,29,543,1.262086999759049
code,7,1,1,roomy,always_fallback,1,33,236,0.4746349995912169
code,7,1,1,roomy,ignore_recovery,0,,1729,7.990415999756806
code,7,1,2,tight,adaptive,0,,723,4.196943999886571
code,7,1,2,tight,always_accept,0,,169,0.43311199988238513
code,7,1,2,tight,threshold_1,0,,169,1.4430340002036246
code,7,1,2,tight,threshold_2,0,,11,0.05018199999540229
code,7,1,2,tight,always_fallback,0,,11,0.032593000014458084
code,7,1,2,tight,ignore_recovery,0,,1233,5.481265000071289
code,7,1,2,roomy,adaptive,1,21,2789,26.080324999838922
code,7,1,2,roomy,always_accept,1,21,904,3.7711850000050617
code,7,1,2,roomy,threshold_1,1,21,904,3.143402000205242
code,7,1,2,roomy,threshold_2,0,,183,0.37793399997099186
code,7,1,2,roomy,always_fallback,0,,148,0.27996300013910513
code,7,1,2,roomy,ignore_recovery,0,,2591,11.491051000120933
code,7,2,0,tight,adaptive,1,36,470,2.2532799998771225
code,7,2,0,tight,always_accept,0,,74,0.19021700018129195
code,7,2,0,tight,threshold_1,0,,74,0.27731199998015654
code,7,2,0,tight,threshold_2,0,,11,0.032546000056754565
code,7,2,0,tight,always_fallback,0,,11,0.02791599990814575
code,7,2,0,tight,ignore_recovery,1,36,470,1.316949999818462
code,7,2,0,roomy,adaptive,1,21,1126,5.80255600016244
code,7,2,0,roomy,always_accept,0,,212,0.6377449999490636
code,7,2,0,roomy,threshold_1,0,,212,0.619598999946902
code,7,2,0,roomy,threshold_2,0,,309,0.6227510002645431
code,7,2,0,roomy,always_fallback,1,25,122,0.457085999642004
code,7,2,0,roomy,ignore_recovery,1,21,1126,5.337307999980112
code,7,2,1,tight,adaptive,0,,570,3.863268000259268
code,7,2,1,tight,always_accept,0,,96,0.21467200031111133
code,7,2,1,tight,threshold_1,0,,96,0.20699200013041263
code,7,2,1,tight,threshold_2,0,,11,0.035616999866761034
code,7,2,1,tight,always_fallback,0,,11,0.029240999992907746
code,7,2,1,tight,ignore_recovery,0,,896,2.9449980002027587
code,7,2,1,roomy,adaptive,1,28,2304,16.538428999865573
code,7,2,1,roomy,always_accept,0,,384,0.9011570000438951
code,7,2,1,roomy,threshold_1,0,,384,1.2803210001948173
code,7,2,1,roomy,threshold_2,0,,350,0.5737110000154644
code,7,2,1,roomy,always_fallback,1,33,236,0.4895290003332775
code,7,2,1,roomy,ignore_recovery,0,,2247,7.459754000137764
code,7,2,2,tight,adaptive,0,,510,1.37769599996318
code,7,2,2,tight,always_accept,0,,79,0.18562400009614066
code,7,2,2,tight,threshold_1,0,,79,0.17826100020101876
code,7,2,2,tight,threshold_2,0,,11,0.03619500012064236
code,7,2,2,tight,always_fallback,0,,11,0.03122199996141717
code,7,2,2,tight,ignore_recovery,0,,1322,4.7458680001000175
code,7,2,2,roomy,adaptive,1,36,3119,22.704647999944427
code,7,2,2,roomy,always_accept,0,,391,3.5349689997019595
code,7,2,2,roomy,threshold_1,0,,391,4.696013000284438
code,7,2,2,roomy,threshold_2,0,,183,0.363571999969281
code,7,2,2,roomy,always_fallback,0,,148,0.255035999998654
code,7,2,2,roomy,ignore_recovery,0,,3368,17.56058800037863
code,8,0,0,tight,adaptive,1,26,302,1.8376399998487614
code,8,0,0,tight,always_accept,1,26,55,3.2667730001776363
code,8,0,0,tight,threshold_1,0,,31,0.0880160000633623
code,8,0,0,tight,threshold_2,0,,27,0.05361099965739413
code,8,0,0,tight,always_fallback,0,,27,0.049806999868451385
code,8,0,0,tight,ignore_recovery,1,26,302,0.7106309999471705
code,8,0,0,roomy,adaptive,1,16,608,7.320078999782709
code,8,0,0,roomy,always_accept,1,16,146,0.6335580001177732
code,8,0,0,roomy,threshold_1,1,16,126,0.31884700001683086
code,8,0,0,roomy,threshold_2,1,17,134,0.6685949997518037
code,8,0,0,roomy,always_fallback,1,22,134,0.6810300001234282
code,8,0,0,roomy,ignore_recovery,1,16,608,2.330323000023782
code,8,0,1,tight,adaptive,0,,335,0.9635749997869425
code,8,0,1,tight,always_accept,0,,59,0.118168999961199
code,8,0,1,tight,threshold_1,0,,31,0.6027469999025925
code,8,0,1,tight,threshold_2,0,,27,0.06613200002902886
code,8,0,1,tight,always_fallback,0,,27,0.05477900003825198
code,8,0,1,tight,ignore_recovery,0,,598,2.4496220003129565
code,8,0,1,roomy,adaptive,1,16,1338,8.104133999950136
code,8,0,1,roomy,always_accept,1,16,348,0.9448980003980978
code,8,0,1,roomy,threshold_1,1,16,253,0.5491350002557738
code,8,0,1,roomy,threshold_2,0,,170,0.3001850000146078
code,8,0,1,roomy,always_fallback,0,,156,0.5955540000286419
code,8,0,1,roomy,ignore_recovery,1,16,1211,3.6664610001935216
code,8,0,2,tight,adaptive,0,,338,1.208351999594015
code,8,0,2,tight,always_accept,0,,59,0.1244680001946108
code,8,0,2,tight,threshold_1,0,,31,0.06749199974365183
code,8,0,2,tight,threshold_2,0,,27,0.05867999971087556
code,8,0,2,tight,always_fallback,0,,27,0.05690299985872116
code,8,0,2,tight,ignore_recovery,0,,894,2.8221129996381933
code,8,0,2,roomy,adaptive,1,21,2107,13.188664999688626
code,8,0,2,roomy,always_accept,1,21,568,3.012816999671486
code,8,0,2,roomy,threshold_1,1,21,407,0.8953519995884562
code,8,0,2,roomy,threshold_2,0,,170,0.45805399986420525
code,8,0,2,roomy,always_fallback,0,,164,0.4034600001432409
code,8,0,2,roomy,ignore_recovery,0,,1814,6.123695000042062
code,8,1,0,tight,adaptive,0,,362,1.2496619997364178
code,8,1,0,tight,always_accept,0,,60,0.11767499972847872
code,8,1,0,tight,threshold_1,0,,31,0.06034099988028174
code,8,1,0,tight,threshold_2,0,,27,0.052225000217731576
code,8,1,0,tight,always_fallback,0,,27,0.1285560001633712
code,8,1,0,tight,ignore_recovery,0,,362,0.804212999810261
code,8,1,0,roomy,adaptive,1,16,1404,7.072386000345432
code,8,1,0,roomy,always_accept,1,16,371,0.9201739999298297
code,8,1,0,roomy,threshold_1,1,16,236,0.5032509998272872
code,8,1,0,roomy,threshold_2,1,17,252,0.5213059998823155
code,8,1,0,roomy,always_fallback,1,22,134,0.26443699971423484
code,8,1,0,roomy,ignore_recovery,1,16,1404,6.385990999660862
code,8,1,1,tight,adaptive,0,,335,0.8153249996212253
code,8,1,1,tight,always_accept,0,,59,0.13364799997361843
code,8,1,1,tight,threshold_1,0,,31,0.0697169998602476
code,8,1,1,tight,threshold_2,0,,27,0.05829800011269981
code,8,1,1,tight,always_fallback,0,,27,0.05138400001669652
code,8,1,1,tight,ignore_recovery,0,,434,0.9402610003235168
code,8,1,1,roomy,adaptive,1,16,3076,20.600093000211928
code,8,1,1,roomy,always_accept,1,16,882,2.5885059999382065
code,8,1,1,roomy,threshold_1,1,16,490,1.4234919999580598
code,8,1,1,roomy,threshold_2,0,,198,0.559876000352233
code,8,1,1,roomy,always_fallback,0,,156,1.2567690000651055
code,8,1,1,roomy,ignore_recovery,1,16,2803,9.356029000173294
code,8,1,2,tight,adaptive,0,,338,3.814656000031391
code,8,1,2,tight,always_accept,0,,59,0.17264400003114133
code,8,1,2,tight,threshold_1,0,,31,0.08921100015868433
code,8,1,2,tight,threshold_2,0,,27,0.13775100023849518
code,8,1,2,tight,always_fallback,0,,27,0.057903000197256915
code,8,1,2,tight,ignore_recovery,0,,506,1.292923000164592
code,8,1,2,roomy,adaptive,1,21,4819,33.09337400014556
code,8,1,2,roomy,always_accept,1,21,1422,4.200216999834083
code,8,1,2,roomy,threshold_1,1,21,798,2.239121000002342
code,8,1,2,roomy,threshold_2,0,,170,0.7062669997139892
code,8,1,2,roomy,always_fallback,0,,164,0.5350149999685527
code,8,1,2,roomy,ignore_recovery,0,,4202,35.368768999887834
code,8,2,0,tight,adaptive,0,,362,0.9273860000575951
code,8,2,0,tight,always_accept,0,,60,0.13002100013181916
code,8,2,0,tight,threshold_1,0,,31,0.06514100005006185
code,8,2,0,tight,threshold_2,0,,27,0.05511800009116996
code,8,2,0,tight,always_fallback,0,,27,0.04810799964616308
code,8,2,0,tight,ignore_recovery,0,,362,0.8164209998540173
code,8,2,0,roomy,adaptive,1,16,2006,12.299270999847067
code,8,2,0,roomy,always_accept,1,16,373,0.8942670001488295
code,8,2,0,roomy,threshold_1,1,16,337,0.7844540000405686
code,8,2,0,roomy,threshold_2,1,17,334,0.7149260000005597
code,8,2,0,roomy,always_fallback,1,22,134,0.49559500030227355
code,8,2,0,roomy,ignore_recovery,1,16,2006,6.3433700001951365
code,8,2,1,tight,adaptive,0,,335,1.0388529999545426
code,8,2,1,tight,always_accept,0,,59,0.1450089998797921
code,8,2,1,tight,threshold_1,0,,31,0.10238000004392234
code,8,2,1,tight,threshold_2,0,,27,0.06457500012402306
code,8,2,1,tight,always_fallback,0,,27,0.0538190001861949
code,8,2,1,tight,ignore_recovery,0,,434,1.0888560000239522
code,8,2,1,roomy,adaptive,1,16,4353,26.000225000188948
code,8,2,1,roomy,always_accept,1,16,787,2.01051300018662
code,8,2,1,roomy,threshold_1,1,16,676,1.5919180000310007
code,8,2,1,roomy,threshold_2,0,,198,0.729236000097444
code,8,2,1,roomy,always_fallback,0,,156,0.28344200018182164
code,8,2,1,roomy,ignore_recovery,1,16,4005,13.096776999645954
code,8,2,2,tight,adaptive,0,,338,1.2257859998499043
code,8,2,2,tight,always_accept,0,,59,0.17655200008448446
code,8,2,2,tight,threshold_1,0,,31,0.32655499990141834
code,8,2,2,tight,threshold_2,0,,27,0.07757999992463738
code,8,2,2,tight,always_fallback,0,,27,0.05995999981678324
code,8,2,2,tight,ignore_recovery,0,,506,1.6831240000101388
code,8,2,2,roomy,adaptive,1,21,6721,47.467441000208055
code,8,2,2,roomy,always_accept,1,21,1230,5.054190999999264
code,8,2,2,roomy,threshold_1,1,21,1081,2.9858130001230165
code,8,2,2,roomy,threshold_2,0,,170,0.3938629997719545
code,8,2,2,roomy,always_fallback,0,,164,0.3043240003535175
code,8,2,2,roomy,ignore_recovery,0,,6004,21.537691000048653
code,9,0,0,tight,adaptive,0,,209,0.35876900028597447
code,9,0,0,tight,always_accept,0,,39,0.07379899989246042
code,9,0,0,tight,threshold_1,0,,25,0.04855899987887824
code,9,0,0,tight,threshold_2,0,,11,0.02717199959079153
code,9,0,0,tight,always_fallback,0,,11,0.02752799991867505
code,9,0,0,tight,ignore_recovery,0,,209,0.5425379999905999
code,9,0,0,roomy,adaptive,1,19,853,3.859681999983877
code,9,0,0,roomy,always_accept,1,19,113,0.25633699988247827
code,9,0,0,roomy,threshold_1,1,19,91,0.18541700001151185
code,9,0,0,roomy,threshold_2,0,,84,0.13887700015402515
code,9,0,0,roomy,always_fallback,0,,77,0.15310599974327488
code,9,0,0,roomy,ignore_recovery,1,19,853,2.322318000096857
code,9,0,1,tight,adaptive,0,,209,0.4075020001437224
code,9,0,1,tight,always_accept,0,,39,0.16266000011455617
code,9,0,1,tight,threshold_1,0,,25,0.08694999996805564
code,9,0,1,tight,threshold_2,0,,11,0.03106600024693762
code,9,0,1,tight,always_fallback,0,,11,0.02957700007755193
code,9,0,1,tight,ignore_recovery,0,,209,0.5316510000739072
code,9,0,1,roomy,adaptive,1,24,1822,9.55662400019719
code,9,0,1,roomy,always_accept,1,24,282,2.15951700010919
code,9,0,1,roomy,threshold_1,0,,97,0.19128199983242666
code,9,0,1,roomy,threshold_2,0,,84,0.15524300033575855
code,9,0,1,roomy,always_fallback,0,,77,0.14056500003789552
code,9,0,1,roomy,ignore_recovery,0,,1701,4.509048999807419
code,9,0,2,tight,adaptive,0,,209,0.47917900019456283
code,9,0,2,tight,always_accept,0,,39,0.08646199967188295
code,9,0,2,tight,threshold_1,0,,25,0.056275000133609865
code,9,0,2,tight,threshold_2,0,,11,0.048333999984606635
code,9,0,2,tight,always_fallback,0,,11,0.030590000278607477
code,9,0,2,tight,ignore_recovery,0,,209,0.5022650002501905
code,9,0,2,roomy,adaptive,1,29,2625,15.223995000269497
code,9,0,2,roomy,always_accept,1,29,371,1.0826660000020638
code,9,0,2,roomy,threshold_1,0,,97,0.24007899992284365
code,9,0,2,roomy,threshold_2,0,,84,0.181236000116769
code,9,0,2,roomy,always_fallback,0,,77,0.2296109996677842
code,9,0,2,roomy,ignore_recovery,0,,2549,8.581062000303064
code,9,1,0,tight,adaptive,0,,209,0.4907530001219129
code,9,1,0,tight,always_accept,0,,39,0.08500300009472994
code,9,1,0,tight,threshold_1,0,,25,0.05751099979534047
code,9,1,0,tight,threshold_2,0,,11,0.030541000342054758
code,9,1,0,tight,always_fallback,0,,11,0.027052999939769506
code,9,1,0,tight,ignore_recovery,0,,209,0.4999650000172551
code,9,1,0,roomy,adaptive,1,19,1909,10.610603999793966
code,9,1,0,roomy,always_accept,1,19,287,0.7475550000890507
code,9,1,0,roomy,threshold_1,1,19,148,0.3629329999057518
code,9,1,0,roomy,threshold_2,0,,84,1.654898999731813
code,9,1,0,roomy,always_fallback,0,,77,0.13364000005822163
code,9,1,0,roomy,ignore_recovery,1,19,1909,5.948580999756814
code,9,1,1,tight,adaptive,0,,209,0.5040119999648596
code,9,1,1,tight,always_accept,0,,39,0.09935699972629664
code,9,1,1,tight,threshold_1,0,,25,0.059347000387788285
code,9,1,1,tight,threshold_2,0,,11,0.03069200010941131
code,9,1,1,tight,always_fallback,0,,11,0.02858100015146192
code,9,1,1,tight,ignore_recovery,0,,209,0.6131580003057024
code,9,1,1,roomy,adaptive,1,24,3665,19.004414999926666
code,9,1,1,roomy,always_accept,1,24,530,1.624005999929068
code,9,1,1,roomy,threshold_1,0,,97,0.24211900017689914
code,9,1,1,roomy,threshold_2,0,,84,0.17411199996786308
code,9,1,1,roomy,always_fallback,0,,77,0.14505499984807102
code,9,1,1,roomy,ignore_recovery,0,,3770,11.227948000396282
code,9,1,2,tight,adaptive,0,,209,0.6019719999130757
code,9,1,2,tight,always_accept,0,,39,0.11589199993977672
code,9,1,2,tight,threshold_1,0,,25,0.07013300000835443
code,9,1,2,tight,threshold_2,0,,11,0.03348500013089506
code,9,1,2,tight,always_fallback,0,,11,0.03127999980279128
code,9,1,2,tight,ignore_recovery,0,,209,0.6435680002141453
code,9,1,2,roomy,adaptive,0,,2445,8.417820999966352
code,9,1,2,roomy,always_accept,0,,334,0.7451240003319981
code,9,1,2,roomy,threshold_1,0,,97,0.23823600031391834
code,9,1,2,roomy,threshold_2,0,,84,0.27713800000128685
code,9,1,2,roomy,always_fallback,0,,77,0.1623909997761075
code,9,1,2,roomy,ignore_recovery,0,,5631,19.990891000361444
code,9,2,0,tight,adaptive,0,,209,0.4063589999532269
code,9,2,0,tight,always_accept,0,,39,0.08662999971420504
code,9,2,0,tight,threshold_1,0,,25,0.05358199996408075
code,9,2,0,tight,threshold_2,0,,11,0.0287670000034268
code,9,2,0,tight,always_fallback,0,,11,0.027304000013828045
code,9,2,0,tight,ignore_recovery,0,,209,0.415929999689979
code,9,2,0,roomy,adaptive,1,19,2684,13.894062999952439
code,9,2,0,roomy,always_accept,1,19,279,0.6883739997647353
code,9,2,0,roomy,threshold_1,1,19,197,0.6965530001252773
code,9,2,0,roomy,threshold_2,0,,84,0.15861299971220433
code,9,2,0,roomy,always_fallback,0,,77,0.1295719998779532
code,9,2,0,roomy,ignore_recovery,1,19,2684,10.942412000076729
code,9,2,1,tight,adaptive,0,,209,0.5114770001455327
code,9,2,1,tight,always_accept,0,,39,0.09973600026569329
code,9,2,1,tight,threshold_1,0,,25,0.06048300019756425
code,9,2,1,tight,threshold_2,0,,11,0.03119000029982999
code,9,2,1,tight,always_fallback,0,,11,0.028001999908155994
code,9,2,1,tight,ignore_recovery,0,,209,0.9900679997372208
code,9,2,1,roomy,adaptive,0,,3978,12.807906000034563
code,9,2,1,roomy,always_accept,0,,311,0.7850560000406404
code,9,2,1,roomy,threshold_1,0,,97,0.2304640001966618
code,9,2,1,roomy,threshold_2,0,,84,0.17086900015783613
code,9,2,1,roomy,always_fallback,0,,77,0.14715000042997417
code,9,2,1,roomy,ignore_recovery,0,,5290,16.19026300022597
code,9,2,2,tight,adaptive,0,,209,0.8636119996481284
code,9,2,2,tight,always_accept,0,,39,0.12708600024780026
code,9,2,2,tight,threshold_1,0,,25,0.06785200002923375
code,9,2,2,tight,threshold_2,0,,11,0.0343500000781205
code,9,2,2,tight,always_fallback,0,,11,1.3826710001012543
code,9,2,2,tight,ignore_recovery,0,,209,0.7191719996626489
code,9,2,2,roomy,adaptive,0,,2629,7.4375640001562715
code,9,2,2,roomy,always_accept,0,,282,1.314490000368096
code,9,2,2,roomy,threshold_1,0,,97,0.3318170001875842
code,9,2,2,roomy,threshold_2,0,,84,0.21744600007878034
code,9,2,2,roomy,always_fallback,0,,77,0.1612099999874772
code,9,2,2,roomy,ignore_recovery,0,,7896,30.438659000083135
code,10,0,0,tight,adaptive,0,,112,0.21855800014236593
code,10,0,0,tight,always_accept,0,,18,0.059360000250308076
code,10,0,0,tight,threshold_1,0,,11,0.030217000130505767
code,10,0,0,tight,threshold_2,0,,11,0.02770099990812014
code,10,0,0,tight,always_fallback,0,,11,0.027160999707120936
code,10,0,0,tight,ignore_recovery,0,,112,0.34938899989356287
code,10,0,0,roomy,adaptive,1,18,937,5.7056360001297435
code,10,0,0,roomy,always_accept,1,18,145,0.31150499989962555
code,10,0,0,roomy,threshold_1,1,18,112,0.3779119997489033
code,10,0,0,roomy,threshold_2,0,,97,0.21251699990898487
code,10,0,0,roomy,always_fallback,0,,87,0.13912399981563794
code,10,0,0,roomy,ignore_recovery,1,18,937,2.6253299997733848
code,10,0,1,tight,adaptive,0,,112,0.5343929997252417
code,10,0,1,tight,always_accept,0,,18,0.05318200010151486
code,10,0,1,tight,threshold_1,0,,11,0.03118699987680884
code,10,0,1,tight,threshold_2,0,,11,0.03147100005662651
code,10,0,1,tight,always_fallback,0,,11,0.03034799965462298
code,10,0,1,tight,ignore_recovery,0,,112,0.3754710000976047
code,10,0,1,roomy,adaptive,1,23,1973,13.042711000252893
code,10,0,1,roomy,always_accept,1,23,328,1.2212970000291534
code,10,0,1,roomy,threshold_1,0,,120,0.21434700011013774
code,10,0,1,roomy,threshold_2,0,,97,0.17020599989336915
code,10,0,1,roomy,always_fallback,0,,87,0.1637759996810928
code,10,0,1,roomy,ignore_recovery,0,,1869,6.420940000225528
code,10,0,2,tight,adaptive,0,,112,0.38868100000399863
code,10,0,2,tight,always_accept,0,,18,0.051619999794638716
code,10,0,2,tight,threshold_1,0,,11,0.033397000152035616
code,10,0,2,tight,threshold_2,0,,11,0.03145199980281177
code,10,0,2,tight,always_fallback,0,,11,0.030594999770983122
code,10,0,2,tight,ignore_recovery,0,,112,0.3921140000784362
code,10,0,2,roomy,adaptive,1,28,2774,15.113457999632374
code,10,0,2,roomy,always_accept,1,28,389,0.9023759998854075
code,10,0,2,roomy,threshold_1,0,,120,0.2963040001304762
code,10,0,2,roomy,threshold_2,0,,97,0.32705800003896
code,10,0,2,roomy,always_fallback,0,,87,0.17722100028549903
code,10,0,2,roomy,ignore_recovery,0,,2801,10.125262000201474
code,10,1,0,tight,adaptive,0,,112,0.20416500001374516
code,10,1,0,tight,always_accept,0,,18,0.04627799989975756
code,10,1,0,tight,threshold_1,0,,11,0.028034000024490524
code,10,1,0,tight,threshold_2,0,,11,0.027039000087825116
code,10,1,0,tight,always_fallback,0,,11,0.025677999929030193
code,10,1,0,tight,ignore_recovery,0,,112,0.2297739997629833
code,10,1,0,roomy,adaptive,1,18,2161,10.109381999882316
code,10,1,0,roomy,always_accept,1,18,382,0.8928940001169394
code,10,1,0,roomy,threshold_1,1,18,199,0.5014260000280046
code,10,1,0,roomy,threshold_2,0,,97,0.1634830000512011
code,10,1,0,roomy,always_fallback,0,,87,0.13500500017471495
code,10,1,0,roomy,ignore_recovery,1,18,2161,5.8974550001948955
code,10,1,1,tight,adaptive,0,,112,0.26325599992560456
code,10,1,1,tight,always_accept,0,,18,0.2669260002221563
code,10,1,1,tight,threshold_1,0,,11,0.04121199981454993
code,10,1,1,tight,threshold_2,0,,11,0.03184399974998087
code,10,1,1,tight,always_fallback,0,,11,0.02918699965448468
code,10,1,1,tight,ignore_recovery,0,,112,0.3360400000929076
code,10,1,1,roomy,adaptive,1,23,4284,31.524784000339423
code,10,1,1,roomy,always_accept,1,23,694,2.478380999946239
code,10,1,1,roomy,threshold_1,0,,120,0.2787710000120569
code,10,1,1,roomy,threshold_2,0,,97,0.26477099982002983
code,10,1,1,roomy,always_fallback,0,,87,0.16837800012581283
code,10,1,1,roomy,ignore_recovery,0,,4317,14.45525400004044
code,10,1,2,tight,adaptive,0,,112,0.3193669999745907
code,10,1,2,tight,always_accept,0,,18,0.06461700013460359
code,10,1,2,tight,threshold_1,0,,11,0.035802000184048666
code,10,1,2,tight,threshold_2,0,,11,0.03418300002522301
code,10,1,2,tight,always_fallback,0,,11,0.05634299986922997
code,10,1,2,tight,ignore_recovery,0,,112,0.4649800002880511
code,10,1,2,roomy,adaptive,0,,1667,5.892874999972264
code,10,1,2,roomy,always_accept,0,,236,0.6346249997477571
code,10,1,2,roomy,threshold_1,0,,120,0.3716370001711766
code,10,1,2,roomy,threshold_2,0,,97,0.19974699989688816
code,10,1,2,roomy,always_fallback,0,,87,0.16746499977671192
code,10,1,2,roomy,ignore_recovery,0,,6473,22.05328499985626
code,10,2,0,tight,adaptive,0,,112,0.28407799982232973
code,10,2,0,tight,always_accept,0,,18,0.16767699980846373
code,10,2,0,tight,threshold_1,0,,11,0.03281399995103129
code,10,2,0,tight,threshold_2,0,,11,0.028281999675527913
code,10,2,0,tight,always_fallback,0,,11,0.02597699995021685
code,10,2,0,tight,ignore_recovery,0,,112,0.2397570001448912
code,10,2,0,roomy,adaptive,1,18,3047,15.5848130002596
code,10,2,0,roomy,always_accept,1,18,266,0.5597580002358882
code,10,2,0,roomy,threshold_1,1,18,259,0.6251800000427465
code,10,2,0,roomy,threshold_2,0,,97,0.15970999993442092
code,10,2,0,roomy,always_fallback,0,,87,0.1349220001429785
code,10,2,0,roomy,ignore_recovery,1,18,3047,8.640093999929377
code,10,2,1,tight,adaptive,0,,112,0.2549830001044029
code,10,2,1,tight,always_accept,0,,18,0.053361000027507544
code,10,2,1,tight,threshold_1,0,,11,0.031056999887368875
code,10,2,1,tight,threshold_2,0,,11,0.02935599968623137
code,10,2,1,tight,always_fallback,0,,11,0.02787200037346338
code,10,2,1,tight,ignore_recovery,0,,112,0.2949310000985861
code,10,2,1,roomy,adaptive,0,,1584,4.017365999970934
code,10,2,1,roomy,always_accept,0,,222,0.7101989999682701
code,10,2,1,roomy,threshold_1,0,,120,0.30779999997321283
code,10,2,1,roomy,threshold_2,0,,97,0.17895200016937451
code,10,2,1,roomy,always_fallback,0,,87,0.15222399997583125
code,10,2,1,roomy,ignore_recovery,0,,6007,18.438762999721803
code,10,2,2,tight,adaptive,0,,112,0.3343879998283228
code,10,2,2,tight,always_accept,0,,18,0.06507199987026979
code,10,2,2,tight,threshold_1,0,,11,0.034284000321349595
code,10,2,2,tight,threshold_2,0,,11,0.11265300008744816
code,10,2,2,tight,always_fallback,0,,11,0.032406999707745854
code,10,2,2,tight,ignore_recovery,0,,112,0.3925099999833037
code,10,2,2,roomy,adaptive,0,,1667,7.426506000228983
code,10,2,2,roomy,always_accept,0,,236,1.5977610000845743
code,10,2,2,roomy,threshold_1,0,,120,0.6163150001157192
code,10,2,2,roomy,threshold_2,0,,97,1.1694080003508134
code,10,2,2,roomy,always_fallback,0,,87,0.18685799977902207
code,10,2,2,roomy,ignore_recovery,0,,8967,42.768026999965514
code,11,0,0,tight,adaptive,1,22,256,1.0069840000141994
code,11,0,0,tight,always_accept,1,22,41,0.11241200036238297
code,11,0,0,tight,threshold_1,0,,26,0.05510500022865017
code,11,0,0,tight,threshold_2,0,,11,0.028367999675538158
code,11,0,0,tight,always_fallback,0,,11,0.027161000161868287
code,11,0,0,tight,ignore_recovery,1,22,256,0.9041749999596504
code,11,0,0,roomy,adaptive,1,13,696,3.4391630001664453
code,11,0,0,roomy,always_accept,1,13,118,0.6216080000740476
code,11,0,0,roomy,threshold_1,1,13,95,0.24687899986020057
code,11,0,0,roomy,threshold_2,1,14,101,0.19840599998133257
code,11,0,0,roomy,always_fallback,1,21,94,0.1791400000001886
code,11,0,0,roomy,ignore_recovery,1,13,696,1.7831690001912648
code,11,0,1,tight,adaptive,0,,381,0.7663659998797812
code,11,0,1,tight,always_accept,0,,65,0.1837879999584402
code,11,0,1,tight,threshold_1,0,,26,0.05856699999640114
code,11,0,1,tight,threshold_2,0,,11,0.030454999887297163
code,11,0,1,tight,always_fallback,0,,11,0.030064999918977264
code,11,0,1,tight,ignore_recovery,0,,505,1.7305269998360018
code,11,0,1,roomy,adaptive,1,14,1496,8.863579000262689
code,11,0,1,roomy,always_accept,1,14,301,0.7858580001993687
code,11,0,1,roomy,threshold_1,1,14,221,0.5654749998029729
code,11,0,1,roomy,threshold_2,1,14,174,0.5867209997632017
code,11,0,1,roomy,always_fallback,0,,115,0.2527739998186007
code,11,0,1,roomy,ignore_recovery,0,,1387,4.765541999859124
code,11,0,2,tight,adaptive,0,,278,0.6656890000158455
code,11,0,2,tight,always_accept,0,,43,0.09735000003274763
code,11,0,2,tight,threshold_1,0,,26,0.059641000007104594
code,11,0,2,tight,threshold_2,0,,11,0.030578999940189533
code,11,0,2,tight,always_fallback,0,,11,0.03024299985554535
code,11,0,2,tight,ignore_recovery,0,,754,2.5195179996444494
code,11,0,2,roomy,adaptive,1,17,2297,15.837816999919596
code,11,0,2,roomy,always_accept,1,17,492,1.3468540000758367
code,11,0,2,roomy,threshold_1,1,17,333,1.255581000350503
code,11,0,2,roomy,threshold_2,0,,113,0.25679599957584287
code,11,0,2,roomy,always_fallback,0,,104,0.20604800010914914
code,11,0,2,roomy,ignore_recovery,0,,2078,15.284772000086377
code,11,1,0,tight,adaptive,0,,372,1.9343989997651079
code,11,1,0,tight,always_accept,0,,42,0.11211299988644896
code,11,1,0,tight,threshold_1,0,,26,0.05909100036660675
code,11,1,0,tight,threshold_2,0,,11,0.029535000066971406
code,11,1,0,tight,always_fallback,0,,11,0.02771599974948913
code,11,1,0,tight,ignore_recovery,0,,372,0.7491350002055697
code,11,1,0,roomy,adaptive,1,13,1607,9.280623999984527
code,11,1,0,roomy,always_accept,1,13,296,0.7451960000253166
code,11,1,0,roomy,threshold_1,1,13,174,0.6060550003894605
code,11,1,0,roomy,threshold_2,1,14,174,0.48908700000538374
code,11,1,0,roomy,always_fallback,1,21,94,0.19060500017076265
code,11,1,0,roomy,ignore_recovery,1,13,1607,6.296746999851166
code,11,1,1,tight,adaptive,0,,348,0.9845979998317489
code,11,1,1,tight,always_accept,0,,43,0.1135160000558244
code,11,1,1,tight,threshold_1,0,,26,0.06261599992285483
code,11,1,1,tight,threshold_2,0,,11,0.03026000013051089
code,11,1,1,tight,always_fallback,0,,11,0.028390999887051294
code,11,1,1,tight,ignore_recovery,0,,623,1.3125389996275771
code,11,1,1,roomy,adaptive,1,14,3452,22.196983999947406
code,11,1,1,roomy,always_accept,1,14,763,2.030240000294725
code,11,1,1,roomy,threshold_1,1,14,414,1.1449349999566039
code,11,1,1,roomy,threshold_2,1,14,320,0.8514060000379686
code,11,1,1,roomy,always_fallback,0,,115,0.26552600002105464
code,11,1,1,roomy,ignore_recovery,0,,3209,10.89545700006056
code,11,1,2,tight,adaptive,0,,278,0.9903039999699104
code,11,1,2,tight,always_accept,0,,43,0.1351480000266747
code,11,1,2,tight,threshold_1,0,,26,0.07370799994532717
code,11,1,2,tight,threshold_2,0,,11,0.034175000109826215
code,11,1,2,tight,always_fallback,0,,11,0.030699000035383506
code,11,1,2,tight,ignore_recovery,0,,874,4.457463000107964
code,11,1,2,roomy,adaptive,1,17,5196,59.67339900007573
code,11,1,2,roomy,always_accept,1,17,1161,3.48687699988659
code,11,1,2,roomy,threshold_1,1,17,650,2.187437999964459
code,11,1,2,roomy,threshold_2,0,,113,0.3779900002882641
code,11,1,2,roomy,always_fallback,0,,104,0.20992500003558234
code,11,1,2,roomy,ignore_recovery,0,,4811,20.578790999934427
code,11,2,0,tight,adaptive,0,,382,0.8278490004158812
code,11,2,0,tight,always_accept,0,,42,0.09628799989513936
code,11,2,0,tight,threshold_1,0,,26,0.05740400001741364
code,11,2,0,tight,threshold_2,0,,11,0.029491999612218933
code,11,2,0,tight,always_fallback,0,,11,0.02732499979174463
code,11,2,0,tight,ignore_recovery,0,,382,0.9149279999292048
code,11,2,0,roomy,adaptive,1,13,2355,16.04475900012403
code,11,2,0,roomy,always_accept,1,13,306,1.013390000025538
code,11,2,0,roomy,threshold_1,1,13,244,0.965386000189028
code,11,2,0,roomy,threshold_2,1,14,232,1.1178589998053212
code,11,2,0,roomy,always_fallback,1,21,94,0.3000050000991905
code,11,2,0,roomy,ignore_recovery,1,13,2355,8.771778000209451
code,11,2,1,tight,adaptive,0,,348,1.139843999681034
code,11,2,1,tight,always_accept,0,,43,0.2839799999492243
code,11,2,1,tight,threshold_1,0,,26,0.10337300000173855
code,11,2,1,tight,threshold_2,0,,11,0.03337499992994708
code,11,2,1,tight,always_fallback,0,,11,0.028809000014007324
code,11,2,1,tight,ignore_recovery,0,,643,1.559860999805096
code,11,2,1,roomy,adaptive,1,14,5030,32.37929300030373
code,11,2,1,roomy,always_accept,1,14,684,1.9924559996979951
code,11,2,1,roomy,threshold_1,1,14,589,2.1535440000661765
code,11,2,1,roomy,threshold_2,1,14,436,1.2799940000149945
code,11,2,1,roomy,always_fallback,0,,115,0.2243359999738459
code,11,2,1,roomy,ignore_recovery,0,,4705,19.808678000117652
code,11,2,2,tight,adaptive,0,,278,0.8404059999520541
code,11,2,2,tight,always_accept,0,,43,0.128011000015249
code,11,2,2,tight,threshold_1,0,,26,0.07309300008273567
code,11,2,2,tight,threshold_2,0,,11,0.03392300004634308
code,11,2,2,tight,always_fallback,0,,11,0.031988000046112575
code,11,2,2,tight,ignore_recovery,0,,904,2.6339629998801684
code,11,2,2,roomy,adaptive,1,17,7421,70.62391999988904
code,11,2,2,roomy,always_accept,1,17,1043,3.6333689999992203
code,11,2,2,roomy,threshold_1,1,17,917,2.914069999860658
code,11,2,2,roomy,threshold_2,0,,113,0.3002009998454014
code,11,2,2,roomy,always_fallback,0,,104,0.3414830002839153
code,11,2,2,roomy,ignore_recovery,0,,7055,40.521650000300724
code,12,0,0,tight,adaptive,1,21,225,1.0035750001406996
code,12,0,0,tight,always_accept,1,21,49,0.1261870002053911
code,12,0,0,tight,threshold_1,1,21,30,0.08695799988345243
code,12,0,0,tight,threshold_2,0,,11,0.0300880001304904
code,12,0,0,tight,always_fallback,0,,11,0.027875000341737177
code,12,0,0,tight,ignore_recovery,1,21,225,0.6775789997846005
code,12,0,0,roomy,adaptive,1,13,578,3.229519999877084
code,12,0,0,roomy,always_accept,1,13,130,0.30053899990889477
code,12,0,0,roomy,threshold_1,1,13,116,0.2388309999332705
code,12,0,0,roomy,threshold_2,0,,85,0.13721499999519438
code,12,0,0,roomy,always_fallback,0,,85,0.13085799992040847
code,12,0,0,roomy,ignore_recovery,1,13,578,1.8944129997180426
code,12,0,1,tight,adaptive,1,26,441,2.199458000177401
code,12,0,1,tight,always_accept,1,26,111,0.3068740002163395
code,12,0,1,tight,threshold_1,0,,34,0.07456399998773122
code,12,0,1,tight,threshold_2,0,,11,0.032157000077859266
code,12,0,1,tight,always_fallback,0,,11,0.029480000193871092
code,12,0,1,tight,ignore_recovery,0,,446,1.3671799997609924
code,12,0,1,roomy,adaptive,1,17,1253,7.711923999977444
code,12,0,1,roomy,always_accept,1,17,323,0.8137449999594537
code,12,0,1,roomy,threshold_1,1,17,275,0.6292030002441606
code,12,0,1,roomy,threshold_2,0,,85,0.16749099995649885
code,12,0,1,roomy,always_fallback,0,,85,0.17364499990435434
code,12,0,1,roomy,ignore_recovery,0,,1151,4.4048690001545765
code,12,0,2,tight,adaptive,0,,306,0.9922279996317229
code,12,0,2,tight,always_accept,0,,66,0.22043099988877657
code,12,0,2,tight,threshold_1,0,,34,0.08083100010480848
code,12,0,2,tight,threshold_2,0,,11,0.034775999665725976
code,12,0,2,tight,always_fallback,0,,11,0.033550999887665967
code,12,0,2,tight,ignore_recovery,0,,667,2.3702359999333567
code,12,0,2,roomy,adaptive,1,21,1900,13.952797000001738
code,12,0,2,roomy,always_accept,1,21,505,1.165537999895605
code,12,0,2,roomy,threshold_1,1,21,417,1.044665999870631
code,12,0,2,roomy,threshold_2,0,,85,0.18862900014937622
code,12,0,2,roomy,always_fallback,0,,85,0.17170399996757624
code,12,0,2,roomy,ignore_recovery,0,,1724,5.983071000173368
code,12,1,0,tight,adaptive,1,21,357,1.4329450000332145
code,12,1,0,tight,always_accept,1,21,71,0.46039899962124764
code,12,1,0,tight,threshold_1,1,21,57,0.16992500013657263
code,12,1,0,tight,threshold_2,0,,11,0.03533500012053992
code,12,1,0,tight,always_fallback,0,,11,0.02752699992925045
code,12,1,0,tight,ignore_recovery,1,21,357,1.3528979998227442
code,12,1,0,roomy,adaptive,1,13,1228,6.5419990000918915
code,12,1,0,roomy,always_accept,1,13,214,0.7224380001389363
code,12,1,0,roomy,threshold_1,1,13,225,0.5486439999913273
code,12,1,0,roomy,threshold_2,0,,85,0.15304999988074997
code,12,1,0,roomy,always_fallback,0,,85,0.13005499977225554
code,12,1,0,roomy,ignore_recovery,1,13,1228,3.2784660002107557
code,12,1,1,tight,adaptive,0,,306,0.7011249999777647
code,12,1,1,tight,always_accept,0,,65,0.5248229999779142
code,12,1,1,tight,threshold_1,0,,38,0.07998399996722583
code,12,1,1,tight,threshold_2,0,,11,0.07497399974454311
code,12,1,1,tight,always_fallback,0,,11,0.028772999939974397
code,12,1,1,tight,ignore_recovery,0,,710,1.7441219997635926
code,12,1,1,roomy,adaptive,1,17,2465,14.19315800012555
code,12,1,1,roomy,always_accept,1,17,506,1.3077130001875048
code,12,1,1,roomy,threshold_1,1,17,535,1.463851999687904
code,12,1,1,roomy,threshold_2,0,,85,0.2326949997950578
code,12,1,1,roomy,always_fallback,0,,85,0.160212000082538
code,12,1,1,roomy,ignore_recovery,0,,2440,8.971578999990015
code,12,1,2,tight,adaptive,0,,294,0.7195630000751407
code,12,1,2,tight,always_accept,0,,64,0.16683200010447763
code,12,1,2,tight,threshold_1,0,,34,0.08571799980927608
code,12,1,2,tight,threshold_2,0,,11,0.032316000215359963
code,12,1,2,tight,always_fallback,0,,11,0.030401000003621448
code,12,1,2,tight,ignore_recovery,0,,1063,2.9905010001129995
code,12,1,2,roomy,adaptive,1,21,3330,23.242757999923924
code,12,1,2,roomy,always_accept,1,21,724,2.4726740002734005
code,12,1,2,roomy,threshold_1,1,21,819,2.996523000092566
code,12,1,2,roomy,threshold_2,0,,85,0.34432099982950604
code,12,1,2,roomy,always_fallback,0,,85,0.17676900006335927
code,12,1,2,roomy,ignore_recovery,0,,3652,13.349753000056808
code,12,2,0,tight,adaptive,0,,306,0.5859190000592207
code,12,2,0,tight,always_accept,0,,58,0.11502600000312668
code,12,2,0,tight,threshold_1,0,,38,0.07619299958605552
code,12,2,0,tight,threshold_2,0,,11,0.029488000109267887
code,12,2,0,tight,always_fallback,0,,11,0.028904000373586314
code,12,2,0,tight,ignore_recovery,0,,306,0.7286790000762267
code,12,2,0,roomy,adaptive,1,17,1526,8.076399999936257
code,12,2,0,roomy,always_accept,0,,198,0.35574399998949957
code,12,2,0,roomy,threshold_1,0,,200,0.37627500023518223
code,12,2,0,roomy,threshold_2,0,,85,0.15095299977474497
code,12,2,0,roomy,always_fallback,0,,85,0.13120199992044945
code,12,2,0,roomy,ignore_recovery,1,17,1526,4.404282999985298
code,12,2,1,tight,adaptive,0,,306,0.6394799997906375
code,12,2,1,tight,always_accept,0,,65,0.4343470000094385
code,12,2,1,tight,threshold_1,0,,38,0.1312670001425431
code,12,2,1,tight,threshold_2,0,,11,0.03129300012005842
code,12,2,1,tight,always_fallback,0,,11,0.02875500013033161
code,12,2,1,tight,ignore_recovery,0,,430,1.0485980001249118
code,12,2,1,roomy,adaptive,0,,2500,7.1448140001848515
code,12,2,1,roomy,always_accept,0,,296,0.761911000154214
code,12,2,1,roomy,threshold_1,0,,292,0.5661929999405402
code,12,2,1,roomy,threshold_2,0,,85,0.17761099979907158
code,12,2,1,roomy,always_fallback,0,,85,0.16645499999867752
code,12,2,1,roomy,ignore_recovery,0,,2981,9.153538999726152
code,12,2,2,tight,adaptive,0,,294,0.7453389998772764
code,12,2,2,tight,always_accept,0,,64,0.19965399997090572
code,12,2,2,tight,threshold_1,0,,34,0.08869199973560171
code,12,2,2,tight,threshold_2,0,,11,0.03441800026848796
code,12,2,2,tight,always_fallback,0,,11,0.030657000024802983
code,12,2,2,tight,ignore_recovery,0,,554,1.4478650000455673
code,12,2,2,roomy,adaptive,0,,1708,4.9751589999686985
code,12,2,2,roomy,always_accept,0,,328,0.7121339999685006
code,12,2,2,roomy,threshold_1,0,,284,0.63691299965285
code,12,2,2,roomy,threshold_2,0,,85,0.21379800000431715
code,12,2,2,roomy,always_fallback,0,,85,0.23802900022928952
code,12,2,2,roomy,ignore_recovery,0,,4436,16.52191999983188
code,13,0,0,tight,adaptive,0,,122,0.2063580000140064
code,13,0,0,tight,always_accept,0,,35,0.0635179999335378
code,13,0,0,tight,threshold_1,0,,25,0.04692800030170474
code,13,0,0,tight,threshold_2,0,,15,0.03160799997203867
code,13,0,0,tight,always_fallback,0,,15,0.03151100008835783
code,13,0,0,tight,ignore_recovery,0,,122,0.22861700017529074
code,13,0,0,roomy,adaptive,1,19,750,3.6583759997483867
code,13,0,0,roomy,always_accept,1,19,158,0.5804770003123849
code,13,0,0,roomy,threshold_1,1,19,103,0.22107600034360075
code,13,0,0,roomy,threshold_2,0,,67,0.3178399997523229
code,13,0,0,roomy,always_fallback,0,,65,0.10370599966336158
code,13,0,0,roomy,ignore_recovery,1,19,750,1.784272000350029
code,13,0,1,tight,adaptive,0,,122,0.23415900022882852
code,13,0,1,tight,always_accept,0,,35,0.06836000011389842
code,13,0,1,tight,threshold_1,0,,25,0.05192199978409917
code,13,0,1,tight,threshold_2,0,,15,0.035614999887911836
code,13,0,1,tight,always_fallback,0,,15,0.03519100027915556
code,13,0,1,tight,ignore_recovery,0,,122,0.30110299985608435
code,13,0,1,roomy,adaptive,1,24,1610,9.629787999983819
code,13,0,1,roomy,always_accept,1,24,365,0.8041529999900376
code,13,0,1,roomy,threshold_1,0,,109,0.2038729999185307
code,13,0,1,roomy,threshold_2,0,,67,0.12475499988795491
code,13,0,1,roomy,always_fallback,0,,65,0.45068700001138495
code,13,0,1,roomy,ignore_recovery,0,,1487,6.071411999982956
code,13,0,2,tight,adaptive,0,,122,0.6510890002573433
code,13,0,2,tight,always_accept,0,,35,0.08926500004236004
code,13,0,2,tight,threshold_1,0,,25,0.061906000155431684
code,13,0,2,tight,threshold_2,0,,15,0.040002999867283506
code,13,0,2,tight,always_fallback,0,,15,0.17953999986275448
code,13,0,2,tight,ignore_recovery,0,,122,0.31733699961478123
code,13,0,2,roomy,adaptive,1,30,2034,13.545493000037823
code,13,0,2,roomy,always_accept,1,30,456,1.1966070001108164
code,13,0,2,roomy,threshold_1,0,,109,0.2293590000590484
code,13,0,2,roomy,threshold_2,0,,67,0.13712800000575953
code,13,0,2,roomy,always_fallback,0,,65,0.1435189997209818
code,13,0,2,roomy,ignore_recovery,0,,2224,8.023407000109728
code,13,1,0,tight,adaptive,0,,122,0.2228529997410078
code,13,1,0,tight,always_accept,0,,35,0.0710300000719144
code,13,1,0,tight,threshold_1,0,,25,0.04899099985777866
code,13,1,0,tight,threshold_2,0,,15,0.03314800005682628
code,13,1,0,tight,always_fallback,0,,15,0.03120499968645163
code,13,1,0,tight,ignore_recovery,0,,122,0.25302399990323465
code,13,1,0,roomy,adaptive,1,19,1695,8.808848999706242
code,13,1,0,roomy,always_accept,1,19,375,0.8888779998414975
code,13,1,0,roomy,threshold_1,1,19,173,0.48503800007893005
code,13,1,0,roomy,threshold_2,0,,67,0.12785200033249566
code,13,1,0,roomy,always_fallback,0,,65,0.10170299992751097
code,13,1,0,roomy,ignore_recovery,1,19,1695,4.3663930000548135
code,13,1,1,tight,adaptive,0,,122,0.2853599999070866
code,13,1,1,tight,always_accept,0,,35,0.08661199990456225
code,13,1,1,tight,threshold_1,0,,25,0.05797199992230162
code,13,1,1,tight,threshold_2,0,,15,0.055808000070101116
code,13,1,1,tight,always_fallback,0,,15,0.03509900034259772
code,13,1,1,tight,ignore_recovery,0,,122,0.3098889997090737
code,13,1,1,roomy,adaptive,1,24,2879,14.53287200001796
code,13,1,1,roomy,always_accept,1,24,649,3.0592379998779506
code,13,1,1,roomy,threshold_1,0,,109,0.25282899969170103
code,13,1,1,roomy,threshold_2,0,,67,0.12326799969741842
code,13,1,1,roomy,always_fallback,0,,65,0.11421499993957696
code,13,1,1,roomy,ignore_recovery,0,,3355,10.573672999726114
code,13,1,2,tight,adaptive,0,,122,0.5616079997707857
code,13,1,2,tight,always_accept,0,,35,0.10996199989676825
code,13,1,2,tight,threshold_1,0,,25,0.06622500040975865
code,13,1,2,tight,threshold_2,0,,15,0.041805000364547595
code,13,1,2,tight,always_fallback,0,,15,0.03804200014201342
code,13,1,2,tight,ignore_recovery,0,,122,1.6600100002506224
code,13,1,2,roomy,adaptive,0,,1675,8.815234999929089
code,13,1,2,roomy,always_accept,0,,297,1.0585939999145921
code,13,1,2,roomy,threshold_1,0,,109,0.40011800001593656
code,13,1,2,roomy,threshold_2,0,,67,0.15588799988108804
code,13,1,2,roomy,always_fallback,0,,65,0.1700460002211912
code,13,1,2,roomy,ignore_recovery,0,,5015,18.963280000207305
code,13,2,0,tight,adaptive,0,,122,0.24190300018744892
code,13,2,0,tight,always_accept,0,,35,0.07403200015687617
code,13,2,0,tight,threshold_1,0,,25,0.05206400010138168
code,13,2,0,tight,threshold_2,0,,15,0.034419999792589806
code,13,2,0,tight,always_fallback,0,,15,0.031969999781722436
code,13,2,0,tight,ignore_recovery,0,,122,0.25471200024185237
code,13,2,0,roomy,adaptive,1,19,2335,13.261902000067494
code,13,2,0,roomy,always_accept,1,19,350,0.7365510000454378
code,13,2,0,roomy,threshold_1,1,19,224,0.4778010002155497
code,13,2,0,roomy,threshold_2,0,,67,0.2496199999768578
code,13,2,0,roomy,always_fallback,0,,65,0.175478000073781
code,13,2,0,roomy,ignore_recovery,1,19,2335,5.863791999672685
code,13,2,1,tight,adaptive,0,,122,0.27864300000146613
code,13,2,1,tight,always_accept,0,,35,0.20236399996065302
code,13,2,1,tight,threshold_1,0,,25,0.05930299994361121
code,13,2,1,tight,threshold_2,0,,15,0.03753100008907495
code,13,2,1,tight,always_fallback,0,,15,0.03379899999345071
code,13,2,1,tight,ignore_recovery,0,,122,0.3039009998246911
code,13,2,1,roomy,adaptive,0,,3392,14.367207000304916
code,13,2,1,roomy,always_accept,0,,270,0.5776329999207519
code,13,2,1,roomy,threshold_1,0,,109,0.20975699999326025
code,13,2,1,roomy,threshold_2,0,,67,0.12356399975033128
code,13,2,1,roomy,always_fallback,0,,65,0.11638199976005126
code,13,2,1,roomy,ignore_recovery,0,,4622,15.251590999923792
code,13,2,2,tight,adaptive,0,,122,0.3462789995865023
code,13,2,2,tight,always_accept,0,,35,0.10038899972641957
code,13,2,2,tight,threshold_1,0,,25,0.06484699997599819
code,13,2,2,tight,threshold_2,0,,15,0.041338999835716095
code,13,2,2,tight,always_fallback,0,,15,0.036856000406260137
code,13,2,2,tight,ignore_recovery,0,,122,0.39592699977220036
code,13,2,2,roomy,adaptive,0,,1499,4.620786999566917
code,13,2,2,roomy,always_accept,0,,292,1.2963939998371643
code,13,2,2,roomy,threshold_1,0,,109,0.31939000018610386
code,13,2,2,roomy,threshold_2,0,,67,0.14365800006999052
code,13,2,2,roomy,always_fallback,0,,65,0.12903100014227675
code,13,2,2,roomy,ignore_recovery,0,,6909,24.715335000109917
code,14,0,0,tight,adaptive,1,26,240,1.0729560003710503
code,14,0,0,tight,always_accept,1,26,44,0.12074100004610955
code,14,0,0,tight,threshold_1,1,26,30,0.08493399991493789
code,14,0,0,tight,threshold_2,0,,25,0.050068999826180516
code,14,0,0,tight,always_fallback,0,,22,0.04467899998417124
code,14,0,0,tight,ignore_recovery,1,26,240,0.6032050000612799
code,14,0,0,roomy,adaptive,1,18,508,2.9623099999298574
code,14,0,0,roomy,always_accept,1,18,103,0.25519399969198275
code,14,0,0,roomy,threshold_1,1,18,94,0.2691190002224175
code,14,0,0,roomy,threshold_2,1,21,105,0.21789499987789895
code,14,0,0,roomy,always_fallback,1,23,93,0.18008300003202748
code,14,0,0,roomy,ignore_recovery,1,18,508,1.8091639999511244
code,14,0,1,tight,adaptive,1,32,530,3.0923700001039833
code,14,0,1,tight,always_accept,1,32,98,0.30381599981410545
code,14,0,1,tight,threshold_1,0,,34,0.07696200009377208
code,14,0,1,tight,threshold_2,0,,25,0.05398299981607124
code,14,0,1,tight,always_fallback,0,,22,0.047228000312316
code,14,0,1,tight,ignore_recovery,0,,477,1.8024249998234154
code,14,0,1,roomy,adaptive,1,18,1186,6.609996999941359
code,14,0,1,roomy,always_accept,1,18,252,1.063926999904652
code,14,0,1,roomy,threshold_1,1,18,201,0.7227070000226377
code,14,0,1,roomy,threshold_2,0,,110,0.24018700014494243
code,14,0,1,roomy,always_fallback,0,,98,0.22700999988956028
code,14,0,1,roomy,ignore_recovery,0,,1011,5.240372000116622
code,14,0,2,tight,adaptive,0,,332,0.7211250003820169
code,14,0,2,tight,always_accept,0,,59,0.117396999939956
code,14,0,2,tight,threshold_1,0,,34,0.06812199990235968
code,14,0,2,tight,threshold_2,0,,25,0.05419199987954926
code,14,0,2,tight,always_fallback,0,,22,0.04974200010110508
code,14,0,2,tight,ignore_recovery,0,,714,1.9438660001469543
code,14,0,2,roomy,adaptive,1,22,1868,11.215522999918903
code,14,0,2,roomy,always_accept,1,22,403,1.0509270000511606
code,14,0,2,roomy,threshold_1,1,22,341,1.1813080000138143
code,14,0,2,roomy,threshold_2,0,,110,0.2310220002073038
code,14,0,2,roomy,always_fallback,0,,98,0.1885049996417365
code,14,0,2,roomy,ignore_recovery,0,,1514,6.962404000205424
code,14,1,0,tight,adaptive,1,26,374,1.9807920002676838
code,14,1,0,tight,always_accept,1,26,65,0.18755400014924817
code,14,1,0,tight,threshold_1,1,26,57,0.1683539999248751
code,14,1,0,tight,threshold_2,0,,25,0.052886000048602
code,14,1,0,tight,always_fallback,0,,22,0.042112999835808296
code,14,1,0,tight,ignore_recovery,1,26,374,1.0791029999381863
code,14,1,0,roomy,adaptive,1,18,1077,5.5880350000734325
code,14,1,0,roomy,always_accept,1,18,169,0.4515830000855203
code,14,1,0,roomy,threshold_1,1,18,181,0.5544990003727435
code,14,1,0,roomy,threshold_2,1,21,196,0.4014269998151576
code,14,1,0,roomy,always_fallback,1,23,93,0.31669899999542395
code,14,1,0,roomy,ignore_recovery,1,18,1077,3.2268149998344597
code,14,1,1,tight,adaptive,0,,330,1.0611449997668387
code,14,1,1,tight,always_accept,0,,58,0.1314559999627818
code,14,1,1,tight,threshold_1,0,,38,0.07876299969211686
code,14,1,1,tight,threshold_2,0,,25,0.052707000122609315
code,14,1,1,tight,always_fallback,0,,22,0.0459040002169786
code,14,1,1,tight,ignore_recovery,0,,745,2.1631409999827156
code,14,1,1,roomy,adaptive,1,18,2432,15.644972999780293
code,14,1,1,roomy,always_accept,1,18,362,0.9219110002050002
code,14,1,1,roomy,threshold_1,1,18,387,1.0839810001925798
code,14,1,1,roomy,threshold_2,0,,110,0.26362900007370627
code,14,1,1,roomy,always_fallback,0,,98,0.3394069999558269
code,14,1,1,roomy,ignore_recovery,0,,2133,6.831516000147531
code,14,1,2,tight,adaptive,0,,317,0.8518500003447116
code,14,1,2,tight,always_accept,0,,57,0.14769899962630006
code,14,1,2,tight,threshold_1,0,,34,0.08848500010572025
code,14,1,2,tight,threshold_2,0,,25,0.059811000028275885
code,14,1,2,tight,always_fallback,0,,22,0.3041219997612643
code,14,1,2,tight,ignore_recovery,0,,1116,3.2560110003032605
code,14,1,2,roomy,adaptive,1,22,3426,32.10234800008038
code,14,1,2,roomy,always_accept,1,22,603,1.8265029998474347
code,14,1,2,roomy,threshold_1,1,22,667,3.3921609997378255
code,14,1,2,roomy,threshold_2,0,,110,0.2654489999258658
code,14,1,2,roomy,always_fallback,0,,98,0.5305610002324102
code,14,1,2,roomy,ignore_recovery,0,,3189,14.473324999926263
code,14,2,0,tight,adaptive,0,,330,0.6297340000855911
code,14,2,0,tight,always_accept,0,,52,0.10691000034057652
code,14,2,0,tight,threshold_1,0,,38,0.07331699998758268
code,14,2,0,tight,threshold_2,0,,25,0.04872399995292653
code,14,2,0,tight,always_fallback,0,,22,0.04343899990999489
code,14,2,0,tight,ignore_recovery,0,,330,0.645743999939441
code,14,2,0,roomy,adaptive,1,22,1345,17.01845500019772
code,14,2,0,roomy,always_accept,0,,151,0.3858790000776935
code,14,2,0,roomy,threshold_1,0,,152,0.41595299990149215
code,14,2,0,roomy,threshold_2,0,,198,0.3660469997157634
code,14,2,0,roomy,always_fallback,1,23,93,0.5740729998251481
code,14,2,0,roomy,ignore_recovery,1,22,1345,3.759786000046006
code,14,2,1,tight,adaptive,0,,330,0.8439880002697464
code,14,2,1,tight,always_accept,0,,58,0.12959400010004174
code,14,2,1,tight,threshold_1,0,,38,0.08046699986152817
code,14,2,1,tight,threshold_2,0,,25,0.05535199989026296
code,14,2,1,tight,always_fallback,0,,22,0.047794000238354784
code,14,2,1,tight,ignore_recovery,0,,471,1.0238649997518223
code,14,2,1,roomy,adaptive,1,27,2973,17.690421000224887
code,14,2,1,roomy,always_accept,0,,236,0.5187719998502871
code,14,2,1,roomy,threshold_1,0,,236,1.7344540001431596
code,14,2,1,roomy,threshold_2,0,,110,0.23304899968934478
code,14,2,1,roomy,always_fallback,0,,98,0.2356720001444046
code,14,2,1,roomy,ignore_recovery,0,,2658,8.789290000095207
code,14,2,2,tight,adaptive,0,,317,0.8131509998747788
code,14,2,2,tight,always_accept,0,,57,0.34951999987242743
code,14,2,2,tight,threshold_1,0,,34,0.09596000018063933
code,14,2,2,tight,threshold_2,0,,25,0.06084200003897422
code,14,2,2,tight,always_fallback,0,,22,0.05271800000627991
code,14,2,2,tight,ignore_recovery,0,,612,2.326582000023336
code,14,2,2,roomy,adaptive,0,,1630,5.362579000120604
code,14,2,2,roomy,always_accept,0,,261,0.587279000228591
code,14,2,2,roomy,threshold_1,0,,224,0.590974999795435
code,14,2,2,roomy,threshold_2,0,,110,0.23990899990167236
code,14,2,2,roomy,always_fallback,0,,98,0.3241879999222874
code,14,2,2,roomy,ignore_recovery,0,,3971,15.233996999995725
code,15,0,0,tight,adaptive,1,25,207,1.6734140003791254
code,15,0,0,tight,always_accept,1,25,51,0.14033099978405517
code,15,0,0,tight,threshold_1,1,25,46,0.3392519997760246
code,15,0,0,tight,threshold_2,0,,11,0.033661000088613946
code,15,0,0,tight,always_fallback,0,,11,0.02771199979179073
code,15,0,0,tight,ignore_recovery,1,25,207,0.4641450000235636
code,15,0,0,roomy,adaptive,1,16,567,3.215350000118633
code,15,0,0,roomy,always_accept,1,16,114,0.34222000022055
code,15,0,0,roomy,threshold_1,1,16,108,0.23973000043042703
code,15,0,0,roomy,threshold_2,0,,54,0.09957999964171904
code,15,0,0,roomy,always_fallback,0,,57,0.09753999984241091
code,15,0,0,roomy,ignore_recovery,1,16,567,1.5355699997599004
code,15,0,1,tight,adaptive,1,31,409,2.41787300001306
code,15,0,1,tight,always_accept,1,31,103,0.3025500000148895
code,15,0,1,tight,threshold_1,0,,53,0.1094849999390135
code,15,0,1,tight,threshold_2,0,,11,0.032807000025059097
code,15,0,1,tight,always_fallback,0,,11,0.0286149997918983
code,15,0,1,tight,ignore_recovery,0,,410,1.0001290002037422
code,15,0,1,roomy,adaptive,1,20,1177,7.741802000055031
code,15,0,1,roomy,always_accept,1,20,293,0.7750090003355581
code,15,0,1,roomy,threshold_1,1,20,258,0.5915110000387358
code,15,0,1,roomy,threshold_2,0,,54,0.11587500011955854
code,15,0,1,roomy,always_fallback,0,,57,0.11207600027773879
code,15,0,1,roomy,ignore_recovery,0,,1129,3.6055040000064764
code,15,0,2,tight,adaptive,0,,297,1.4566130003004218
code,15,0,2,tight,always_accept,0,,68,0.1334459998361126
code,15,0,2,tight,threshold_1,0,,50,0.09830500039242906
code,15,0,2,tight,threshold_2,0,,11,0.03173100003550644
code,15,0,2,tight,always_fallback,0,,11,0.057405999996262835
code,15,0,2,tight,ignore_recovery,0,,613,1.5376239998659003
code,15,0,2,roomy,adaptive,1,25,1701,10.12692300037088
code,15,0,2,roomy,always_accept,1,25,454,1.1178690001543146
code,15,0,2,roomy,threshold_1,1,25,351,1.120194000122865
code,15,0,2,roomy,threshold_2,0,,54,0.17525199973533745
code,15,0,2,roomy,always_fallback,0,,57,0.12628300009964732
code,15,0,2,roomy,ignore_recovery,0,,1691,5.899516999761545
code,15,1,0,tight,adaptive,1,25,417,1.8244330003653886
code,15,1,0,tight,always_accept,1,25,88,0.24608300009276718
code,15,1,0,tight,threshold_1,1,25,78,0.20092199974897085
code,15,1,0,tight,threshold_2,0,,11,0.03309099975012941
code,15,1,0,tight,always_fallback,0,,11,0.02765499993984122
code,15,1,0,tight,ignore_recovery,1,25,417,1.411984000242228
code,15,1,0,roomy,adaptive,1,16,1212,8.399250999900687
code,15,1,0,roomy,always_accept,1,16,237,0.5389620000642026
code,15,1,0,roomy,threshold_1,1,16,211,0.5175559999770485
code,15,1,0,roomy,threshold_2,0,,54,0.2267590002702491
code,15,1,0,roomy,always_fallback,0,,57,0.11212599974896875
code,15,1,0,roomy,ignore_recovery,1,16,1212,3.7268270002641657
code,15,1,1,tight,adaptive,0,,394,0.7940619998407783
code,15,1,1,tight,always_accept,0,,68,0.14380099992195028
code,15,1,1,tight,threshold_1,0,,57,0.12111800015190965
code,15,1,1,tight,threshold_2,0,,11,0.031399999897985253
code,15,1,1,tight,always_fallback,0,,11,0.045435000174620654
code,15,1,1,tight,ignore_recovery,0,,817,2.751237000211404
code,15,1,1,roomy,adaptive,1,20,2358,20.570215999669017
code,15,1,1,roomy,always_accept,1,20,559,2.51864999972895
code,15,1,1,roomy,threshold_1,1,20,508,1.8262160001540906
code,15,1,1,roomy,threshold_2,0,,54,0.23298099995372468
code,15,1,1,roomy,always_fallback,0,,57,0.12378600013107643
code,15,1,1,roomy,ignore_recovery,0,,2414,12.109854000300402
code,15,1,2,tight,adaptive,0,,285,0.7390329997178924
code,15,1,2,tight,always_accept,0,,66,0.22601399996347027
code,15,1,2,tight,threshold_1,0,,50,0.13356999988900498
code,15,1,2,tight,threshold_2,0,,11,0.17989899970416445
code,15,1,2,tight,always_fallback,0,,11,0.03846600020551705
code,15,1,2,tight,ignore_recovery,0,,1217,4.3923320004068955
code,15,1,2,roomy,adaptive,1,25,3193,26.767242999994778
code,15,1,2,roomy,always_accept,1,25,740,2.49479700005395
code,15,1,2,roomy,threshold_1,1,25,656,2.146416999948997
code,15,1,2,roomy,threshold_2,0,,54,0.20459699999264558
code,15,1,2,roomy,always_fallback,0,,57,0.1297270000577555
code,15,1,2,roomy,ignore_recovery,0,,3616,13.979639999888605
code,15,2,0,tight,adaptive,0,,365,0.6762869998055976
code,15,2,0,tight,always_accept,0,,65,0.18194999984189053
code,15,2,0,tight,threshold_1,0,,55,0.2676629997040436
code,15,2,0,tight,threshold_2,0,,11,0.03402299989829771
code,15,2,0,tight,always_fallback,0,,11,0.027832999876409303
code,15,2,0,tight,ignore_recovery,0,,365,1.1387560002731334
code,15,2,0,roomy,adaptive,0,,1310,3.856484999687382
code,15,2,0,roomy,always_accept,0,,210,0.4442069998731313
code,15,2,0,roomy,threshold_1,0,,184,0.47499800029982
code,15,2,0,roomy,threshold_2,0,,54,0.1102679998439271
code,15,2,0,roomy,always_fallback,0,,57,0.09868899996945402
code,15,2,0,roomy,ignore_recovery,0,,1310,4.632432000107656
code,15,2,1,tight,adaptive,0,,390,2.830352999808383
code,15,2,1,tight,always_accept,0,,68,0.4005490000054124
code,15,2,1,tight,threshold_1,0,,57,0.24775100018814555
code,15,2,1,tight,threshold_2,0,,11,0.09718299997985014
code,15,2,1,tight,always_fallback,0,,11,0.03100499998254236
code,15,2,1,tight,ignore_recovery,0,,579,1.4286609998634958
code,15,2,1,roomy,adaptive,0,,1924,6.841809999968973
code,15,2,1,roomy,always_accept,0,,340,1.2895619997834729
code,15,2,1,roomy,threshold_1,0,,305,0.714324000000488
code,15,2,1,roomy,threshold_2,0,,54,0.12920600011057104
code,15,2,1,roomy,always_fallback,0,,57,0.11205000009795185
code,15,2,1,roomy,ignore_recovery,0,,2428,9.703051999622403
code,15,2,2,tight,adaptive,0,,285,0.9732640000947868
code,15,2,2,tight,always_accept,0,,66,0.17049000007318682
code,15,2,2,tight,threshold_1,0,,50,0.12651399993046653
code,15,2,2,tight,threshold_2,0,,11,0.034022000363620464
code,15,2,2,tight,always_fallback,0,,11,0.030698000045958906
code,15,2,2,tight,ignore_recovery,0,,793,1.9752120001612639
code,15,2,2,roomy,adaptive,0,,1872,5.567150999922887
code,15,2,2,roomy,always_accept,0,,368,0.8606379997218028
code,15,2,2,roomy,threshold_1,0,,328,0.7096989997990022
code,15,2,2,roomy,threshold_2,0,,54,0.1394219998474
code,15,2,2,roomy,always_fallback,0,,57,0.12386000025799149
code,15,2,2,roomy,ignore_recovery,0,,3546,11.689339999975346
conversation,0,0,0,tight,adaptive,1,27,263,1.2804759999198723
conversation,0,0,0,tight,always_accept,1,27,44,0.12114399987694924
conversation,0,0,0,tight,threshold_1,1,27,44,0.1308780001636478
conversation,0,0,0,tight,threshold_2,1,34,31,0.08364599989363342
conversation,0,0,0,tight,always_fallback,0,,29,0.05353500000637723
conversation,0,0,0,tight,ignore_recovery,1,27,263,0.7148650001909118
conversation,0,0,0,roomy,adaptive,1,18,465,2.7106140000796586
conversation,0,0,0,roomy,always_accept,1,18,91,0.22736299979442265
conversation,0,0,0,roomy,threshold_1,1,18,91,0.2376649999860092
conversation,0,0,0,roomy,threshold_2,1,18,141,0.3538529999786988
conversation,0,0,0,roomy,always_fallback,1,31,141,0.27482499990583165
conversation,0,0,0,roomy,ignore_recovery,1,18,465,1.4699149996886263
conversation,0,0,1,tight,adaptive,1,32,439,2.4668279997968057
conversation,0,0,1,tight,always_accept,1,32,81,0.3003940000780858
conversation,0,0,1,tight,threshold_1,1,32,81,0.27351199969416484
conversation,0,0,1,tight,threshold_2,0,,32,0.06923099999767146
conversation,0,0,1,tight,always_fallback,0,,29,0.05851300011272542
conversation,0,0,1,tight,ignore_recovery,0,,523,1.679515999967407
conversation,0,0,1,roomy,adaptive,1,22,975,7.554910000180826
conversation,0,0,1,roomy,always_accept,1,22,215,0.5591549997916445
conversation,0,0,1,roomy,threshold_1,1,22,215,0.598401999923226
conversation,0,0,1,roomy,threshold_2,1,26,316,1.3717890001316846
conversation,0,0,1,roomy,always_fallback,1,39,258,0.7592079996356915
conversation,0,0,1,roomy,ignore_recovery,0,,925,4.186588000266056
conversation,0,0,2,tight,adaptive,0,,320,0.8036439999159484
conversation,0,0,2,tight,always_accept,0,,51,0.12836299993068678
conversation,0,0,2,tight,threshold_1,0,,51,0.10630599990690826
conversation,0,0,2,tight,threshold_2,0,,32,0.06981000024097739
conversation,0,0,2,tight,always_fallback,0,,29,0.06339899982776842
conversation,0,0,2,tight,ignore_recovery,0,,783,3.1851730000198586
conversation,0,0,2,roomy,adaptive,1,27,1454,11.577293000300415
conversation,0,0,2,roomy,always_accept,1,27,335,5.215322999902128
conversation,0,0,2,roomy,threshold_1,1,27,335,1.0479390002728906
conversation,0,0,2,roomy,threshold_2,1,34,450,3.1637390002288157
conversation,0,0,2,roomy,always_fallback,1,47,243,4.970561999925849
conversation,0,0,2,roomy,ignore_recovery,0,,1385,9.292349000133981
conversation,0,1,0,tight,adaptive,1,27,492,2.9405539999061148
conversation,0,1,0,tight,always_accept,1,27,85,0.6151459997454367
conversation,0,1,0,tight,threshold_1,1,27,85,0.31186000023808447
conversation,0,1,0,tight,threshold_2,1,34,44,0.1434400001016911
conversation,0,1,0,tight,always_fallback,0,,29,0.05649900003845687
conversation,0,1,0,tight,ignore_recovery,1,27,492,2.1298550000210525
conversation,0,1,0,roomy,adaptive,1,18,878,7.549007999841706
conversation,0,1,0,roomy,always_accept,1,18,177,0.49979200002781
conversation,0,1,0,roomy,threshold_1,1,18,177,0.45958600003359606
conversation,0,1,0,roomy,threshold_2,1,18,267,0.7012020000729535
conversation,0,1,0,roomy,always_fallback,1,31,141,0.36079099982089247
conversation,0,1,0,roomy,ignore_recovery,1,18,878,3.6911709999003506
conversation,0,1,1,tight,adaptive,1,32,801,4.697267000210559
conversation,0,1,1,tight,always_accept,1,32,159,0.5387680002968409
conversation,0,1,1,tight,threshold_1,1,32,159,1.2683410000136064
conversation,0,1,1,tight,threshold_2,0,,32,0.09582800021235016
conversation,0,1,1,tight,always_fallback,0,,29,0.059406000218586996
conversation,0,1,1,tight,ignore_recovery,0,,981,3.3086739999816928
conversation,0,1,1,roomy,adaptive,1,22,1849,13.689855999928113
conversation,0,1,1,roomy,always_accept,1,22,421,1.3762810003754566
conversation,0,1,1,roomy,threshold_1,1,22,421,1.3891390003664128
conversation,0,1,1,roomy,threshold_2,1,26,598,1.5304999997169944
conversation,0,1,1,roomy,always_fallback,1,39,258,0.9221340001204226
conversation,0,1,1,roomy,ignore_recovery,0,,1751,9.792572000151267
conversation,0,1,2,tight,adaptive,0,,344,1.2188959999548388
conversation,0,1,2,tight,always_accept,0,,54,0.15914200002953294
conversation,0,1,2,tight,threshold_1,0,,54,0.36398500014911406
conversation,0,1,2,tight,threshold_2,0,,32,0.08961599996837322
conversation,0,1,2,tight,always_fallback,0,,29,0.06416799988073763
conversation,0,1,2,tight,ignore_recovery,0,,1470,5.642712999815558
conversation,0,1,2,roomy,adaptive,1,27,2750,23.498902000028465
conversation,0,1,2,roomy,always_accept,1,27,658,2.4550790003559086
conversation,0,1,2,roomy,threshold_1,1,27,658,2.307102000031591
conversation,0,1,2,roomy,threshold_2,1,34,843,2.8317920000517915
conversation,0,1,2,roomy,always_fallback,1,47,243,0.8963930004028953
conversation,0,1,2,roomy,ignore_recovery,0,,2624,13.215810000019701
conversation,0,2,0,tight,adaptive,0,,527,1.2990440000066883
conversation,0,2,0,tight,always_accept,0,,61,0.1321560002907063
conversation,0,2,0,tight,threshold_1,0,,61,0.11786699997173855
conversation,0,2,0,tight,threshold_2,0,,37,0.07308399972316693
conversation,0,2,0,tight,always_fallback,0,,29,0.054737000027671456
conversation,0,2,0,tight,ignore_recovery,0,,527,1.312097000209178
conversation,0,2,0,roomy,adaptive,1,28,1136,6.160964000173408
conversation,0,2,0,roomy,always_accept,0,,164,0.3609810000853031
conversation,0,2,0,roomy,threshold_1,0,,164,0.32555799998590373
conversation,0,2,0,roomy,threshold_2,0,,261,0.8133209998959501
conversation,0,2,0,roomy,always_fallback,1,31,141,0.2841949999492499
conversation,0,2,0,roomy,ignore_recovery,1,28,1136,3.564851000191993
conversation,0,2,1,tight,adaptive,0,,535,1.9070059997829958
conversation,0,2,1,tight,always_accept,0,,57,0.14643800022895448
conversation,0,2,1,tight,threshold_1,0,,57,0.13136600000507315
conversation,0,2,1,tight,threshold_2,0,,32,0.07261400014613173
conversation,0,2,1,tight,always_fallback,0,,29,2.1632829998452507
conversation,0,2,1,tight,ignore_recovery,0,,950,2.627404000122624
conversation,0,2,1,roomy,adaptive,1,35,2330,13.857365000149002
conversation,0,2,1,roomy,always_accept,0,,264,0.6515749996651721
conversation,0,2,1,roomy,threshold_1,0,,264,0.5893990000913618
conversation,0,2,1,roomy,threshold_2,0,,317,0.7480300000679563
conversation,0,2,1,roomy,always_fallback,1,39,258,0.5246189998615591
conversation,0,2,1,roomy,ignore_recovery,0,,2267,7.596044999900187
conversation,0,2,2,tight,adaptive,0,,344,1.0284099998898455
conversation,0,2,2,tight,always_accept,0,,54,0.3448170000410755
conversation,0,2,2,tight,threshold_1,0,,54,0.14143599992166855
conversation,0,2,2,tight,threshold_2,0,,32,0.08024099997783196
conversation,0,2,2,tight,always_fallback,0,,29,0.09767700021257042
conversation,0,2,2,tight,ignore_recovery,0,,1373,4.164669000147114
conversation,0,2,2,roomy,adaptive,1,43,3015,23.009274999822082
conversation,0,2,2,roomy,always_accept,0,,268,0.6432230002246797
conversation,0,2,2,roomy,threshold_1,0,,268,0.7128229999580071
conversation,0,2,2,roomy,threshold_2,0,,257,1.0756769997897209
conversation,0,2,2,roomy,always_fallback,1,47,243,0.6398239997906785
conversation,0,2,2,roomy,ignore_recovery,0,,3398,14.483380999990914
conversation,1,0,0,tight,adaptive,1,27,251,1.0980189999827417
conversation,1,0,0,tight,always_accept,1,27,44,0.13979000004837872
conversation,1,0,0,tight,threshold_1,1,27,44,0.11502099960125634
conversation,1,0,0,tight,threshold_2,0,,19,0.041723999856913
conversation,1,0,0,tight,always_fallback,0,,19,0.03941200020562974
conversation,1,0,0,tight,ignore_recovery,1,27,251,0.8054800000536488
conversation,1,0,0,roomy,adaptive,1,19,499,2.5305089998255426
conversation,1,0,0,roomy,always_accept,1,19,72,0.19792200009760563
conversation,1,0,0,roomy,threshold_1,1,19,72,0.189229999705276
conversation,1,0,0,roomy,threshold_2,1,19,99,0.7738839999547054
conversation,1,0,0,roomy,always_fallback,1,32,117,0.6277259999478702
conversation,1,0,0,roomy,ignore_recovery,1,19,499,2.0172689996798
conversation,1,0,1,tight,adaptive,1,32,453,2.352532999793766
conversation,1,0,1,tight,always_accept,1,32,87,0.29186599977037986
conversation,1,0,1,tight,threshold_1,1,32,87,0.24491399972248473
conversation,1,0,1,tight,threshold_2,0,,19,0.04851599987887312
conversation,1,0,1,tight,always_fallback,0,,19,0.04295999997339095
conversation,1,0,1,tight,ignore_recovery,0,,498,1.6873790000317967
conversation,1,0,1,roomy,adaptive,1,23,1025,5.9646559998327575
conversation,1,0,1,roomy,always_accept,1,23,177,1.0399910001979151
conversation,1,0,1,roomy,threshold_1,1,23,177,0.4566980001072807
conversation,1,0,1,roomy,threshold_2,1,23,201,0.4261449998921307
conversation,1,0,1,roomy,always_fallback,1,39,193,0.3982360003647045
conversation,1,0,1,roomy,ignore_recovery,0,,993,3.228211000077863
conversation,1,0,2,tight,adaptive,0,,306,0.7674329999645124
conversation,1,0,2,tight,always_accept,0,,51,0.10843900008694618
conversation,1,0,2,tight,threshold_1,0,,51,0.10123999982170062
conversation,1,0,2,tight,threshold_2,0,,19,0.04699300006905105
conversation,1,0,2,tight,always_fallback,0,,19,0.04674899992096471
conversation,1,0,2,tight,ignore_recovery,0,,745,3.0276429997684318
conversation,1,0,2,roomy,adaptive,1,27,1494,9.125055999902543
conversation,1,0,2,roomy,always_accept,1,27,283,0.7658559998162673
conversation,1,0,2,roomy,threshold_1,1,27,283,0.8072489999904064
conversation,1,0,2,roomy,threshold_2,0,,122,0.2436569998280902
conversation,1,0,2,roomy,always_fallback,0,,139,0.24869700018825824
conversation,1,0,2,roomy,ignore_recovery,0,,1487,6.041348000053404
conversation,1,1,0,tight,adaptive,1,27,485,2.5705500002004555
conversation,1,1,0,tight,always_accept,1,27,85,0.2437179996377381
conversation,1,1,0,tight,threshold_1,1,27,85,0.26321699988329783
conversation,1,1,0,tight,threshold_2,0,,19,0.04812499992112862
conversation,1,1,0,tight,always_fallback,0,,19,0.03914599983545486
conversation,1,1,0,tight,ignore_recovery,1,27,485,2.8177969998068875
conversation,1,1,0,roomy,adaptive,1,19,942,5.146272999809298
conversation,1,1,0,roomy,always_accept,1,19,139,0.3978939998887654
conversation,1,1,0,roomy,threshold_1,1,19,139,0.38638899968646
conversation,1,1,0,roomy,threshold_2,1,19,190,0.4482370000005176
conversation,1,1,0,roomy,always_fallback,1,32,117,0.7742000002508576
conversation,1,1,0,roomy,ignore_recovery,1,19,942,3.503732999888598
conversation,1,1,1,tight,adaptive,1,32,866,4.94924800023
conversation,1,1,1,tight,always_accept,1,32,157,1.287540999783232
conversation,1,1,1,tight,threshold_1,1,32,157,0.5384940000112692
conversation,1,1,1,tight,threshold_2,0,,19,0.06023600008120411
conversation,1,1,1,tight,always_fallback,0,,19,0.04168699979345547
conversation,1,1,1,tight,ignore_recovery,0,,966,2.967623000131425
conversation,1,1,1,roomy,adaptive,1,23,1946,13.536849000047368
conversation,1,1,1,roomy,always_accept,1,23,349,1.5034250000098837
conversation,1,1,1,roomy,threshold_1,1,23,349,1.1616229999162897
conversation,1,1,1,roomy,threshold_2,1,23,361,1.316653999765549
conversation,1,1,1,roomy,always_fallback,1,39,193,0.40285899967784644
conversation,1,1,1,roomy,ignore_recovery,0,,1879,9.796179999739252
conversation,1,1,2,tight,adaptive,0,,330,1.1552259998097725
conversation,1,1,2,tight,always_accept,0,,54,0.15558099994450458
conversation,1,1,2,tight,threshold_1,0,,54,0.14037700020708144
conversation,1,1,2,tight,threshold_2,0,,19,0.05449999980555731
conversation,1,1,2,tight,always_fallback,0,,19,0.38229400024647475
conversation,1,1,2,tight,ignore_recovery,0,,1447,6.231750000097236
conversation,1,1,2,roomy,adaptive,1,27,2850,29.76751999995031
conversation,1,1,2,roomy,always_accept,1,27,561,1.8465109997123363
conversation,1,1,2,roomy,threshold_1,1,27,561,1.9579780000640312
conversation,1,1,2,roomy,threshold_2,0,,134,0.364120000085677
conversation,1,1,2,roomy,always_fallback,0,,139,0.26222800033792737
conversation,1,1,2,roomy,ignore_recovery,0,,2816,11.676477000037266
conversation,1,2,0,tight,adaptive,0,,524,1.1888009998983762
conversation,1,2,0,tight,always_accept,0,,61,0.12465999998312327
conversation,1,2,0,tight,threshold_1,0,,61,0.11661399958029506
conversation,1,2,0,tight,threshold_2,0,,19,0.04277400012142607
conversation,1,2,0,tight,always_fallback,0,,19,0.03896999987773597
conversation,1,2,0,tight,ignore_recovery,0,,524,1.1222630000702338
conversation,1,2,0,roomy,adaptive,1,29,1211,6.079120000322291
conversation,1,2,0,roomy,always_accept,0,,129,0.3694480001286138
conversation,1,2,0,roomy,threshold_1,0,,129,0.4448099998626276
conversation,1,2,0,roomy,threshold_2,0,,147,0.3193150000697642
conversation,1,2,0,roomy,always_fallback,1,32,117,0.2423129999442608
conversation,1,2,0,roomy,ignore_recovery,1,29,1211,3.6139650001132395
conversation,1,2,1,tight,adaptive,0,,518,1.6316619999088289
conversation,1,2,1,tight,always_accept,0,,57,0.14011499979460496
conversation,1,2,1,tight,threshold_1,0,,57,0.12906300025861128
conversation,1,2,1,tight,threshold_2,0,,19,0.04860800027017831
conversation,1,2,1,tight,always_fallback,0,,19,0.04212500016365084
conversation,1,2,1,tight,ignore_recovery,0,,952,4.579173999900377
conversation,1,2,1,roomy,adaptive,1,36,2409,19.217521999962628
conversation,1,2,1,roomy,always_accept,0,,225,1.2656799999604118
conversation,1,2,1,roomy,threshold_1,0,,225,0.6420689996957663
conversation,1,2,1,roomy,threshold_2,0,,146,0.980777000222588
conversation,1,2,1,roomy,always_fallback,1,39,193,0.6156459999147046
conversation,1,2,1,roomy,ignore_recovery,0,,2417,9.279689000322833
conversation,1,2,2,tight,adaptive,0,,330,1.59492600005251
conversation,1,2,2,tight,always_accept,0,,54,0.1581799997438793
conversation,1,2,2,tight,threshold_1,0,,54,0.14318200010166038
conversation,1,2,2,tight,threshold_2,0,,19,0.054740999985369854
conversation,1,2,2,tight,always_fallback,0,,19,0.04530000023805769
conversation,1,2,2,tight,ignore_recovery,0,,1380,4.3746960000135005
conversation,1,2,2,roomy,adaptive,1,43,3189,23.458043999653455
conversation,1,2,2,roomy,always_accept,0,,273,0.6646240003647108
conversation,1,2,2,roomy,threshold_1,0,,273,0.7581770000797405
conversation,1,2,2,roomy,threshold_2,0,,134,0.3440489999775309
conversation,1,2,2,roomy,always_fallback,0,,139,0.25389900019945344
conversation,1,2,2,roomy,ignore_recovery,0,,3623,12.905219000003854
conversation,2,0,0,tight,adaptive,1,28,248,1.6781369999989693
conversation,2,0,0,tight,always_accept,1,28,47,0.13138800022716168
conversation,2,0,0,tight,threshold_1,1,28,47,0.11277499970674398
conversation,2,0,0,tight,threshold_2,0,,22,0.046519000079570105
conversation,2,0,0,tight,always_fallback,0,,22,0.04280699977243785
conversation,2,0,0,tight,ignore_recovery,1,28,248,0.6097020000197517
conversation,2,0,0,roomy,adaptive,1,19,495,2.6925679999294516
conversation,2,0,0,roomy,always_accept,1,19,81,0.23524299967903062
conversation,2,0,0,roomy,threshold_1,1,19,81,0.19537300022420823
conversation,2,0,0,roomy,threshold_2,1,24,89,0.17561499998919317
conversation,2,0,0,roomy,always_fallback,1,35,95,0.18250999983138172
conversation,2,0,0,roomy,ignore_recovery,1,19,495,1.4899339998919459
conversation,2,0,1,tight,adaptive,1,34,453,2.9107059999660123
conversation,2,0,1,tight,always_accept,1,34,94,0.3384110000297369
conversation,2,0,1,tight,threshold_1,1,34,94,0.254069999755302
conversation,2,0,1,tight,threshold_2,0,,22,0.054863999594090274
conversation,2,0,1,tight,always_fallback,0,,22,0.12834499966629664
conversation,2,0,1,tight,ignore_recovery,0,,493,1.5327740002248902
conversation,2,0,1,roomy,adaptive,1,23,1003,5.922726000335388
conversation,2,0,1,roomy,always_accept,1,23,192,0.6629069998780324
conversation,2,0,1,roomy,threshold_1,1,23,192,0.4954889996042766
conversation,2,0,1,roomy,threshold_2,0,,95,0.17600899991521146
conversation,2,0,1,roomy,always_fallback,0,,100,0.33528399990245816
conversation,2,0,1,roomy,ignore_recovery,0,,984,3.073734000281547
conversation,2,0,2,tight,adaptive,0,,293,1.289700000143057
conversation,2,0,2,tight,always_accept,0,,55,0.12085399976058397
conversation,2,0,2,tight,threshold_1,0,,55,0.10646999999153195
conversation,2,0,2,tight,threshold_2,0,,22,0.05267100004857639
conversation,2,0,2,tight,always_fallback,0,,22,0.05108799996378366
conversation,2,0,2,tight,ignore_recovery,0,,738,2.6657820003492816
conversation,2,0,2,roomy,adaptive,1,28,1442,10.117410000020755
conversation,2,0,2,roomy,always_accept,1,28,292,1.0863890001928667
conversation,2,0,2,roomy,threshold_1,1,28,292,0.8628810001027887
conversation,2,0,2,roomy,threshold_2,0,,95,0.20388300026752404
conversation,2,0,2,roomy,always_fallback,0,,100,0.19105699993815506
conversation,2,0,2,roomy,ignore_recovery,0,,1473,6.388229000094725
conversation,2,1,0,tight,adaptive,1,28,477,2.529465999941749
conversation,2,1,0,tight,always_accept,1,28,91,0.25359199980812264
conversation,2,1,0,tight,threshold_1,1,28,91,0.272384000254533
conversation,2,1,0,tight,threshold_2,0,,22,0.05363299987948267
conversation,2,1,0,tight,always_fallback,0,,22,0.04337800010034698
conversation,2,1,0,tight,ignore_recovery,1,28,477,1.3467009998748836
conversation,2,1,0,roomy,adaptive,1,19,940,6.578666000223166
conversation,2,1,0,roomy,always_accept,1,19,157,0.4189219998806948
conversation,2,1,0,roomy,threshold_1,1,19,157,0.6060890000298969
conversation,2,1,0,roomy,threshold_2,1,24,149,0.39137500016295235
conversation,2,1,0,roomy,always_fallback,1,35,95,0.18155599991587223
conversation,2,1,0,roomy,ignore_recovery,1,19,940,2.8030449998368567
conversation,2,1,1,tight,adaptive,1,34,873,6.148836999727791
conversation,2,1,1,tight,always_accept,1,34,171,0.5504060000021127
conversation,2,1,1,tight,threshold_1,1,34,171,0.5123480000293057
conversation,2,1,1,tight,threshold_2,0,,22,0.06448999965869007
conversation,2,1,1,tight,always_fallback,0,,22,0.061731999721814645
conversation,2,1,1,tight,ignore_recovery,0,,951,2.674087000286818
conversation,2,1,1,roomy,adaptive,1,23,1914,11.876262999976461
conversation,2,1,1,roomy,always_accept,1,23,377,1.4940390001356718
conversation,2,1,1,roomy,threshold_1,1,23,377,1.064761999714392
conversation,2,1,1,roomy,threshold_2,0,,95,0.20273600011933013
conversation,2,1,1,roomy,always_fallback,0,,100,0.17212800003107986
conversation,2,1,1,roomy,ignore_recovery,0,,1874,6.885163999868382
conversation,2,1,2,tight,adaptive,0,,311,1.1563389998627827
conversation,2,1,2,tight,always_accept,0,,58,0.1526820001345186
conversation,2,1,2,tight,threshold_1,0,,58,0.14590199998565367
conversation,2,1,2,tight,threshold_2,0,,22,0.06302099973254371
conversation,2,1,2,tight,always_fallback,0,,22,0.06511899982797331
conversation,2,1,2,tight,ignore_recovery,0,,1425,5.233416999999463
conversation,2,1,2,roomy,adaptive,1,28,2746,21.832225999787624
conversation,2,1,2,roomy,always_accept,1,28,577,1.7646420001256047
conversation,2,1,2,roomy,threshold_1,1,28,577,1.7661599999883038
conversation,2,1,2,roomy,threshold_2,0,,95,0.23582599988003494
conversation,2,1,2,roomy,always_fallback,0,,100,0.41247699982704944
conversation,2,1,2,roomy,ignore_recovery,0,,2808,12.327090999860957
conversation,2,2,0,tight,adaptive,0,,458,1.0994179997396714
conversation,2,2,0,tight,always_accept,0,,65,0.1313820002906141
conversation,2,2,0,tight,threshold_1,0,,65,0.11821399994005333
conversation,2,2,0,tight,threshold_2,0,,22,0.09574599971529096
conversation,2,2,0,tight,always_fallback,0,,22,0.04535400012173341
conversation,2,2,0,tight,ignore_recovery,0,,458,1.3143359997229709
conversation,2,2,0,roomy,adaptive,1,30,1172,6.626160999985586
conversation,2,2,0,roomy,always_accept,0,,143,0.5085800003143959
conversation,2,2,0,roomy,threshold_1,0,,143,0.29373600000326405
conversation,2,2,0,roomy,threshold_2,0,,132,0.27413600037107244
conversation,2,2,0,roomy,always_fallback,1,35,95,0.18446400008542696
conversation,2,2,0,roomy,ignore_recovery,1,30,1172,3.2142149998435343
conversation,2,2,1,tight,adaptive,0,,405,1.9925090000469936
conversation,2,2,1,tight,always_accept,0,,61,0.15257699988069362
conversation,2,2,1,tight,threshold_1,0,,61,0.4414899999574118
conversation,2,2,1,tight,threshold_2,0,,22,0.06450000000768341
conversation,2,2,1,tight,always_fallback,0,,22,0.048194000100920675
conversation,2,2,1,tight,ignore_recovery,0,,768,2.342274000056932
conversation,2,2,1,roomy,adaptive,1,39,2149,19.19574300018212
conversation,2,2,1,roomy,always_accept,0,,182,0.44042700028512627
conversation,2,2,1,roomy,threshold_1,0,,182,0.6316479998531577
conversation,2,2,1,roomy,threshold_2,0,,95,0.2289939998263435
conversation,2,2,1,roomy,always_fallback,0,,100,0.17057900004147086
conversation,2,2,1,roomy,ignore_recovery,0,,2331,11.64257699974769
conversation,2,2,2,tight,adaptive,0,,311,0.9132260001933901
conversation,2,2,2,tight,always_accept,0,,58,0.21047899963377859
conversation,2,2,2,tight,threshold_1,0,,58,0.21035200006735977
conversation,2,2,2,tight,threshold_2,0,,22,0.06454200001826393
conversation,2,2,2,tight,always_fallback,0,,22,0.055204000091180205
conversation,2,2,2,tight,ignore_recovery,0,,1078,3.343106000102125
conversation,2,2,2,roomy,adaptive,0,,1880,7.235740999931295
conversation,2,2,2,roomy,always_accept,0,,216,0.672256000143534
conversation,2,2,2,roomy,threshold_1,0,,216,0.580256999910489
conversation,2,2,2,roomy,threshold_2,0,,95,0.3531319998728577
conversation,2,2,2,roomy,always_fallback,0,,100,0.33174500003951835
conversation,2,2,2,roomy,ignore_recovery,0,,3490,14.862541999718815
conversation,3,0,0,tight,adaptive,1,29,257,1.589423000041279
conversation,3,0,0,tight,always_accept,1,29,45,0.1254530002370302
conversation,3,0,0,tight,threshold_1,1,29,40,0.1658689998293994
conversation,3,0,0,tight,threshold_2,1,35,40,0.10054399990622187
conversation,3,0,0,tight,always_fallback,0,,38,0.066932000208908
conversation,3,0,0,tight,ignore_recovery,1,29,257,0.6213110000317101
conversation,3,0,0,roomy,adaptive,1,19,492,2.6590960001158237
conversation,3,0,0,roomy,always_accept,1,19,99,0.23905600028228946
conversation,3,0,0,roomy,threshold_1,1,19,95,0.21236099973975797
conversation,3,0,0,roomy,threshold_2,1,19,104,0.21623899965561577
conversation,3,0,0,roomy,always_fallback,1,33,105,0.22812299994257046
conversation,3,0,0,roomy,ignore_recovery,1,19,492,1.460475000385486
conversation,3,0,1,tight,adaptive,1,35,401,2.3593350001647195
conversation,3,0,1,tight,always_accept,1,35,70,0.22340700024869875
conversation,3,0,1,tight,threshold_1,0,,42,0.09125299993684166
conversation,3,0,1,tight,threshold_2,0,,41,0.08131200002026162
conversation,3,0,1,tight,always_fallback,0,,38,0.07463600013579708
conversation,3,0,1,tight,ignore_recovery,0,,511,1.3931010003034316
conversation,3,0,1,roomy,adaptive,1,24,1018,7.903140999587777
conversation,3,0,1,roomy,always_accept,1,24,206,0.6457679996856314
conversation,3,0,1,roomy,threshold_1,1,24,184,0.5369020000216551
conversation,3,0,1,roomy,threshold_2,1,27,193,0.4826909998882911
conversation,3,0,1,roomy,always_fallback,1,41,187,0.5456709995996789
conversation,3,0,1,roomy,ignore_recovery,0,,979,3.6606999997275125
conversation,3,0,2,tight,adaptive,0,,313,1.5546469999208057
conversation,3,0,2,tight,always_accept,0,,53,0.11871100014104741
conversation,3,0,2,tight,threshold_1,0,,42,0.08777799985182355
conversation,3,0,2,tight,threshold_2,0,,41,0.08655600004203734
conversation,3,0,2,tight,always_fallback,0,,38,0.08191200004148413
conversation,3,0,2,tight,ignore_recovery,0,,765,2.5520080002934264
conversation,3,0,2,roomy,adaptive,1,29,1532,10.99797300003047
conversation,3,0,2,roomy,always_accept,1,29,299,0.7355530001404986
conversation,3,0,2,roomy,threshold_1,1,29,267,0.6561950003742822
conversation,3,0,2,roomy,threshold_2,1,35,270,0.6589699996766285
conversation,3,0,2,roomy,always_fallback,1,49,270,0.597310999637557
conversation,3,0,2,roomy,ignore_recovery,0,,1466,5.6317900002795795
conversation,3,1,0,tight,adaptive,1,29,497,2.3394059999191086
conversation,3,1,0,tight,always_accept,1,29,81,0.21748400013166247
conversation,3,1,0,tight,threshold_1,1,29,71,0.21190100005696877
conversation,3,1,0,tight,threshold_2,1,35,68,0.17196499993588077
conversation,3,1,0,tight,always_fallback,0,,38,0.06974999996600673
conversation,3,1,0,tight,ignore_recovery,1,29,497,1.4570909997928538
conversation,3,1,0,roomy,adaptive,1,19,1028,7.780928000101994
conversation,3,1,0,roomy,always_accept,1,19,209,0.8489200004078157
conversation,3,1,0,roomy,threshold_1,1,19,185,0.7001489998401667
conversation,3,1,0,roomy,threshold_2,1,19,193,1.719170999876951
conversation,3,1,0,roomy,always_fallback,1,33,105,0.27897699965251377
conversation,3,1,0,roomy,ignore_recovery,1,19,1028,6.345228000100178
conversation,3,1,1,tight,adaptive,0,,470,2.1085570001559972
conversation,3,1,1,tight,always_accept,0,,53,0.1346089998151001
conversation,3,1,1,tight,threshold_1,0,,42,0.09674200009612832
conversation,3,1,1,tight,threshold_2,0,,41,0.09009699988382636
conversation,3,1,1,tight,always_fallback,0,,38,0.09512599990557646
conversation,3,1,1,tight,ignore_recovery,0,,975,2.397145000031742
conversation,3,1,1,roomy,adaptive,1,24,2092,11.69789799996579
conversation,3,1,1,roomy,always_accept,1,24,389,1.2249199999132543
conversation,3,1,1,roomy,threshold_1,1,24,363,1.2388190002639021
conversation,3,1,1,roomy,threshold_2,1,27,367,1.0884460002671403
conversation,3,1,1,roomy,always_fallback,1,41,187,0.4164439997111913
conversation,3,1,1,roomy,ignore_recovery,0,,2051,8.282888999929128
conversation,3,1,2,tight,adaptive,0,,319,1.0780540001178451
conversation,3,1,2,tight,always_accept,0,,54,0.2041860002464091
conversation,3,1,2,tight,threshold_1,0,,42,0.11608700015131035
conversation,3,1,2,tight,threshold_2,0,,41,0.10575900023468421
conversation,3,1,2,tight,always_fallback,0,,38,0.11382000002413406
conversation,3,1,2,tight,ignore_recovery,0,,1453,4.557150999971782
conversation,3,1,2,roomy,adaptive,1,29,3084,21.644018000188225
conversation,3,1,2,roomy,always_accept,1,29,537,2.161579000130587
conversation,3,1,2,roomy,threshold_1,1,29,507,2.3126630003389437
conversation,3,1,2,roomy,threshold_2,1,35,497,1.551766999909887
conversation,3,1,2,roomy,always_fallback,1,49,270,1.0349219996896863
conversation,3,1,2,roomy,ignore_recovery,0,,3074,15.140427999995154
conversation,3,2,0,tight,adaptive,0,,538,1.0363110000071174
conversation,3,2,0,tight,always_accept,0,,59,0.17064600024241372
conversation,3,2,0,tight,threshold_1,0,,49,0.09751600009622052
conversation,3,2,0,tight,threshold_2,0,,48,0.0886299999365292
conversation,3,2,0,tight,always_fallback,0,,38,0.07649200006198953
conversation,3,2,0,tight,ignore_recovery,0,,538,1.4615269997193536
conversation,3,2,0,roomy,adaptive,1,30,1196,6.473294999977952
conversation,3,2,0,roomy,always_accept,0,,191,0.9402380001120036
conversation,3,2,0,roomy,threshold_1,0,,167,0.37113700000190875
conversation,3,2,0,roomy,threshold_2,0,,192,1.1637929997050378
conversation,3,2,0,roomy,always_fallback,1,33,105,0.22849000015412457
conversation,3,2,0,roomy,ignore_recovery,1,30,1196,3.481994999674498
conversation,3,2,1,tight,adaptive,0,,480,1.8404419997750665
conversation,3,2,1,tight,always_accept,0,,53,0.13559799981521792
conversation,3,2,1,tight,threshold_1,0,,42,0.09806299976844457
conversation,3,2,1,tight,threshold_2,0,,41,0.09053000030689873
conversation,3,2,1,tight,always_fallback,0,,38,0.0745309998819721
conversation,3,2,1,tight,ignore_recovery,0,,992,5.484231999616895
conversation,3,2,1,roomy,adaptive,1,38,2368,17.677472999821475
conversation,3,2,1,roomy,always_accept,0,,289,0.9758820001479762
conversation,3,2,1,roomy,threshold_1,0,,256,0.6050770002730133
conversation,3,2,1,roomy,threshold_2,0,,272,0.7398540001304355
conversation,3,2,1,roomy,always_fallback,1,41,187,0.4040260000692797
conversation,3,2,1,roomy,ignore_recovery,0,,2387,8.176779000223178
conversation,3,2,2,tight,adaptive,0,,319,1.036689000102342
conversation,3,2,2,tight,always_accept,0,,54,0.15249099988068338
conversation,3,2,2,tight,threshold_1,0,,42,0.11309799992886838
conversation,3,2,2,tight,threshold_2,0,,41,0.12980899964532
conversation,3,2,2,tight,always_fallback,0,,38,0.28445999987525283
conversation,3,2,2,tight,ignore_recovery,0,,1446,5.109774999709771
conversation,3,2,2,roomy,adaptive,1,46,3423,28.256389000034687
conversation,3,2,2,roomy,always_accept,0,,353,0.8211109998228494
conversation,3,2,2,roomy,threshold_1,0,,311,1.570027000070695
conversation,3,2,2,roomy,threshold_2,0,,312,1.127427000028547
conversation,3,2,2,roomy,always_fallback,1,49,270,2.124153999830014
conversation,3,2,2,roomy,ignore_recovery,0,,3578,12.235691000114457
conversation,4,0,0,tight,adaptive,1,28,147,0.919581999824004
conversation,4,0,0,tight,always_accept,1,28,24,0.10012800021286239
conversation,4,0,0,tight,threshold_1,1,28,24,0.1579759996275243
conversation,4,0,0,tight,threshold_2,1,28,29,0.349077999999281
conversation,4,0,0,tight,always_fallback,0,,23,0.05428200029200525
conversation,4,0,0,tight,ignore_recovery,1,28,147,0.41108000004896894
conversation,4,0,0,roomy,adaptive,1,20,229,1.5276159997483774
conversation,4,0,0,roomy,always_accept,1,20,35,0.18924599999081693
conversation,4,0,0,roomy,threshold_1,1,20,35,0.11804599989773124
conversation,4,0,0,roomy,threshold_2,1,20,50,0.13984999986860203
conversation,4,0,0,roomy,always_fallback,1,35,49,0.13248400000520633
conversation,4,0,0,roomy,ignore_recovery,1,20,229,1.0968289998345426
conversation,4,0,1,tight,adaptive,1,32,219,1.158536999810167
conversation,4,0,1,tight,always_accept,1,32,39,0.15203499970084522
conversation,4,0,1,tight,threshold_1,1,32,39,0.14437399977396126
conversation,4,0,1,tight,threshold_2,0,,31,0.06685499965897179
conversation,4,0,1,tight,always_fallback,0,,23,0.0505630000589008
conversation,4,0,1,tight,ignore_recovery,0,,291,0.828185000045778
conversation,4,0,1,roomy,adaptive,1,24,428,4.394679000142787
conversation,4,0,1,roomy,always_accept,1,24,61,0.24643100005050655
conversation,4,0,1,roomy,threshold_1,1,24,61,0.21190999996179016
conversation,4,0,1,roomy,threshold_2,1,24,103,0.2753579997261113
conversation,4,0,1,roomy,always_fallback,1,42,84,0.22422999973059632
conversation,4,0,1,roomy,ignore_recovery,0,,452,1.7567290001352376
conversation,4,0,2,tight,adaptive,0,,171,0.4426420000527287
conversation,4,0,2,tight,always_accept,0,,29,0.08935200003179489
conversation,4,0,2,tight,threshold_1,0,,29,0.07004200006122119
conversation,4,0,2,tight,threshold_2,0,,31,0.06462300007115118
conversation,4,0,2,tight,always_fallback,0,,23,0.05419799981609685
conversation,4,0,2,tight,ignore_recovery,0,,435,1.3142709999556246
conversation,4,0,2,roomy,adaptive,1,28,705,5.086996000045474
conversation,4,0,2,roomy,always_accept,1,28,105,0.38993999987724237
conversation,4,0,2,roomy,threshold_1,1,28,105,0.35702700006368104
conversation,4,0,2,roomy,threshold_2,1,28,173,0.4629569998542138
conversation,4,0,2,roomy,always_fallback,0,,66,0.3103600001850282
conversation,4,0,2,roomy,ignore_recovery,0,,675,2.677791999758483
conversation,4,1,0,tight,adaptive,1,28,271,1.3921419999860518
conversation,4,1,0,tight,always_accept,1,28,45,0.17287400032728328
conversation,4,1,0,tight,threshold_1,1,28,45,0.1733310000417987
conversation,4,1,0,tight,threshold_2,1,28,55,0.16746700021030847
conversation,4,1,0,tight,always_fallback,0,,23,0.049961999593506334
conversation,4,1,0,tight,ignore_recovery,1,28,271,0.8078560003923485
conversation,4,1,0,roomy,adaptive,1,20,409,3.19603800016921
conversation,4,1,0,roomy,always_accept,1,20,65,0.27542699990590336
conversation,4,1,0,roomy,threshold_1,1,20,65,0.22467600001618848
conversation,4,1,0,roomy,threshold_2,1,20,94,0.3490210001473315
conversation,4,1,0,roomy,always_fallback,1,35,49,0.1760200002536294
conversation,4,1,0,roomy,ignore_recovery,1,20,409,1.6327389998878061
conversation,4,1,1,tight,adaptive,1,32,397,3.1226080000124057
conversation,4,1,1,tight,always_accept,1,32,75,0.32901100030358066
conversation,4,1,1,tight,threshold_1,1,32,75,0.8312230002047727
conversation,4,1,1,tight,threshold_2,0,,31,0.3301000001556531
conversation,4,1,1,tight,always_fallback,0,,23,0.06420299996534595
conversation,4,1,1,tight,ignore_recovery,0,,539,3.639733999989403
conversation,4,1,1,roomy,adaptive,1,24,768,5.780523000339599
conversation,4,1,1,roomy,always_accept,1,24,117,0.5239050001364376
conversation,4,1,1,roomy,threshold_1,1,24,117,0.45340599990595365
conversation,4,1,1,roomy,threshold_2,1,24,200,0.6167610004013113
conversation,4,1,1,roomy,always_fallback,1,42,84,0.2529989997128723
conversation,4,1,1,roomy,ignore_recovery,0,,812,4.606740999861358
conversation,4,1,2,tight,adaptive,0,,180,0.6388459996742313
conversation,4,1,2,tight,always_accept,0,,32,0.10275700014972244
conversation,4,1,2,tight,threshold_1,0,,32,0.09414699979970464
conversation,4,1,2,tight,threshold_2,0,,31,0.11577399982343195
conversation,4,1,2,tight,always_fallback,0,,23,0.058772000102180755
conversation,4,1,2,tight,ignore_recovery,0,,807,3.047001000140881
conversation,4,1,2,roomy,adaptive,1,28,1272,19.199460999971052
conversation,4,1,2,roomy,always_accept,1,28,205,0.9835830001065915
conversation,4,1,2,roomy,threshold_1,1,28,205,0.8814230000098178
conversation,4,1,2,roomy,threshold_2,1,28,340,1.9306859999232984
conversation,4,1,2,roomy,always_fallback,0,,66,0.18320400022275862
conversation,4,1,2,roomy,ignore_recovery,0,,1215,9.292299999742681
conversation,4,2,0,tight,adaptive,0,,279,0.6065829998078698
conversation,4,2,0,tight,always_accept,0,,33,0.08179099995686556
conversation,4,2,0,tight,threshold_1,0,,33,0.0762999998187297
conversation,4,2,0,tight,threshold_2,0,,37,0.07174600023063249
conversation,4,2,0,tight,always_fallback,0,,23,0.04499299984672689
conversation,4,2,0,tight,ignore_recovery,0,,279,1.0080270003527403
conversation,4,2,0,roomy,adaptive,1,32,523,5.982636000226194
conversation,4,2,0,roomy,always_accept,0,,60,0.1615910000509757
conversation,4,2,0,roomy,threshold_1,0,,60,0.13860200033377623
conversation,4,2,0,roomy,threshold_2,0,,82,0.2087379998556571
conversation,4,2,0,roomy,always_fallback,1,35,49,0.14875700026095728
conversation,4,2,0,roomy,ignore_recovery,1,32,523,1.7711010000311944
conversation,4,2,1,tight,adaptive,0,,212,1.1456279999038088
conversation,4,2,1,tight,always_accept,0,,35,0.10209099991698167
conversation,4,2,1,tight,threshold_1,0,,35,0.0904189996617788
conversation,4,2,1,tight,threshold_2,0,,31,0.07353399996645749
conversation,4,2,1,tight,always_fallback,0,,23,0.05004600006941473
conversation,4,2,1,tight,ignore_recovery,0,,472,1.2137749999965308
conversation,4,2,1,roomy,adaptive,1,39,956,7.123678999960248
conversation,4,2,1,roomy,always_accept,0,,77,0.21366999999372638
conversation,4,2,1,roomy,threshold_1,0,,77,0.22634600009041606
conversation,4,2,1,roomy,threshold_2,0,,98,0.22777799995310488
conversation,4,2,1,roomy,always_fallback,1,42,84,0.2305579996573215
conversation,4,2,1,roomy,ignore_recovery,0,,1040,4.143247000229167
conversation,4,2,2,tight,adaptive,0,,180,0.7874610000726534
conversation,4,2,2,tight,always_accept,0,,32,0.10931999986496521
conversation,4,2,2,tight,threshold_1,0,,32,0.09636100003262982
conversation,4,2,2,tight,threshold_2,0,,31,0.08704399988346267
conversation,4,2,2,tight,always_fallback,0,,23,0.0552869996681693
conversation,4,2,2,tight,ignore_recovery,0,,665,3.280881999671692
conversation,4,2,2,roomy,adaptive,1,46,1520,14.13088700019216
conversation,4,2,2,roomy,always_accept,0,,93,0.27431899980001617
conversation,4,2,2,roomy,threshold_1,0,,93,0.2559250001468172
conversation,4,2,2,roomy,threshold_2,0,,106,0.2822550000018964
conversation,4,2,2,roomy,always_fallback,0,,66,0.15338899993366795
conversation,4,2,2,roomy,ignore_recovery,0,,1557,9.411978000116505
conversation,5,0,0,tight,adaptive,1,28,255,0.987758999599464
conversation,5,0,0,tight,always_accept,1,28,39,0.10938200011878507
conversation,5,0,0,tight,threshold_1,1,28,28,0.08407299992541084
conversation,5,0,0,tight,threshold_2,0,,14,0.05046200021752156
conversation,5,0,0,tight,always_fallback,0,,14,0.03242899992983439
conversation,5,0,0,tight,ignore_recovery,1,28,255,0.5577649999395362
conversation,5,0,0,roomy,adaptive,1,19,704,11.271253999893815
conversation,5,0,0,roomy,always_accept,1,19,81,0.2368410000599397
conversation,5,0,0,roomy,threshold_1,1,19,73,0.1772499999788124
conversation,5,0,0,roomy,threshold_2,1,23,70,0.15056300026117242
conversation,5,0,0,roomy,always_fallback,1,34,70,0.14334600018628407
conversation,5,0,0,roomy,ignore_recovery,1,19,704,2.1219139998720493
conversation,5,0,1,tight,adaptive,1,34,366,1.8534449995968316
conversation,5,0,1,tight,always_accept,1,34,64,0.4584890002661268
conversation,5,0,1,tight,threshold_1,0,,30,0.07876500012571341
conversation,5,0,1,tight,threshold_2,0,,14,0.03903800006810343
conversation,5,0,1,tight,always_fallback,0,,14,0.03482200008875225
conversation,5,0,1,tight,ignore_recovery,0,,506,1.518057999874145
conversation,5,0,1,roomy,adaptive,1,23,1359,8.233091999954922
conversation,5,0,1,roomy,always_accept,1,23,168,0.42496700007177424
conversation,5,0,1,roomy,threshold_1,1,23,159,0.36810399979003705
conversation,5,0,1,roomy,threshold_2,0,,76,0.36709000005430426
conversation,5,0,1,roomy,always_fallback,0,,75,0.21656199987774016
conversation,5,0,1,roomy,ignore_recovery,0,,1403,4.421581999849877
conversation,5,0,2,tight,adaptive,0,,309,0.8700990001671016
conversation,5,0,2,tight,always_accept,0,,47,0.6053759998394526
conversation,5,0,2,tight,threshold_1,0,,30,0.08134300014717155
conversation,5,0,2,tight,threshold_2,0,,14,0.03957899980377988
conversation,5,0,2,tight,always_fallback,0,,14,0.03801000002567889
conversation,5,0,2,tight,ignore_recovery,0,,757,2.6984940000147617
conversation,5,0,2,roomy,adaptive,1,28,1935,12.386700000206474
conversation,5,0,2,roomy,always_accept,1,28,251,0.9370120001221949
conversation,5,0,2,roomy,threshold_1,1,28,234,0.6004570000186504
conversation,5,0,2,roomy,threshold_2,0,,76,0.15140799996515852
conversation,5,0,2,roomy,always_fallback,0,,75,0.13909200015405077
conversation,5,0,2,roomy,ignore_recovery,0,,2102,7.806584000263683
conversation,5,1,0,tight,adaptive,1,28,506,1.9341100000929146
conversation,5,1,0,tight,always_accept,1,28,63,0.1884439998320886
conversation,5,1,0,tight,threshold_1,1,28,53,0.16961499977696803
conversation,5,1,0,tight,threshold_2,0,,14,0.04083200019522337
conversation,5,1,0,tight,always_fallback,0,,14,0.03246500000386732
conversation,5,1,0,tight,ignore_recovery,1,28,506,1.7070149997380213
conversation,5,1,0,roomy,adaptive,1,19,1535,7.623115000114922
conversation,5,1,0,roomy,always_accept,1,19,156,0.4106719998162589
conversation,5,1,0,roomy,threshold_1,1,19,141,0.35629800004244316
conversation,5,1,0,roomy,threshold_2,1,23,131,0.2785970000331872
conversation,5,1,0,roomy,always_fallback,1,34,70,0.16403700010414468
conversation,5,1,0,roomy,ignore_recovery,1,19,1535,4.42592399986097
conversation,5,1,1,tight,adaptive,0,,459,1.1441249998824787
conversation,5,1,1,tight,always_accept,0,,47,0.5371080001168593
conversation,5,1,1,tight,threshold_1,0,,30,0.0808100003268919
conversation,5,1,1,tight,threshold_2,0,,14,0.038761999803682556
conversation,5,1,1,tight,always_fallback,0,,14,0.03448699999353266
conversation,5,1,1,tight,ignore_recovery,0,,1008,2.3603279996677884
conversation,5,1,1,roomy,adaptive,1,23,2814,15.966598999966664
conversation,5,1,1,roomy,always_accept,1,23,280,0.8355779996236379
conversation,5,1,1,roomy,threshold_1,1,23,313,1.0496879999664088
conversation,5,1,1,roomy,threshold_2,0,,76,0.3386240000509133
conversation,5,1,1,roomy,always_fallback,0,,75,0.1692750001893728
conversation,5,1,1,roomy,ignore_recovery,0,,3065,10.386927999661566
conversation,5,1,2,tight,adaptive,0,,315,1.37451599994165
conversation,5,1,2,tight,always_accept,0,,48,0.15543600011369563
conversation,5,1,2,tight,threshold_1,0,,30,0.08729199998924742
conversation,5,1,2,tight,threshold_2,0,,14,0.042721000227174954
conversation,5,1,2,tight,always_fallback,0,,14,0.038113999835331924
conversation,5,1,2,tight,ignore_recovery,0,,1510,4.6053599999140715
conversation,5,1,2,roomy,adaptive,1,28,3616,24.797640999622672
conversation,5,1,2,roomy,always_accept,1,28,424,1.5680650003560004
conversation,5,1,2,roomy,threshold_1,1,28,463,2.5256479998461145
conversation,5,1,2,roomy,threshold_2,0,,76,0.19436699994912487
conversation,5,1,2,roomy,always_fallback,0,,75,0.16204299981836812
conversation,5,1,2,roomy,ignore_recovery,0,,4595,15.264418999777263
conversation,5,2,0,tight,adaptive,0,,574,1.0778509999909147
conversation,5,2,0,tight,always_accept,0,,48,0.09766499988472788
conversation,5,2,0,tight,threshold_1,0,,36,0.0731969998923887
conversation,5,2,0,tight,threshold_2,0,,14,0.03508300005705678
conversation,5,2,0,tight,always_fallback,0,,14,0.032623999686620664
conversation,5,2,0,tight,ignore_recovery,0,,574,1.265193000108411
conversation,5,2,0,roomy,adaptive,1,30,1906,8.23746600008235
conversation,5,2,0,roomy,always_accept,0,,158,0.3556579999894893
conversation,5,2,0,roomy,threshold_1,0,,138,0.26241200021104305
conversation,5,2,0,roomy,threshold_2,0,,106,0.17030700018949574
conversation,5,2,0,roomy,always_fallback,1,34,70,0.1624660003471945
conversation,5,2,0,roomy,ignore_recovery,1,30,1906,4.566052999962267
conversation,5,2,1,tight,adaptive,0,,500,1.2570789999699628
conversation,5,2,1,tight,always_accept,0,,47,0.16035299995564856
conversation,5,2,1,tight,threshold_1,0,,30,0.07727799993517692
conversation,5,2,1,tight,threshold_2,0,,14,0.03990799996245187
conversation,5,2,1,tight,always_fallback,0,,14,0.03612299997257651
conversation,5,2,1,tight,ignore_recovery,0,,1107,3.860659999645577
conversation,5,2,1,roomy,adaptive,1,38,3380,18.74261100010699
conversation,5,2,1,roomy,always_accept,0,,206,0.4451790000530309
conversation,5,2,1,roomy,threshold_1,0,,219,0.42329200005042367
conversation,5,2,1,roomy,threshold_2,0,,76,0.14737799983777222
conversation,5,2,1,roomy,always_fallback,0,,75,0.1601159997335344
conversation,5,2,1,roomy,ignore_recovery,0,,3807,11.466149000170844
conversation,5,2,2,tight,adaptive,0,,315,1.1142240000481252
conversation,5,2,2,tight,always_accept,0,,48,0.1396399998156994
conversation,5,2,2,tight,threshold_1,0,,30,0.23416200019710232
conversation,5,2,2,tight,threshold_2,0,,14,0.04933199988954584
conversation,5,2,2,tight,always_fallback,0,,14,0.038996999592200154
conversation,5,2,2,tight,ignore_recovery,0,,1640,5.238260000169248
conversation,5,2,2,roomy,adaptive,0,,3855,25.99260900024092
conversation,5,2,2,roomy,always_accept,0,,234,0.637185999948997
conversation,5,2,2,roomy,threshold_1,0,,207,0.4373860001578578
conversation,5,2,2,roomy,threshold_2,0,,76,0.17152999998870655
conversation,5,2,2,roomy,always_fallback,0,,75,0.1425089999429474
conversation,5,2,2,roomy,ignore_recovery,0,,5708,19.747806999930617
conversation,6,0,0,tight,adaptive,1,29,158,1.004943999760144
conversation,6,0,0,tight,always_accept,1,29,28,0.09648500008552219
conversation,6,0,0,tight,threshold_1,1,29,28,0.08449000006294227
conversation,6,0,0,tight,threshold_2,0,,6,0.02487900019332301
conversation,6,0,0,tight,always_fallback,0,,6,0.021081999875605106
conversation,6,0,0,tight,ignore_recovery,1,29,158,0.5608249998658721
conversation,6,0,0,roomy,adaptive,1,20,399,2.0639479998862953
conversation,6,0,0,roomy,always_accept,1,20,47,0.1391910000165808
conversation,6,0,0,roomy,threshold_1,1,20,47,0.1261670004168991
conversation,6,0,0,roomy,threshold_2,1,24,69,0.14598000007026712
conversation,6,0,0,roomy,always_fallback,1,36,67,0.15740300023026066
conversation,6,0,0,roomy,ignore_recovery,1,20,399,1.0160759998143476
conversation,6,0,1,tight,adaptive,1,34,226,1.059089000136737
conversation,6,0,1,tight,always_accept,1,34,45,0.15488400003960123
conversation,6,0,1,tight,threshold_1,0,,32,0.07715899982940755
conversation,6,0,1,tight,threshold_2,0,,6,0.02507699991838308
conversation,6,0,1,tight,always_fallback,0,,6,0.022387000171875115
conversation,6,0,1,tight,ignore_recovery,0,,313,1.141242999892711
conversation,6,0,1,roomy,adaptive,1,24,761,3.627058999882138
conversation,6,0,1,roomy,always_accept,1,24,83,0.24734499993428471
conversation,6,0,1,roomy,threshold_1,1,24,86,0.23349799994321074
conversation,6,0,1,roomy,threshold_2,0,,81,0.1528490001874161
conversation,6,0,1,roomy,always_fallback,0,,77,1.6661589997966075
conversation,6,0,1,roomy,ignore_recovery,0,,793,2.299658000083582
conversation,6,0,2,tight,adaptive,0,,200,0.4465359997993801
conversation,6,0,2,tight,always_accept,0,,35,0.08075100004134583
conversation,6,0,2,tight,threshold_1,0,,33,0.0751459997445636
conversation,6,0,2,tight,threshold_2,0,,6,0.024387999928876525
conversation,6,0,2,tight,always_fallback,0,,6,0.022824000097898534
conversation,6,0,2,tight,ignore_recovery,0,,468,1.3018029999329883
conversation,6,0,2,roomy,adaptive,1,29,1120,6.737413000337256
conversation,6,0,2,roomy,always_accept,1,29,141,0.4016350003439584
conversation,6,0,2,roomy,threshold_1,1,29,146,0.4018749996248516
conversation,6,0,2,roomy,threshold_2,0,,84,0.16839399995660642
conversation,6,0,2,roomy,always_fallback,0,,78,0.15437399997608736
conversation,6,0,2,roomy,ignore_recovery,0,,1187,4.090219000318029
conversation,6,1,0,tight,adaptive,1,29,325,2.418173000023671
conversation,6,1,0,tight,always_accept,1,29,56,0.17669499993644422
conversation,6,1,0,tight,threshold_1,1,29,53,0.17285400008404395
conversation,6,1,0,tight,threshold_2,0,,6,0.026780000098369783
conversation,6,1,0,tight,always_fallback,0,,6,0.02223799992862041
conversation,6,1,0,tight,ignore_recovery,1,29,325,0.7572489998892706
conversation,6,1,0,roomy,adaptive,1,20,806,4.791456000020844
conversation,6,1,0,roomy,always_accept,1,20,96,0.27117299987367005
conversation,6,1,0,roomy,threshold_1,1,20,89,0.5314380000527308
conversation,6,1,0,roomy,threshold_2,1,24,126,0.29581100034192787
conversation,6,1,0,roomy,always_fallback,1,36,67,0.14586699990104535
conversation,6,1,0,roomy,ignore_recovery,1,20,806,1.8744949998108495
conversation,6,1,1,tight,adaptive,0,,253,0.5326479999894218
conversation,6,1,1,tight,always_accept,0,,41,0.09720999969431432
conversation,6,1,1,tight,threshold_1,0,,32,0.08084399996732827
conversation,6,1,1,tight,threshold_2,0,,6,0.02301400036230916
conversation,6,1,1,tight,always_fallback,0,,6,0.0216339999496995
conversation,6,1,1,tight,ignore_recovery,0,,644,1.8403499998385087
conversation,6,1,1,roomy,adaptive,1,24,1426,8.253672999671835
conversation,6,1,1,roomy,always_accept,1,24,169,0.6863739999971585
conversation,6,1,1,roomy,threshold_1,1,24,167,0.9417080000275746
conversation,6,1,1,roomy,threshold_2,0,,81,0.247291000050609
conversation,6,1,1,roomy,always_fallback,0,,77,0.183328000275651
conversation,6,1,1,roomy,ignore_recovery,0,,1607,8.088876999863714
conversation,6,1,2,tight,adaptive,0,,209,1.412227999935567
conversation,6,1,2,tight,always_accept,0,,38,0.11945500000365428
conversation,6,1,2,tight,threshold_1,0,,33,0.09616500028641894
conversation,6,1,2,tight,threshold_2,0,,6,0.02506500004528789
conversation,6,1,2,tight,always_fallback,0,,6,0.023967000288394047
conversation,6,1,2,tight,ignore_recovery,0,,963,5.034124999838241
conversation,6,1,2,roomy,adaptive,1,29,1947,15.35402299987254
conversation,6,1,2,roomy,always_accept,1,29,291,0.9487729998909344
conversation,6,1,2,roomy,threshold_1,1,29,287,1.1750189996746485
conversation,6,1,2,roomy,threshold_2,0,,84,0.21838000020579784
conversation,6,1,2,roomy,always_fallback,0,,78,0.16263599991361843
conversation,6,1,2,roomy,ignore_recovery,0,,2408,7.950764000270283
conversation,6,2,0,tight,adaptive,0,,290,0.6005290001667163
conversation,6,2,0,tight,always_accept,0,,42,0.0921970004128525
conversation,6,2,0,tight,threshold_1,0,,36,0.07998699993549963
conversation,6,2,0,tight,threshold_2,0,,6,0.023234999844135018
conversation,6,2,0,tight,always_fallback,0,,6,0.021941999875707552
conversation,6,2,0,tight,ignore_recovery,0,,290,0.7485700002689555
conversation,6,2,0,roomy,adaptive,1,32,882,4.1417939996790665
conversation,6,2,0,roomy,always_accept,0,,87,0.17647000004217261
conversation,6,2,0,roomy,threshold_1,0,,77,0.15015400003903778
conversation,6,2,0,roomy,threshold_2,0,,111,0.20820500003537745
conversation,6,2,0,roomy,always_fallback,1,36,67,0.1459539998904802
conversation,6,2,0,roomy,ignore_recovery,1,32,882,3.8921389996176003
conversation,6,2,1,tight,adaptive,0,,253,0.6859299996904156
conversation,6,2,1,tight,always_accept,0,,41,0.10370200016041053
conversation,6,2,1,tight,threshold_1,0,,32,0.08018600010473165
conversation,6,2,1,tight,threshold_2,0,,6,0.06791700025132741
conversation,6,2,1,tight,always_fallback,0,,6,0.022569000066141598
conversation,6,2,1,tight,ignore_recovery,0,,493,1.102617000015016
conversation,6,2,1,roomy,adaptive,1,40,1523,8.319279000261304
conversation,6,2,1,roomy,always_accept,0,,119,0.3167690001646406
conversation,6,2,1,roomy,threshold_1,0,,110,0.23010599988992908
conversation,6,2,1,roomy,threshold_2,0,,81,0.16389700022045872
conversation,6,2,1,roomy,always_fallback,0,,77,0.13733500009038835
conversation,6,2,1,roomy,ignore_recovery,0,,1759,5.392009999923175
conversation,6,2,2,tight,adaptive,0,,209,0.588494000112405
conversation,6,2,2,tight,always_accept,0,,38,0.35879699998986325
conversation,6,2,2,tight,threshold_1,0,,33,0.10368999983256799
conversation,6,2,2,tight,threshold_2,0,,6,0.026058000003104098
conversation,6,2,2,tight,always_fallback,0,,6,0.02376000020376523
conversation,6,2,2,tight,ignore_recovery,0,,696,2.023610999913217
conversation,6,2,2,roomy,adaptive,0,,1974,5.552492999868264
conversation,6,2,2,roomy,always_accept,0,,153,0.49682400003803195
conversation,6,2,2,roomy,threshold_1,0,,141,0.3181420001965307
conversation,6,2,2,roomy,threshold_2,0,,84,0.197507999928348
conversation,6,2,2,roomy,always_fallback,0,,78,0.15749399972264655
conversation,6,2,2,roomy,ignore_recovery,0,,2636,8.920412000406941
conversation,7,0,0,tight,adaptive,1,28,272,1.374456999656104
conversation,7,0,0,tight,always_accept,1,28,53,0.1853509997999936
conversation,7,0,0,tight,threshold_1,1,28,53,0.1327660002061748
conversation,7,0,0,tight,threshold_2,0,,26,0.052906999826518586
conversation,7,0,0,tight,always_fallback,0,,25,0.04535100015345961
conversation,7,0,0,tight,ignore_recovery,1,28,272,1.00834999966537
conversation,7,0,0,roomy,adaptive,1,19,510,2.7662939996844216
conversation,7,0,0,roomy,always_accept,1,19,101,0.25016999961735564
conversation,7,0,0,roomy,threshold_1,1,19,101,0.49416399997426197
conversation,7,0,0,roomy,threshold_2,1,28,136,0.2749709997260652
conversation,7,0,0,roomy,always_fallback,1,36,132,0.42059799989146995
conversation,7,0,0,roomy,ignore_recovery,1,19,510,1.6148609997799213
conversation,7,0,1,tight,adaptive,1,34,462,2.539238999816007
conversation,7,0,1,tight,always_accept,1,34,103,0.2970320001622895
conversation,7,0,1,tight,threshold_1,1,34,103,0.8177989998330304
conversation,7,0,1,tight,threshold_2,0,,26,0.06849699957456323
conversation,7,0,1,tight,always_fallback,0,,25,0.05188900013308739
conversation,7,0,1,tight,ignore_recovery,0,,541,1.670335999733652
conversation,7,0,1,roomy,adaptive,1,23,1046,9.009948999846529
conversation,7,0,1,roomy,always_accept,1,23,242,0.7828279999557708
conversation,7,0,1,roomy,threshold_1,1,23,242,0.6027879999237484
conversation,7,0,1,roomy,threshold_2,0,,150,0.28044999999110587
conversation,7,0,1,roomy,always_fallback,0,,146,0.2618270000311895
conversation,7,0,1,roomy,ignore_recovery,0,,1015,4.010755999843241
conversation,7,0,2,tight,adaptive,0,,322,0.8361350000996026
conversation,7,0,2,tight,always_accept,0,,61,0.3384139999980107
conversation,7,0,2,tight,threshold_1,0,,61,0.1264610000362154
conversation,7,0,2,tight,threshold_2,0,,26,0.13016100001550512
conversation,7,0,2,tight,always_fallback,0,,25,0.05946100009168731
conversation,7,0,2,tight,ignore_recovery,0,,810,3.1352070000139065
conversation,7,0,2,roomy,adaptive,1,28,1487,9.659194000050775
conversation,7,0,2,roomy,always_accept,1,28,356,0.9238259999619913
conversation,7,0,2,roomy,threshold_1,1,28,356,0.88981800035981
conversation,7,0,2,roomy,threshold_2,0,,155,0.41786200017668307
conversation,7,0,2,roomy,always_fallback,0,,151,0.38948100018387777
conversation,7,0,2,roomy,ignore_recovery,0,,1520,5.684148999989702
conversation,7,1,0,tight,adaptive,1,28,520,2.5626329997976427
conversation,7,1,0,tight,always_accept,1,28,103,0.29490799988707295
conversation,7,1,0,tight,threshold_1,1,28,103,0.262247999671672
conversation,7,1,0,tight,threshold_2,0,,26,0.05859500015503727
conversation,7,1,0,tight,always_fallback,0,,25,0.04646600018531899
conversation,7,1,0,tight,ignore_recovery,1,28,520,1.9129049996990943
conversation,7,1,0,roomy,adaptive,1,19,961,5.808310999782407
conversation,7,1,0,roomy,always_accept,1,19,197,0.5163519999769051
conversation,7,1,0,roomy,threshold_1,1,19,197,0.5173730000933574
conversation,7,1,0,roomy,threshold_2,1,28,222,0.42457200015633134
conversation,7,1,0,roomy,always_fallback,1,36,132,0.2401579999968817
conversation,7,1,0,roomy,ignore_recovery,1,19,961,3.395273000023735
conversation,7,1,1,tight,adaptive,1,34,856,5.48438800024087
conversation,7,1,1,tight,always_accept,1,34,199,0.6187290000525536
conversation,7,1,1,tight,threshold_1,1,34,199,0.5873529999007587
conversation,7,1,1,tight,threshold_2,0,,26,0.07379299995591282
conversation,7,1,1,tight,always_fallback,0,,25,0.05177200000616722
conversation,7,1,1,tight,ignore_recovery,0,,1037,3.222979999918607
conversation,7,1,1,roomy,adaptive,1,23,1982,15.261752999776945
conversation,7,1,1,roomy,always_accept,1,23,479,1.4087290001043584
conversation,7,1,1,roomy,threshold_1,1,23,479,1.28325900004711
conversation,7,1,1,roomy,threshold_2,0,,150,0.30716600031155394
conversation,7,1,1,roomy,always_fallback,0,,146,0.26436600001034094
conversation,7,1,1,roomy,ignore_recovery,0,,1917,7.610446999933629
conversation,7,1,2,tight,adaptive,0,,340,1.208613000017067
conversation,7,1,2,tight,always_accept,0,,64,0.1694510001470917
conversation,7,1,2,tight,threshold_1,0,,64,0.18833300009646337
conversation,7,1,2,tight,threshold_2,0,,26,0.06889399992360268
conversation,7,1,2,tight,always_fallback,0,,25,0.053931999900669325
conversation,7,1,2,tight,ignore_recovery,0,,1554,5.680413999925804
conversation,7,1,2,roomy,adaptive,1,28,2804,23.4462089997578
conversation,7,1,2,roomy,always_accept,1,28,704,2.634146999753284
conversation,7,1,2,roomy,threshold_1,1,28,704,2.4136249999173742
conversation,7,1,2,roomy,threshold_2,0,,155,0.38887700020495686
conversation,7,1,2,roomy,always_fallback,0,,151,0.3587239998523728
conversation,7,1,2,roomy,ignore_recovery,0,,2873,15.33586400000786
conversation,7,2,0,tight,adaptive,0,,469,1.3982640002723201
conversation,7,2,0,tight,always_accept,0,,74,0.19898899972758954
conversation,7,2,0,tight,threshold_1,0,,74,0.1346039998679771
conversation,7,2,0,tight,threshold_2,0,,26,0.05444699991130619
conversation,7,2,0,tight,always_fallback,0,,25,0.04607400023814989
conversation,7,2,0,tight,ignore_recovery,0,,469,1.0252370002490352
conversation,7,2,0,roomy,adaptive,1,31,1155,10.811420000209182
conversation,7,2,0,roomy,always_accept,0,,181,1.959316000011313
conversation,7,2,0,roomy,threshold_1,0,,181,0.37698599999203
conversation,7,2,0,roomy,threshold_2,0,,176,0.3025839996553259
conversation,7,2,0,roomy,always_fallback,1,36,132,0.36951900028725504
conversation,7,2,0,roomy,ignore_recovery,1,31,1155,3.8807559999440855
conversation,7,2,1,tight,adaptive,0,,370,1.3194480002312048
conversation,7,2,1,tight,always_accept,0,,67,0.7716260001870978
conversation,7,2,1,tight,threshold_1,0,,67,0.1543940002193267
conversation,7,2,1,tight,threshold_2,0,,26,0.06582100013474701
conversation,7,2,1,tight,always_fallback,0,,25,0.05125899997437955
conversation,7,2,1,tight,ignore_recovery,0,,789,2.560541000093508
conversation,7,2,1,roomy,adaptive,1,40,2185,15.994415999557532
conversation,7,2,1,roomy,always_accept,0,,226,0.5804929996884312
conversation,7,2,1,roomy,threshold_1,0,,226,0.7947060003061779
conversation,7,2,1,roomy,threshold_2,0,,150,0.3629210000326566
conversation,7,2,1,roomy,always_fallback,0,,146,0.2918410000347649
conversation,7,2,1,roomy,ignore_recovery,0,,2300,7.832100000086939
conversation,7,2,2,tight,adaptive,0,,340,1.3610630003313418
conversation,7,2,2,tight,always_accept,0,,64,0.1807479998205963
conversation,7,2,2,tight,threshold_1,0,,64,0.23124799963625264
conversation,7,2,2,tight,threshold_2,0,,26,0.13811799999530194
conversation,7,2,2,tight,always_fallback,0,,25,0.06022600018695812
conversation,7,2,2,tight,ignore_recovery,0,,1109,3.667275000225345
conversation,7,2,2,roomy,adaptive,0,,2504,11.566900000161695
conversation,7,2,2,roomy,always_accept,0,,251,0.7999380000001111
conversation,7,2,2,roomy,threshold_1,0,,251,0.6342460001178551
conversation,7,2,2,roomy,threshold_2,0,,155,0.3569929999684973
conversation,7,2,2,roomy,always_fallback,0,,151,0.32400999998571933
conversation,7,2,2,roomy,ignore_recovery,0,,3445,21.085854999910225
conversation,8,0,0,tight,adaptive,1,30,223,1.5362700000878249
conversation,8,0,0,tight,always_accept,1,30,40,0.16511000012542354
conversation,8,0,0,tight,threshold_1,1,30,40,0.10968299966407358
conversation,8,0,0,tight,threshold_2,0,,20,0.044516999878396746
conversation,8,0,0,tight,always_fallback,0,,20,0.039898000068205874
conversation,8,0,0,tight,ignore_recovery,1,30,223,0.5306699999891862
conversation,8,0,0,roomy,adaptive,1,20,482,2.678438999737409
conversation,8,0,0,roomy,always_accept,1,20,83,0.35283299985167105
conversation,8,0,0,roomy,threshold_1,1,20,83,0.24499600021954393
conversation,8,0,0,roomy,threshold_2,0,,98,0.15988900031516096
conversation,8,0,0,roomy,always_fallback,0,,95,0.1483309997638571
conversation,8,0,0,roomy,ignore_recovery,1,20,482,1.4851840001028904
conversation,8,0,1,tight,adaptive,1,35,340,3.291696000360389
conversation,8,0,1,tight,always_accept,1,35,64,0.20126700019318378
conversation,8,0,1,tight,threshold_1,1,35,64,0.1862700000856421
conversation,8,0,1,tight,threshold_2,0,,20,0.16481600005135988
conversation,8,0,1,tight,always_fallback,0,,20,0.053200999900582246
conversation,8,0,1,tight,ignore_recovery,0,,443,2.59835800034125
conversation,8,0,1,roomy,adaptive,1,25,928,5.647395999858418
conversation,8,0,1,roomy,always_accept,1,25,170,0.43441700017865514
conversation,8,0,1,roomy,threshold_1,1,25,170,0.9112319999076135
conversation,8,0,1,roomy,threshold_2,0,,98,0.1923669997268007
conversation,8,0,1,roomy,always_fallback,0,,95,0.2377489995524229
conversation,8,0,1,roomy,ignore_recovery,0,,958,2.95747800009849
conversation,8,0,2,tight,adaptive,0,,269,0.6481339996753377
conversation,8,0,2,tight,always_accept,0,,47,0.10696099980123108
conversation,8,0,2,tight,threshold_1,0,,47,0.1785919998837926
conversation,8,0,2,tight,threshold_2,0,,20,0.05570299981627613
conversation,8,0,2,tight,always_fallback,0,,20,0.04957000010108459
conversation,8,0,2,tight,ignore_recovery,0,,663,2.1195320000515494
conversation,8,0,2,roomy,adaptive,1,30,1318,8.784174000084022
conversation,8,0,2,roomy,always_accept,1,30,247,0.7545530002062151
conversation,8,0,2,roomy,threshold_1,1,30,247,0.8461600000373437
conversation,8,0,2,roomy,threshold_2,0,,98,0.2183669998885307
conversation,8,0,2,roomy,always_fallback,0,,95,0.19814100005532964
conversation,8,0,2,roomy,ignore_recovery,0,,1434,5.290123999657226
conversation,8,1,0,tight,adaptive,1,30,426,2.1672630000466597
conversation,8,1,0,tight,always_accept,1,30,77,0.22772200009057997
conversation,8,1,0,tight,threshold_1,1,30,77,0.27825600000142003
conversation,8,1,0,tight,threshold_2,0,,20,0.0511749999532185
conversation,8,1,0,tight,always_fallback,0,,20,0.04030599984616856
conversation,8,1,0,tight,ignore_recovery,1,30,426,1.0403609999229957
conversation,8,1,0,roomy,adaptive,1,20,909,6.150939999770344
conversation,8,1,0,roomy,always_accept,1,20,161,0.41926299991246196
conversation,8,1,0,roomy,threshold_1,1,20,161,0.40657900035512284
conversation,8,1,0,roomy,threshold_2,0,,98,0.18469999986336916
conversation,8,1,0,roomy,always_fallback,0,,95,0.14899200004947488
conversation,8,1,0,roomy,ignore_recovery,1,20,909,2.9263569999784522
conversation,8,1,1,tight,adaptive,1,35,610,4.308874999878753
conversation,8,1,1,tight,always_accept,1,35,125,0.41095799997492577
conversation,8,1,1,tight,threshold_1,1,35,125,0.46772699988650857
conversation,8,1,1,tight,threshold_2,0,,20,0.05920900002820417
conversation,8,1,1,tight,always_fallback,0,,20,0.044304000311967684
conversation,8,1,1,tight,ignore_recovery,0,,849,2.952562000245962
conversation,8,1,1,roomy,adaptive,1,25,1751,14.49735200003488
conversation,8,1,1,roomy,always_accept,1,25,335,1.6619419998278318
conversation,8,1,1,roomy,threshold_1,1,25,335,1.525145999949018
conversation,8,1,1,roomy,threshold_2,0,,98,0.21307299994077766
conversation,8,1,1,roomy,always_fallback,0,,95,0.24702800010345527
conversation,8,1,1,roomy,ignore_recovery,0,,1812,6.52269099964542
conversation,8,1,2,tight,adaptive,0,,287,0.9922160002133751
conversation,8,1,2,tight,always_accept,0,,50,0.14692100012325682
conversation,8,1,2,tight,threshold_1,0,,50,0.13101200011078618
conversation,8,1,2,tight,threshold_2,0,,20,0.053421999837155454
conversation,8,1,2,tight,always_fallback,0,,20,0.04891599974143901
conversation,8,1,2,tight,ignore_recovery,0,,1272,6.665370000064286
conversation,8,1,2,roomy,adaptive,1,30,2471,21.558228000230883
conversation,8,1,2,roomy,always_accept,1,30,482,3.315636000024824
conversation,8,1,2,roomy,threshold_1,1,30,482,2.138158999969164
conversation,8,1,2,roomy,threshold_2,0,,98,0.24913000015658326
conversation,8,1,2,roomy,always_fallback,0,,95,0.25995399983003153
conversation,8,1,2,roomy,ignore_recovery,0,,2715,15.199504000065645
conversation,8,2,0,tight,adaptive,0,,351,1.2582929998643522
conversation,8,2,0,tight,always_accept,0,,57,0.14640800009146915
conversation,8,2,0,tight,threshold_1,0,,57,1.1681099999805156
conversation,8,2,0,tight,threshold_2,0,,20,0.061142000049585477
conversation,8,2,0,tight,always_fallback,0,,20,0.044937999973626575
conversation,8,2,0,tight,ignore_recovery,0,,351,1.743579000049067
conversation,8,2,0,roomy,adaptive,1,32,1058,8.827717999793094
conversation,8,2,0,roomy,always_accept,0,,151,0.4852940001001116
conversation,8,2,0,roomy,threshold_1,0,,151,0.4844510003749747
conversation,8,2,0,roomy,threshold_2,0,,98,0.23770699999658973
conversation,8,2,0,roomy,always_fallback,0,,95,0.15293100022972794
conversation,8,2,0,roomy,ignore_recovery,1,32,1058,3.073259999837319
conversation,8,2,1,tight,adaptive,0,,317,1.3274319999254658
conversation,8,2,1,tight,always_accept,0,,53,0.16520699955435703
conversation,8,2,1,tight,threshold_1,0,,53,0.12936400025864714
conversation,8,2,1,tight,threshold_2,0,,20,0.06997399987085373
conversation,8,2,1,tight,always_fallback,0,,20,0.2473029999237042
conversation,8,2,1,tight,ignore_recovery,0,,536,1.4842870000393305
conversation,8,2,1,roomy,adaptive,0,,1425,5.153898999651574
conversation,8,2,1,roomy,always_accept,0,,232,0.9036989999913203
conversation,8,2,1,roomy,threshold_1,0,,232,0.5490100002134568
conversation,8,2,1,roomy,threshold_2,0,,98,0.20466500018301303
conversation,8,2,1,roomy,always_fallback,0,,95,0.3031299997928727
conversation,8,2,1,roomy,ignore_recovery,0,,2063,7.409393000216369
conversation,8,2,2,tight,adaptive,0,,287,0.8997240001917817
conversation,8,2,2,tight,always_accept,0,,50,0.24602299981779652
conversation,8,2,2,tight,threshold_1,0,,50,0.29908000033174176
conversation,8,2,2,tight,threshold_2,0,,20,0.06020599994371878
conversation,8,2,2,tight,always_fallback,0,,20,0.04910199959340389
conversation,8,2,2,tight,ignore_recovery,0,,721,2.4970959998427134
conversation,8,2,2,roomy,adaptive,0,,1572,10.22209099983229
conversation,8,2,2,roomy,always_accept,0,,276,2.490976999979466
conversation,8,2,2,roomy,threshold_1,0,,276,2.710921000016242
conversation,8,2,2,roomy,threshold_2,0,,98,0.23292600008062436
conversation,8,2,2,roomy,always_fallback,0,,95,0.19132800025545293
conversation,8,2,2,roomy,ignore_recovery,0,,3068,12.725054999918939
conversation,9,0,0,tight,adaptive,1,32,202,1.0845169999811333
conversation,9,0,0,tight,always_accept,1,32,35,0.11558200003491947
conversation,9,0,0,tight,threshold_1,1,32,35,0.10569000005489215
conversation,9,0,0,tight,threshold_2,1,44,31,0.08665599989399198
conversation,9,0,0,tight,always_fallback,0,,27,0.05165799984752084
conversation,9,0,0,tight,ignore_recovery,1,32,202,1.0163720003220078
conversation,9,0,0,roomy,adaptive,1,22,410,2.2782000000916014
conversation,9,0,0,roomy,always_accept,1,22,70,0.19125099970551673
conversation,9,0,0,roomy,threshold_1,1,22,70,0.17995799998971052
conversation,9,0,0,roomy,threshold_2,1,28,90,0.2086919998873782
conversation,9,0,0,roomy,always_fallback,1,37,97,0.21692100017389748
conversation,9,0,0,roomy,ignore_recovery,1,22,410,1.6617370001767995
conversation,9,0,1,tight,adaptive,1,37,269,1.41536899991479
conversation,9,0,1,tight,always_accept,1,37,51,0.18489400008547818
conversation,9,0,1,tight,threshold_1,1,37,51,0.16212299988183076
conversation,9,0,1,tight,threshold_2,0,,32,0.06875999997646431
conversation,9,0,1,tight,always_fallback,0,,27,0.055594000059500104
conversation,9,0,1,tight,ignore_recovery,0,,401,1.042233000134729
conversation,9,0,1,roomy,adaptive,1,27,746,5.042153999966104
conversation,9,0,1,roomy,always_accept,1,27,121,0.3963449998991564
conversation,9,0,1,roomy,threshold_1,1,27,121,0.37909000002400717
conversation,9,0,1,roomy,threshold_2,1,36,163,0.400953000280424
conversation,9,0,1,roomy,always_fallback,1,45,177,0.44177400013722945
conversation,9,0,1,roomy,ignore_recovery,0,,815,3.082608000113396
conversation,9,0,2,tight,adaptive,0,,231,0.8869809998941491
conversation,9,0,2,tight,always_accept,0,,41,0.10391800014986075
conversation,9,0,2,tight,threshold_1,0,,41,0.09001599983093911
conversation,9,0,2,tight,threshold_2,0,,32,0.06726000037815538
conversation,9,0,2,tight,always_fallback,0,,27,0.05752800007030601
conversation,9,0,2,tight,ignore_recovery,0,,600,1.7004370001814095
conversation,9,0,2,roomy,adaptive,1,32,1131,7.708888999786723
conversation,9,0,2,roomy,always_accept,1,32,197,0.5811949999952049
conversation,9,0,2,roomy,threshold_1,1,32,197,1.0896640001192281
conversation,9,0,2,roomy,threshold_2,1,44,241,0.6382500000654545
conversation,9,0,2,roomy,always_fallback,1,53,179,0.6149380001261306
conversation,9,0,2,roomy,ignore_recovery,0,,1220,9.580390000337502
conversation,9,1,0,tight,adaptive,1,32,377,4.568207999909646
conversation,9,1,0,tight,always_accept,1,32,67,0.2714010001909628
conversation,9,1,0,tight,threshold_1,1,32,67,0.20421199997144868
conversation,9,1,0,tight,threshold_2,1,44,42,0.18251000028612907
conversation,9,1,0,tight,always_fallback,0,,27,0.052740000228368444
conversation,9,1,0,tight,ignore_recovery,1,32,377,0.9842839999691932
conversation,9,1,0,roomy,adaptive,1,22,744,6.785876999856555
conversation,9,1,0,roomy,always_accept,1,22,135,0.38639300009890576
conversation,9,1,0,roomy,threshold_1,1,22,135,0.4563390002658707
conversation,9,1,0,roomy,threshold_2,1,28,157,0.3713840001182689
conversation,9,1,0,roomy,always_fallback,1,37,97,0.21583900024779723
conversation,9,1,0,roomy,ignore_recovery,1,22,744,3.1525250001323
conversation,9,1,1,tight,adaptive,1,37,464,3.1882039997981337
conversation,9,1,1,tight,always_accept,1,37,99,1.5656370001124742
conversation,9,1,1,tight,threshold_1,1,37,99,0.6726209999214916
conversation,9,1,1,tight,threshold_2,0,,32,0.08896500003174879
conversation,9,1,1,tight,always_fallback,0,,27,0.05438700009108288
conversation,9,1,1,tight,ignore_recovery,0,,751,2.463812000314647
conversation,9,1,1,roomy,adaptive,1,27,1351,17.957942000066396
conversation,9,1,1,roomy,always_accept,1,27,237,2.4042750001171953
conversation,9,1,1,roomy,threshold_1,1,27,237,0.8334630001627374
conversation,9,1,1,roomy,threshold_2,1,36,289,0.7162040001276182
conversation,9,1,1,roomy,always_fallback,1,45,177,0.42036700006065075
conversation,9,1,1,roomy,ignore_recovery,0,,1483,9.252361999642744
conversation,9,1,2,tight,adaptive,0,,240,1.0398800000075425
conversation,9,1,2,tight,always_accept,0,,44,0.2310070003659348
conversation,9,1,2,tight,threshold_1,0,,44,0.3552319999471365
conversation,9,1,2,tight,threshold_2,0,,32,0.08513200009474531
conversation,9,1,2,tight,always_fallback,0,,27,0.059100000271428144
conversation,9,1,2,tight,ignore_recovery,0,,1125,5.714662999707798
conversation,9,1,2,roomy,adaptive,1,32,2045,18.520929999795044
conversation,9,1,2,roomy,always_accept,1,32,384,1.6087230001176067
conversation,9,1,2,roomy,threshold_1,1,32,384,1.3851310000063677
conversation,9,1,2,roomy,threshold_2,1,44,421,1.5938010001264047
conversation,9,1,2,roomy,always_fallback,1,53,179,0.6265749998419778
conversation,9,1,2,roomy,ignore_recovery,0,,2222,10.470606000126281
conversation,9,2,0,tight,adaptive,0,,361,0.7670250001865497
conversation,9,2,0,tight,always_accept,0,,48,0.23865799994382542
conversation,9,2,0,tight,threshold_1,0,,48,0.09949500008588075
conversation,9,2,0,tight,threshold_2,0,,39,0.06995600006121094
conversation,9,2,0,tight,always_fallback,0,,27,0.04711600013251882
conversation,9,2,0,tight,ignore_recovery,0,,361,1.1083070003223838
conversation,9,2,0,roomy,adaptive,1,34,948,5.497212999671319
conversation,9,2,0,roomy,always_accept,0,,124,0.3526730001794931
conversation,9,2,0,roomy,threshold_1,0,,124,0.7011739999143174
conversation,9,2,0,roomy,threshold_2,1,36,171,0.39493099984611035
conversation,9,2,0,roomy,always_fallback,1,37,97,0.4528550002760312
conversation,9,2,0,roomy,ignore_recovery,1,34,948,2.9626470000039262
conversation,9,2,1,tight,adaptive,0,,282,0.9252660001948243
conversation,9,2,1,tight,always_accept,0,,47,0.14680000003863825
conversation,9,2,1,tight,threshold_1,0,,47,0.7355560001087724
conversation,9,2,1,tight,threshold_2,0,,32,0.1504299998487113
conversation,9,2,1,tight,always_fallback,0,,27,0.058911999985866714
conversation,9,2,1,tight,ignore_recovery,0,,578,1.560418999815738
conversation,9,2,1,roomy,adaptive,1,42,1653,14.808265999818104
conversation,9,2,1,roomy,always_accept,0,,148,0.4342229999565461
conversation,9,2,1,roomy,threshold_1,0,,148,0.3703219999806606
conversation,9,2,1,roomy,threshold_2,0,,233,0.5466950001391524
conversation,9,2,1,roomy,always_fallback,1,45,177,0.4195579999759502
conversation,9,2,1,roomy,ignore_recovery,0,,1891,6.704322999667056
conversation,9,2,2,tight,adaptive,0,,240,1.4525379997394339
conversation,9,2,2,tight,always_accept,0,,44,0.1302160003433528
conversation,9,2,2,tight,threshold_1,0,,44,0.11672499977066764
conversation,9,2,2,tight,threshold_2,0,,32,0.07410699981846847
conversation,9,2,2,tight,always_fallback,0,,27,0.057003000165423146
conversation,9,2,2,tight,ignore_recovery,0,,795,2.806658999816136
conversation,9,2,2,roomy,adaptive,1,50,2196,15.990434999821446
conversation,9,2,2,roomy,always_accept,0,,165,0.5635219999930996
conversation,9,2,2,roomy,threshold_1,0,,165,0.4144800000176474
conversation,9,2,2,roomy,threshold_2,0,,210,0.5755820002377732
conversation,9,2,2,roomy,always_fallback,1,53,179,0.535055000000284
conversation,9,2,2,roomy,ignore_recovery,0,,2834,10.609474999910162
conversation,10,0,0,tight,adaptive,1,34,232,1.065831999767397
conversation,10,0,0,tight,always_accept,1,34,48,0.13415299963526195
conversation,10,0,0,tight,threshold_1,1,34,48,0.2985900000567199
conversation,10,0,0,tight,threshold_2,0,,24,0.05178299988983781
conversation,10,0,0,tight,always_fallback,0,,24,0.045541999952547485
conversation,10,0,0,tight,ignore_recovery,1,34,232,0.5716569999094645
conversation,10,0,0,roomy,adaptive,1,23,504,2.363471000080608
conversation,10,0,0,roomy,always_accept,1,23,91,0.49957299961533863
conversation,10,0,0,roomy,threshold_1,1,23,91,0.349845000073401
conversation,10,0,0,roomy,threshold_2,1,34,101,0.2245549999315699
conversation,10,0,0,roomy,always_fallback,1,40,99,0.20765099998243386
conversation,10,0,0,roomy,ignore_recovery,1,23,504,1.3181349995647906
conversation,10,0,1,tight,adaptive,1,40,315,2.176104999762174
conversation,10,0,1,tight,always_accept,1,40,65,0.1934809997692355
conversation,10,0,1,tight,threshold_1,1,40,65,0.20920599990859046
conversation,10,0,1,tight,threshold_2,0,,24,0.05689699992217356
conversation,10,0,1,tight,always_fallback,0,,24,0.052067999604332726
conversation,10,0,1,tight,ignore_recovery,0,,461,1.5842460002204461
conversation,10,0,1,roomy,adaptive,1,28,913,4.8254719999931694
conversation,10,0,1,roomy,always_accept,1,28,161,0.754404999952385
conversation,10,0,1,roomy,threshold_1,1,28,161,0.4169620001448493
conversation,10,0,1,roomy,threshold_2,0,,104,0.6707060001645004
conversation,10,0,1,roomy,always_fallback,0,,102,0.18823299978976138
conversation,10,0,1,roomy,ignore_recovery,0,,1003,3.6926620000485855
conversation,10,0,2,tight,adaptive,0,,264,0.7024400001682807
conversation,10,0,2,tight,always_accept,0,,55,0.11533199995028554
conversation,10,0,2,tight,threshold_1,0,,55,0.10724399999162415
conversation,10,0,2,tight,threshold_2,0,,24,0.054352999995899154
conversation,10,0,2,tight,always_fallback,0,,24,0.052739999773621093
conversation,10,0,2,tight,ignore_recovery,0,,690,1.9600670002546394
conversation,10,0,2,roomy,adaptive,1,34,1331,10.163311999804137
conversation,10,0,2,roomy,always_accept,1,34,268,0.8760610003264446
conversation,10,0,2,roomy,threshold_1,1,34,268,0.7349830002567614
conversation,10,0,2,roomy,threshold_2,0,,104,0.7742580000922317
conversation,10,0,2,roomy,always_fallback,0,,102,0.2622760002850555
conversation,10,0,2,roomy,ignore_recovery,0,,1502,5.634682000163593
conversation,10,1,0,tight,adaptive,1,34,441,2.543923999837716
conversation,10,1,0,tight,always_accept,1,34,93,0.2611160002743418
conversation,10,1,0,tight,threshold_1,1,34,93,0.968253999872104
conversation,10,1,0,tight,threshold_2,0,,24,0.06608199964830419
conversation,10,1,0,tight,always_fallback,0,,24,0.04926599967802758
conversation,10,1,0,tight,ignore_recovery,1,34,441,1.3718799996240705
conversation,10,1,0,roomy,adaptive,1,23,946,5.378548999942723
conversation,10,1,0,roomy,always_accept,1,23,177,0.48216499999398366
conversation,10,1,0,roomy,threshold_1,1,23,177,0.4793379998773162
conversation,10,1,0,roomy,threshold_2,1,34,163,1.2456869999368791
conversation,10,1,0,roomy,always_fallback,1,40,99,0.42689800011430634
conversation,10,1,0,roomy,ignore_recovery,1,23,946,3.0753740002182894
conversation,10,1,1,tight,adaptive,1,40,560,3.216400000383146
conversation,10,1,1,tight,always_accept,1,40,115,0.4701249999925494
conversation,10,1,1,tight,threshold_1,1,40,115,0.41755599977477686
conversation,10,1,1,tight,threshold_2,0,,24,0.11939900014112936
conversation,10,1,1,tight,always_fallback,0,,24,0.0532730000486481
conversation,10,1,1,tight,ignore_recovery,0,,879,3.0430690003413474
conversation,10,1,1,roomy,adaptive,1,28,1709,10.935736999726942
conversation,10,1,1,roomy,always_accept,1,28,317,0.9198889997605875
conversation,10,1,1,roomy,threshold_1,1,28,317,0.9098079999603215
conversation,10,1,1,roomy,threshold_2,0,,104,0.21413600006781053
conversation,10,1,1,roomy,always_fallback,0,,102,0.19474900000204798
conversation,10,1,1,roomy,ignore_recovery,0,,1887,7.528889999775856
conversation,10,1,2,tight,adaptive,0,,273,0.9144610003204434
conversation,10,1,2,tight,always_accept,0,,58,0.16063300017776783
conversation,10,1,2,tight,threshold_1,0,,58,0.14881699962643324
conversation,10,1,2,tight,threshold_2,0,,24,0.05664899981638882
conversation,10,1,2,tight,always_fallback,0,,24,0.055049999900802504
conversation,10,1,2,tight,ignore_recovery,0,,1317,4.716459000064788
conversation,10,1,2,roomy,adaptive,1,34,2502,19.2675540001801
conversation,10,1,2,roomy,always_accept,1,34,528,1.754696999796579
conversation,10,1,2,roomy,threshold_1,1,34,528,2.0388289999573317
conversation,10,1,2,roomy,threshold_2,0,,104,0.37705800014009583
conversation,10,1,2,roomy,always_fallback,0,,102,0.24129800021910341
conversation,10,1,2,roomy,ignore_recovery,0,,2828,12.138264999975945
conversation,10,2,0,tight,adaptive,0,,407,0.8702860000084911
conversation,10,2,0,tight,always_accept,0,,65,0.4923279998365615
conversation,10,2,0,tight,threshold_1,0,,65,0.13440000020636944
conversation,10,2,0,tight,threshold_2,0,,24,0.43494199962879065
conversation,10,2,0,tight,always_fallback,0,,24,0.05535499985853676
conversation,10,2,0,tight,ignore_recovery,0,,407,0.9728200002427911
conversation,10,2,0,roomy,adaptive,1,36,1164,6.398474999969039
conversation,10,2,0,roomy,always_accept,0,,159,0.4054500000165717
conversation,10,2,0,roomy,threshold_1,0,,159,0.3408460001992353
conversation,10,2,0,roomy,threshold_2,0,,166,0.2803040001708723
conversation,10,2,0,roomy,always_fallback,1,40,99,0.1994310000554833
conversation,10,2,0,roomy,ignore_recovery,1,36,1164,4.527314999904775
conversation,10,2,1,tight,adaptive,0,,313,1.591261999692506
conversation,10,2,1,tight,always_accept,0,,61,0.19449799992798944
conversation,10,2,1,tight,threshold_1,0,,61,0.32942600000751554
conversation,10,2,1,tight,threshold_2,0,,24,0.057080999795289245
conversation,10,2,1,tight,always_fallback,0,,24,0.05043999999543303
conversation,10,2,1,tight,ignore_recovery,0,,672,2.4843689998306218
conversation,10,2,1,roomy,adaptive,1,45,1854,12.639263999972172
conversation,10,2,1,roomy,always_accept,0,,196,0.9181870000247727
conversation,10,2,1,roomy,threshold_1,0,,196,2.20381000008274
conversation,10,2,1,roomy,threshold_2,0,,104,0.23090100012268522
conversation,10,2,1,roomy,always_fallback,0,,102,0.18922900017059874
conversation,10,2,1,roomy,ignore_recovery,0,,2299,7.62537099990368
conversation,10,2,2,tight,adaptive,0,,273,1.5221670000755694
conversation,10,2,2,tight,always_accept,0,,58,0.1816869998947368
conversation,10,2,2,tight,threshold_1,0,,58,0.1651069997024024
conversation,10,2,2,tight,threshold_2,0,,24,0.057668999943416566
conversation,10,2,2,tight,always_fallback,0,,24,0.05418299997472786
conversation,10,2,2,tight,ignore_recovery,0,,937,2.474177999829408
conversation,10,2,2,roomy,adaptive,0,,1874,6.375812999976915
conversation,10,2,2,roomy,always_accept,0,,220,0.5626259999189642
conversation,10,2,2,roomy,threshold_1,0,,220,0.51361799978622
conversation,10,2,2,roomy,threshold_2,0,,104,0.2414870000393421
conversation,10,2,2,roomy,always_fallback,0,,102,0.21546500011027092
conversation,10,2,2,roomy,ignore_recovery,0,,3434,12.204861999634886
conversation,11,0,0,tight,adaptive,1,31,270,1.2114830001337396
conversation,11,0,0,tight,always_accept,1,31,48,0.12838500015277532
conversation,11,0,0,tight,threshold_1,1,31,31,0.0863079999362526
conversation,11,0,0,tight,threshold_2,0,,14,0.03559400010999525
conversation,11,0,0,tight,always_fallback,0,,14,0.03150999964418588
conversation,11,0,0,tight,ignore_recovery,1,31,270,0.721311999768659
conversation,11,0,0,roomy,adaptive,1,21,686,3.5689619999175193
conversation,11,0,0,roomy,always_accept,1,21,109,0.25661000017862534
conversation,11,0,0,roomy,threshold_1,1,21,97,0.22661200000584358
conversation,11,0,0,roomy,threshold_2,1,24,87,0.19692299974849448
conversation,11,0,0,roomy,always_fallback,1,36,86,0.22305900029095937
conversation,11,0,0,roomy,ignore_recovery,1,21,686,2.2162759996717796
conversation,11,0,1,tight,adaptive,1,36,340,1.7670909996923
conversation,11,0,1,tight,always_accept,1,36,65,0.36438999995880295
conversation,11,0,1,tight,threshold_1,0,,33,0.07471099979738938
conversation,11,0,1,tight,threshold_2,0,,14,0.03766999998333631
conversation,11,0,1,tight,always_fallback,0,,14,0.03543999991961755
conversation,11,0,1,tight,ignore_recovery,0,,537,1.7679699999462173
conversation,11,0,1,roomy,adaptive,1,26,1296,7.420786000238877
conversation,11,0,1,roomy,always_accept,1,26,188,0.6955190001463052
conversation,11,0,1,roomy,threshold_1,1,26,205,0.516722000156733
conversation,11,0,1,roomy,threshold_2,1,32,160,0.5988699999761593
conversation,11,0,1,roomy,always_fallback,1,44,158,0.6276310000430385
conversation,11,0,1,roomy,ignore_recovery,0,,1367,5.8451879999665834
conversation,11,0,2,tight,adaptive,0,,306,0.7213109997792344
conversation,11,0,2,tight,always_accept,0,,55,0.13101900003675837
conversation,11,0,2,tight,threshold_1,0,,33,0.06943200014575268
conversation,11,0,2,tight,threshold_2,0,,14,0.038998000036372105
conversation,11,0,2,tight,always_fallback,0,,14,0.037693000194849446
conversation,11,0,2,tight,ignore_recovery,0,,804,2.7412970002842485
conversation,11,0,2,roomy,adaptive,1,31,1967,15.146220999668003
conversation,11,0,2,roomy,always_accept,1,31,299,0.7714670000495971
conversation,11,0,2,roomy,threshold_1,1,31,316,0.8857510001689661
conversation,11,0,2,roomy,threshold_2,0,,105,0.22221800008992432
conversation,11,0,2,roomy,always_fallback,0,,99,0.21396300007836544
conversation,11,0,2,roomy,ignore_recovery,0,,2048,7.9874370003381046
conversation,11,1,0,tight,adaptive,1,31,410,2.0840359998146596
conversation,11,1,0,tight,always_accept,1,31,65,0.3768080000554619
conversation,11,1,0,tight,threshold_1,1,31,57,0.2463719997649605
conversation,11,1,0,tight,threshold_2,0,,14,0.0470750001113629
conversation,11,1,0,tight,always_fallback,0,,14,0.03428499985602684
conversation,11,1,0,tight,ignore_recovery,1,31,410,1.1795469999924535
conversation,11,1,0,roomy,adaptive,1,21,1487,10.740608000105567
conversation,11,1,0,roomy,always_accept,1,21,173,0.7959929998833104
conversation,11,1,0,roomy,threshold_1,1,21,185,0.6205299996508984
conversation,11,1,0,roomy,threshold_2,1,24,156,0.4315229998610448
conversation,11,1,0,roomy,always_fallback,1,36,86,0.3388069999346044
conversation,11,1,0,roomy,ignore_recovery,1,21,1487,5.411687000105303
conversation,11,1,1,tight,adaptive,0,,312,1.0875910002141609
conversation,11,1,1,tight,always_accept,0,,55,0.19835300008708145
conversation,11,1,1,tight,threshold_1,0,,33,0.08186100012608222
conversation,11,1,1,tight,threshold_2,0,,14,0.03945100024793646
conversation,11,1,1,tight,always_fallback,0,,14,0.03657400020529167
conversation,11,1,1,tight,ignore_recovery,0,,738,2.2018070003468893
conversation,11,1,1,roomy,adaptive,1,26,2747,18.139541999971698
conversation,11,1,1,roomy,always_accept,1,26,253,0.8554080000067188
conversation,11,1,1,roomy,threshold_1,1,26,397,1.246103000084986
conversation,11,1,1,roomy,threshold_2,1,32,292,0.7107589999577613
conversation,11,1,1,roomy,always_fallback,1,44,158,0.4060649998791632
conversation,11,1,1,roomy,ignore_recovery,0,,2969,10.944397999992361
conversation,11,1,2,tight,adaptive,0,,309,0.9322850000899052
conversation,11,1,2,tight,always_accept,0,,56,0.15679300031479215
conversation,11,1,2,tight,threshold_1,0,,33,0.09208000028593233
conversation,11,1,2,tight,threshold_2,0,,14,0.04184399995210697
conversation,11,1,2,tight,always_fallback,0,,14,0.03815099989878945
conversation,11,1,2,tight,ignore_recovery,0,,1066,3.388724000160437
conversation,11,1,2,roomy,adaptive,1,31,4038,35.03252700011217
conversation,11,1,2,roomy,always_accept,1,31,335,1.3458579996949993
conversation,11,1,2,roomy,threshold_1,1,31,603,2.4359019998883014
conversation,11,1,2,roomy,threshold_2,0,,114,0.4509469999902649
conversation,11,1,2,roomy,always_fallback,0,,99,0.1947929999914777
conversation,11,1,2,roomy,ignore_recovery,0,,4451,16.513433999989502
conversation,11,2,0,tight,adaptive,0,,385,0.709920999725
conversation,11,2,0,tight,always_accept,0,,56,0.11159799987581209
conversation,11,2,0,tight,threshold_1,0,,39,0.08993500023279921
conversation,11,2,0,tight,threshold_2,0,,14,0.03510300030029612
conversation,11,2,0,tight,always_fallback,0,,14,0.033091000204876764
conversation,11,2,0,tight,ignore_recovery,0,,385,0.9786879995772324
conversation,11,2,0,roomy,adaptive,1,33,1904,10.205329999735113
conversation,11,2,0,roomy,always_accept,0,,158,0.47265200009860564
conversation,11,2,0,roomy,threshold_1,0,,155,0.3129120000266994
conversation,11,2,0,roomy,threshold_2,0,,141,0.24508499973308062
conversation,11,2,0,roomy,always_fallback,1,36,86,0.1801220000743342
conversation,11,2,0,roomy,ignore_recovery,1,33,1904,5.612017999737873
conversation,11,2,1,tight,adaptive,0,,312,0.7405849996757752
conversation,11,2,1,tight,always_accept,0,,55,0.1444449999326025
conversation,11,2,1,tight,threshold_1,0,,33,0.08056100023168256
conversation,11,2,1,tight,threshold_2,0,,14,0.03836899986708886
conversation,11,2,1,tight,always_fallback,0,,14,0.035246000152255874
conversation,11,2,1,tight,ignore_recovery,0,,603,3.194814999915252
conversation,11,2,1,roomy,adaptive,1,41,3434,26.244688000133465
conversation,11,2,1,roomy,always_accept,0,,185,0.6551019996550167
conversation,11,2,1,roomy,threshold_1,0,,169,0.39294699990932713
conversation,11,2,1,roomy,threshold_2,0,,144,0.31701900024927454
conversation,11,2,1,roomy,always_fallback,1,44,158,0.3424430001359724
conversation,11,2,1,roomy,ignore_recovery,0,,3803,13.56970500000898
conversation,11,2,2,tight,adaptive,0,,309,0.9394019998580916
conversation,11,2,2,tight,always_accept,0,,56,0.22148400012156344
conversation,11,2,2,tight,threshold_1,0,,33,0.0907290000213834
conversation,11,2,2,tight,threshold_2,0,,14,0.04182800012131338
conversation,11,2,2,tight,always_fallback,0,,14,0.12887599996247445
conversation,11,2,2,tight,ignore_recovery,0,,821,2.3572690001856245
conversation,11,2,2,roomy,adaptive,1,49,4418,32.18471899981523
conversation,11,2,2,roomy,always_accept,0,,208,0.6338079997476598
conversation,11,2,2,roomy,threshold_1,0,,171,0.45510000018111896
conversation,11,2,2,roomy,threshold_2,0,,114,0.25894300006257254
conversation,11,2,2,roomy,always_fallback,0,,99,0.24875000008250936
conversation,11,2,2,roomy,ignore_recovery,0,,5702,20.55354799995257
conversation,12,0,0,tight,adaptive,0,,57,0.10874899999180343
conversation,12,0,0,tight,always_accept,0,,27,0.05464000014399062
conversation,12,0,0,tight,threshold_1,0,,10,0.028185999781271676
conversation,12,0,0,tight,threshold_2,0,,7,0.021732999812229536
conversation,12,0,0,tight,always_fallback,0,,7,0.021086000288050855
conversation,12,0,0,tight,ignore_recovery,0,,57,0.13712400004806113
conversation,12,0,0,roomy,adaptive,1,23,305,3.287508999619604
conversation,12,0,0,roomy,always_accept,1,23,84,0.26944199998979457
conversation,12,0,0,roomy,threshold_1,0,,42,0.09123300014834967
conversation,12,0,0,roomy,threshold_2,0,,21,0.04930500017508166
conversation,12,0,0,roomy,always_fallback,0,,21,0.04567799987853505
conversation,12,0,0,roomy,ignore_recovery,1,23,305,0.9730530000524595
conversation,12,0,1,tight,adaptive,0,,57,0.36417499995877733
conversation,12,0,1,tight,always_accept,0,,27,0.06696600030409172
conversation,12,0,1,tight,threshold_1,0,,10,0.030252000215114094
conversation,12,0,1,tight,threshold_2,0,,7,0.022997000087343622
conversation,12,0,1,tight,always_fallback,0,,7,0.022476999674836406
conversation,12,0,1,tight,ignore_recovery,0,,57,0.15116999975361978
conversation,12,0,1,roomy,adaptive,1,28,693,4.582023000239133
conversation,12,0,1,roomy,always_accept,1,28,144,0.7246870000017225
conversation,12,0,1,roomy,threshold_1,0,,42,0.11062200019296142
conversation,12,0,1,roomy,threshold_2,0,,21,1.3772930001323402
conversation,12,0,1,roomy,always_fallback,0,,21,0.06901599999764585
conversation,12,0,1,roomy,ignore_recovery,0,,605,3.3976120002989774
conversation,12,0,2,tight,adaptive,0,,57,0.15938699971229653
conversation,12,0,2,tight,always_accept,0,,27,0.06966799992369488
conversation,12,0,2,tight,threshold_1,0,,10,0.036159000046609435
conversation,12,0,2,tight,threshold_2,0,,7,0.025981999897339847
conversation,12,0,2,tight,always_fallback,0,,7,0.02463000009811367
conversation,12,0,2,tight,ignore_recovery,0,,57,0.17833699985203566
conversation,12,0,2,roomy,adaptive,1,33,810,7.044512999982544
conversation,12,0,2,roomy,always_accept,1,33,186,0.5589349998444959
conversation,12,0,2,roomy,threshold_1,0,,42,0.11980299996139365
conversation,12,0,2,roomy,threshold_2,0,,21,0.06050100000720704
conversation,12,0,2,roomy,always_fallback,0,,21,0.05652999971061945
conversation,12,0,2,roomy,ignore_recovery,0,,905,3.7333229997784656
conversation,12,1,0,tight,adaptive,0,,57,0.11763500015149475
conversation,12,1,0,tight,always_accept,0,,27,0.06283899983827723
conversation,12,1,0,tight,threshold_1,0,,10,0.02890599989768816
conversation,12,1,0,tight,threshold_2,0,,7,0.02666000000317581
conversation,12,1,0,tight,always_fallback,0,,7,0.7224819996736187
conversation,12,1,0,tight,ignore_recovery,0,,57,0.15095899971129256
conversation,12,1,0,roomy,adaptive,1,23,734,4.229869000027975
conversation,12,1,0,roomy,always_accept,1,23,219,0.7034149998617067
conversation,12,1,0,roomy,threshold_1,0,,42,0.10209599986410467
conversation,12,1,0,roomy,threshold_2,0,,21,0.11073399991801125
conversation,12,1,0,roomy,always_fallback,0,,21,0.15454599997610785
conversation,12,1,0,roomy,ignore_recovery,1,23,734,3.088693999870884
conversation,12,1,1,tight,adaptive,0,,57,0.23813999996491475
conversation,12,1,1,tight,always_accept,0,,27,0.07968900035848492
conversation,12,1,1,tight,threshold_1,0,,10,0.03188299979228759
conversation,12,1,1,tight,threshold_2,0,,7,0.0235729999076284
conversation,12,1,1,tight,always_fallback,0,,7,0.024515000404790044
conversation,12,1,1,tight,ignore_recovery,0,,57,0.6710890002068481
conversation,12,1,1,roomy,adaptive,1,28,1203,7.460717999947519
conversation,12,1,1,roomy,always_accept,1,28,285,1.0027589996752795
conversation,12,1,1,roomy,threshold_1,0,,42,0.1207490004162537
conversation,12,1,1,roomy,threshold_2,0,,21,0.05275800003801123
conversation,12,1,1,roomy,always_fallback,0,,21,0.05067900019639637
conversation,12,1,1,roomy,ignore_recovery,0,,1463,5.290551000143751
conversation,12,1,2,tight,adaptive,0,,57,0.17606799974601017
conversation,12,1,2,tight,always_accept,0,,27,0.08572399974582368
conversation,12,1,2,tight,threshold_1,0,,10,0.03555700004653772
conversation,12,1,2,tight,threshold_2,0,,7,0.02405199984423234
conversation,12,1,2,tight,always_fallback,0,,7,0.02293700026712031
conversation,12,1,2,tight,ignore_recovery,0,,57,0.2025389999289473
conversation,12,1,2,roomy,adaptive,0,,471,1.808731999972224
conversation,12,1,2,roomy,always_accept,0,,121,0.40762200023891637
conversation,12,1,2,roomy,threshold_1,0,,42,0.11764300006689155
conversation,12,1,2,roomy,threshold_2,0,,21,0.08626199996797368
conversation,12,1,2,roomy,always_fallback,0,,21,0.05971200016574585
conversation,12,1,2,roomy,ignore_recovery,0,,2192,8.110993000173039
conversation,12,2,0,tight,adaptive,0,,57,0.12251299995114096
conversation,12,2,0,tight,always_accept,0,,27,0.06431699966924498
conversation,12,2,0,tight,threshold_1,0,,10,0.029752000045846216
conversation,12,2,0,tight,threshold_2,0,,7,0.021747999653598526
conversation,12,2,0,tight,always_fallback,0,,7,0.0208599999496073
conversation,12,2,0,tight,ignore_recovery,0,,57,2.6437360002091737
conversation,12,2,0,roomy,adaptive,1,23,1042,5.026949999773933
conversation,12,2,0,roomy,always_accept,1,23,266,0.6665519999842218
conversation,12,2,0,roomy,threshold_1,0,,42,0.09371599981022882
conversation,12,2,0,roomy,threshold_2,0,,21,0.04837599999518716
conversation,12,2,0,roomy,always_fallback,0,,21,0.06244400037758169
conversation,12,2,0,roomy,ignore_recovery,1,23,1042,3.91400100033934
conversation,12,2,1,tight,adaptive,0,,57,0.18090099956680206
conversation,12,2,1,tight,always_accept,0,,27,0.07522199985032785
conversation,12,2,1,tight,threshold_1,0,,10,0.03111300020464114
conversation,12,2,1,tight,threshold_2,0,,7,0.02227000004495494
conversation,12,2,1,tight,always_fallback,0,,7,0.02169599974877201
conversation,12,2,1,tight,ignore_recovery,0,,57,0.1716669999041187
conversation,12,2,1,roomy,adaptive,0,,1025,2.6129400002901093
conversation,12,2,1,roomy,always_accept,0,,117,0.4140590003771649
conversation,12,2,1,roomy,threshold_1,0,,42,0.14086500004850677
conversation,12,2,1,roomy,threshold_2,0,,21,0.05456300004880177
conversation,12,2,1,roomy,always_fallback,0,,21,0.05124600011185976
conversation,12,2,1,roomy,ignore_recovery,0,,1963,11.017732999789587
conversation,12,2,2,tight,adaptive,0,,57,0.17489299989392748
conversation,12,2,2,tight,always_accept,0,,27,0.1270239999939804
conversation,12,2,2,tight,threshold_1,0,,10,0.035165999634045875
conversation,12,2,2,tight,threshold_2,0,,7,0.024391999886574922
conversation,12,2,2,tight,always_fallback,0,,7,0.0233390001085354
conversation,12,2,2,tight,ignore_recovery,0,,57,0.19860699967466644
conversation,12,2,2,roomy,adaptive,0,,471,1.3376639999478357
conversation,12,2,2,roomy,always_accept,0,,121,0.3349680000610533
conversation,12,2,2,roomy,threshold_1,0,,42,0.18931900012830738
conversation,12,2,2,roomy,threshold_2,0,,21,0.06189799978528754
conversation,12,2,2,roomy,always_fallback,0,,21,0.056306000260519795
conversation,12,2,2,roomy,ignore_recovery,0,,2884,13.488133999999263
conversation,13,0,0,tight,adaptive,0,,237,0.6004609999763488
conversation,13,0,0,tight,always_accept,0,,37,0.07876999961808906
conversation,13,0,0,tight,threshold_1,0,,21,0.045292999857338145
conversation,13,0,0,tight,threshold_2,0,,17,0.03799199976128875
conversation,13,0,0,tight,always_fallback,0,,17,0.0363649996870663
conversation,13,0,0,tight,ignore_recovery,0,,237,0.6219269998837262
conversation,13,0,0,roomy,adaptive,1,21,877,4.5863179998377746
conversation,13,0,0,roomy,always_accept,1,21,140,0.34254599995620083
conversation,13,0,0,roomy,threshold_1,1,21,100,0.2719309995882213
conversation,13,0,0,roomy,threshold_2,0,,56,0.10874200006583123
conversation,13,0,0,roomy,always_fallback,0,,56,0.16163100008270703
conversation,13,0,0,roomy,ignore_recovery,1,21,877,2.3708959997748025
conversation,13,0,1,tight,adaptive,0,,237,0.4650490000130958
conversation,13,0,1,tight,always_accept,0,,37,0.07977499990374781
conversation,13,0,1,tight,threshold_1,0,,21,0.049912999656953616
conversation,13,0,1,tight,threshold_2,0,,17,0.0424200002271391
conversation,13,0,1,tight,always_fallback,0,,17,0.04153299960307777
conversation,13,0,1,tight,ignore_recovery,0,,237,0.5193470001358946
conversation,13,0,1,roomy,adaptive,1,26,1833,9.75596000034784
conversation,13,0,1,roomy,always_accept,1,26,289,2.2742610003660957
conversation,13,0,1,roomy,threshold_1,0,,110,0.2195319998463674
conversation,13,0,1,roomy,threshold_2,0,,56,0.1983479996852111
conversation,13,0,1,roomy,always_fallback,0,,56,0.1196620000882831
conversation,13,0,1,roomy,ignore_recovery,0,,1749,5.288531999667612
conversation,13,0,2,tight,adaptive,0,,237,0.6149999999252032
conversation,13,0,2,tight,always_accept,0,,37,0.08916400020098081
conversation,13,0,2,tight,threshold_1,0,,21,0.06996599995545694
conversation,13,0,2,tight,threshold_2,0,,17,0.048145999699045205
conversation,13,0,2,tight,always_fallback,0,,17,0.04558299997370341
conversation,13,0,2,tight,ignore_recovery,0,,237,0.7379520002359641
conversation,13,0,2,roomy,adaptive,1,31,2548,17.27905500001725
conversation,13,0,2,roomy,always_accept,1,31,385,1.591554999777145
conversation,13,0,2,roomy,threshold_1,0,,113,0.2644280002641608
conversation,13,0,2,roomy,threshold_2,0,,56,0.15955400021994137
conversation,13,0,2,roomy,always_fallback,0,,56,0.20373599954837118
conversation,13,0,2,roomy,ignore_recovery,0,,2621,10.300416000063706
conversation,13,1,0,tight,adaptive,0,,237,0.4841200002374535
conversation,13,1,0,tight,always_accept,0,,37,0.08482000021103886
conversation,13,1,0,tight,threshold_1,0,,21,0.04979799996362999
conversation,13,1,0,tight,threshold_2,0,,17,0.04216800016365596
conversation,13,1,0,tight,always_fallback,0,,17,0.03787699961321778
conversation,13,1,0,tight,ignore_recovery,0,,237,0.47326799995062174
conversation,13,1,0,roomy,adaptive,1,21,1899,9.807693999846379
conversation,13,1,0,roomy,always_accept,1,21,313,1.1487619999570597
conversation,13,1,0,roomy,threshold_1,1,21,189,2.2367560000020603
conversation,13,1,0,roomy,threshold_2,0,,56,0.13330699994185125
conversation,13,1,0,roomy,always_fallback,0,,56,0.10986999996021041
conversation,13,1,0,roomy,ignore_recovery,1,21,1899,4.983200999959081
conversation,13,1,1,tight,adaptive,0,,237,0.5571930000769498
conversation,13,1,1,tight,always_accept,0,,37,0.09258199997930205
conversation,13,1,1,tight,threshold_1,0,,21,0.11231199960093363
conversation,13,1,1,tight,threshold_2,0,,17,0.049252000280830543
conversation,13,1,1,tight,always_fallback,0,,17,0.04094100040674675
conversation,13,1,1,tight,ignore_recovery,0,,237,0.5804600000374194
conversation,13,1,1,roomy,adaptive,1,26,3502,21.121880000009696
conversation,13,1,1,roomy,always_accept,1,26,548,3.0490200001622725
conversation,13,1,1,roomy,threshold_1,0,,110,0.3156160000798991
conversation,13,1,1,roomy,threshold_2,0,,56,0.13141700037522241
conversation,13,1,1,roomy,always_fallback,0,,56,0.11796899980254238
conversation,13,1,1,roomy,ignore_recovery,0,,3755,20.809667000321497
conversation,13,1,2,tight,adaptive,0,,237,1.1168170003656996
conversation,13,1,2,tight,always_accept,0,,37,0.12594500003615394
conversation,13,1,2,tight,threshold_1,0,,21,0.06914699997651041
conversation,13,1,2,tight,threshold_2,0,,17,0.09539599977870239
conversation,13,1,2,tight,always_fallback,0,,17,0.046098999973764876
conversation,13,1,2,tight,ignore_recovery,0,,237,0.7396539999717788
conversation,13,1,2,roomy,adaptive,0,,2007,16.45304700014094
conversation,13,1,2,roomy,always_accept,0,,263,0.7598320003125991
conversation,13,1,2,roomy,threshold_1,0,,113,0.3186189996995381
conversation,13,1,2,roomy,threshold_2,0,,56,0.1461739998376288
conversation,13,1,2,roomy,always_fallback,0,,56,0.18117800027539488
conversation,13,1,2,roomy,ignore_recovery,0,,5611,21.779800999865984
conversation,13,2,0,tight,adaptive,0,,237,0.4500159998315212
conversation,13,2,0,tight,always_accept,0,,37,0.08055400030571036
conversation,13,2,0,tight,threshold_1,0,,21,0.04984699990018271
conversation,13,2,0,tight,threshold_2,0,,17,0.04089399999429588
conversation,13,2,0,tight,always_fallback,0,,17,0.037274000078468816
conversation,13,2,0,tight,ignore_recovery,0,,237,0.7708269999966433
conversation,13,2,0,roomy,adaptive,1,21,2490,15.954638000039267
conversation,13,2,0,roomy,always_accept,1,21,350,0.8091149998108449
conversation,13,2,0,roomy,threshold_1,1,21,243,2.2342659999594616
conversation,13,2,0,roomy,threshold_2,0,,56,0.13362100025915424
conversation,13,2,0,roomy,always_fallback,0,,56,0.1070900002559938
conversation,13,2,0,roomy,ignore_recovery,1,21,2490,7.0716400000492285
conversation,13,2,1,tight,adaptive,0,,237,0.5837579997205466
conversation,13,2,1,tight,always_accept,0,,37,0.09517899979982758
conversation,13,2,1,tight,threshold_1,0,,21,0.848795999900176
conversation,13,2,1,tight,threshold_2,0,,17,0.055683000027784146
conversation,13,2,1,tight,always_fallback,0,,17,0.040952999825094594
conversation,13,2,1,tight,ignore_recovery,0,,237,0.6040309999661986
conversation,13,2,1,roomy,adaptive,0,,2474,7.228142999792908
conversation,13,2,1,roomy,always_accept,0,,283,1.4351079998959904
conversation,13,2,1,roomy,threshold_1,0,,110,0.29656600008820533
conversation,13,2,1,roomy,threshold_2,0,,56,0.12611100009962684
conversation,13,2,1,roomy,always_fallback,0,,56,0.11294499972791527
conversation,13,2,1,roomy,ignore_recovery,0,,4937,15.911969000171666
conversation,13,2,2,tight,adaptive,0,,237,0.6945610002730973
conversation,13,2,2,tight,always_accept,0,,37,0.11130499979117303
conversation,13,2,2,tight,threshold_1,0,,21,0.06241199980649981
conversation,13,2,2,tight,threshold_2,0,,17,0.05140900020705885
conversation,13,2,2,tight,always_fallback,0,,17,0.04509600012170267
conversation,13,2,2,tight,ignore_recovery,0,,237,0.7097420002537547
conversation,13,2,2,roomy,adaptive,0,,2178,7.246965999911481
conversation,13,2,2,roomy,always_accept,0,,283,0.8001430001058907
conversation,13,2,2,roomy,threshold_1,0,,113,0.28891900001326576
conversation,13,2,2,roomy,threshold_2,0,,56,0.5165749998923275
conversation,13,2,2,roomy,always_fallback,0,,56,0.20436799968592823
conversation,13,2,2,roomy,ignore_recovery,0,,7384,36.29046300011396
conversation,14,0,0,tight,adaptive,1,34,218,1.918811999985337
conversation,14,0,0,tight,always_accept,1,34,42,0.12557700028992258
conversation,14,0,0,tight,threshold_1,1,34,30,0.0888589997884992
conversation,14,0,0,tight,threshold_2,0,,13,0.03596699980334961
conversation,14,0,0,tight,always_fallback,0,,13,0.032066000130726025
conversation,14,0,0,tight,ignore_recovery,1,34,218,0.6953530000828323
conversation,14,0,0,roomy,adaptive,1,24,586,5.893624000236741
conversation,14,0,0,roomy,always_accept,1,24,82,0.7651959999748215
conversation,14,0,0,roomy,threshold_1,1,24,74,0.23626799975318136
conversation,14,0,0,roomy,threshold_2,0,,41,0.08063999985097325
conversation,14,0,0,roomy,always_fallback,0,,41,0.07264499981829431
conversation,14,0,0,roomy,ignore_recovery,1,24,586,2.1330350000425824
conversation,14,0,1,tight,adaptive,1,39,290,1.3882400003240036
conversation,14,0,1,tight,always_accept,1,39,59,0.2642839999680291
conversation,14,0,1,tight,threshold_1,0,,32,0.07310299997698166
conversation,14,0,1,tight,threshold_2,0,,13,0.03640299973994843
conversation,14,0,1,tight,always_fallback,0,,13,0.034608000078151235
conversation,14,0,1,tight,ignore_recovery,0,,433,1.1225489997741533
conversation,14,0,1,roomy,adaptive,1,29,1111,10.498327999812318
conversation,14,0,1,roomy,always_accept,1,29,143,2.7791510001407005
conversation,14,0,1,roomy,threshold_1,1,29,157,1.1965730000156327
conversation,14,0,1,roomy,threshold_2,0,,41,0.1390409997839015
conversation,14,0,1,roomy,always_fallback,0,,41,0.08743900025365292
conversation,14,0,1,roomy,ignore_recovery,0,,1167,6.347753000227385
conversation,14,0,2,tight,adaptive,0,,247,0.7190359997366613
conversation,14,0,2,tight,always_accept,0,,49,0.11476500003482215
conversation,14,0,2,tight,threshold_1,0,,32,0.12565199995151488
conversation,14,0,2,tight,threshold_2,0,,13,0.04626100007953937
conversation,14,0,2,tight,always_fallback,0,,13,0.039149999793153256
conversation,14,0,2,tight,ignore_recovery,0,,648,2.04883600008543
conversation,14,0,2,roomy,adaptive,1,34,1705,10.625450000134151
conversation,14,0,2,roomy,always_accept,1,34,237,0.7318809998650977
conversation,14,0,2,roomy,threshold_1,1,34,255,0.6764330000805785
conversation,14,0,2,roomy,threshold_2,0,,41,0.10480699984327657
conversation,14,0,2,roomy,always_fallback,0,,41,0.09296899997934815
conversation,14,0,2,roomy,ignore_recovery,0,,1748,6.818159999966156
conversation,14,1,0,tight,adaptive,1,34,319,1.644738999857509
conversation,14,1,0,tight,always_accept,1,34,63,0.278968999737117
conversation,14,1,0,tight,threshold_1,1,34,57,0.26426299973536516
conversation,14,1,0,tight,threshold_2,0,,13,0.08605199991507106
conversation,14,1,0,tight,always_fallback,0,,13,0.033727000300132204
conversation,14,1,0,tight,ignore_recovery,1,34,319,1.1352470000929316
conversation,14,1,0,roomy,adaptive,1,24,990,6.916448000083619
conversation,14,1,0,roomy,always_accept,1,24,135,0.35026900013690465
conversation,14,1,0,roomy,threshold_1,1,24,141,0.43495400041138055
conversation,14,1,0,roomy,threshold_2,0,,41,0.07927100023152889
conversation,14,1,0,roomy,always_fallback,0,,41,0.07267699993462884
conversation,14,1,0,roomy,ignore_recovery,1,24,990,3.0677649997414846
conversation,14,1,1,tight,adaptive,0,,249,0.7214029997157922
conversation,14,1,1,tight,always_accept,0,,49,0.12233299958097632
conversation,14,1,1,tight,threshold_1,0,,32,0.07392599991362658
conversation,14,1,1,tight,threshold_2,0,,13,0.06769999981770525
conversation,14,1,1,tight,always_fallback,0,,13,0.03374400012035039
conversation,14,1,1,tight,ignore_recovery,0,,635,2.1377429998210573
conversation,14,1,1,roomy,adaptive,1,29,1749,10.806964000039443
conversation,14,1,1,roomy,always_accept,1,29,225,0.6428270003198122
conversation,14,1,1,roomy,threshold_1,1,29,307,0.9341129998574615
conversation,14,1,1,roomy,threshold_2,0,,41,0.09868000006463262
conversation,14,1,1,roomy,always_fallback,0,,41,0.08562099992559524
conversation,14,1,1,roomy,ignore_recovery,0,,1966,6.902888999775314
conversation,14,1,2,tight,adaptive,0,,250,1.0623069997564016
conversation,14,1,2,tight,always_accept,0,,50,0.204008000309841
conversation,14,1,2,tight,threshold_1,0,,32,0.6286020002335135
conversation,14,1,2,tight,threshold_2,0,,13,0.04731299986815429
conversation,14,1,2,tight,always_fallback,0,,13,0.04216800016365596
conversation,14,1,2,tight,ignore_recovery,0,,951,2.9928300000392483
conversation,14,1,2,roomy,adaptive,1,34,2607,17.121819999829313
conversation,14,1,2,roomy,always_accept,1,34,370,1.2268790001144225
conversation,14,1,2,roomy,threshold_1,1,34,503,1.596576999872923
conversation,14,1,2,roomy,threshold_2,0,,41,0.11516499989738804
conversation,14,1,2,roomy,always_fallback,0,,41,0.14754399990124512
conversation,14,1,2,roomy,ignore_recovery,0,,2942,11.123582999971404
conversation,14,2,0,tight,adaptive,0,,279,0.47037500007718336
conversation,14,2,0,tight,always_accept,0,,50,0.09943800023393123
conversation,14,2,0,tight,threshold_1,0,,38,0.07215000005089678
conversation,14,2,0,tight,threshold_2,0,,13,0.03254300008848077
conversation,14,2,0,tight,always_fallback,0,,13,0.030810000225756085
conversation,14,2,0,tight,ignore_recovery,0,,279,0.5374600000322971
conversation,14,2,0,roomy,adaptive,0,,1040,2.3664509999434813
conversation,14,2,0,roomy,always_accept,0,,123,7.62246900012542
conversation,14,2,0,roomy,threshold_1,0,,124,0.2624269995976647
conversation,14,2,0,roomy,threshold_2,0,,41,0.07731400000920985
conversation,14,2,0,roomy,always_fallback,0,,41,0.0735120001991163
conversation,14,2,0,roomy,ignore_recovery,0,,1040,2.4926020000748395
conversation,14,2,1,tight,adaptive,0,,249,0.6172240000523743
conversation,14,2,1,tight,always_accept,0,,49,0.12100699996153708
conversation,14,2,1,tight,threshold_1,0,,32,0.09345300031782244
conversation,14,2,1,tight,threshold_2,0,,13,0.0368390001312946
conversation,14,2,1,tight,always_fallback,0,,13,0.033971999982895795
conversation,14,2,1,tight,ignore_recovery,0,,379,0.9314080002695846
conversation,14,2,1,roomy,adaptive,0,,1247,3.319517000363703
conversation,14,2,1,roomy,always_accept,0,,151,0.3461979999883624
conversation,14,2,1,roomy,threshold_1,0,,144,0.3420610000830493
conversation,14,2,1,roomy,threshold_2,0,,41,0.0887820001480577
conversation,14,2,1,roomy,always_fallback,0,,41,0.08423699955528718
conversation,14,2,1,roomy,ignore_recovery,0,,1726,5.137772000125551
conversation,14,2,2,tight,adaptive,0,,250,0.7015559999672405
conversation,14,2,2,tight,always_accept,0,,50,0.14007399977344903
conversation,14,2,2,tight,threshold_1,0,,32,0.08699899990460835
conversation,14,2,2,tight,threshold_2,0,,13,0.03852800000458956
conversation,14,2,2,tight,always_fallback,0,,13,0.036578000162990065
conversation,14,2,2,tight,ignore_recovery,0,,479,1.2922900000376103
conversation,14,2,2,roomy,adaptive,0,,1276,3.8701979997313174
conversation,14,2,2,roomy,always_accept,0,,173,0.603476999913255
conversation,14,2,2,roomy,threshold_1,0,,146,0.3803399999924295
conversation,14,2,2,roomy,threshold_2,0,,41,0.14253100016503595
conversation,14,2,2,roomy,always_fallback,0,,41,0.10882700007641688
conversation,14,2,2,roomy,ignore_recovery,0,,2412,8.051270000123623
conversation,15,0,0,tight,adaptive,0,,151,0.2911229998971976
conversation,15,0,0,tight,always_accept,0,,42,0.07580999999845517
conversation,15,0,0,tight,threshold_1,0,,11,0.029274000098666875
conversation,15,0,0,tight,threshold_2,0,,11,0.02701399989746278
conversation,15,0,0,tight,always_fallback,0,,11,0.02632099995025783
conversation,15,0,0,tight,ignore_recovery,0,,151,0.27133200001117075
conversation,15,0,0,roomy,adaptive,1,24,892,5.940391999956773
conversation,15,0,0,roomy,always_accept,1,24,154,0.33169300013469183
conversation,15,0,0,roomy,threshold_1,0,,79,0.17117099969254923
conversation,15,0,0,roomy,threshold_2,0,,35,0.06748900023012538
conversation,15,0,0,roomy,always_fallback,0,,35,0.06440000015572878
conversation,15,0,0,roomy,ignore_recovery,1,24,892,2.0301789995755826
conversation,15,0,1,tight,adaptive,0,,151,0.29157200015106355
conversation,15,0,1,tight,always_accept,0,,42,0.07975900007295422
conversation,15,0,1,tight,threshold_1,0,,11,0.029787000130454544
conversation,15,0,1,tight,threshold_2,0,,11,0.028486000246630283
conversation,15,0,1,tight,always_fallback,0,,11,0.027517000035004457
conversation,15,0,1,tight,ignore_recovery,0,,151,0.32754099993326236
conversation,15,0,1,roomy,adaptive,1,30,1698,9.143216999746073
conversation,15,0,1,roomy,always_accept,1,30,261,0.5733939997298876
conversation,15,0,1,roomy,threshold_1,0,,79,0.7285739998224017
conversation,15,0,1,roomy,threshold_2,0,,35,0.08632500021121814
conversation,15,0,1,roomy,always_fallback,0,,35,0.14374900001712376
conversation,15,0,1,roomy,ignore_recovery,0,,1779,4.631367000001774
conversation,15,0,2,tight,adaptive,0,,151,0.4292540002097667
conversation,15,0,2,tight,always_accept,0,,42,0.09388799981024931
conversation,15,0,2,tight,threshold_1,0,,11,0.032920000194280874
conversation,15,0,2,tight,threshold_2,0,,11,0.030948999665270094
conversation,15,0,2,tight,always_fallback,0,,11,0.03010499995070859
conversation,15,0,2,tight,ignore_recovery,0,,151,0.40238700012196205
conversation,15,0,2,roomy,adaptive,1,36,2495,14.0513030000875
conversation,15,0,2,roomy,always_accept,1,36,408,1.0070650000670867
conversation,15,0,2,roomy,threshold_1,0,,79,0.3039429998352716
conversation,15,0,2,roomy,threshold_2,0,,35,0.08783100020082202
conversation,15,0,2,roomy,always_fallback,0,,35,0.08154999977705302
conversation,15,0,2,roomy,ignore_recovery,0,,2666,7.880008000029193
conversation,15,1,0,tight,adaptive,0,,151,0.40819100013322895
conversation,15,1,0,tight,always_accept,0,,42,0.09061600030690897
conversation,15,1,0,tight,threshold_1,0,,11,0.030857999718136853
conversation,15,1,0,tight,threshold_2,0,,11,0.028259999908186728
conversation,15,1,0,tight,always_fallback,0,,11,0.0283819999822299
conversation,15,1,0,tight,ignore_recovery,0,,151,0.42518999998719664
conversation,15,1,0,roomy,adaptive,1,24,2051,11.702033999881678
conversation,15,1,0,roomy,always_accept,1,24,375,0.9616730003472185
conversation,15,1,0,roomy,threshold_1,0,,79,0.15328100016631652
conversation,15,1,0,roomy,threshold_2,0,,35,0.06752400031473371
conversation,15,1,0,roomy,always_fallback,0,,35,0.06370599976435187
conversation,15,1,0,roomy,ignore_recovery,1,24,2051,5.358343999887438
conversation,15,1,1,tight,adaptive,0,,151,0.34940199975608266
conversation,15,1,1,tight,always_accept,0,,42,0.10063899981105351
conversation,15,1,1,tight,threshold_1,0,,11,0.03199899992978317
conversation,15,1,1,tight,threshold_2,0,,11,0.028279000162001466
conversation,15,1,1,tight,always_fallback,0,,11,0.027410999791754875
conversation,15,1,1,tight,ignore_recovery,0,,151,0.6775850001758954
conversation,15,1,1,roomy,adaptive,1,30,3803,21.068266999918706
conversation,15,1,1,roomy,always_accept,1,30,608,1.9176819996573613
conversation,15,1,1,roomy,threshold_1,0,,79,0.19697700008691754
conversation,15,1,1,roomy,threshold_2,0,,35,0.07877100006226101
conversation,15,1,1,roomy,always_fallback,0,,35,0.33516000030431314
conversation,15,1,1,roomy,ignore_recovery,0,,4097,16.265203999864752
conversation,15,1,2,tight,adaptive,0,,151,1.0663570001270273
conversation,15,1,2,tight,always_accept,0,,42,0.1326819997302664
conversation,15,1,2,tight,threshold_1,0,,11,0.0372260001313407
conversation,15,1,2,tight,threshold_2,0,,11,0.03228599962312728
conversation,15,1,2,tight,always_fallback,0,,11,0.030082000193942804
conversation,15,1,2,tight,ignore_recovery,0,,151,0.6656079999629583
conversation,15,1,2,roomy,adaptive,0,,3039,9.815543000058824
conversation,15,1,2,roomy,always_accept,0,,299,1.1693070000546868
conversation,15,1,2,roomy,threshold_1,0,,79,0.21554099976128782
conversation,15,1,2,roomy,threshold_2,0,,35,0.08664999995744438
conversation,15,1,2,roomy,always_fallback,0,,35,0.08302100013679592
conversation,15,1,2,roomy,ignore_recovery,0,,6143,21.236740999938775
conversation,15,2,0,tight,adaptive,0,,151,1.4317119998850103
conversation,15,2,0,tight,always_accept,0,,42,0.09180799997920985
conversation,15,2,0,tight,threshold_1,0,,11,0.030866000088280998
conversation,15,2,0,tight,threshold_2,0,,11,0.02636599992911215
conversation,15,2,0,tight,always_fallback,0,,11,0.02478400028849137
conversation,15,2,0,tight,ignore_recovery,0,,151,0.3197109999746317
conversation,15,2,0,roomy,adaptive,1,25,3125,15.006155999799375
conversation,15,2,0,roomy,always_accept,1,25,576,1.40353500000856
conversation,15,2,0,roomy,threshold_1,0,,79,0.1550040001347952
conversation,15,2,0,roomy,threshold_2,0,,35,0.06891700013511581
conversation,15,2,0,roomy,always_fallback,0,,35,0.06487300015578512
conversation,15,2,0,roomy,ignore_recovery,1,25,3125,8.440646000053675
conversation,15,2,1,tight,adaptive,0,,151,0.5108740001560363
conversation,15,2,1,tight,always_accept,0,,42,0.10899900007643737
conversation,15,2,1,tight,threshold_1,0,,11,0.03452400005699019
conversation,15,2,1,tight,threshold_2,0,,11,0.041574000078981044
conversation,15,2,1,tight,always_fallback,0,,11,0.029054000151518267
conversation,15,2,1,tight,ignore_recovery,0,,151,0.3969399999732559
conversation,15,2,1,roomy,adaptive,1,39,5663,35.45783700019456
conversation,15,2,1,roomy,always_accept,0,,308,0.6649269998888485
conversation,15,2,1,roomy,threshold_1,0,,79,0.17413899968232727
conversation,15,2,1,roomy,threshold_2,0,,35,0.07693799989283434
conversation,15,2,1,roomy,always_fallback,0,,35,0.07730800007266225
conversation,15,2,1,roomy,ignore_recovery,0,,6245,21.055164999779663
conversation,15,2,2,tight,adaptive,0,,151,0.45334800006457954
conversation,15,2,2,tight,always_accept,0,,42,0.12210599970785552
conversation,15,2,2,tight,threshold_1,0,,11,0.035972999739897205
conversation,15,2,2,tight,threshold_2,0,,11,0.03136399982395233
conversation,15,2,2,tight,always_fallback,0,,11,0.031248000141204102
conversation,15,2,2,tight,ignore_recovery,0,,151,0.45931400018162094
conversation,15,2,2,roomy,adaptive,0,,3557,16.929940999943938
conversation,15,2,2,roomy,always_accept,0,,299,1.0978059999615652
conversation,15,2,2,roomy,threshold_1,0,,79,0.24063199998636264
conversation,15,2,2,roomy,threshold_2,0,,35,0.09139899975707522
conversation,15,2,2,roomy,always_fallback,0,,35,0.21105299992996152
conversation,15,2,2,roomy,ignore_recovery,0,,9365,36.52047900004618
